listing_id,title,url,target_city,target_province,subdistrict,display_location,property_type,price_monthly_idr,price_per_m2_idr,original_period,bedrooms,bathrooms,layout_category,floor_size_m2,distance_to_cbd_km,distance_to_transit_km,nearest_transit_hub,urban_zone,is_full_furnished,is_semi_furnished,is_unfurnished,has_ac,has_wifi,has_water_heater,has_pool,has_gym,near_transit,has_balcony,has_kitchen,has_parking,latitude,longitude,geo_source,geo_is_imputed,image_url,short_description,fair_market_rent_idr,residual_idr,residual_log,discount_pct,deal_score_z,deal_classification,raw_title,canonical_apartment,resolution_confidence
LST-00001,Casa Grande Residence Phase 2 • 3BR Furnished (130 m²),https://www.rumah123.com/properti/jakarta-selatan-casablanca/casagrande-residence-phase-2-unit-bagus-dan-terawat-siaphuni-apr7850791/,Jakarta Selatan,DKI Jakarta,Casablanca,"Casa Grande Residence, Casablanca, Jakarta Selatan",Apartemen,28000000.0,215384.6153846153,monthly,3,3,3 Bedroom,130.0,6.86940019738089,2.8877021482408427,Stasiun MRT Blok M,Tier 1: Core Urban Center (<7km),0,0,0,0,0,0,0,0,0,0,0,0,-6.26899,106.806,listing,0,https://picture.rumah123.com/r123-images/360x210-crop/customer/1740690/e686af3e8a4225cbd0ee639eefb5c680.jpg,"Apartment Name: Casa Grande Residence Phase 1 dan 2 Location: Jalan Casablanca Raya Kav. 88, Mall Kota Kasablanka Jakarta Selatan Tower/Floor/View:...",30519469.0,-2519469.0,-0.0862,8.3,-0.26,Fair Market Price,Casagrande Residence Phase 2 Unit Bagus dan Terawat Siap.huni,Casa Grande Residence,exact
LST-00002,Casa Grande Residence • 2BR Furnished (76 m²),https://www.rumah123.com/properti/jakarta-selatan-tebet/for-rent-apartment-casagrande-apr7734212/,Jakarta Selatan,DKI Jakarta,Tebet,"Casa Grande Residence, Tebet, Jakarta Selatan",Apartemen,18000000.0,236842.1052631579,monthly,2,2,2 Bedroom,76.0,4.058682325622756,2.103501497097159,Stasiun KRL Manggarai,Tier 1: Core Urban Center (<7km),0,0,0,0,0,0,0,0,0,0,0,0,-6.22881052,106.8507073,listing,0,https://picture.rumah123.com/r123-images/360x210-crop/customer/4469179/listing/apr7734212/enhanced/078d66a9cfc94ca51cddc428a0020190.jpg,"Apartemen di Tebet.  Dapatkan apartemen 1 lantai yang asri ini,  disewakan menawarkan lingkungan fasilitas yang lengkap, cocok untuk Anda yang meng...",17012149.0,987851.0,0.0564,-5.8,0.17,Fair Market Price,Sewa Apartment Casagrande 2 Br Mewah,Casa Grande Residence,exact
LST-00003,Unresolved • Kuningan • 2BR Furnished (94 m²),https://www.rumah123.com/properti/jakarta-selatan-kuningan/for-rent-2-bedrooms-apartment-at-denpasar-residence-in-prime-kuningan-south-jakarta-apartement-kuningan-city-denpasar-apr3488430/,Jakarta Selatan,DKI Jakarta,Kuningan,"Denpasar Residence, Kuningan, Jakarta Selatan",Apartemen,15000000.0,159574.46808510635,monthly,2,2,2 Bedroom,94.0,3.1771553497958824,2.965226514066767,Stasiun MRT Blok M,Tier 1: Core Urban Center (<7km),0,0,0,0,0,0,0,0,0,0,0,0,-6.237130165100098,106.82373809814452,listing,0,https://picture.rumah123.com/r123-images/360x210-crop/customer/51968/1606913c424c346fe47fd5a933ab1494.jpg,1. Condition: - Stylishly Furnished - Spacious Interiors - Stunning Panoramic Views - Well-Equipped Kitchen - Elegant Bathrooms - High-Quality Floo...,17364034.0,-2364034.0,-0.1464,13.6,-0.45,Fair Market Price,"For Rent 2 Bedrooms Apartment At Denpasar Residence In Prime Kuningan, South Jakarta Apartement Kuningan City Denpasar Residence 2 Kamar Tidur Apartement Kuningan City Denpasar Residence 2 Kamar Tidur",,unresolved
LST-00004,Denpasar Residence • 1BR Furnished (60 m²),https://www.rumah123.com/properti/jakarta-selatan-kuningan/experience-upscale-living-rent-a-luxurious-1-bedroom-apartment-at-denpasar-residence-kuningan-prime-south-jakarta-apr3488586/,Jakarta Selatan,DKI Jakarta,Kuningan,"Denpasar Residence, Kuningan, Jakarta Selatan",Apartemen,11000000.0,183333.3333333333,monthly,1,1,Studio / 1BR,60.0,3.1771644961907333,2.965433933193664,Stasiun MRT Blok M,Tier 1: Core Urban Center (<7km),0,0,0,0,0,0,0,0,0,0,0,0,-6.23713,106.82374,listing,0,https://picture.rumah123.com/r123-images/360x210-crop/customer/51968/listing/apr3488586/enhanced/14aa512aa32de59acf9ee07b1ec86dcc.jpg,1. Condition: - Stylishly Furnished - Spacious Interiors - Stunning Panoramic Views - Well-Equipped Kitchen - Elegant Bathrooms - High-Quality Floo...,12701747.0,-1701747.0,-0.1438,13.4,-0.44,Fair Market Price,"Experience Upscale Living, Rent A Luxurious 1 Bedroom Apartment At Denpasar Residence, Kuningan, Prime South Jakarta Location.",Denpasar Residence,exact
LST-00005,Anandamaya Residence • 2BR Full Furnished (148 m²),https://www.rumah123.com/properti/jakarta-selatan-sudirman/rent-a-stylish-2bedroom-fully-furnished-apartment-at-anandamaya-residence-sudirman-jakarta-apr3488543/,Jakarta Selatan,DKI Jakarta,Sudirman,"Anandamaya Residences, Sudirman, Jakarta Selatan",Apartemen,44000000.0,297297.2972972973,monthly,2,2,2 Bedroom,148.0,0.8064860277829806,0.1992339087436025,Stasiun MRT Dukuh Atas,Tier 1: Core Urban Center (<7km),1,0,0,0,0,0,0,1,0,0,0,0,-6.20242,106.82347,listing,0,https://picture.rumah123.com/r123-images/360x210-crop/customer/51968/134e7b3149393a4c1e4b35ebb1603a7a.jpg,1. Condition: - Fully Furnished - Luxurious Interiors - Modern Kitchen - Elegant Bathrooms  2. Facility:  - Lagoon Paradise - Fitness & Spa Oasis -...,36281688.0,7718312.0,0.1929,-21.3,0.59,Fair Market Price,"Rent A Stylish 2-Bedroom Fully Furnished Apartment At Anandamaya Residence, Sudirman Jakarta.",Anandamaya Residence,exact
LST-00006,Anandamaya Residence • 1BR Full Furnished (175 m²),https://www.rumah123.com/properti/jakarta-selatan-sudirman/disewakan-apartemen-anandamaya-residence-31-br-direct-owner-apr7815769/,Jakarta Selatan,DKI Jakarta,Sudirman,"Anandamaya Residences, Sudirman, Jakarta Selatan",Apartemen,55000000.0,314285.71428571426,monthly,3,3,3 Bedroom,175.0,0.0905305369502011,0.8505789389742874,Stasiun MRT Dukuh Atas,Tier 1: Core Urban Center (<7km),1,0,0,0,0,0,0,0,0,0,0,0,-6.207988846579198,106.82007032481056,listing,0,https://picture.rumah123.com/r123-images/360x210-crop/customer/4477302/abe4fcbf75bd670e38e1feea6a815904.jpg,Anandamaya Residence Sudirman Jakarta @connected to Office Menara Astra  Lantai 25 3+1 Bedroom 3+1 Bathroom Size 174 sqm Fully Furnished Ready to M...,68309005.0,-13309005.0,-0.2167,19.5,-0.66,Fair Market Price,Disewakan Apartemen Anandamaya Residence 3+1 BR Direct Owner,Anandamaya Residence,exact
LST-00007,Casa Grande Residence • 2BR Furnished (76 m²),https://www.rumah123.com/properti/jakarta-selatan-casablanca/unit-bagus-casa-grande-residence-2-kamar-tidur-connect-mall-kota-kasablanka-siap-huni-dekat-ke-jalan-senayan-dan-jalan-apr7824029/,Jakarta Selatan,DKI Jakarta,Casablanca,"Casa Grande Residence, Casablanca, Jakarta Selatan",Apartemen,18500000.0,243421.05263157896,yearly,2,2,2 Bedroom,76.0,2.997947626658001,1.732807787067536,Stasiun KRL Manggarai,Tier 1: Core Urban Center (<7km),0,0,0,0,0,0,0,0,0,0,0,0,-6.223576,106.842685,listing,0,https://picture.rumah123.com/r123-images/360x210-crop/customer/1886684/2c1b886f0e9530e9600efd213b990450.jpg,"Kesempatan terbatas buat Anda dapatkan apartemen strategis dengan return investasi tinggi di Casablanca, Jakarta Selatan.  Apartemen ini menawarkan...",17488452.0,1011548.0,0.0562,-5.8,0.17,Fair Market Price,Unit Bagus..!! Casa Grande Residence 2 Kamar Tidur Connect Mall Kota Kasablanka Siap Huni Dekat ke Jalan Senayan dan Jalan Sudirman,Casa Grande Residence,exact
LST-00008,District 8 SCBD • 2BR Full Furnished (105 m²),https://www.rumah123.com/properti/jakarta-selatan-kebayoran-baru/district-8-scbd-2bedroom-fully-furnished-apr7819316/,Jakarta Selatan,DKI Jakarta,Kebayoran Baru,"District 8 SCBD, Kebayoran Baru, Jakarta Selatan",Apartemen,45000000.0,428571.4285714286,monthly,2,2,2 Bedroom,105.0,4.494708988847484,0.3914264832749906,Stasiun MRT Blok M,Tier 1: Core Urban Center (<7km),1,0,0,0,0,0,0,0,0,0,0,0,-6.24475108,106.801412,listing,0,https://picture.rumah123.com/r123-images/360x210-crop/customer/642515/301f679e938c836e5214e51486cf257c.jpg,Apartemen District 8 SCBD/ Senopati  Tower Infinity Mid Level (1x floor) Luas 105 m2 2 bedroom 2 bathroom 1 Service Area Rental price $2500/month i...,26276948.0,18723052.0,0.538,-71.3,1.65,Overpriced / Luxury Tag,District 8 Scbd 2Bedroom Fully Furnished,District 8 SCBD,exact
LST-00009,South Hills Private Lift • 2BR Furnished (87 m²),https://www.rumah123.com/properti/jakarta-selatan-kuningan/private-lift-apartment-south-hills-jakarta-selatan-123br-apr3641347/,Jakarta Selatan,DKI Jakarta,Kuningan,"South Hills Apartment, Kuningan, Jakarta Selatan",Apartemen,24000000.0,275862.0689655172,monthly,2,2,2 Bedroom,87.0,2.299645094959951,2.482073293713114,Stasiun MRT Blok M,Tier 1: Core Urban Center (<7km),0,0,0,0,0,0,0,0,0,0,0,0,-6.2285429,106.8138048,listing,0,https://picture.rumah123.com/r123-images/360x210-crop/customer/59740/5a0be3909c6e1ee47860e51ab1e8bc87.jpg,For Rent Apartment South Hills  Private Lift   Tipe: 1 Bedroom Size : 68 sqm Price start from $1200 / month   Tipe : 2 Bedrooms Size : 87 sqm  Pric...,20496876.0,3503124.0,0.1578,-17.1,0.48,Fair Market Price,Private Lift Apartment - South Hills - Jakarta Selatan - 1/2/3Br,South Hills,fuzzy
LST-00010,Kemang Village Tower Tiffany • 2BR Full Furnished (144 m²),https://www.rumah123.com/properti/jakarta-selatan-kemang/kemang-village-tiffany-2-bedroom-for-rent-apr7849900/,Jakarta Selatan,DKI Jakarta,Kemang,"Kemang Village Apartment, Kemang, Jakarta Selatan",Apartemen,25000000.0,173611.11111111112,monthly,2,2,2 Bedroom,144.0,5.679075184602589,2.3118930783972065,Stasiun MRT Blok M,Tier 1: Core Urban Center (<7km),0,0,0,0,0,0,0,0,0,0,0,0,-6.2593076,106.8123754,listing,0,https://picture.rumah123.com/r123-images/360x210-crop/customer/4488244/7dc7a0ace8db4e5cb9bea453b91dd29e.jpg,"partment Kemang Village For Rent Address : Jl. Pangeran Antasari No.36, RT.14/RW.5, Bangka, Kec. Mampang Prpt., Kota Jakarta Selatan, Daerah Khusus...",30857939.0,-5857939.0,-0.2105,19.0,-0.64,Fair Market Price,Kemang Village Tiffany 2 Bedroom For Rent,Kemang Village,exact
LST-00011,Kemang Village Tower Tiffany • 3BR Full Furnished (144 m²),https://www.rumah123.com/properti/jakarta-selatan-kemang/kemang-village-aapartment-tiffany-3-bedroom-for-rent-apr7752386/,Jakarta Selatan,DKI Jakarta,Kemang,"Kemang Village Apartment, Kemang, Jakarta Selatan",Apartemen,30000000.0,208333.3333333333,monthly,3,2,3 Bedroom,144.0,5.917442667646868,2.5111095139636186,Stasiun MRT Blok M,Tier 1: Core Urban Center (<7km),0,0,0,0,0,0,0,0,0,0,0,0,-6.261507671577874,106.81261235774218,listing,0,https://picture.rumah123.com/r123-images/360x210-crop/customer/4488244/615977fd65acbfd108677bdeb960ab10.jpg,"Kemang Village Apartment Address : Jl. Pangeran Antasari No.36, Kemang, Jakarta Selatan  Tower Tiffany  High Floor  Size 144sqm 3Bedroom 2 Bathroom...",26499809.0,3500191.0,0.1241,-13.2,0.38,Fair Market Price,Kemang Village Aapartment Tiffany 3 Bedroom For Rent,Kemang Village,exact
LST-00012,Kemang Village Tower Ritz • 4BR+ Furnished (204 m²),https://www.rumah123.com/properti/jakarta-selatan-kemang/kemang-village-ritz-4-bedroom-for-rent-apr7849804/,Jakarta Selatan,DKI Jakarta,Kemang,"Kemang Village Apartment, Kemang, Jakarta Selatan",Apartemen,45000000.0,220588.23529411765,monthly,4,3,4+ Bedroom,204.0,5.740094820856147,2.2778965523546084,Stasiun MRT Blok M,Tier 1: Core Urban Center (<7km),0,0,0,0,0,0,0,0,0,0,0,0,-6.2597202,106.8114669,listing,0,https://picture.rumah123.com/r123-images/360x210-crop/customer/4488244/e201ae76a5c0984448ba9c2e007b83fb.jpg,"partment Kemang Village For Rent Address : Jl. Pangeran Antasari No.36, RT.14/RW.5, Bangka, Kec. Mampang Prpt., Kota Jakarta Selatan, Daerah Khusus...",51605474.0,-6605474.0,-0.137,12.8,-0.42,Fair Market Price,Kemang Village Ritz 4 Bedroom For Rent,Kemang Village,exact
LST-00013,Unresolved • Pondok Indah Golf View • 3BR Furnished (157 m²),https://www.rumah123.com/properti/jakarta-selatan-pondok-indah/1406a-31-bedrooms-golf-view-apartment-for-lease-near-jis-pim-apr7803968/,Jakarta Selatan,DKI Jakarta,Pondok Indah,"Golfhill Terraces Apartment, Pondok Indah, Jakarta Selatan",Apartemen,28000000.0,178343.94904458598,monthly,3,2,3 Bedroom,157.0,8.510634116372524,1.727692609637114,Stasiun MRT Lebak Bulus,Tier 2: Inner Ring Metro (7-15km),0,0,0,0,0,0,0,0,0,0,0,0,-6.2754,106.782059,listing,0,https://picture.rumah123.com/r123-images/360x210-crop/customer/1242662/3e6c7de76ed063c1d37ec133bca05d14.jpg,FOR RENT #1406A  Golfhill Terraces Apartment Pondok Indah  Size: 157 Sqm Floor: 14 Bedrooms: 3 Bathrooms: 2 Electricity: 21000 W Maid's bedroom: 1 ...,33260205.0,-5260205.0,-0.1722,15.8,-0.53,Fair Market Price,[1406A] 3 Bedrooms Golf View Apartment For Lease Near Jis & Pim,,unresolved
LST-00014,Kemang Village Tower Infinity • 3BR Furnished (158 m²),https://www.rumah123.com/properti/jakarta-selatan-kemang/kemang-village-infinity-3-bedroom-for-rent-apr7750499/,Jakarta Selatan,DKI Jakarta,Kemang,"Kemang Village Apartment, Kemang, Jakarta Selatan",Apartemen,30000000.0,189873.41772151896,monthly,3,2,3 Bedroom,158.0,5.917442667646868,2.5111095139636186,Stasiun MRT Blok M,Tier 1: Core Urban Center (<7km),0,0,0,0,0,0,0,0,0,0,0,0,-6.261507671577874,106.81261235774218,listing,0,https://picture.rumah123.com/r123-images/360x210-crop/customer/4488244/listing/apr7750499/enhanced/a664ed9624cd140a48ca29b46d4c89ac.jpg,"KEMANG VILLAGE APARTMENT Address : Jl. Pangeran Antasari No.36, RT.14/RW.5, Bangka, Kemang, Kota Jakarta Selatan  Tower Infinity floor 26 Size 158s...",33515120.0,-3515120.0,-0.1108,10.5,-0.34,Fair Market Price,Kemang Village Infinity 3 Bedroom For Rent,Kemang Village,exact
LST-00015,Kemang Village • 4BR+ Furnished (230 m²),https://www.rumah123.com/properti/jakarta-selatan-kemang/kemang-village-apartment-diuplex-4-bedroom-for-rent-apr7787836/,Jakarta Selatan,DKI Jakarta,Kemang,"Kemang Village Apartment, Kemang, Jakarta Selatan",Apartemen,51000000.0,221739.13043478265,monthly,4,3,4+ Bedroom,230.0,5.917442667646868,2.5111095139636186,Stasiun MRT Blok M,Tier 1: Core Urban Center (<7km),0,0,0,0,0,0,0,0,0,0,0,0,-6.261507671577874,106.81261235774218,listing,0,https://picture.rumah123.com/r123-images/360x210-crop/customer/4488244/46ae9cc895fb88ceb29a5b0c3688bf31.jpg,"KEMANG VILLAGE APARTMENT Address : Jl. Pangeran Antasari No.36, RT.14/RW.5, Bangka, Kemang, Kota Jakarta Selatan  Tower cosmo  High Floor Size 230 ...",49370061.0,1629939.0,0.0325,-3.3,0.1,Fair Market Price,Kemang Village Apartment Diuplex 4 Bedroom For Rent,Kemang Village,exact
LST-00016,Casa Grande Residence • 1BR Full Furnished (51 m²),https://www.rumah123.com/properti/jakarta-selatan-casablanca/apartement-casa-grande-1-br-furnished-bagus-apr3537953/,Jakarta Selatan,DKI Jakarta,Casablanca,"Casa Grande Residence, Casablanca, Jakarta Selatan",Apartemen,9900000.0,194117.64705882352,monthly,1,1,Studio / 1BR,51.0,2.931675578517687,1.6303625138783266,Stasiun KRL Manggarai,Tier 1: Core Urban Center (<7km),1,0,0,0,0,0,1,0,0,0,0,0,-6.2225008010864,106.84265899658,listing,0,https://picture.rumah123.com/r123-images/360x210-crop/customer/54027/4e477863fb4c56890356224ca1e428d3.jpg,"Disewakan Apartemen Casa Grande Residence 1 Br Fully Furnished  Luas 51 Sqm Bedroom 1 Bathroom 1 View Swimming Pool Full Furnished New Furni...",14793480.0,-4893480.0,-0.4017,33.1,-1.23,Good Deal (Undervalued),Apartement Casa Grande 1 BR Furnished Bagus,Casa Grande Residence,exact
LST-00017,Casa Grande Residence • 2BR Furnished (120 m²),https://www.rumah123.com/properti/jakarta-selatan-casablanca/termewah-siap-huni-3-kamar-tidur-apartemen-casa-grande-residence-connecting-mall-kota-kasablanka-dekat-mrt-sudirman-apr7796979/,Jakarta Selatan,DKI Jakarta,Casablanca,"Casa Grande Residence, Casablanca, Jakarta Selatan",Apartemen,26500000.0,220833.3333333333,yearly,2,2,2 Bedroom,120.0,2.997947626658001,1.732807787067536,Stasiun KRL Manggarai,Tier 1: Core Urban Center (<7km),0,0,0,0,0,0,0,0,1,0,0,0,-6.223576,106.842685,listing,0,https://picture.rumah123.com/r123-images/360x210-crop/customer/1886684/ed11b69ba5f9850149f5743edd6d6a59.jpg,"Apartemen di Casablanca.  Miliki apartemen 10 lantai yang asri ini,  disewakan menghadirkan lingkungan fasilitas yang lengkap, cocok untuk Anda yan...",24095532.0,2404468.0,0.0951,-10.0,0.29,Fair Market Price,Termewah!! Siap Huni 3 Kamar Tidur Apartemen Casa Grande Residence Connecting Mall Kota Kasablanka Dekat MRT Sudirman Dekat Rumah Sakit Siloam Mrcc dan Akses Tol Kuningan,Casa Grande Residence,exact
LST-00018,Unresolved • Pondok Indah Golf View • 2BR Furnished (157 m²),https://www.rumah123.com/properti/jakarta-selatan-pondok-indah/1706a-3-bedrooms-golf-view-apartment-for-lease-near-jis-pim-apr7769475/,Jakarta Selatan,DKI Jakarta,Pondok Indah,"Golfhill Terraces Apartment, Pondok Indah, Jakarta Selatan",Apartemen,28000000.0,178343.94904458598,monthly,2,3,2 Bedroom,157.0,8.510634116372524,1.727692609637114,Stasiun MRT Lebak Bulus,Tier 2: Inner Ring Metro (7-15km),0,0,0,0,0,0,0,0,0,0,0,0,-6.2754,106.782059,listing,0,https://picture.rumah123.com/r123-images/360x210-crop/customer/1242662/d2019bd6c32f3adba0599ffa40f554f8.jpg,FOR RENT #1706A  Golfhill Terraces Apartment Pondok Indah  Size: 157 Sqm Bedrooms: 3 Bathrooms: 2 Electricity: 21000 W Maid's bedroom: 1 Maid's bat...,35764181.0,-7764181.0,-0.2447,21.7,-0.75,Good Deal (Undervalued),[1706A] 3 Bedrooms Golf View Apartment For Lease Near Jis & Pim,,unresolved
LST-00019,Unresolved • Pondok Indah Tower Maya • 1BR Full Furnished (88 m²),https://www.rumah123.com/properti/jakarta-selatan-pondok-indah/pir-1-br-tower-maya-lantai-rendah-akses-ke-pondok-indah-mall-apr7778739/,Jakarta Selatan,DKI Jakarta,Pondok Indah,"Pondok Indah Residences, Pondok Indah, Jakarta Selatan",Apartemen,20000000.0,227272.7272727273,monthly,1,1,Studio / 1BR,88.0,8.510634116372524,1.727692609637114,Stasiun MRT Lebak Bulus,Tier 2: Inner Ring Metro (7-15km),1,0,0,0,0,0,0,0,0,0,0,0,-6.2754,106.782059,listing,0,https://picture.rumah123.com/r123-images/360x210-crop/customer/1242662/b0cb8e69b2574b6ebb79da8a25201b9f.jpg,PONDOK INDAH RESIDENCE - Tower/Floor: Tower Maya / 3 Floor - Size: 88 m2 - Bedroom: 1 BR - Bathroom: 1 - Condition: Fully Furnished  FACILITY Cold ...,24685981.0,-4685981.0,-0.2105,19.0,-0.64,Fair Market Price,"Pir 1 BR Tower Maya, Lantai Rendah, Akses ke Pondok Indah Mall",,unresolved
LST-00020,Essence Darmawangsa • 4BR+ Full Furnished (269 m²),https://www.rumah123.com/properti/jakarta-selatan-kebayoran-baru/essence-darmawangsa-4-br-fully-furnished-ys355-apr7738412/,Jakarta Selatan,DKI Jakarta,Kebayoran Baru,"Essence Darmawangsa Apartment, Kebayoran Baru, Jakarta Selatan",Apartemen,45000000.0,167286.24535315984,monthly,4,3,4+ Bedroom,269.0,5.641237377072292,1.659864957823313,Stasiun MRT Blok M,Tier 1: Core Urban Center (<7km),1,0,0,0,0,0,0,0,0,0,0,0,-6.25735,106.805191,listing,0,https://picture.rumah123.com/r123-images/360x210-crop/customer/1964421/listing/apr7738412/enhanced/8052693962d5b963016b63b8b4568ddb.jpg,Essence Darmawangsa 4 BR Fully Furnished Ys355,49495575.0,-4495575.0,-0.0952,9.1,-0.29,Fair Market Price,Essence Darmawangsa 4 BR Fully Furnished Ys355,Essence Darmawangsa,fuzzy
LST-00021,Essence Darmawangsa • 2BR Full Furnished (64 m²),https://www.rumah123.com/properti/jakarta-selatan-kebayoran-baru/essence-darmawangsa-2-br-fully-furnished-ys384-apr7788622/,Jakarta Selatan,DKI Jakarta,Kebayoran Baru,"Essence Darmawangsa Apartment, Kebayoran Baru, Jakarta Selatan",Apartemen,15000000.0,234375.0,monthly,2,1,2 Bedroom,64.0,5.641237377072292,1.659864957823313,Stasiun MRT Blok M,Tier 1: Core Urban Center (<7km),1,0,0,0,0,0,0,0,0,0,0,0,-6.25735,106.805191,listing,0,https://picture.rumah123.com/r123-images/360x210-crop/customer/1964421/f53430f045e016e9e9c3c51ce867b771.jpg,Essence Darmawangsa 2 BR Fully Furnished Ys384,14661550.0,338450.0,0.0228,-2.3,0.07,Fair Market Price,Essence Darmawangsa 2 BR Fully Furnished Ys384,Essence Darmawangsa,fuzzy
LST-00022,Essence Darmawangsa South Tower Private Lift • 4BR+ Furnished (269 m²),https://www.rumah123.com/properti/jakarta-selatan-kemang/essence-darmawangsa-4-br-south-tower-private-lift-h001-apr3186332/,Jakarta Selatan,DKI Jakarta,Kemang,"Essence Darmawangsa Apartment, Kemang, Jakarta Selatan",Apartemen,45000000.0,167286.24535315984,monthly,4,3,4+ Bedroom,269.0,6.906501659541088,3.277694614310964,Stasiun MRT Blok M,Tier 1: Core Urban Center (<7km),0,0,0,0,0,0,0,0,0,0,0,0,-6.27036714553833,106.8117446899414,listing,0,https://picture.rumah123.com/r123-images/360x210-crop/customer/1964421/2024-02-01-08-40-08-764d407d-4064-4e5d-8caa-94e765406c4b.jpg,"For Rent 269sqm Apartment at Essence Darmawangsa, South Tower and Private Lift 4BR+1",44789926.0,210074.0,0.0047,-0.5,0.01,Fair Market Price,Essence Darmawangsa 4 Br South Tower Private Lift H001,Essence Darmawangsa,fuzzy
LST-00023,Essence Darmawangsa • 2BR Full Furnished (100 m²),https://www.rumah123.com/properti/jakarta-selatan-kebayoran-baru/essence-darmawangsa-2-br-fully-furnished-ys386-apr7788669/,Jakarta Selatan,DKI Jakarta,Kebayoran Baru,"Essence Darmawangsa Apartment, Kebayoran Baru, Jakarta Selatan",Apartemen,19000000.0,190000.0,monthly,2,2,2 Bedroom,100.0,5.641237377072292,1.659864957823313,Stasiun MRT Blok M,Tier 1: Core Urban Center (<7km),1,0,0,0,0,0,0,0,0,0,0,0,-6.25735,106.805191,listing,0,https://picture.rumah123.com/r123-images/360x210-crop/customer/1964421/0f659c49d1c2e0d11e1bf51388ed6d11.jpg,Essence Darmawangsa 2 BR Fully Furnished Ys386,20345000.0,-1345000.0,-0.0684,6.6,-0.21,Fair Market Price,Essence Darmawangsa 2 BR Fully Furnished Ys386,Essence Darmawangsa,fuzzy
LST-00024,The Mansion Kemang • Studio Full Furnished (60 m²),https://www.rumah123.com/properti/jakarta-selatan-kemang/the-mansion-kemang-apartment-studio-fully-furnished-ys346-apr7382795/,Jakarta Selatan,DKI Jakarta,Kemang,"The Mansion Kemayoran, Kemang, Jakarta Selatan",Apartemen,12500000.0,208333.3333333333,monthly,1,1,Studio / 1BR,60.0,5.2771554896027055,1.8028954383859013,Stasiun MRT Blok M,Tier 1: Core Urban Center (<7km),1,0,0,0,0,0,0,0,0,0,0,0,-6.255200386047363,106.80997467041016,listing,0,https://picture.rumah123.com/r123-images/360x210-crop/customer/1964421/ab1e2e2036bcfa32d9cc43ec131d3fa8.jpg,The Mansion Kemang Apartment  Studio Fully Furnished YS346,10044880.0,2455120.0,0.2187,-24.4,0.67,Fair Market Price,The Mansion Kemang Apartment Studio Fully Furnished Ys346,The Mansion Kemang,exact
LST-00025,Gandaria Heights • 2BR Furnished (117 m²),https://www.rumah123.com/properti/jakarta-selatan-gandaria/disewakan-apartemen-gandaria-height-3-br-renovated-to-2-br-apr7820075/,Jakarta Selatan,DKI Jakarta,Gandaria,"Gandaria Heights Apartment, Gandaria, Jakarta Selatan",Apartemen,19000000.0,162393.1623931624,monthly,2,2,2 Bedroom,117.0,5.534409542919327,1.4990148263235334,Stasiun MRT Blok M,Tier 1: Core Urban Center (<7km),0,0,0,0,0,0,0,0,0,0,0,0,-6.243747,106.78435,listing,0,https://picture.rumah123.com/r123-images/360x210-crop/customer/4477302/59101c8e00e22090c6a1ed6daffb158a.jpg,Gandaria Heights Jakarta Selatan @connected to Mall Gandaria City  Lantai 29 2 Bedroom 2 Bathroom Size 117 sqm 3 Bedroom renovated to 2 Bedroom Ful...,25336021.0,-6336021.0,-0.2878,25.0,-0.88,Good Deal (Undervalued),Disewakan Apartemen Gandaria Height 3 BR Renovated To 2 BR,Gandaria Heights,fuzzy
LST-00026,Casa Grande Residence • 3BR Furnished (120 m²),https://www.rumah123.com/properti/jakarta-selatan-casablanca/apartemen-casa-grande-residence-3-bedroom-furnished-apr7778347/,Jakarta Selatan,DKI Jakarta,Casablanca,"Casa Grande Residence, Casablanca, Jakarta Selatan",Apartemen,29000000.0,241666.66666666663,yearly,3,2,3 Bedroom,120.0,2.9942307767491427,1.7869435256430746,Stasiun KRL Manggarai,Tier 1: Core Urban Center (<7km),0,0,0,0,0,0,0,0,0,0,0,0,-6.2239661542,106.8423822756,listing,0,https://picture.rumah123.com/r123-images/360x210-crop/customer/1235370/80eda6431f970ce5bbe8ccc242a4b108.jpg,For Rent Apartemen Casa Grande Residence   Specification: 3  bedroom  2 bathroom Size 120sqm Furnished  Minimum Rental 12 month with payment in adv...,21073817.0,7926183.0,0.3193,-37.6,0.98,Premium / High Price,Apartemen Casa Grande Residence 3 Bedroom 120Sqm Furnished Modern Nice Conect Mall Kokas,Casa Grande Residence,exact
LST-00027,Setiabudi Skygarden • 2BR Furnished (93 m²),https://www.rumah123.com/properti/jakarta-selatan-setiabudi/for-rent-apartment-setiabudi-skygarden-setiabudi-south-jakarta-apr7689130/,Jakarta Selatan,DKI Jakarta,Setiabudi,"Setiabudi SkyGarden, Setiabudi, Jakarta Selatan",Apartemen,17000000.0,182795.6989247312,monthly,2,2,2 Bedroom,93.0,1.622049356795302,2.234834797023227,Stasiun MRT Dukuh Atas,Tier 1: Core Urban Center (<7km),0,0,0,0,0,0,0,0,0,0,0,0,-6.21959019,106.8298746,listing,0,https://picture.rumah123.com/r123-images/360x210-crop/customer/1263009/listing/apr7689130/enhanced/77a114abc36b1a8688a0d4ef367bda2d.jpg,"For Rent Apartment Setiabudi SkyGarden @ Setiabudi, South Jakarta  Cozy 2-bedroom apartment in a prime Setiabudi location with easy access to Sudir...",21672215.0,-4672215.0,-0.2428,21.6,-0.74,Fair Market Price,"For Rent Apartment Setiabudi Skygarden @Setiabudi, South Jakarta",Setiabudi Skygarden,exact
LST-00028,Denpasar Residence • 1BR Full Furnished (60 m²),https://www.rumah123.com/properti/jakarta-selatan-kuningan/disewakan-apartemen-denpasar-residence-1-bedroom-full-furnish-kuningan-jakarta-selatan-apr7840934/,Jakarta Selatan,DKI Jakarta,Kuningan,"Denpasar Residence, Kuningan, Jakarta Selatan",Apartemen,13000000.0,216666.66666666663,monthly,1,1,Studio / 1BR,60.0,2.062449571443805,2.729096214964039,Stasiun KRL Manggarai,Tier 1: Core Urban Center (<7km),1,0,0,0,0,0,0,0,0,0,0,0,-6.224317728088607,106.830220336995,listing,0,https://picture.rumah123.com/r123-images/360x210-crop/customer/4428158/712ee07d9bcd918f0868e1cc0a019958.jpg,"Apartment Name: Denpasar Residence Location: Jl. Prof. DR. Satrio No.Kav. 18, RT.14/RW.4, Kuningan, Karet Kuningan, Kecamatan Setiabudi, Kota Jakar...",15901060.0,-2901060.0,-0.2014,18.2,-0.62,Fair Market Price,Disewakan Apartemen Denpasar Residence 1 Bedroom Full Furnish Kuningan Jakarta Selatan,Denpasar Residence,exact
LST-00029,Casa Grande Residence • 3BR Furnished (135 m²),https://www.rumah123.com/properti/jakarta-selatan-tebet/sewa-apartment-casa-grande-3-br-apr7791842/,Jakarta Selatan,DKI Jakarta,Tebet,"Casa Grande Residence, Tebet, Jakarta Selatan",Apartemen,20000000.0,148148.14814814815,monthly,3,2,3 Bedroom,135.0,4.058682325622756,2.103501497097159,Stasiun KRL Manggarai,Tier 1: Core Urban Center (<7km),0,0,0,0,0,0,0,0,0,0,0,0,-6.22881052,106.8507073,listing,0,https://picture.rumah123.com/r123-images/360x210-crop/customer/4469179/34f54c11f0763399a70f607d49f0eeb8.jpg,For rent Apartment Casagrande 3 BR 2 bath 1 Service Area 135 Sqm  connecting to mall kokas    - Kondisi Perabotan: Furnished  Tersedia berbagai fas...,28428745.0,-8428745.0,-0.3517,29.6,-1.08,Good Deal (Undervalued),Sewa Apartment Casa Grande 3 Br,Casa Grande Residence,exact
LST-00030,Unresolved • TB Simatupang • 2BR Furnished (137 m²),https://www.rumah123.com/properti/jakarta-selatan-tb-simatupang/luxury-location-and-convenience-apr7818712/,Jakarta Selatan,DKI Jakarta,TB Simatupang,"The Branz Simatupang, TB Simatupang, Jakarta Selatan",Apartemen,32000000.0,233576.64233576643,yearly,2,2,2 Bedroom,137.0,9.293943323886158,4.087063271843576,Stasiun MRT Lebak Bulus,Tier 2: Inner Ring Metro (7-15km),0,0,0,0,0,0,0,0,0,0,0,0,-6.29194,106.81136,listing,0,https://picture.rumah123.com/r123-images/360x210-crop/customer/2074295/3d4ebdc027ae16a7db593d6b6099b765.jpg,"*Luxury, Location, and Convenience!*  Enjoy comfortable living at *BRANZ Simatupang*, with a strategic location and great facilities. 137 m2  The u...",23999587.0,8000413.0,0.2877,-33.3,0.88,Premium / High Price,"Luxury, Location, And Convenience!*",,unresolved
LST-00031,Casa Grande Residence Tower Bella • 2BR Full Furnished (76 m²),https://www.rumah123.com/properti/jakarta-selatan-casablanca/apartemen-casa-grande-tower-bella-2-beds-apr7845944/,Jakarta Selatan,DKI Jakarta,Casablanca,"Casa Grande Residence, Casablanca, Jakarta Selatan",Apartemen,17000000.0,223684.2105263158,monthly,2,2,2 Bedroom,76.0,2.997947626658001,1.732807787067536,Stasiun KRL Manggarai,Tier 1: Core Urban Center (<7km),1,0,0,0,0,0,0,0,0,0,0,0,-6.223576,106.842685,listing,0,https://picture.rumah123.com/r123-images/360x210-crop/customer/4472175/230ade3ef1d4fea022ce3595efc6e216.jpg,For Rent Apartment Casa Grande  Tower Bella  Full furnished  2 beds 2 bath 76sqm 17jt/bulan,18439586.0,-1439586.0,-0.0813,7.8,-0.25,Fair Market Price,Apartemen Casa Grande Tower Bella 2 Beds,Casa Grande Residence,exact
LST-00032,Pondok Indah Residences Penthouse • 3BR Furnished (160 m²),https://www.rumah123.com/properti/jakarta-selatan-pondok-indah/regina-realty-disewakan-junior-penthouse-apartemen-pondok-indah-residences-jakarta-selatan-apr7823824/,Jakarta Selatan,DKI Jakarta,Pondok Indah,"Pondok Indah Residences, Pondok Indah, Jakarta Selatan",Apartemen,45000000.0,281250.0,monthly,3,3,3 Bedroom,160.0,8.510634116372524,1.727692609637114,Stasiun MRT Lebak Bulus,Tier 2: Inner Ring Metro (7-15km),0,0,0,0,0,0,0,0,0,0,0,0,-6.2754,106.782059,listing,0,https://picture.rumah123.com/r123-images/360x210-crop/customer/1458120/08adebaa85adb81968cc02738568d6d9.jpg,"HUBUNGI KAMI Langsung di Regina Realty Jl. Metro Pondok Indah Raya, Blok SG-26 ====================== Sejak 2007 melayani menemukan Rumah, Aparteme...",29328893.0,15671107.0,0.4281,-53.4,1.31,Premium / High Price,"Regina Realty, Disewakan Junior Penthouse Apartemen Pondok Indah Residences, Jakarta Selatan",Pondok Indah Residences,fuzzy
LST-00033,Residence 8 Senopati • 2BR Full Furnished (94 m²),https://www.rumah123.com/properti/jakarta-selatan-kebayoran-baru/disewakan-apartemen-residence-8-senopati-2-br-full-furnished-apr7752296/,Jakarta Selatan,DKI Jakarta,Kebayoran Baru,"Residence 8 Senopati, Kebayoran Baru, Jakarta Selatan",Apartemen,32000000.0,340425.5319148936,monthly,2,1,2 Bedroom,94.0,2.73335443195318,1.9191095733609844,Stasiun MRT Blok M,Tier 1: Core Urban Center (<7km),1,0,0,0,0,0,0,0,0,0,0,0,-6.228950505373049,106.80583779284484,listing,0,https://picture.rumah123.com/r123-images/360x210-crop/customer/4365601/141dcf9459b642b65ff058bbf146aca4.jpg,"Kesempatan terbatas buat Anda dapatkan apartemen strategis dengan return investasi tinggi di Kebayoran Baru, Jakarta Selatan.  Apartemen ini menawa...",21156624.0,10843376.0,0.4138,-51.3,1.27,Premium / High Price,Disewakan Apartemen Residence 8 Senopati 2 BR Full Furnished,Residence 8 Senopati,exact
LST-00034,Residence 8 Senopati • 1BR Full Furnished (76 m²),https://www.rumah123.com/properti/jakarta-selatan-kebayoran-baru/disewakan-apartemen-residence-8-senopati-1br-fully-furnished-apr7739276/,Jakarta Selatan,DKI Jakarta,Kebayoran Baru,"Residence 8 Senopati, Kebayoran Baru, Jakarta Selatan",Apartemen,30000000.0,394736.8421052632,monthly,1,1,Studio / 1BR,76.0,2.73335443195318,1.9191095733609844,Stasiun MRT Blok M,Tier 1: Core Urban Center (<7km),1,0,0,0,0,0,0,0,0,0,0,0,-6.228950505373049,106.80583779284484,listing,0,https://picture.rumah123.com/r123-images/360x210-crop/customer/4365601/3ad883504afca019b52d44765acc7f1c.jpg,-⁠  Tipe kamar : 1 BR -⁠  ⁠luas : 76 cm2 -⁠  ⁠tower/lantai/no unit : T2/Lt 50/ 50B -⁠  ⁠Kondisi : Full furnish -⁠  View : City -⁠...,24323097.0,5676903.0,0.2098,-23.3,0.64,Fair Market Price,Disewakan Apartemen Residence 8 Senopati 1Br Fully Furnished,Residence 8 Senopati,exact
LST-00035,Casa Grande Residence Phase 2 • 3BR Furnished (120 m²),https://www.rumah123.com/properti/jakarta-selatan-casablanca/di-sewakan-apartemen-3br-casa-grande-phase-2-apr7817992/,Jakarta Selatan,DKI Jakarta,Casablanca,"Casa Grande Residence Phase 2, Casablanca, Jakarta Selatan",Apartemen,25000000.0,208333.3333333333,monthly,3,2,3 Bedroom,120.0,2.881254895432208,1.9860488113480368,Stasiun KRL Manggarai,Tier 1: Core Urban Center (<7km),0,0,0,0,0,0,1,1,0,0,0,0,-6.22489,106.840431,listing,0,https://picture.rumah123.com/r123-images/360x210-crop/customer/1372979/a555681c194ee1d29f1517a52f08ea65.jpg,"Swimming pool (exercise pool, jacuzzi and children's pool) Jogging track Children playground Modern and complete fitness center Waterpark at Ma...",24138364.0,861636.0,0.0351,-3.6,0.11,Fair Market Price,Di Sewakan Apartemen 3Br Casa Grande Phase 2,Casa Grande Residence,exact
LST-00036,FX Residence • 3BR Furnished (150 m²),https://www.rumah123.com/properti/jakarta-selatan-sudirman/apartemen-di-sudirman-3-br-tinggal-1-unit-dekat-dengan-gbk-apr7841892/,Jakarta Selatan,DKI Jakarta,Sudirman,"FX Residence Sudirman, Sudirman, Jakarta Selatan",Apartemen,28000000.0,186666.66666666663,monthly,3,2,3 Bedroom,150.0,0.8065386109112709,0.1992811617948689,Stasiun MRT Dukuh Atas,Tier 1: Core Urban Center (<7km),0,0,0,0,0,0,0,0,0,0,0,0,-6.20242,106.823471,listing,0,https://picture.rumah123.com/r123-images/360x210-crop/customer/635268/0f89a0f3986e059c6d040009d021acbb.jpg,"Kesempatan terbatas buat Anda dapatkan apartemen nyaman dengan return investasi tinggi di Sudirman, Jakarta Selatan.  Apartemen ini menawarkan ke...",39245043.0,-11245043.0,-0.3376,28.7,-1.03,Good Deal (Undervalued),"Apartemen Fx Residence di Sudirman, 3 Br Tinggal 1 Unit Dekat dengan Gbk,",FX Residence,exact
LST-00037,Residence 8 Senopati • 1BR Furnished (102 m²),https://www.rumah123.com/properti/jakarta-selatan-scbd/apartemen-di-scbdresidence8-type-1br-unit-paling-luas-jarang-ada-apr7843504/,Jakarta Selatan,DKI Jakarta,SCBD,"Residence 8 Senopati, SCBD, Jakarta Selatan",Apartemen,26000000.0,254901.9607843137,monthly,1,1,Studio / 1BR,102.0,2.3228720487576453,2.338066624133496,Stasiun MRT Blok M,Tier 1: Core Urban Center (<7km),0,0,0,0,0,0,0,0,0,0,0,0,-6.22748,106.810593,listing,0,https://picture.rumah123.com/r123-images/360x210-crop/customer/635268/dd2b2fe17ebaff2fa50efa2fee5b7f69.jpg,Min payment 1 year advance harga includ ipl,23531573.0,2468427.0,0.0998,-10.5,0.31,Fair Market Price,"Apartemen, di Scbd,Residence8 Type 1Br Unit Paling Luas Jarang Ada",Residence 8 Senopati,exact
LST-00038,Unresolved • SCBD • 1BR Furnished (70 m²),https://www.rumah123.com/properti/jakarta-selatan-scbd/disewa-di-scbd-apartemen-type-1br-harga-bersahabat-persedian-terbatas-apr7843490/,Jakarta Selatan,DKI Jakarta,SCBD,"District 8 SCBD, SCBD, Jakarta Selatan",Apartemen,35000000.0,500000.0,monthly,1,1,Studio / 1BR,70.0,2.3228720487576453,2.338066624133496,Stasiun MRT Blok M,Tier 1: Core Urban Center (<7km),0,0,0,0,0,0,0,0,0,0,0,0,-6.22748,106.810593,listing,0,https://picture.rumah123.com/r123-images/360x210-crop/customer/635268/d238184b766a6c88cb8c04507684ee27.jpg,"Kesempatan terbatas buat Anda dapatkan apartemen nyaman dengan return investasi tinggi di SCBD, Jakarta Selatan.  Apartemen ini menawarkan lokasi y...",17898382.0,17101618.0,0.6706,-95.5,2.05,Overpriced / Luxury Tag,"Disewa, di Scbd, Apartemen Type 1Br Harga Bersahabat Persedian Terbatas",,unresolved
LST-00039,Tamansari Semanggi • 1BR Furnished (45 m²),https://www.rumah123.com/properti/jakarta-selatan-setiabudi/disewakan-apartemen-tamansari-semanggi-type-studio-dekat-dengan-perkantoran-murah-apr7842104/,Jakarta Selatan,DKI Jakarta,Setiabudi,"Tamansari Semanggi Apartment, Setiabudi, Jakarta Selatan",Apartemen,7000000.0,155555.55555555556,monthly,1,1,Studio / 1BR,45.0,6.86940019738089,2.8877021482408427,Stasiun MRT Blok M,Tier 1: Core Urban Center (<7km),0,0,0,0,0,0,0,0,0,0,0,0,-6.26899,106.806,listing,0,https://picture.rumah123.com/r123-images/360x210-crop/customer/635268/7faa8fcee97c4ed5c4a4fccc4eebb371.jpg,"Kesempatan terbatas buat Anda dapatkan apartemen nyaman dengan return investasi tinggi di Setiabudi, Jakarta Selatan.  Apartemen ini menawarkan kel...",7125869.0,-125869.0,-0.0178,1.8,-0.05,Fair Market Price,"Disewakan Apartemen Dekat dengan Perkantoran Gatot Subroto Sisa 1 Unit ,Harga di Jamin Murah!!!",Tamansari Semanggi,exact
LST-00040,Savyavasa • 3BR Furnished (254 m²),https://www.rumah123.com/properti/jakarta-selatan-kebayoran-baru/for-rent-savyavasa-apartment-low-floor-best-view-good-price-apr7774306/,Jakarta Selatan,DKI Jakarta,Kebayoran Baru,"Savyavasa Apartment, Kebayoran Baru, Jakarta Selatan",Apartemen,92700000.0,364960.6299212598,monthly,3,3,3 Bedroom,254.0,4.494708988847484,0.3914264832749906,Stasiun MRT Blok M,Tier 1: Core Urban Center (<7km),0,0,0,0,0,0,0,0,0,0,0,0,-6.24475108,106.801412,listing,0,https://picture.rumah123.com/r123-images/360x210-crop/customer/1607914/44b9d4c094a2dcb342b2844bc2d13683.jpg,"Premium and Strategic Location, Surrounded by Elite Neighborhood such as Darmawangsa, Kemang, Pondok Indah, Simprug and Permata Hijau. Only 10 Minu...",47885559.0,44814441.0,0.6606,-93.6,2.02,Overpriced / Luxury Tag,For Rent Savyavasa Apartment Low Floor Best View Good Price,Savyavasa,exact
LST-00041,Casa Grande Residence • 2BR Full Furnished (129 m²),https://www.rumah123.com/properti/jakarta-selatan-casablanca/apartment-casa-grande-rental-2-br-apr7847943/,Jakarta Selatan,DKI Jakarta,Casablanca,"Casa Grande Residence, Casablanca, Jakarta Selatan",Apartemen,27000000.0,209302.32558139536,monthly,2,2,2 Bedroom,129.0,2.997947626658001,1.732807787067536,Stasiun KRL Manggarai,Tier 1: Core Urban Center (<7km),1,0,0,0,0,0,0,0,0,0,0,0,-6.223576,106.842685,listing,0,https://picture.rumah123.com/r123-images/360x210-crop/customer/4469179/d219949f6003efb00fcf2d41811df02d.jpg,For Rent Apartment Casagrande 3 Beds 2 Bath 1 Service Are  129 Sqm Connecting Mall Kokas Full Furnish  28 Milion per month Negotiation  Agent minda...,28540625.0,-1540625.0,-0.0555,5.4,-0.17,Fair Market Price,Apartment Casa Grande Rental 3 Br,Casa Grande Residence,exact
LST-00042,Residence 8 Senopati • 2BR Full Furnished (133 m²),https://www.rumah123.com/properti/jakarta-selatan-senayan/disewakan-residence-8-senopati-2br-full-furnished-lokasi-premium-dekat-scbd-siap-huni-apr7730877/,Jakarta Selatan,DKI Jakarta,Senayan,"Residence 8 Senopati, Senayan, Jakarta Selatan",Apartemen,41400000.0,311278.19548872183,monthly,2,1,2 Bedroom,133.0,2.73335443195318,1.9191095733609844,Stasiun MRT Blok M,Tier 1: Core Urban Center (<7km),1,0,0,0,0,0,0,0,0,0,0,0,-6.228950505373049,106.80583779284484,listing,0,https://picture.rumah123.com/r123-images/360x210-crop/customer/4365601/8435ab594665644c02ee4b53601a8206.jpg,-Tower 2 / Lantai 17 -2 Bedroom -Luas bangunan : 133 m2 -Full Furnished -View : City -minimal sewa 1 tahun -Include IPL,33968347.0,7431653.0,0.1979,-21.9,0.61,Fair Market Price,Disewakan Residence 8 Senopati 2Br Full Furnished - Lokasi Premium Dekat Scbd | Siap Huni,Residence 8 Senopati,exact
LST-00043,Permata Hijau Residence • 3BR Furnished (112 m²),https://www.rumah123.com/properti/jakarta-selatan-permata-hijau/disewakan-apartemen-permata-hijau-residence-unit-cantik-baru-renovation-siap-tgl-gerek-koper-permata-hijau-residences-apr3199509/,Jakarta Selatan,DKI Jakarta,Permata Hijau,"Permata Hijau Residence, Permata Hijau, Jakarta Selatan",Apartemen,13000000.0,116071.42857142857,monthly,3,2,3 Bedroom,112.0,3.980889485141367,2.736621531447901,Stasiun MRT Blok M,Tier 1: Core Urban Center (<7km),0,0,0,0,0,0,0,0,0,0,0,0,-6.2223652312597,106.78667259025,listing,0,https://picture.rumah123.com/r123-images/360x210-crop/customer/1201762/2024-02-15-02-30-36-b2310e82-bdc7-41db-83f4-44aa0f6cf2db.jpg,"UNIT BARU AFTER RENOVATION For Rent Apartemen Permata Hijau Residence  unit cantik , modern , siap huni  Privatelift  Luas 112m2 3+1bedroom  2+1bat...",25402075.0,-12402075.0,-0.6699,48.8,-2.05,Deep Value Deal (Rare Find),Disewakan Apartemen Cantik Modern After.renovatedpermata Hijau Residence Unit Cantik Baru Renovation Siap Tgl Gerek Koper Permata Hijau Residences,Permata Hijau Residence,exact
LST-00044,Pondok Indah Residences • 2BR Full Furnished (110 m²),https://www.rumah123.com/properti/jakarta-selatan-pondok-indah/disewakan-apartemen-pondok-indah-residence-2-bedroom-pondok-indah-jakarta-selatan-full-furnish-apr7838001/,Jakarta Selatan,DKI Jakarta,Pondok Indah,"Pondok Indah Residences, Pondok Indah, Jakarta Selatan",Apartemen,36000000.0,327272.7272727273,monthly,2,2,2 Bedroom,110.0,7.547520133518503,2.8147634209231818,Stasiun MRT Lebak Bulus,Tier 2: Inner Ring Metro (7-15km),1,0,0,0,0,0,0,0,0,0,0,0,-6.264530554519055,106.78102242221668,listing,0,https://picture.rumah123.com/r123-images/360x210-crop/customer/4428158/c23315b42f18963e6762c442e07cf2ab.jpg,"Apartment Name: Pondok Indah Residence Location: Jl. Kartika Utama No.47, RT.6/RW.3, Pd. Pinang, Kec. Kby. Lama, Kota Jakarta Selatan, Daerah Khusu...",32743412.0,3256588.0,0.0948,-9.9,0.29,Fair Market Price,Disewakan Apartemen Pondok Indah Residence 2 Bedroom Pondok Indah Jakarta Selatan Full Furnish,Pondok Indah Residences,fuzzy
LST-00045,Kemang Village Tower Cosmo • 3BR Full Furnished (142 m²),https://www.rumah123.com/properti/jakarta-selatan-kemang/cosmo-3-br-142-sqm-kemang-village-apr3347745/,Jakarta Selatan,DKI Jakarta,Kemang,"Kemang Village Apartment, Kemang, Jakarta Selatan",Apartemen,26000000.0,183098.5915492958,monthly,3,2,3 Bedroom,142.0,6.475465111310606,3.820493853567533,Stasiun MRT Blok M,Tier 1: Core Urban Center (<7km),1,0,0,0,0,0,0,0,0,1,0,0,-6.266904,106.823931,listing,0,https://picture.rumah123.com/r123-images/360x210-crop/customer/54467/2024-07-21-10-20-13-5eeca0bf-bb25-4051-bc05-e7cd2f15f8df.jpg,For Rent Apartment Kemang Village Residence LK1V0ERIP8R01CS  Tower Cosmo 3 BR 142 sqm 3 bed 2 bath 1 maid room Balcony High Floor Fully Furnished  ...,27321114.0,-1321114.0,-0.0496,4.8,-0.15,Fair Market Price,Cosmo 3 BR 142 Sqm Kemang Village,Kemang Village,exact
LST-00046,Permata Hijau Suites • 3BR Full Furnished (91 m²),https://www.rumah123.com/properti/jakarta-selatan-kebayoran-lama/sewa-murah-apartemen-permata-hijau-suites-kebayoran-lama-apr2733912/,Jakarta Selatan,DKI Jakarta,Kebayoran Lama,"Permata Hijau Suites, Kebayoran Lama, Jakarta Selatan",Apartemen,17000000.0,186813.18681318685,yearly,3,1,3 Bedroom,91.0,5.924284263578731,1.4242511025960218,Stasiun MRT Blok M,Tier 1: Core Urban Center (<7km),1,0,0,0,0,0,0,0,0,0,0,0,-6.250476904881946,106.7866121795654,listing,0,https://picture.rumah123.com/r123-images/360x210-crop/customer/999618/2022-10-15-07-02-16-9e1a22ff-eb30-4fe6-b910-d9ddc948132d.jpg,Lb : 91 M2  Full Furnish   6.600 VA   3 BR   1 BA   Kitchen table with single bowl   Harga sewa 204 Jt / Thn,21099955.0,-4099955.0,-0.2161,19.4,-0.66,Fair Market Price,"Sewa Murah Apartemen Permata Hijau Suites, Kebayoran Lama",Permata Hijau Suites,fuzzy
LST-00047,Southgate Residence • 1BR Furnished (49 m²),https://www.rumah123.com/properti/jakarta-selatan-tb-simatupang/apartemen-southgate-49m2-1br-mall-aeon-apr3153650/,Jakarta Selatan,DKI Jakarta,TB Simatupang,"Southgate Residence TB Simatupang, TB Simatupang, Jakarta Selatan",Apartemen,8250000.0,168367.3469387755,yearly,1,1,Studio / 1BR,49.0,11.110875329884273,7.557462580441012,Stasiun MRT Lebak Bulus,Tier 2: Inner Ring Metro (7-15km),0,0,0,0,0,0,0,0,0,0,0,0,-6.3066137451412,106.84054243408,listing,0,https://picture.rumah123.com/r123-images/360x210-crop/customer/29253/2024-01-06-07-35-13-364cd0b7-e044-428e-bc5c-1ca6555a6564.jpg,"DISEWAKAN Apartemen SouthGate 49m2 (1BR)  æ¬²äºè§£æ´å¤ä¿¡æ¯ï¼è¯·èç³»æ (YÃ¹ liÇojiÄ gÃ¨ng d...",5715953.0,2534047.0,0.367,-44.3,1.12,Premium / High Price,Apartemen SouthGate 49m2 (1BR- Mall AEON),Southgate Residence,exact
LST-00048,The Newton 2 • Studio Furnished (24 m²),https://www.rumah123.com/properti/jakarta-selatan-kuningan/the-newton-2-apartment-best-studio-in-kuningan-setiabudi-jakarta-apr7573619/,Jakarta Selatan,DKI Jakarta,Kuningan,"The Newton 2 Ciputra World 2, Kuningan, Jakarta Selatan",Apartemen,9000000.0,375000.0,monthly,1,1,Studio / 1BR,24.0,3.177135736484503,2.965221001463858,Stasiun MRT Blok M,Tier 1: Core Urban Center (<7km),0,0,0,0,0,0,0,0,0,0,0,0,-6.23713,106.823738,listing,0,https://picture.rumah123.com/r123-images/360x210-crop/customer/1886393/33a0a185a4fc5b06a7d5f4ba71b4bbe9.jpg,"Apartemen 1 lantai di Kuningan, Jakarta Selatan.  Disewakan di wilayah yang tenang. Dengan rinciannya adalah sebagai berikut:   - Kamar Tidur: 1   ...",6569140.0,2430860.0,0.3148,-37.0,0.96,Premium / High Price,The Newton 2 Apartment Best Studio In Kuningan Setiabudi Jakarta,The Newton 2,exact
LST-00049,Branz Mega Kuningan • 2BR Full Furnished (60 m²),https://www.rumah123.com/properti/jakarta-selatan-kuningan/hot-listing-branz-mega-kuningan-fully-furnished-mewah-harga-nego-apr7835111/,Jakarta Selatan,DKI Jakarta,Kuningan,"The Branz Mega Kuningan, Kuningan, Jakarta Selatan",Apartemen,27000000.0,450000.0,monthly,2,1,2 Bedroom,60.0,3.1771644961907333,2.965433933193664,Stasiun MRT Blok M,Tier 1: Core Urban Center (<7km),1,0,0,0,0,0,0,0,0,0,0,0,-6.23713,106.82374,listing,0,https://picture.rumah123.com/r123-images/360x210-crop/customer/1886393/49f2b3e20732fd79d7991b3c475a4a92.jpg,DISEWAKAN: Apartemen Mewah BRANZ Mega Kuningan - 2 BR Fully Furnished (Siap Huni)  Nikmati kenyamanan tinggal di kawasan prime CBD Jakarta Selatan ...,11431031.0,15568969.0,0.8595,-136.2,2.63,Overpriced / Luxury Tag,"Hot Listing! Branz Mega Kuningan Fully Furnished Mewah, Harga Nego!",Branz Mega Kuningan,exact
LST-00050,District 8 SCBD • 3BR Furnished (179 m²),https://www.rumah123.com/properti/jakarta-selatan-senopati/for-rent-apartment-district-8-apr7820229/,Jakarta Selatan,DKI Jakarta,Senopati,"District 8 SCBD, Senopati, Jakarta Selatan",Apartemen,65000000.0,363128.4916201117,yearly,3,3,3 Bedroom,179.0,5.950611799787337,2.3718059633786326,Stasiun MRT Blok M,Tier 1: Core Urban Center (<7km),0,0,0,0,0,0,0,0,0,0,0,0,-6.261493,106.8106,listing,0,https://picture.rumah123.com/r123-images/360x210-crop/customer/1798969/b2b33c1a7259e324f4c94e4a50c70a40.jpg,"For rent  Apartment district8  @SCBD  , Jkt Selatan 3 bedroom  Luas 179sqm Harga sewa $3600 excld pph",45583788.0,19416212.0,0.3548,-42.6,1.09,Premium / High Price,For Rent Apartment District 8,District 8 SCBD,exact
LST-00051,Essence Darmawangsa • 2BR Furnished (134 m²),https://www.rumah123.com/properti/jakarta-selatan-kebayoran-baru/hunian-luas-di-essence-darmawangsa-sudah-emi-furnished-apr7821613/,Jakarta Selatan,DKI Jakarta,Kebayoran Baru,"Essence Darmawangsa Apartment, Kebayoran Baru, Jakarta Selatan",Apartemen,33000000.0,246268.6567164179,monthly,2,2,2 Bedroom,134.0,4.494708988847484,0.3914264832749906,Stasiun MRT Blok M,Tier 1: Core Urban Center (<7km),0,0,0,0,0,0,0,0,0,0,0,0,-6.24475108,106.801412,listing,0,https://picture.rumah123.com/r123-images/360x210-crop/customer/4512056/0b127b9b5f7d545b92ed5dfe89025c4c.jpg,Cari apartemen dengan ukuran yang lega dan nyaman untuk keluarga? Unit di Essence Darmawangsa ini memiliki luas 134 m² dengan 2 kamar tidur dan be...,35585159.0,-2585159.0,-0.0754,7.3,-0.23,Fair Market Price,"Hunian Luas di Essence Darmawangsa, Sudah Emi Furnished",Essence Darmawangsa,fuzzy
LST-00052,South Hills • 2BR Full Furnished (74 m²),https://www.rumah123.com/properti/jakarta-selatan-setiabudi/apartemen-south-hills-2br-fully-furnished-kuningan-jakarta-selatan-apr7813730/,Jakarta Selatan,DKI Jakarta,Setiabudi,"South Hills Apartment, Setiabudi, Jakarta Selatan",Apartemen,28000000.0,378378.3783783784,monthly,2,2,2 Bedroom,74.0,1.622049356795302,2.234834797023227,Stasiun MRT Dukuh Atas,Tier 1: Core Urban Center (<7km),1,0,0,0,0,0,0,0,0,0,0,0,-6.21959019,106.8298746,listing,0,https://picture.rumah123.com/r123-images/360x210-crop/customer/4501667/cecf8818417122584392bddd8d9494f6.jpg,South Hills Kuningan Exclusive 2BR Private Lift - SHLC029  Available 2BR Fully Furnished at South Hills Kuningan Jakarta Selatan  Unit Details:  2 ...,16694984.0,11305016.0,0.5171,-67.7,1.58,Overpriced / Luxury Tag,Disewakan Murah Apartemen South Hills 2Br Furnished Kuningan,South Hills,fuzzy
LST-00053,District 8 SCBD • 1BR Full Furnished (70 m²),https://www.rumah123.com/properti/jakarta-selatan-senopati/disewakan-murah-district-8-apartment-2-bedrooms-furnished-senopati-apr7814658/,Jakarta Selatan,DKI Jakarta,Senopati,"District 8 SCBD, Senopati, Jakarta Selatan",Apartemen,30000000.0,428571.4285714286,monthly,1,1,Studio / 1BR,70.0,5.950611799787337,2.3718059633786326,Stasiun MRT Blok M,Tier 1: Core Urban Center (<7km),1,0,0,0,0,0,0,0,0,0,0,0,-6.261493,106.8106,listing,0,https://picture.rumah123.com/r123-images/360x210-crop/customer/4501667/4e1edb977ab893f3981bb02fee19e866.jpg,"District 8 1BR Fully Furnished For Rent - DS8B026  Tersedia Apartemen 1BR Fully Furnished di District 8, SCBD Senopati  Detail Unit:  1 Bedroom | 1...",16968720.0,13031280.0,0.5698,-76.8,1.74,Overpriced / Luxury Tag,Disewakan Murah District 8 Apartment 1Br Furnished Senopati,District 8 SCBD,exact
LST-00054,Casa Grande Residence • 3BR Full Furnished (100 m²),https://www.rumah123.com/properti/jakarta-selatan-casablanca/casa-grande-residence-3-br-fully-furnished-unit-bagus-apr7819681/,Jakarta Selatan,DKI Jakarta,Casablanca,"Casa Grande Residence, Casablanca, Jakarta Selatan",Apartemen,17000000.0,170000.0,monthly,3,2,3 Bedroom,100.0,2.8630415304454995,1.7894010195186778,Stasiun KRL Manggarai,Tier 1: Core Urban Center (<7km),1,0,0,0,0,0,1,0,0,0,0,0,-6.2233752,106.841351,listing,0,https://picture.rumah123.com/r123-images/360x210-crop/customer/54027/f82410224cae0205a511e25a4c2a9715.jpg,Disewakan Apartemen Casa Grande Residence 3 BR Fully Furnished Unit Bagus  Luas 100 sqm Bedroom 3 Bathroom 2 View swimming pool Full Furnished New ...,21693937.0,-4693937.0,-0.2438,21.6,-0.75,Good Deal (Undervalued),Casa Grande Residence 3 BR Fully Furnished Unit Bagus,Casa Grande Residence,exact
LST-00055,District 8 SCBD • 2BR Full Furnished (105 m²),https://www.rumah123.com/properti/jakarta-selatan-senopati/disewakan-apartment-district-8-full-furnished-apr7749617/,Jakarta Selatan,DKI Jakarta,Senopati,"District 8 SCBD, Senopati, Jakarta Selatan",Apartemen,48000000.0,457142.8571428572,monthly,2,2,2 Bedroom,105.0,6.86940019738089,2.8877021482408427,Stasiun MRT Blok M,Tier 1: Core Urban Center (<7km),1,0,0,0,0,0,0,0,0,0,0,0,-6.26899,106.806,listing,0,https://picture.rumah123.com/r123-images/360x210-crop/customer/1276484/listing/apr7749617/enhanced/8a450cf9a033fcb7bcf1b2503cac5e2c.jpg,Disewakan  Apartemen District 8 infinity Luas 105 2BR  lantai 50 Harga 2700 usd  HUBUNGI  Rosa : 0811152xxxx,30488421.0,17511579.0,0.4539,-57.4,1.39,Premium / High Price,Disewakan Apartment District 8 Full Furnished,District 8 SCBD,exact
LST-00056,District 8 SCBD • 1BR Full Furnished (80 m²),https://www.rumah123.com/properti/jakarta-selatan-senopati/disewakan-apartemen-district-8-full-furnished-apr7779254/,Jakarta Selatan,DKI Jakarta,Senopati,"District 8 SCBD, Senopati, Jakarta Selatan",Apartemen,36000000.0,450000.0,monthly,1,1,Studio / 1BR,80.0,6.86940019738089,2.8877021482408427,Stasiun MRT Blok M,Tier 1: Core Urban Center (<7km),1,0,0,0,0,0,0,0,0,0,0,0,-6.26899,106.806,listing,0,https://picture.rumah123.com/r123-images/360x210-crop/customer/1276484/9a162c2d839e5193a9d6d8d8d1ae629e.jpg,For rent  Apartement District 8 Furnished 1Bedroom size : 80sqm  Tower- Eternity  Price : $2000   hubungi Rosa : 0811152xxxx,22807901.0,13192099.0,0.4564,-57.8,1.4,Premium / High Price,Disewakan Apartemen District 8 Full Furnished,District 8 SCBD,exact
LST-00057,Capital Residence • 3BR Full Furnished (170 m²),https://www.rumah123.com/properti/jakarta-selatan-sudirman/disewakan-apartment-capital-residence-full-furnished-apr7817094/,Jakarta Selatan,DKI Jakarta,Sudirman,"The Capital Residence, Sudirman, Jakarta Selatan",Apartemen,47000000.0,276470.5882352941,monthly,3,3,3 Bedroom,170.0,6.86940019738089,2.8877021482408427,Stasiun MRT Blok M,Tier 1: Core Urban Center (<7km),1,0,0,0,0,0,0,0,0,0,0,0,-6.26899,106.806,listing,0,https://picture.rumah123.com/r123-images/360x210-crop/customer/1276484/877ea30c1e7b407f1c7a8b8de6e0548b.jpg,Disewakan Apartment  The Capital Ressidence Tower 1 3 Bedroom 3Batroom 1 maidroom Luas 170sqm Lantai 10 Harga : 50juta/Bulan Includes IPL  HUBUNGI ...,53265732.0,-6265732.0,-0.1251,11.8,-0.38,Fair Market Price,Disewakan Apartment Capital Residence Full Furnished,Capital Residence,exact
LST-00058,Capital Residence • 3BR Full Furnished (170 m²),https://www.rumah123.com/properti/jakarta-selatan-sudirman/disewa-apartemen-capital-residence-full-furnished-apr7804449/,Jakarta Selatan,DKI Jakarta,Sudirman,"The Capital Residence, Sudirman, Jakarta Selatan",Apartemen,53000000.0,311764.7058823529,monthly,3,2,3 Bedroom,170.0,6.86940019738089,2.8877021482408427,Stasiun MRT Blok M,Tier 1: Core Urban Center (<7km),1,0,0,0,0,0,0,0,0,0,0,0,-6.26899,106.806,listing,0,https://picture.rumah123.com/r123-images/360x210-crop/customer/1276484/533432d3c0fe0beb8f894b41f3e0c3d6.jpg,Disewakan  Apartement Capital Residence  3BR  Luas : 170 sqm Private lift  Tower 1 Harga : 300Usd / month   HUBUNGI  Rosa : 0811152xxxx,45234221.0,7765779.0,0.1584,-17.2,0.48,Fair Market Price,Disewa Apartemen Capital Residence Full Furnished,Capital Residence,exact
LST-00059,Kemang Village Private Lift • Studio Full Furnished (24 m²),https://www.rumah123.com/properti/jakarta-selatan-kemang/kemang-village-3br-fully-furnished-private-lift-for-rent-apr7833941/,Jakarta Selatan,DKI Jakarta,Kemang,"Kemang Village Apartment, Kemang, Jakarta Selatan",Apartemen,32000000.0,1333333.3333333333,monthly,0,0,Studio / 1BR,24.0,5.917442667646868,2.5111095139636186,Stasiun MRT Blok M,Tier 1: Core Urban Center (<7km),1,0,0,0,0,0,0,0,0,0,0,0,-6.261507671577874,106.81261235774218,listing,0,https://picture.rumah123.com/r123-images/360x210-crop/customer/1330302/e8f519d9329d4bc9e5b0918ff9e293b4.jpg,"Apartment Kemang Village Residence  Address: Jl. Pangeran Antasari No.36, RT.14/RW.5, Bangka, Kec. Mampang Prpt., Kota Jakarta Selatan, Daerah Khus...",5240037.0,26759963.0,1.8094,-510.7,5.54,Overpriced / Luxury Tag,Kemang Village 3Br Fully Furnished Private Lift For Rent,Kemang Village,exact
LST-00060,Kemang Village Tower Empire • 3BR Furnished (132 m²),https://www.rumah123.com/properti/jakarta-selatan-kemang/kemang-village-empire-3-bedroom-for-rent-apr7751115/,Jakarta Selatan,DKI Jakarta,Kemang,"Kemang Village Apartment, Kemang, Jakarta Selatan",Apartemen,23000000.0,174242.42424242423,monthly,3,2,3 Bedroom,132.0,5.917442667646868,2.5111095139636186,Stasiun MRT Blok M,Tier 1: Core Urban Center (<7km),0,0,0,0,0,0,0,0,0,0,0,0,-6.261507671577874,106.81261235774218,listing,0,https://picture.rumah123.com/r123-images/360x210-crop/customer/4488244/a57067f7dc1b9ab28179005bd70bf6e3.jpg,"KEMANG VILLAGE APARTMENT Address : Jl. Pangeran Antasari No.36, Kemang, Jakarta Selatan  Tower Empire  Floor7 Size 132sqm 3 Bedroom 2 Bathroom Furn...",28450568.0,-5450568.0,-0.2127,19.2,-0.65,Fair Market Price,Kemang Village Empire 3 Bedroom For Rent,Kemang Village,exact
LST-00061,Casa Grande Residence Angelo Tower • 2BR Furnished (76 m²),https://www.rumah123.com/properti/jakarta-selatan-casablanca/apartment-casa-grande-2br-angelo-tower-for-rent-apr7849849/,Jakarta Selatan,DKI Jakarta,Casablanca,"Casa Grande Residence, Casablanca, Jakarta Selatan",Apartemen,19000000.0,250000.0,monthly,2,2,2 Bedroom,76.0,2.858853231474884,1.78401344304807,Stasiun KRL Manggarai,Tier 1: Core Urban Center (<7km),0,0,0,0,0,0,0,0,0,0,0,0,-6.223314592472363,106.8413468473192,listing,0,https://picture.rumah123.com/r123-images/360x210-crop/customer/1888409/c32272979a55622de783b1092f684866.jpg,"Apartment Casa Grande 2 BR For Rent  Jl. Raya Casablanca, RT.16/RW.5, Menteng Dalam, Kec. Tebet, Kota Jakarta Selatan, Daerah Khusus Ibukota Jakart...",18716234.0,283766.0,0.015,-1.5,0.05,Fair Market Price,Apartment Casa Grande 2Br Angelo Tower For Rent,Casa Grande Residence,exact
LST-00062,Pondok Indah Residences • 1BR Full Furnished (65 m²),https://www.rumah123.com/properti/jakarta-selatan-pondok-indah/di-sewakan-apartment-pondok-indah-residence-furnished-apr7645114/,Jakarta Selatan,DKI Jakarta,Pondok Indah,"Pondok Indah Residences, Pondok Indah, Jakarta Selatan",Apartemen,22000000.0,338461.53846153844,monthly,1,1,Studio / 1BR,65.0,6.86940019738089,2.8877021482408427,Stasiun MRT Blok M,Tier 1: Core Urban Center (<7km),1,0,0,0,0,0,0,0,0,0,0,0,-6.26899,106.806,listing,0,https://picture.rumah123.com/r123-images/360x210-crop/customer/1276484/4556fa05d699399046bd6f0490c7eea9.jpg,Di Sewakan Apartment  Pondok indah residence Tower maya  1 bedroom luas:  (65m2) View : pim 3 Full furnish Direct Conecting apartment to Pim3 Facil...,20148333.0,1851667.0,0.0879,-9.2,0.27,Fair Market Price,Di Sewakan Apartment Pondok Indah Residence Furnished,Pondok Indah Residences,fuzzy
LST-00063,La Vie Suites • 2BR Full Furnished (122 m²),https://www.rumah123.com/properti/jakarta-selatan-setiabudi/for-rent-apartement-la-vie-suite-full-furnished-apr7842840/,Jakarta Selatan,DKI Jakarta,Setiabudi,"La Vie Suites Setiabudi, Setiabudi, Jakarta Selatan",Apartemen,45000000.0,368852.4590163935,monthly,2,2,2 Bedroom,122.0,6.86940019738089,2.8877021482408427,Stasiun MRT Blok M,Tier 1: Core Urban Center (<7km),1,0,0,0,0,0,0,0,0,0,0,0,-6.26899,106.806,listing,0,https://picture.rumah123.com/r123-images/360x210-crop/customer/1276484/8d7cc7923d8c0672e2285354bc2cefcc.jpg,For Rent  Apartement Lavie Suite  Tower :Forte  Lantai : 5  2Bedroom  2Bathroom  1 Maid room  Luas : 122 sqm  Harga : 2500 USD inclued IPL   Hubung...,35937803.0,9062197.0,0.2249,-25.2,0.69,Fair Market Price,For Rent Apartement La Vie Suite Full Furnished,La Vie Suites,exact
LST-00064,Pondok Indah Residences • 2BR Furnished (136 m²),https://www.rumah123.com/properti/jakarta-selatan-pondok-indah/disewakan-apartement-senayan-residence-furnished-apr7644434/,Jakarta Selatan,DKI Jakarta,Pondok Indah,"Pondok Indah Residences, Pondok Indah, Jakarta Selatan",Apartemen,40000000.0,294117.64705882355,monthly,2,2,2 Bedroom,136.0,6.86940019738089,2.8877021482408427,Stasiun MRT Blok M,Tier 1: Core Urban Center (<7km),0,0,0,0,0,0,0,0,0,0,0,0,-6.26899,106.806,listing,0,https://picture.rumah123.com/r123-images/360x210-crop/customer/1276484/21c2ae6675d0d5f1124918c38952837e.jpg,Di sewakan  Apartement Pondok Indah  Tower Maya 2 Bedroom View office tower 2br+1 maidroom Harga 2300Usd/bulan  HUBUNGI  Rossa : 0811152xxxx,30127750.0,9872250.0,0.2834,-32.8,0.87,Premium / High Price,Disewakan Apartement Pondok Indah Residence Furnished,Pondok Indah Residences,fuzzy
LST-00065,Ambassade Residence • 2BR Furnished (60 m²),https://www.rumah123.com/properti/jakarta-selatan-kuningan/apartemen-ambasade-2-br-strata-bagus-siapnhuni-apr7803738/,Jakarta Selatan,DKI Jakarta,Kuningan,"Ambassade Residence Kuningan, Kuningan, Jakarta Selatan",Apartemen,10000000.0,166666.66666666666,monthly,2,1,2 Bedroom,60.0,3.1771644961907333,2.965433933193664,Stasiun MRT Blok M,Tier 1: Core Urban Center (<7km),0,0,0,0,0,0,0,0,0,0,0,0,-6.23713,106.82374,listing,0,https://picture.rumah123.com/r123-images/360x210-crop/customer/4425650/7f51383a38629f92905bcaf2abb0b62a.jpg,"Apartemen 16 lantai di Kuningan, Jakarta Selatan.  Disewakan di wilayah yang nyaman. Dengan rinciannya adalah sebagai berikut:   - Kamar Tidur: 2  ...",14847560.0,-4847560.0,-0.3953,32.6,-1.21,Good Deal (Undervalued),"Apartemen Ambasade 2 br, Strata, Bagus, Siapnhuni",Ambassade Residence,exact
LST-00066,Denpasar Residence • 2BR Full Furnished (72 m²),https://www.rumah123.com/properti/jakarta-selatan-kuningan/disewakan-apartemen-denpasar-residence-2-bedroom-full-furnish-kuningan-jakarta-selatan-apr7844748/,Jakarta Selatan,DKI Jakarta,Kuningan,"Denpasar Residence, Kuningan, Jakarta Selatan",Apartemen,14000000.0,194444.44444444444,monthly,2,1,2 Bedroom,72.0,2.062449571443805,2.729096214964039,Stasiun KRL Manggarai,Tier 1: Core Urban Center (<7km),1,0,0,0,0,0,0,0,0,0,0,0,-6.224317728088607,106.830220336995,listing,0,https://picture.rumah123.com/r123-images/360x210-crop/customer/982976/a410bdb344d94f861e03196f9ffc00e3.jpg,"Apartment Name: Denpasar Residence Location: Jl. Prof. DR. Satrio No.Kav. 18, RT.14/RW.4, Kuningan, Karet Kuningan, Kecamatan Setiabudi, Kota Jakar...",21024720.0,-7024720.0,-0.4066,33.4,-1.24,Good Deal (Undervalued),Disewakan Apartemen Denpasar Residence 2 Bedroom Full Furnish Kuningan Jakarta Selatan,Denpasar Residence,exact
LST-00067,Kemang Village Tower Ritz • 4BR+ Furnished (204 m²),https://www.rumah123.com/properti/jakarta-selatan-kemang/kemang-village-apartment-4-bedroom-ritz-for-rent-apr7752351/,Jakarta Selatan,DKI Jakarta,Kemang,"Kemang Village Apartment, Kemang, Jakarta Selatan",Apartemen,50000000.0,245098.0392156863,monthly,4,3,4+ Bedroom,204.0,5.917442667646868,2.5111095139636186,Stasiun MRT Blok M,Tier 1: Core Urban Center (<7km),0,0,0,0,0,0,0,0,0,0,0,0,-6.261507671577874,106.81261235774218,listing,0,https://picture.rumah123.com/r123-images/360x210-crop/customer/4488244/7a0625f3a365d3695de6a2c3c47df9ff.jpg,"Kemang Village Apartment Address : Jl. Pangeran Antasari No.36, Kemang, Jakarta Selatan  Tower Ritz  Floor 19 Size 204sqm 4 Bedroom 2 Bathroom Furn...",49095580.0,904420.0,0.0183,-1.8,0.06,Fair Market Price,Kemang Village Apartment 4 Bedroom Ritz For Rent,Kemang Village,exact
LST-00068,Casa Grande Residence • 3BR Full Furnished (120 m²),https://www.rumah123.com/properti/jakarta-selatan-tebet/disewakan-apartemen-casagrande-residence-3-bedroom-full-furnish-apr7834362/,Jakarta Selatan,DKI Jakarta,Tebet,"Casa Grande Residence, Tebet, Jakarta Selatan",Apartemen,25000000.0,208333.3333333333,monthly,3,2,3 Bedroom,120.0,2.8630415304454995,1.7894010195186778,Stasiun KRL Manggarai,Tier 1: Core Urban Center (<7km),1,0,0,0,0,0,0,0,0,0,0,0,-6.2233752,106.841351,listing,0,https://picture.rumah123.com/r123-images/360x210-crop/customer/982976/13b07cb6b2a14260b6598d30c7b9d53c.jpg,"Apartment Name: Cassa Grande Location: Jl. Casablanca Raya Kav. 88 Mall Kota Kasablanka, Jakarta 12870 Tower/Floor/View: Size: 120 m2 Bedroom: 3 Ba...",27688015.0,-2688015.0,-0.1021,9.7,-0.31,Fair Market Price,"Disewakan Apartemen Casagrande Residence 3 Bedroom, Full Furnish",Casa Grande Residence,exact
LST-00069,South Hills • 2BR Full Furnished (87 m²),https://www.rumah123.com/properti/jakarta-selatan-setiabudi/apartemen-south-hills-2-br-siap-huni-strata-full-furnished-apr7803742/,Jakarta Selatan,DKI Jakarta,Setiabudi,"South Hills Apartment, Setiabudi, Jakarta Selatan",Apartemen,24000000.0,275862.0689655172,monthly,2,1,2 Bedroom,87.0,0.7817527457773256,0.8985578419856199,Stasiun MRT Dukuh Atas,Tier 1: Core Urban Center (<7km),1,0,0,0,0,0,0,0,0,0,0,0,-6.20767,106.82698,listing,0,https://picture.rumah123.com/r123-images/360x210-crop/customer/4425650/952aebfc090fe37c60bbed853ce8a135.jpg,"Apartemen 18 lantai di Setiabudi, Jakarta Selatan.  Disewakan di wilayah yang tenang. Dengan kategorinya adalah sebagai berikut:   - Kamar Tidur: 2...",25003964.0,-1003964.0,-0.041,4.0,-0.13,Fair Market Price,"Apartemen South Hills 2 Br, Siap Huni, Strata, Full Furnished",South Hills,fuzzy
LST-00070,Apple 1 Condovilla • 1BR Full Furnished (29 m²),https://www.rumah123.com/properti/jakarta-selatan-jati-padang/disewakan-apartemen-mezzanine-apple-1-condovilla-tb-simatupang-apr7772877/,Jakarta Selatan,DKI Jakarta,Jati Padang,"Apple 1 Condovilla Jati Padang, Jati Padang, Jakarta Selatan",Apartemen,4500000.0,155172.41379310345,monthly,1,0,Studio / 1BR,29.0,6.86940019738089,2.8877021482408427,Stasiun MRT Blok M,Tier 1: Core Urban Center (<7km),1,0,0,0,0,0,0,0,0,0,0,0,-6.26899,106.806,listing,0,https://picture.rumah123.com/r123-images/360x210-crop/customer/1960478/c8d851b52d1157dd91be0f8cc03fd616.jpg,"Disewakan apartemen Apple 1 Condovilla 1 Bedroom Mezzanine daerah Pasar Minggu & TB Simatupang FULL FURNISHED, Hanya 300 meter ke Tol TB Simatupang...",12413219.0,-7913219.0,-1.0147,63.7,-3.11,Deep Value Deal (Rare Find),Disewakan Apartemen Mezzanine Apple 1 Condovilla Tb Simatupang,Apple 1 Condovilla,exact
LST-00071,Kemang Village Tower Cosmo • 2BR Furnished (110 m²),https://www.rumah123.com/properti/jakarta-selatan-kemang/cosmo-2-br-110-sqm-balcony-kemang-village-apr7849015/,Jakarta Selatan,DKI Jakarta,Kemang,"Kemang Village Apartment, Kemang, Jakarta Selatan",Apartemen,20000000.0,181818.18181818185,monthly,2,2,2 Bedroom,110.0,6.475450280525984,3.820327367938264,Stasiun MRT Blok M,Tier 1: Core Urban Center (<7km),0,0,0,0,0,0,0,0,0,1,0,0,-6.266904,106.823929,listing,0,https://picture.rumah123.com/r123-images/360x210-crop/customer/54467/50747a6d6201808fd98d7936378a07f9.jpg,My phone number 0877 m² 3888 m² 7303 m² (WA only)  For Rent Apartment Kemang Village Residence R3V0ERIP7R0CS2M  Tower Cosmo Type 2 BR 2 bedrooms...,22124977.0,-2124977.0,-0.101,9.6,-0.31,Fair Market Price,Cosmo 2 BR 110 Sqm + Balcony Kemang Village,Kemang Village,exact
LST-00072,The Newton 1 • 1BR Furnished (24 m²),https://www.rumah123.com/properti/jakarta-selatan-kuningan/apartemen-the-newton-1-1-kamar-tidur-furnished-baru-apr3110979/,Jakarta Selatan,DKI Jakarta,Kuningan,"The Newton 1 Ciputra World 2, Kuningan, Jakarta Selatan",Apartemen,7000000.0,291666.6666666667,monthly,1,1,Studio / 1BR,24.0,3.1771644961907333,2.965433933193664,Stasiun MRT Blok M,Tier 1: Core Urban Center (<7km),0,0,0,0,0,0,0,0,0,0,0,0,-6.23713,106.82374,listing,0,https://picture.rumah123.com/r123-images/360x210-crop/customer/1820222/2023-11-25-15-11-07-25130890-6b02-4b4a-8a41-66c406864ca4.jpg,"New Furnished   Strategic location in the heart of the Jakarta CBD Golden triangle. Shopping centers within the vicinity: Plaza Semanggi, Mall Amba...",7068466.0,-68466.0,-0.0097,1.0,-0.03,Fair Market Price, Apartemen The Newton 1 1 Kamar Tidur Furnished Baru,The Newton 1,exact
LST-00073,Residence 8 Senopati • 1BR Furnished (94 m²),https://www.rumah123.com/properti/jakarta-selatan-kebayoran-baru/disewa-residence-8-senopati-1-bedroom-furnished-apr7840843/,Jakarta Selatan,DKI Jakarta,Kebayoran Baru,"Residence 8 Senopati, Kebayoran Baru, Jakarta Selatan",Apartemen,18000000.0,191489.36170212767,monthly,1,1,Studio / 1BR,94.0,2.73335443195318,1.9191095733609844,Stasiun MRT Blok M,Tier 1: Core Urban Center (<7km),0,0,0,0,0,0,0,0,0,0,0,0,-6.228950505373049,106.80583779284484,listing,0,https://picture.rumah123.com/r123-images/360x210-crop/customer/2070001/6ea8176ddf09976c6e68c4b20aaee47d.jpg,Disewa Residence 8 Senopati   Tower 3 Lof Floor 1 Bedroom  1 Bathroom  1 Living Room  Size 94sqm Furnished,26770721.0,-8770721.0,-0.3969,32.8,-1.22,Good Deal (Undervalued),Disewa Residence 8 Senopati 1 Bedroom Furnished,Residence 8 Senopati,exact
LST-00074,Ambassade Residence • 2BR Furnished (65 m²),https://www.rumah123.com/properti/jakarta-selatan-kuningan/disewakan-apartemen-ambassade-residence-2br-kuningan-jakarta-selatan-apr7658237/,Jakarta Selatan,DKI Jakarta,Kuningan,"Ambassade Residence Kuningan, Kuningan, Jakarta Selatan",Apartemen,10000000.0,153846.15384615384,monthly,2,1,2 Bedroom,65.0,3.177135736484503,2.965221001463858,Stasiun MRT Blok M,Tier 1: Core Urban Center (<7km),0,0,0,0,0,0,0,0,0,0,0,0,-6.23713,106.823738,listing,0,https://picture.rumah123.com/r123-images/360x210-crop/customer/4465176/bf361ad51a49673e94eaaf0ed4bf87aa.jpg,"Kesempatan terbatas buat Anda dapatkan apartemen strategis dengan return investasi tinggi di Kuningan, Jakarta Selatan.  Apartemen ini menawarkan k...",17197910.0,-7197910.0,-0.5422,41.9,-1.66,Deep Value Deal (Rare Find),Disewakan Ambassade Residence 2Br Apt @ Kuningan Jakarta Selatan,Ambassade Residence,fuzzy
LST-00075,Casa Grande Residence • 2BR Full Furnished (76 m²),https://www.rumah123.com/properti/jakarta-selatan-casablanca/disewakan-apartemen-casa-grande-residence-2br-full-furnished-apr7831402/,Jakarta Selatan,DKI Jakarta,Casablanca,"Casa Grande Residence, Casablanca, Jakarta Selatan",Apartemen,16000000.0,210526.31578947368,monthly,2,2,2 Bedroom,76.0,2.997947626658001,1.732807787067536,Stasiun KRL Manggarai,Tier 1: Core Urban Center (<7km),1,0,0,0,0,0,0,0,0,0,0,0,-6.223576,106.842685,listing,0,https://picture.rumah123.com/r123-images/360x210-crop/customer/4526510/a5af0dd372ee90bf55ab0106f1721b6d.jpg,Disewakan Apartemen Casa Grande Residence 2 Br Fully Furnished Good Interior Termurah  Luas 76 Sqm Bedroom 2 Bathroom 2 Full Furnished Konek Mall K...,18979413.0,-2979413.0,-0.1708,15.7,-0.52,Fair Market Price,Disewakan Apartemen Casa Grande Residence 2Br Full Furnished,Casa Grande Residence,exact
LST-00076,Kemang Village Tower Empire • 2BR Furnished (89 m²),https://www.rumah123.com/properti/jakarta-selatan-kemang/2-br-1-maid-room-kemang-village-empire-near-school-s-p-h-apr7830506/,Jakarta Selatan,DKI Jakarta,Kemang,"Kemang Village Apartment, Kemang, Jakarta Selatan",Apartemen,16000000.0,179775.2808988764,monthly,2,2,2 Bedroom,89.0,6.475450280525984,3.820327367938264,Stasiun MRT Blok M,Tier 1: Core Urban Center (<7km),0,0,0,0,0,0,0,0,0,1,0,0,-6.266904,106.823929,listing,0,https://picture.rumah123.com/r123-images/360x210-crop/customer/54467/00c9296efe8ccef4edde8edc0b2aad9b.jpg,For Rent Apartment Kemang Village Residence N1V0ERIP0R02EP  Tower empire Type 2 BR 2 bed 2 bath 1 maid room 89 sqm No Balcony Furnished High Floor ...,19128562.0,-3128562.0,-0.1786,16.4,-0.55,Fair Market Price,2 BR + 1 Maid Room Kemang Village Empire Near School S P H,Kemang Village,exact
LST-00077,Unresolved • Kuningan • Studio Full Furnished (24 m²),https://www.rumah123.com/properti/jakarta-selatan-kuningan/apartemen-the-newton-jakarta-apartment-kuningan-setiabudi-semanggi-fully-furnished-apr7830508/,Jakarta Selatan,DKI Jakarta,Kuningan,"The Newton 1 Ciputra World 2, Kuningan, Jakarta Selatan",Apartemen,8500000.0,354166.6666666667,monthly,0,1,Studio / 1BR,24.0,3.177135736484503,2.965221001463858,Stasiun MRT Blok M,Tier 1: Core Urban Center (<7km),1,0,0,0,0,0,0,0,0,0,0,0,-6.23713,106.823738,listing,0,https://picture.rumah123.com/r123-images/360x210-crop/customer/2042543/30694da1d8c1a33aff7afab3d9c542a3.jpg,"Apartemen 1 lantai di Kuningan, Jakarta Selatan.  For rent di wilayah yang nyaman. Dengan spesifikasinya adalah sebagai berikut:   - Kamar Mandi: 1...",14351290.0,-5851290.0,-0.5238,40.8,-1.6,Deep Value Deal (Rare Find),Apartemen The Newton Jakarta Apartment Kuningan Setiabudi Semanggi Fully Furnished,,unresolved
LST-00078,Casa Grande Residence Tower Montana • 2BR Full Furnished (78 m²),https://www.rumah123.com/properti/jakarta-selatan-tebet/casa-grande-tower-montana-2-bedroom-for-rent-apr7813744/,Jakarta Selatan,DKI Jakarta,Tebet,"Casa Grande Residence, Tebet, Jakarta Selatan",Apartemen,15000000.0,192307.6923076923,monthly,2,2,2 Bedroom,78.0,3.0844319583851147,1.8004475518758214,Stasiun KRL Manggarai,Tier 1: Core Urban Center (<7km),1,0,0,0,0,0,0,0,0,0,0,0,-6.224444339273461,106.84304193005676,listing,0,https://picture.rumah123.com/r123-images/360x210-crop/customer/4488244/dcfbbb5af6d69601652fb19c02081ed7.jpg,Casa Grande  Tower Montana  Floor 31  2 Bedroom + 1 maidroom 2 Bathroom + 1 maidbathroom Size 78 Sqm  Full Furnished  Price Rp 15jt/Month  Casa Gra...,18750757.0,-3750757.0,-0.2232,20.0,-0.68,Fair Market Price,Casa Grande Tower Montana 2 Bedroom For Rent,Casa Grande Residence,exact
LST-00079,Embarcadero Bintaro • 1BR Furnished (34 m²),https://www.rumah123.com/properti/jakarta-selatan-bintaro/disewakan-apartemen-embarcadero-1br-premium-bintaro-tangerang-apr3275064/,Jakarta Selatan,DKI Jakarta,Bintaro,"Embarcadero Suites Bintaro, Bintaro, Jakarta Selatan",Apartemen,4083333.3333333335,120098.03921568628,yearly,1,1,Studio / 1BR,34.0,9.195104353711844,1.7019450179170077,Stasiun MRT Lebak Bulus,Tier 2: Inner Ring Metro (7-15km),0,0,0,0,0,0,0,0,0,0,0,0,-6.27452,106.76951,listing,0,https://picture.rumah123.com/r123-images/360x210-crop/customer/681164/2024-04-24-10-21-55-9956b507-24c6-43d6-a9d8-666090769b14.jpg,"Disewakan Apartemen Embarcadero 1BR Premium Bintaro Jl. Jombang Raya No.88, Pd. Pucung, Kec. Pd. Aren, Kota Tangerang Selatan, Banten 15229  Embarc...",5863045.0,-1779711.6666666665,-0.3618,30.4,-1.11,Good Deal (Undervalued),Disewakan Apartemen Embarcadero 1Br Premium Bintaro Tangerang,Embarcadero Bintaro,exact
LST-00080,The Stature Residences Monas View • 3BR Furnished (158 m²),https://www.rumah123.com/properti/jakarta-pusat-menteng/for-rent-luxury-stature-residence-3-bedroom-kebun-siri-menteng-view-monas-monument-apr7767956/,Jakarta Pusat,DKI Jakarta,Menteng,"The Stature Residences, Menteng, Jakarta Pusat",Apartemen,54250000.0,343354.43037974683,yearly,3,3,3 Bedroom,158.0,2.215387522692101,1.487291158622338,Stasiun MRT Dukuh Atas,Tier 1: Core Urban Center (<7km),0,0,0,0,0,0,0,0,0,0,0,0,-6.1957828,106.8351718,listing,0,https://picture.rumah123.com/r123-images/360x210-crop/customer/12627/673f8b300ee74d724a7110b39000d7e1.jpg,For Rent Luxury Stature Residence 3 Bedroom Kebun Siri Menteng View Monas Monument  Luxury apartment with best facilities and best location in Ment...,42470081.0,11779919.0,0.2448,-27.7,0.75,Premium / High Price,For Rent Luxury Stature Residence 3 Bedroom Kebun Siri Menteng View Monas Monument,The Stature Residences,exact
LST-00081,Residence 8 Senopati • 2BR Full Furnished (48 m²),https://www.rumah123.com/properti/jakarta-pusat-karet-tengsin/a-comfortable-and-stylish-urban-residence-in-central-jakarta-apr7824026/,Jakarta Pusat,DKI Jakarta,Karet Tengsin,"Sudirman Park Apartment, Karet Tengsin, Jakarta Pusat",Apartemen,9166666.666666666,190972.22222222225,yearly,2,1,2 Bedroom,48.0,0.5884867595205738,0.6146796415307644,Stasiun MRT Dukuh Atas,Tier 1: Core Urban Center (<7km),1,0,0,0,0,0,0,0,0,0,0,0,-6.20602,106.82453,listing,0,https://picture.rumah123.com/r123-images/360x210-crop/customer/2074295/e0542261251f29ff869d6efe3121eba9.jpg,Fully Furnished 2-Bedroom Apartment in Sudirman Park    A Comfortable and Stylish Urban Residence in Central Jakarta    Discover the comfort of cit...,10133183.0,-966516.333333334,-0.1002,9.5,-0.31,Fair Market Price,A Comfortable And Stylish Urban Residence In Central Jakarta,Residence 8 Senopati,fuzzy
LST-00082,The Stature Residences Private Lift Monas View • 2BR Furnished (146 m²),https://www.rumah123.com/properti/jakarta-pusat-menteng/menteng-2br-pet-friendly-private-lift-city-center-view-monas-apr7824183/,Jakarta Pusat,DKI Jakarta,Menteng,"The Stature Residences, Menteng, Jakarta Pusat",Apartemen,47000000.0,321917.80821917806,monthly,2,2,2 Bedroom,146.0,2.215387522692101,1.487291158622338,Stasiun MRT Dukuh Atas,Tier 1: Core Urban Center (<7km),0,0,0,0,0,0,0,0,0,0,0,0,-6.1957828,106.8351718,listing,0,https://picture.rumah123.com/r123-images/360x210-crop/customer/1242662/b4d96eb9594de88a5581204ffaa254ec.jpg,"[MENTENG] PET FRIENDLY APARTMENT, BRAND NEW, CITY CENTER VIEW MONAS.  THE STATURE RESIDENCE  Size: 146Sqm Bedrooms: 2 Bathrooms: 2 Kitchen: 2 (Wet ...",41493105.0,5506895.0,0.1246,-13.3,0.38,Fair Market Price,"[Menteng] 2Br, Pet Friendly, Private Lift, City Center View Monas",The Stature Residences,exact
LST-00083,Unresolved • Menteng Monas View • 2BR Furnished (72 m²),https://www.rumah123.com/properti/jakarta-selatan-casablanca/1-br-apartemen-modern-interior-55m2-with-bathtub-apr7633363/,Jakarta Pusat,DKI Jakarta,Menteng,"Menteng Park Apartment, Menteng, Jakarta Pusat",Apartemen,15900000.0,220833.3333333333,monthly,2,2,2 Bedroom,72.0,2.8742481323734146,2.113771560616605,Stasiun MRT Dukuh Atas,Tier 1: Core Urban Center (<7km),0,0,0,0,0,0,0,0,0,0,0,0,-6.1916699,106.8394715,listing,0,https://picture.rumah123.com/r123-images/360x210-crop/customer/4458257/f42a06637ab6a943528a9f7553b2ff7c.jpg,"For Rent Monthly / Weekly /Mentengpark  Apartment Tower Diamond, Private Lift, Strategic Location in Central Jakarta  Area : 72 m2     Bedroom: 2...",12970613.0,2929387.0,0.2036,-22.6,0.62,Fair Market Price,"Menteng Park Apart, 2 Br 2 Bath, 72 M2, View Monas",,unresolved
LST-00084,Sahid Sudirman Residence • 2BR Furnished (83 m²),https://www.rumah123.com/properti/jakarta-pusat-tanah-abang/termurah-sewa-apartment-sahid-sudirman-residence-21-apr7819530/,Jakarta Pusat,DKI Jakarta,Tanah Abang,"Sahid Sudirman Residence, Tanah Abang, Jakarta Pusat",Apartemen,12500000.0,150602.4096385542,yearly,2,2,2 Bedroom,83.0,0.3230402985572746,0.6436923006256297,Stasiun MRT Dukuh Atas,Tier 1: Core Urban Center (<7km),0,0,0,0,0,0,0,0,0,0,0,0,-6.206521257245074,106.82181266939214,listing,0,https://picture.rumah123.com/r123-images/360x210-crop/customer/1801559/255f47ddfd133a0e64bcfec1b19398b9.jpg,️ **DISEWAKAN APARTMENT SAHID SUDIRMAN RESIDENCE | 2+1 BR | 83 SQM**  ✨ Hunian nyaman dan strategis di jantung Jakarta!  Disewakan unit **2+1 B...,14200320.0,-1700320.0,-0.1275,12.0,-0.39,Fair Market Price,Termurah Sewa Apartment Sahid Sudirman Residence 2+1,Sahid Sudirman Residence,exact
LST-00085,Unresolved • Menteng • 2BR Full Furnished (61 m²),https://www.rumah123.com/properti/jakarta-pusat-menteng/sewa-unit-baru-apartemen-menteng-park-apr7744542/,Jakarta Pusat,DKI Jakarta,Menteng,"Menteng Park Apartment, Menteng, Jakarta Pusat",Apartemen,11250000.0,184426.2295081968,yearly,2,1,2 Bedroom,61.0,4.461562907717622,2.708660529079164,Stasiun KRL Manggarai,Tier 1: Core Urban Center (<7km),1,0,0,0,0,0,0,0,0,0,0,0,-6.1857,106.853,listing,0,https://picture.rumah123.com/r123-images/360x210-crop/customer/1446931/listing/apr7744542/enhanced/b42110e92c3fb7b7512c07aee694993f.jpg,Sewa Unit Bagus Apartemen Menteng Park  2 Bedroom Luas : 61 m Fully Furnished   Facility: Food Arcade 24-hours Security ATM Centre Infinity Swimmin...,11489769.0,-239769.0,-0.0211,2.1,-0.06,Fair Market Price,Sewa Unit Baru Apartemen Menteng Park,,unresolved
LST-00086,Unresolved • Kemayoran • 2BR Semi Furnished (70 m²),https://www.rumah123.com/properti/jakarta-pusat-kemayoran/apartemen-strata-di-kemayoran-apr7832852/,Jakarta Pusat,DKI Jakarta,Kemayoran,"The Mansion Kemayoran, Kemayoran, Jakarta Pusat",Apartemen,5000000.0,71428.57142857143,yearly,2,1,2 Bedroom,70.0,6.471998976010265,5.272616443868521,Stasiun KRL Manggarai,Tier 1: Core Urban Center (<7km),0,1,0,0,0,0,0,0,0,0,0,0,-6.16282185,106.8558983,listing,0,https://picture.rumah123.com/r123-images/360x210-crop/customer/600318/c3ff9d23c5b83c5ff7893e816c8ecfbf.jpg,Info Lebih Lanjut Hubungi : TARY 0815928xxxx  DISEWAKAN Apartment Minimalis  di Pusat Kota (Kemayoran)  Type 2 bed luas 70 mtr View Lapangan Golf &...,6383809.0,-1383809.0,-0.2443,21.7,-0.75,Good Deal (Undervalued),Disewakan Apartment Type 2 Bed Semi Furnished Bagus Fasilitas Lengkap Dipusat Kota Kemayoran Jakarta Pusat Dekat Pintu Tol Ancol,,unresolved
LST-00087,Anandamaya Residence • 2BR Furnished (148 m²),https://www.rumah123.com/properti/jakarta-pusat-karet-tengsin/for-rent-2-bedroom-anandamaya-apartment-apr7804264/,Jakarta Pusat,DKI Jakarta,Karet Tengsin,"Anandamaya Residences, Karet Tengsin, Jakarta Pusat",Apartemen,50416666.66666666,340653.15315315314,yearly,2,2,2 Bedroom,148.0,0.588674899181817,0.6147524384164251,Stasiun MRT Dukuh Atas,Tier 1: Core Urban Center (<7km),0,0,0,0,0,0,0,0,0,0,0,0,-6.20602,106.824532,listing,0,https://picture.rumah123.com/r123-images/360x210-crop/customer/1798969/0e6ef23aed546a3c28aee9ce6f581101.jpg,"For rent  Anandamaya residences 2 Bedrooms  2 bathroom Luas 148m2 Rental fee  USD 2,800 / month / excld tax",40834553.0,9582113.666666657,0.2108,-23.5,0.65,Fair Market Price,For Rent 2 Bedroom Anandamaya Apartment,Anandamaya Residence,exact
LST-00088,Kempinski Private Residences • 2BR Full Furnished (125 m²),https://www.rumah123.com/properti/jakarta-pusat-thamrin/apartemen-kempinski-residence-2br-full-furnished-bagus-strata-apr7803728/,Jakarta Pusat,DKI Jakarta,Thamrin,"Kempinski Private Residences Grand Indonesia, Thamrin, Jakarta Pusat",Apartemen,40000000.0,320000.0,monthly,2,2,2 Bedroom,125.0,2.3505982758735384,1.3410782779419732,Stasiun KRL Tanah Abang,Tier 1: Core Urban Center (<7km),1,0,0,0,0,0,0,0,0,0,0,0,-6.1878577,106.8228972,listing,0,https://picture.rumah123.com/r123-images/360x210-crop/customer/4425650/4f0e7508273c0533145deddcca6fda91.jpg,"Apartemen 19 lantai di Thamrin, Jakarta Pusat.  For rent di wilayah yang tenang. Dengan rinciannya adalah sebagai berikut:   - Kamar Tidur: 2   - K...",28491444.0,11508556.0,0.3393,-40.4,1.04,Premium / High Price,"Apartemen Kempinski Residence 2Br Full Furnished, Bagus, Strata",Kempinski Private Residences,fuzzy
LST-00089,Sudirman Hill • 1BR Furnished (50 m²),https://www.rumah123.com/properti/jakarta-pusat-tanah-abang/disewakan-apartemen-sudirman-hill-1-br-central-jakarta-apr7826470/,Jakarta Pusat,DKI Jakarta,Tanah Abang,"Sudirman Hill Residences, Tanah Abang, Jakarta Pusat",Apartemen,14000000.0,280000.0,monthly,1,1,Studio / 1BR,50.0,4.461562907717622,2.708660529079164,Stasiun KRL Manggarai,Tier 1: Core Urban Center (<7km),0,0,0,0,0,0,0,0,0,0,0,0,-6.1857,106.853,listing,0,https://picture.rumah123.com/r123-images/360x210-crop/customer/4488855/2637e844bcd29cf8c26ed5bd356039c7.jpg,"Has Strategic Location in Central Jakarta. Located in the Ring 1 CBD area of Jakarta so you can easily access to SCBD, Gatot Subroto area (Less tha...",8153138.0,5846862.0,0.5407,-71.7,1.66,Overpriced / Luxury Tag,Disewakan Apartemen Sudirman Hill 1 Br - Central Jakarta,Sudirman Hill,fuzzy
LST-00090,57 Promenade • 1BR Full Furnished (55 m²),https://www.rumah123.com/properti/jakarta-pusat-tanah-abang/sewa-fifty-seven-promenade-1br-fully-furnished-apr3272870/,Jakarta Pusat,DKI Jakarta,Tanah Abang,"57 Promenade Thamrin, Tanah Abang, Jakarta Pusat",Apartemen,18000000.0,327272.7272727273,monthly,1,1,Studio / 1BR,55.0,0.8597326438413523,0.6211905193761527,Stasiun MRT Dukuh Atas,Tier 1: Core Urban Center (<7km),1,0,0,0,0,0,0,0,0,0,0,0,-6.20161,106.81714,listing,0,https://picture.rumah123.com/r123-images/360x210-crop/customer/1936435/2024-04-22-13-47-13-b2df7467-24d9-48dc-82ea-c4348c881ddf.jpg,Sewa Fifty Seven Promenade 1br Fully Furnished,13691257.0,4308743.0,0.2736,-31.5,0.84,Premium / High Price,Sewa Fifty Seven Promenade 1Br Fully Furnished,57 Promenade,exact
LST-00091,57 Promenade • 3BR Furnished (182 m²),https://www.rumah123.com/properti/jakarta-pusat-tanah-abang/for-rent-57-promenade-at-thamrin-gi-3-bedrooms-furnished-apr7739511/,Jakarta Pusat,DKI Jakarta,Tanah Abang,"57 Promenade Thamrin, Tanah Abang, Jakarta Pusat",Apartemen,55000000.0,302197.8021978022,monthly,3,2,3 Bedroom,182.0,1.2028961836092442,0.5022799313538387,Stasiun MRT Dukuh Atas,Tier 1: Core Urban Center (<7km),0,0,0,0,0,0,0,0,0,0,0,0,-6.198017469006643,106.81912072332544,listing,0,https://picture.rumah123.com/r123-images/360x210-crop/customer/59740/listing/apr7739511/enhanced/c24b2e09-e287-4b4e-83e9-a8d3fbe74451.png,For Rent  57 Promenade Sky Tower  182 sqm 3 bedrooms 2 bathrooms maid room  Price $3000 per month for minimum 1 year rental and payment in advance,53344336.0,1655664.0,0.0306,-3.1,0.09,Fair Market Price,For Rent 57 Promenade At Thamrin Gi- 3 Bedrooms - Furnished,57 Promenade,exact
LST-00092,57 Promenade • 1BR Full Furnished (55 m²),https://www.rumah123.com/properti/jakarta-pusat-tanah-abang/disewakan-murah-apartemen-57-promenade-1br-furnished-apr7815920/,Jakarta Pusat,DKI Jakarta,Kemayoran,"57 Promenade Thamrin, Kemayoran, Jakarta Pusat",Apartemen,15000000.0,272727.2727272727,monthly,1,1,Studio / 1BR,55.0,1.2387002959524325,1.571780108598274,Stasiun MRT Dukuh Atas,Tier 1: Core Urban Center (<7km),1,0,0,0,0,0,0,0,0,0,0,0,-6.20551047,106.8092941,listing,0,https://picture.rumah123.com/r123-images/360x210-crop/customer/4501667/f7d614b36f7083ab1064d6a0b85eb2ea.jpg,"Disewakan Murah Apartment 57 Promenade 1BR Furnished - FSPB006  Disewakan unit 1BR Fully Furnished di 57 Promenade, Jakarta Pusat.  Detail Unit...",13307480.0,1692520.0,0.1197,-12.7,0.37,Fair Market Price,Disewakan Murah Apartemen 57 Promenade 1Br Furnished,57 Promenade,exact
LST-00093,57 Promenade • 1BR Full Furnished (55 m²),https://www.rumah123.com/properti/jakarta-pusat-tanah-abang/disewakan-apartemen-57-promenade-1br-furnished-apr7815797/,Jakarta Pusat,DKI Jakarta,Thamrin,"57 Promenade Thamrin, Thamrin, Jakarta Pusat",Apartemen,15000000.0,272727.2727272727,monthly,1,1,Studio / 1BR,55.0,1.2387002959524325,1.571780108598274,Stasiun MRT Dukuh Atas,Tier 1: Core Urban Center (<7km),1,0,0,0,0,0,0,0,0,0,0,0,-6.20551047,106.8092941,listing,0,https://picture.rumah123.com/r123-images/360x210-crop/customer/4501667/ebc3092daa12334d0458deb576a5cbb4.jpg,"Disewakan Murah Apartment 57 Promenade 1BR Furnished - Fspb037  Disewakan unit 1BR Fully Furnished di 57 Promenade, Jakarta Pusat.  Detail Unit...",13521828.0,1478172.0,0.1037,-10.9,0.32,Fair Market Price,Disewakan Apartemen 57 Promenade 1Br Furnished,57 Promenade,exact
LST-00094,Unresolved • Kemayoran Private Lift • 4BR+ Full Furnished (192 m²),https://www.rumah123.com/properti/jakarta-pusat-kemayoran/apartemen-strata-di-kemayoran-apr7832412/,Jakarta Pusat,DKI Jakarta,Kemayoran,"The Mansion Kemayoran, Kemayoran, Jakarta Pusat",Apartemen,19583333.33333333,101996.52777777777,yearly,4,3,4+ Bedroom,192.0,6.471998976010265,5.272616443868521,Stasiun KRL Manggarai,Tier 1: Core Urban Center (<7km),1,0,0,0,0,0,0,0,0,0,0,0,-6.16282185,106.8558983,listing,0,https://picture.rumah123.com/r123-images/360x210-crop/customer/600318/405b45bfa5f1324cba5cdece7c672655.jpg,Info Lebih Lanjut Hubungi : TARY 0815928xxxx  DISEWAKAN Apartment PREMIUM PRIVATE LIFT di Pusat Kota (Kemayoran)  Type 3+1 bed luas 192 mtr View La...,20092875.0,-509541.6666666716,-0.0257,2.5,-0.08,Fair Market Price,Disewakan Apartment Type 3+1 Bed Fully Furnished Private Lift Fasilitas Lengkap Dipusat Kota Kemayoran Jakarta Pusat Dekat Pintu Tol Ancol,,unresolved
LST-00095,The Stature Residences • 3BR Furnished (173 m²),https://www.rumah123.com/properti/jakarta-pusat-menteng/aptthe-stature-residences-apr7846223/,Jakarta Pusat,DKI Jakarta,Menteng,"The Stature Residences, Menteng, Jakarta Pusat",Apartemen,58500000.0,338150.28901734104,monthly,3,3,3 Bedroom,173.0,2.215387522692101,1.487291158622338,Stasiun MRT Dukuh Atas,Tier 1: Core Urban Center (<7km),0,0,0,0,0,0,0,0,0,0,0,0,-6.1957828,106.8351718,listing,0,https://picture.rumah123.com/r123-images/360x210-crop/customer/635268/5672a1ae32c94e574bb915f2153f7a23.jpg,"Apartemen di Menteng.  Temukan apartemen 20 lantai yang asri ini,  disewakan menghadirkan lingkungan fasilitas yang lengkap, cocok untuk Anda yang ...",52595143.0,5904857.0,0.1064,-11.2,0.33,Fair Market Price,Apt.the Stature Residences,The Stature Residences,exact
LST-00096,Citylofts Sudirman • 1BR Full Furnished (50 m²),https://www.rumah123.com/properti/jakarta-pusat-tanah-abang/sewa-apartemen-citylofts-sudirman-lt-17-siap-huni-dekat-mrt-astra-sudirman-tanah-abang-kuningan-dan-tebet-apr7816271/,Jakarta Pusat,DKI Jakarta,Tanah Abang,"Citylofts Sudirman, Tanah Abang, Jakarta Pusat",Apartemen,15000000.0,300000.0,monthly,1,1,Studio / 1BR,50.0,1.2387002959524325,1.571780108598274,Stasiun MRT Dukuh Atas,Tier 1: Core Urban Center (<7km),1,0,0,0,0,0,0,0,1,0,0,0,-6.20551047,106.8092941,listing,0,https://picture.rumah123.com/r123-images/360x210-crop/customer/1201631/efa936a38bd6de4960fc4c88b310422b.jpg,Disewa Apartemen Citylofts Sudirman Fully Furnished  Luas : 86 m2 Kamar Tidur : 1 Kamar Mandi : 1 Lantai : 17 Tower : Single Tower Kondisi : Fully ...,9943414.0,5056586.0,0.4111,-50.9,1.26,Premium / High Price,"Sewa Apartemen Citylofts Sudirman LT 17 Siap Huni Dekat MRT Astra, Sudirman, Tanah Abang, Kuningan dan Tebet",Citylofts Sudirman,fuzzy
LST-00097,57 Promenade • 1BR Furnished (55 m²),https://www.rumah123.com/properti/jakarta-pusat-thamrin/for-rent-apartment-57-promenade-thamrin-central-jakarta-apr7706654/,Jakarta Pusat,DKI Jakarta,Thamrin,"57 Promenade Thamrin, Thamrin, Jakarta Pusat",Apartemen,21000000.0,381818.1818181818,monthly,1,1,Studio / 1BR,55.0,2.350592348397248,1.341279944771843,Stasiun KRL Tanah Abang,Tier 1: Core Urban Center (<7km),0,0,0,0,0,0,0,0,0,0,0,0,-6.187858,106.822899,listing,0,https://picture.rumah123.com/r123-images/360x210-crop/customer/1263009/listing/apr7706654/enhanced/56b84f556b041add111f6a48b43b3e94.jpg,"For Rent Apartment 57 Promenade @ Thamrin, Central Jakarta  Comfortable and modern 1-bedroom apartment in one of Jakarta's most prestigious residen...",12560230.0,8439770.0,0.514,-67.2,1.57,Overpriced / Luxury Tag,"For Rent Apartment 57 Promenade @Thamrin, Central Jakarta",57 Promenade,exact
LST-00098,Unresolved • Kemayoran • 3BR Full Furnished (85 m²),https://www.rumah123.com/properti/jakarta-pusat-kemayoran/disewakan-apartment-type-3-bed-fully-furnished-fasilitas-lengkap-dipusat-kota-kemayoran-dekat-pintu-tol-ancol-apr7832860/,Jakarta Pusat,DKI Jakarta,Kemayoran,"The Mansion Kemayoran, Kemayoran, Jakarta Pusat",Apartemen,7500000.0,88235.29411764706,yearly,3,2,3 Bedroom,85.0,6.471998976010265,5.272616443868521,Stasiun KRL Manggarai,Tier 1: Core Urban Center (<7km),1,0,0,0,0,0,0,0,0,0,0,0,-6.16282185,106.8558983,listing,0,https://picture.rumah123.com/r123-images/360x210-crop/customer/600318/1d80f74a35ad4ae7d41dff7d464b3922.jpg,Info Lebih Lanjut Hubungi : TARY 0815928xxxx  DISEWAKAN Apartment Minimalis  di Pusat Kota (Kemayoran)  Type 3 bed luas 85 mtr View Lapangan Golf &...,9229759.0,-1729759.0,-0.2075,18.7,-0.64,Fair Market Price,Disewakan Apartment Type 3 Bed Fully Furnished Fasilitas Lengkap Dipusat Kota Kemayoran Dekat Pintu Tol Ancol,,unresolved
LST-00099,The Stature Residences • 2BR Full Furnished (146 m²),https://www.rumah123.com/properti/jakarta-pusat-menteng/apartemen-mewah-the-stature-lantai-tinggi-harga-nego-apr7810105/,Jakarta Pusat,DKI Jakarta,Menteng,"The Stature Residences, Menteng, Jakarta Pusat",Apartemen,45000000.0,308219.1780821918,monthly,2,2,2 Bedroom,146.0,2.215387522692101,1.487291158622338,Stasiun MRT Dukuh Atas,Tier 1: Core Urban Center (<7km),1,0,0,0,0,0,0,0,0,0,0,0,-6.1957828,106.8351718,listing,0,https://picture.rumah123.com/r123-images/360x210-crop/customer/793420/f00d58774aa65a747e5bfab8c0bd655d.jpg,"Disewakan unit apartemen di The Stature Residences, Jakarta Pusat   Size: 146 sqm  2 Bedroom  2 Bathroom  Maid Room + Toilet  Fully Furnished...",42480703.0,2519297.0,0.0576,-5.9,0.18,Fair Market Price,"Apartemen Mewah The Stature, Lantai Tinggi, Harga Nego",The Stature Residences,exact
LST-00100,Royale Springhill • 1BR Full Furnished (196 m²),https://www.rumah123.com/properti/jakarta-pusat-kemayoran/disewakan-apartemen-royale-springhill-kemayoran-31br-luas-196m2-vr802-apr7793048/,Jakarta Pusat,DKI Jakarta,Kemayoran,"Royale Springhill Residence, Kemayoran, Jakarta Pusat",Apartemen,19583333.33333333,99914.96598639456,yearly,3,2,3 Bedroom,196.0,7.725349408675122,6.244184127609985,Stasiun KRL Tanah Abang,Tier 2: Inner Ring Metro (7-15km),1,0,0,0,0,0,0,0,0,0,0,0,-6.147188846432599,106.85229587610814,listing,0,https://picture.rumah123.com/r123-images/360x210-crop/customer/59175/4d194475c760324c708512d387d2826c.jpg,Disewakan Apartemen Royale Springhill Kemayoran  Luas 196 m2 3+1 Kamar Tidur 2+1 Kamar Mandi Lantai Tinggi Fully Furnished Private Lift City & Golf...,15767560.0,3815773.333333328,0.2167,-24.2,0.66,Fair Market Price,Disewakan Apartemen Royale Springhill Kemayoran 3+1Br Luas 196M2 #Vr802,Royale Springhill,exact
LST-00101,The Mansion Kemayoran Tower Bellavista • 1BR Furnished (49 m²),https://www.rumah123.com/properti/jakarta-pusat-kemayoran/the-mansion-jasmine-tower-bellavista-lantai-sedang-siap-huni-apr7816799/,Jakarta Pusat,DKI Jakarta,Kemayoran,"The Mansion Kemayoran, Kemayoran, Jakarta Pusat",Apartemen,5000000.0,102040.8163265306,yearly,1,1,Studio / 1BR,49.0,7.841065639675745,6.362298510115704,Stasiun KRL Tanah Abang,Tier 2: Inner Ring Metro (7-15km),0,0,0,0,0,0,0,0,0,0,0,0,-6.1463791,106.852997,listing,0,https://picture.rumah123.com/r123-images/360x210-crop/customer/679926/ec644523ee1d1c84c350d6a4f9ef25e0.jpg,"Apartemen 22 lantai di Kemayoran, Jakarta Pusat.  For rent di wilayah yang asri. Dengan spesifikasinya adalah sebagai berikut:   - Kamar Tidur: 1  ...",5376811.0,-376811.0,-0.0727,7.0,-0.22,Fair Market Price,The Mansion Jasmine Tower Bellavista Lantai Sedang Siap Huni,The Mansion Kemayoran,exact
LST-00102,The Mansion Kemayoran Tower Bellavista • 2BR Furnished (62 m²),https://www.rumah123.com/properti/jakarta-pusat-kemayoran/the-mansion-jasmine-kemayoran-tower-bellavista-apr7791902/,Jakarta Pusat,DKI Jakarta,Kemayoran,"The Mansion Kemayoran, Kemayoran, Jakarta Pusat",Apartemen,5666666.666666667,91397.8494623656,yearly,2,1,2 Bedroom,62.0,7.910345630001633,6.455765608244785,Stasiun KRL Tanah Abang,Tier 2: Inner Ring Metro (7-15km),0,0,0,0,0,0,0,0,0,0,0,0,-6.146191,106.853975,listing,0,https://picture.rumah123.com/r123-images/360x210-crop/customer/679926/bcc436e50313bfd35088195d19778061.jpg,The mansion Jasmine Tower Bellavista Lantai 20 an Siap huni,5508913.0,157753.66666666698,0.0282,-2.9,0.09,Fair Market Price,The Mansion Jasmine Kemayoran Tower Bellavista,The Mansion Kemayoran,exact
LST-00103,Royale Springhill • 3BR Furnished (178 m²),https://www.rumah123.com/properti/jakarta-pusat-kemayoran/apartment-royale-springhills-siap-huni-apr7560403/,Jakarta Pusat,DKI Jakarta,Kemayoran,"Royale Springhill Residence, Kemayoran, Jakarta Pusat",Apartemen,12916666.666666666,72565.54307116104,yearly,3,2,3 Bedroom,178.0,7.604933156341509,6.091216280519502,Stasiun KRL Tanah Abang,Tier 2: Inner Ring Metro (7-15km),0,0,0,0,0,0,0,0,0,0,0,0,-6.14767,106.85085,listing,0,https://picture.rumah123.com/r123-images/360x210-crop/customer/679926/38e39622abc4f15db4df20342f575210.jpg,"Kesempatan terbatas buat Anda dapatkan apartemen nyaman dengan return investasi tinggi di Kemayoran, Jakarta Pusat.  Apartemen ini menawarkan kelen...",18097183.0,-5180516.333333334,-0.3372,28.6,-1.03,Good Deal (Undervalued),Apartment Royale Springhills Siap Huni,Royale Springhill,fuzzy
LST-00104,The Mansion Kemayoran Tower Bellavista • 2BR Furnished (74 m²),https://www.rumah123.com/properti/jakarta-pusat-kemayoran/the-mansion-jasmine-kemayoran-tower-bellavista-lantai-belasan-apr7806121/,Jakarta Pusat,DKI Jakarta,Kemayoran,"The Mansion Kemayoran, Kemayoran, Jakarta Pusat",Apartemen,6666666.666666667,90090.09009009007,yearly,2,1,2 Bedroom,74.0,7.728462049354382,6.343541833726639,Stasiun KRL Tanah Abang,Tier 2: Inner Ring Metro (7-15km),0,0,0,0,0,0,0,0,0,0,0,0,-6.1484,106.85459,listing,0,https://picture.rumah123.com/r123-images/360x210-crop/customer/679926/00ff12053851337a167f10fc4b2a2f13.jpg,"Kesempatan terbatas buat Anda dapatkan apartemen nyaman dengan return investasi tinggi di Kemayoran, Jakarta Pusat.  Apartemen ini menawarkan lokas...",6541990.0,124676.66666666698,0.0189,-1.9,0.06,Fair Market Price,The Mansion Jasmine Kemayoran Tower Bellavista Lantai Belasan,The Mansion Kemayoran,exact
LST-00105,The Mansion Kemayoran Tower Bellavista • 2BR Furnished (73 m²),https://www.rumah123.com/properti/jakarta-pusat-kemayoran/the-mansion-jasmine-tower-bellavista-unit-dengan-big-balcony-apr7846689/,Jakarta Pusat,DKI Jakarta,Kemayoran,"The Mansion Kemayoran, Kemayoran, Jakarta Pusat",Apartemen,4916666.666666667,67351.59817351599,yearly,2,1,2 Bedroom,73.0,6.471998976010265,5.272616443868521,Stasiun KRL Manggarai,Tier 1: Core Urban Center (<7km),0,0,0,0,0,0,0,0,0,1,0,0,-6.16282185,106.8558983,listing,0,https://picture.rumah123.com/r123-images/360x210-crop/customer/679926/01b590552ef7bb610a89f08899b15cbc.jpg,"Kesempatan terbatas buat Anda dapatkan apartemen nyaman dengan return investasi tinggi di Kemayoran, Jakarta Pusat.  Apartemen ini menawarkan lokas...",7187845.0,-2271178.333333333,-0.3798,31.6,-1.16,Good Deal (Undervalued),The Mansion Jasmine Tower Bellavista Unit dengan Big Balcony,The Mansion Kemayoran,exact
LST-00106,The Mansion Kemayoran Tower Dorada • 2BR Furnished (76 m²),https://www.rumah123.com/properti/jakarta-pusat-kemayoran/the-mansion-jasmine-tower-dorada-lantai-atas-apr7846692/,Jakarta Pusat,DKI Jakarta,Kemayoran,"The Mansion Kemayoran, Kemayoran, Jakarta Pusat",Apartemen,6666666.666666667,87719.29824561405,yearly,2,1,2 Bedroom,76.0,7.841065639675745,6.362298510115704,Stasiun KRL Tanah Abang,Tier 2: Inner Ring Metro (7-15km),0,0,0,0,0,0,0,0,0,0,0,0,-6.1463791,106.852997,listing,0,https://picture.rumah123.com/r123-images/360x210-crop/customer/679926/8372f00c2ccaeca438a9aba3cb59b182.jpg,Disewakan Apartment The Mansion Jasmine Kemayoran   Siap Huni,7641773.0,-975106.333333333,-0.1365,12.8,-0.42,Fair Market Price,The Mansion Jasmine Tower Dorada Lantai Atas,The Mansion Kemayoran,exact
LST-00107,The Mansion Kemayoran • 2BR Furnished (62 m²),https://www.rumah123.com/properti/jakarta-pusat-kemayoran/the-mansion-jasmine-toawer-aurora-lantai-bawah-siap-huni-apr7849032/,Jakarta Pusat,DKI Jakarta,Kemayoran,"The Mansion Kemayoran, Kemayoran, Jakarta Pusat",Apartemen,5416666.666666667,87365.59139784946,yearly,2,1,2 Bedroom,62.0,7.861042065418647,6.391791002366634,Stasiun KRL Tanah Abang,Tier 2: Inner Ring Metro (7-15km),0,0,0,0,0,0,0,0,0,0,0,0,-6.146356338710206,106.85334056010242,listing,0,https://picture.rumah123.com/r123-images/360x210-crop/customer/679926/e51ad39c25e053a93e999895859d001d.jpg,"Kesempatan terbatas buat Anda dapatkan apartemen nyaman dengan return investasi tinggi di Kemayoran, Jakarta Pusat.  Apartemen ini menawarkan kelen...",5758900.0,-342233.333333333,-0.0613,5.9,-0.19,Fair Market Price,The Mansion Jasmine Toawer Aurora Lantai Bawah Siap Huni,The Mansion Kemayoran,exact
LST-00108,Citylofts Sudirman • 1BR Furnished (85 m²),https://www.rumah123.com/properti/jakarta-pusat-karet-tengsin/disewa-citylofts-sudirman-type-loft-furnished-apr7838492/,Jakarta Pusat,DKI Jakarta,Tanah Abang,"Citylofts Sudirman, Tanah Abang, Jakarta Pusat",Apartemen,14000000.0,164705.88235294115,monthly,1,1,Studio / 1BR,85.0,0.2172720937342267,1.069383404291995,Stasiun MRT Dukuh Atas,Tier 1: Core Urban Center (<7km),0,0,0,0,0,0,0,0,0,0,0,0,-6.209254061,106.8180883,listing,0,https://picture.rumah123.com/r123-images/360x210-crop/customer/2070001/662a43d8183c7f1c14776ae0506afceb.jpg,"Disewa Citylofts Sudirman   High Floor Type Loft 1 Bathroom  1 Living Room Furnished",14340812.0,-340812.0,-0.0241,2.4,-0.07,Fair Market Price,Disewa Citylofts Sudirman Type Loft Furnished,Citylofts Sudirman,fuzzy
LST-00109,Unresolved • Menteng • 2BR Furnished (64 m²),https://www.rumah123.com/properti/jakarta-pusat-menteng/disewakan-apartemen-menteng-park-type-2-badroom-apr7669401/,Jakarta Pusat,DKI Jakarta,Menteng,"Menteng Park Apartment, Menteng, Jakarta Pusat",Apartemen,14000000.0,218750.0,monthly,2,1,2 Bedroom,64.0,2.215387522692101,1.487291158622338,Stasiun MRT Dukuh Atas,Tier 1: Core Urban Center (<7km),0,0,0,0,0,0,0,0,0,0,0,0,-6.1957828,106.8351718,listing,0,https://picture.rumah123.com/r123-images/360x210-crop/customer/1754747/listing/apr7669401/enhanced/74fe4317f5ae93d85a2a1094c7690911.jpg,"Menteng Park adalah proyek hunian dan komersial dari Agung Sedayu Group yang berkonsep one-stop living, terletak di lokasi strategis Menteng, Jaka...",13302913.0,697087.0,0.0511,-5.2,0.16,Fair Market Price,Disewakan Apartemen Menteng Park Type 2 Badroom,,unresolved
LST-00110,Royale Springhill • 3BR Furnished (192 m²),https://www.rumah123.com/properti/jakarta-pusat-kemayoran/disewakan-apartemen-royale-springhill-kemayoran-3-bedroom-furnished-apr1604190/,Jakarta Pusat,DKI Jakarta,Kemayoran,"Royale Springhill Residence, Kemayoran, Jakarta Pusat",Apartemen,20833333.33333333,108506.94444444444,yearly,3,2,3 Bedroom,192.0,6.179259298485968,4.89842130885657,Stasiun KRL Tanah Abang,Tier 1: Core Urban Center (<7km),0,0,0,0,0,0,0,0,0,0,0,0,-6.1603519,106.84738,listing,0,https://picture.rumah123.com/r123-images/360x210-crop/customer/62713/e6dcad926ddd8261a0eaab113981e409.jpg,Disewakan Apartemen Royale Springhill 3 BR Kemayoran furnished bagus sekali. sewa minimal 2 tahun sekaligus .,20566617.0,266716.3333333284,0.0129,-1.3,0.04,Fair Market Price,Disewakan Apartemen Royale Springhill Kemayoran 3 Bedroom Furnished,Royale Springhill,exact
LST-00111,Unresolved • Menteng • 2BR Furnished (60 m²),https://www.rumah123.com/properti/jakarta-pusat-menteng/disewakan-apartemen-menteng-park-type-2-badroom-apr7675702/,Jakarta Pusat,DKI Jakarta,Menteng,"Menteng Park Apartment, Menteng, Jakarta Pusat",Apartemen,13000000.0,216666.66666666663,monthly,2,2,2 Bedroom,60.0,2.215387522692101,1.487291158622338,Stasiun MRT Dukuh Atas,Tier 1: Core Urban Center (<7km),0,0,0,0,0,0,0,0,0,0,0,0,-6.1957828,106.8351718,listing,0,https://picture.rumah123.com/r123-images/360x210-crop/customer/1754747/listing/apr7675702/enhanced/504a2e634ed2ff8a7417b2566a00a6ac.jpg,"Menteng Park adalah proyek hunian dan komersial dari Agung Sedayu Group yang berkonsep one-stop living, terletak di lokasi strategis Menteng, Jaka...",13301429.0,-301429.0,-0.0229,2.3,-0.07,Fair Market Price,Disewakan Apartemen Menteng Park Type 2 Badroom,,unresolved
LST-00112,The Mansion Kemayoran • 2BR Furnished (70 m²),https://www.rumah123.com/properti/jakarta-pusat-kemayoran/disewakan-apartementhe-mansion-kemayoran-apr7662124/,Jakarta Pusat,DKI Jakarta,Kemayoran,"The Mansion Kemayoran, Kemayoran, Jakarta Pusat",Apartemen,7083333.333333333,101190.47619047618,yearly,2,1,2 Bedroom,70.0,6.471998976010265,5.272616443868521,Stasiun KRL Manggarai,Tier 1: Core Urban Center (<7km),0,0,0,0,0,0,0,0,0,0,0,0,-6.16282185,106.8558983,listing,0,https://picture.rumah123.com/r123-images/360x210-crop/customer/1754747/898024186c3fe97861e8ea8e18e0e9a0.jpg,*Apartement The Mansion Dukuh Golf dan Bougenvile Kemayoran*  Kawasan Apartment Karya Agung Sedayu Group yang berada jakarta Pusat.   Fasilitas: Fo...,6510447.0,572886.333333333,0.0843,-8.8,0.26,Fair Market Price,Disewakan Apartementhe Mansion Kemayoran,The Mansion Kemayoran,exact
LST-00113,Capitol Park Residence • 2BR Furnished (46 m²),https://www.rumah123.com/properti/jakarta-pusat-salemba/disewakan-apartemen-capitol-park-residence-apr7667673/,Jakarta Pusat,DKI Jakarta,Salemba,"Capitol Park Residence, Salemba, Jakarta Pusat",Apartemen,11000000.0,239130.4347826087,monthly,2,1,2 Bedroom,46.0,3.7085463575843023,1.648438502114544,Stasiun KRL Manggarai,Tier 1: Core Urban Center (<7km),0,0,0,0,0,0,0,0,0,0,0,0,-6.19508,106.850578,listing,0,https://picture.rumah123.com/r123-images/360x210-crop/customer/1754747/listing/apr7667673/enhanced/261ff6652dbe36b5669665747a8b1f7e.jpg,"Capitol Park Residence di Salemba, Jakarta Pusat, adalah hunian vertikal berkonsep green living dan resort yang strategis. Berdiri di lahan 2 ...",6430959.0,4569041.0,0.5368,-71.0,1.64,Overpriced / Luxury Tag,Disewakan Apartemen Capitol Park Residence,Capitol Park Residence,exact
LST-00114,Unresolved • Menteng • 1BR Furnished (28 m²),https://www.rumah123.com/properti/jakarta-pusat-menteng/disewakan-apartemen-menteng-park-type-1-badroom-apr7719491/,Jakarta Pusat,DKI Jakarta,Menteng,"Menteng Park Apartment, Menteng, Jakarta Pusat",Apartemen,6666666.666666667,238095.2380952381,yearly,1,1,Studio / 1BR,28.0,2.215387522692101,1.487291158622338,Stasiun MRT Dukuh Atas,Tier 1: Core Urban Center (<7km),0,0,0,0,0,0,0,0,0,0,0,0,-6.1957828,106.8351718,listing,0,https://picture.rumah123.com/r123-images/360x210-crop/customer/1754747/listing/apr7719491/enhanced/87d5e6ac40e26074293ade5ed0e842f8.jpg,"Menteng Park adalah proyek hunian dan komersial dari Agung Sedayu Group yang berkonsep one-stop living, terletak di lokasi strategis Menteng, Jaka...",6884473.0,-217806.33333333305,-0.0321,3.2,-0.1,Fair Market Price,Disewakan Apartemen Menteng Park Type 1 Badroom,,unresolved
LST-00115,Unresolved • Menteng • 3BR Furnished (88 m²),https://www.rumah123.com/properti/jakarta-pusat-menteng/disewakan-apartemen-menteng-park-type-3-badroom-apr7748259/,Jakarta Pusat,DKI Jakarta,Menteng,"Menteng Park Apartment, Menteng, Jakarta Pusat",Apartemen,16000000.0,181818.18181818185,monthly,3,2,3 Bedroom,88.0,2.215387522692101,1.487291158622338,Stasiun MRT Dukuh Atas,Tier 1: Core Urban Center (<7km),0,0,0,0,0,0,0,0,0,0,0,0,-6.1957828,106.8351718,listing,0,https://picture.rumah123.com/r123-images/360x210-crop/customer/1754747/listing/apr7748259/enhanced/9adeb9fbc2005edbd5d53be56f6b4892.jpg,"Menteng Park adalah proyek hunian dan komersial dari Agung Sedayu Group yang berkonsep one-stop living, terletak di lokasi strategis Menteng, Jaka...",14080349.0,1919651.0,0.1278,-13.6,0.39,Fair Market Price,Disewakan Apartemen Menteng Park Type 3 Badroom,,unresolved
LST-00116,Unresolved • Menteng • Studio Furnished (33 m²),https://www.rumah123.com/properti/jakarta-pusat-menteng/disewakan-apartemen-menteng-park-type-studio-apr7759660/,Jakarta Pusat,DKI Jakarta,Menteng,"Menteng Park Apartment, Menteng, Jakarta Pusat",Apartemen,7500000.0,227272.7272727273,monthly,0,1,Studio / 1BR,33.0,2.215387522692101,1.487291158622338,Stasiun MRT Dukuh Atas,Tier 1: Core Urban Center (<7km),0,0,0,0,0,0,0,0,0,0,0,0,-6.1957828,106.8351718,listing,0,https://picture.rumah123.com/r123-images/360x210-crop/customer/1754747/listing/apr7759660/enhanced/70f87f7850c0494f5039ab462b037c59.jpg,"Menteng Park adalah proyek hunian dan komersial dari Agung Sedayu Group yang berkonsep one-stop living, terletak di lokasi strategis Menteng, Jaka...",7313779.0,186221.0,0.0251,-2.5,0.08,Fair Market Price,Disewakan Apartemen Menteng Park Type Studio,,unresolved
LST-00117,Cosmo Mansion Tower Cosmo • 2BR Furnished (60 m²),https://www.rumah123.com/properti/jakarta-pusat-kebon-melati/disewakan-apartemen-cosmo-terrace-type-2-badroom-apr7748484/,Jakarta Pusat,DKI Jakarta,Kebon Melati,"Cosmo Terrace, Kebon Melati, Jakarta Pusat",Apartemen,11000000.0,183333.3333333333,monthly,2,1,2 Bedroom,60.0,1.7826577189537496,0.8500146797386691,Stasiun MRT Dukuh Atas,Tier 1: Core Urban Center (<7km),0,0,0,0,0,0,0,0,0,0,0,0,-6.19403,106.826271,listing,0,https://picture.rumah123.com/r123-images/360x210-crop/customer/1754747/listing/apr7748484/enhanced/7f94669786a217d4d4d2d607b667ae0c.jpg,Cosmo Terrace adalah salah satu menara apartemen yang menjadi bagian dari superblok Thamrin City. Proyek raksasa ini dikembangkan oleh PT Agung Pod...,12845823.0,-1845823.0,-0.1551,14.4,-0.47,Fair Market Price,Disewakan Apartemen Cosmo Terrace Type 2 Badroom,Cosmo Mansion,exact
LST-00118,Unresolved • Menteng • Studio Full Furnished (33 m²),https://www.rumah123.com/properti/jakarta-pusat-menteng/for-rent-apartemen-menteng-park-type-studio-fully-furnished-apr7766506/,Jakarta Pusat,DKI Jakarta,Menteng,"Menteng Park Apartment, Menteng, Jakarta Pusat",Apartemen,8000000.0,242424.24242424243,monthly,1,1,Studio / 1BR,33.0,2.215387522692101,1.487291158622338,Stasiun MRT Dukuh Atas,Tier 1: Core Urban Center (<7km),1,0,0,0,0,0,0,0,0,0,0,0,-6.1957828,106.8351718,listing,0,https://picture.rumah123.com/r123-images/360x210-crop/customer/1933702/82056ca81c58ef444a346ca6e15ee778.jpg,"Apartment Name: Menteng Park Location: Jl. Cikini Raya No.79, RT.2/RW.2, Cikini, Menteng, Central Jakarta City 10330 Tower / Floor / View: Sapphire...",8326254.0,-326254.0,-0.04,3.9,-0.12,Fair Market Price,For Rent Apartemen Menteng Park - Type Studio Fully Furnished,,unresolved
LST-00119,Sudirman Park • 2BR Full Furnished (48 m²),https://www.rumah123.com/properti/jakarta-pusat-tanah-abang/for-rent-apartemen-sudirman-park-2-bedroom-fully-furnished-apr7818963/,Jakarta Pusat,DKI Jakarta,Tanah Abang,"Sudirman Park Apartment, Tanah Abang, Jakarta Pusat",Apartemen,8000000.0,166666.66666666666,monthly,2,1,2 Bedroom,48.0,1.2387002959524325,1.571780108598274,Stasiun MRT Dukuh Atas,Tier 1: Core Urban Center (<7km),1,0,0,0,0,0,0,0,0,0,0,0,-6.20551047,106.8092941,listing,0,https://picture.rumah123.com/r123-images/360x210-crop/customer/1933702/b7935cc60c8a027e9772780657aa152d.jpg,"Apartment Name: Sudirman Park Location: Jl. K.H. Mas Mansyur, RT.12/RW.11, Karet Tengsin, Tanah Abang, Central Jakarta City 10250 Tower / Floor / V...",9560800.0,-1560800.0,-0.1782,16.3,-0.55,Fair Market Price,For Rent Apartemen Sudirman Park - 2 Bedroom Fully Furnished,Sudirman Park,exact
LST-00120,Unresolved • Menteng • Studio Full Furnished (28 m²),https://www.rumah123.com/properti/jakarta-pusat-menteng/for-rent-apartemen-menteng-park-type-studio-fully-furnished-apr7793902/,Jakarta Pusat,DKI Jakarta,Menteng,"Menteng Park Apartment, Menteng, Jakarta Pusat",Apartemen,7000000.0,250000.0,monthly,1,1,Studio / 1BR,28.0,2.215387522692101,1.487291158622338,Stasiun MRT Dukuh Atas,Tier 1: Core Urban Center (<7km),1,0,0,0,0,0,0,0,0,0,0,0,-6.1957828,106.8351718,listing,0,https://picture.rumah123.com/r123-images/360x210-crop/customer/1933702/a8f81462260b51cd36380420d82630ae.jpg,"Apartment Name: Menteng Park Location: Jl. Cikini Raya No.79, RT.2/RW.2, Cikini, Menteng, Central Jakarta City 10330 Tower / Floor / View: Diamond ...",8326737.0,-1326737.0,-0.1736,15.9,-0.53,Fair Market Price,For Rent Apartemen Menteng Park - Type Studio Fully Furnished,,unresolved
LST-00121,Thamrin Residences • 1BR Full Furnished (41 m²),https://www.rumah123.com/properti/jakarta-pusat-tanah-abang/for-rent-apartemen-thamrin-residence-1-bedroom-full-furnished-apr7769826/,Jakarta Pusat,DKI Jakarta,Tanah Abang,"Thamrin Residences, Tanah Abang, Jakarta Pusat",Apartemen,7000000.0,170731.70731707316,monthly,1,1,Studio / 1BR,41.0,1.2387002959524325,1.571780108598274,Stasiun MRT Dukuh Atas,Tier 1: Core Urban Center (<7km),1,0,0,0,0,0,0,0,0,0,0,0,-6.20551047,106.8092941,listing,0,https://picture.rumah123.com/r123-images/360x210-crop/customer/1933702/430747581b49d9f1f79fc8b578883b9a.jpg,"Apartment Name: Thamrin Residence Location: Jl. Kebon Kacang Raya, Kebon Melati, Tanah Abang - Jakarta Pusat 10230 Tower / Floor / View: Chrysant /...",8044327.0,-1044327.0,-0.1391,13.0,-0.43,Fair Market Price,For Rent Apartemen Thamrin Residence - 1 Bedroom Full Furnished,Thamrin Residences,fuzzy
LST-00122,Thamrin Residences • 2BR Full Furnished (65 m²),https://www.rumah123.com/properti/jakarta-pusat-tanah-abang/for-rent-apartemen-thamrin-residence-2-bedroom-full-furnished-apr7827081/,Jakarta Pusat,DKI Jakarta,Tanah Abang,"Thamrin Residences, Tanah Abang, Jakarta Pusat",Apartemen,10000000.0,153846.15384615384,monthly,2,1,2 Bedroom,65.0,1.2387002959524325,1.571780108598274,Stasiun MRT Dukuh Atas,Tier 1: Core Urban Center (<7km),1,0,0,0,0,0,0,0,0,0,0,0,-6.20551047,106.8092941,listing,0,https://picture.rumah123.com/r123-images/360x210-crop/customer/1933702/4aca782e2720225043b5aedef2f227ec.jpg,"Apartment Name: Thamrin Residence Location: Jl. Kebon Kacang Raya, Kebon Melati, Tanah Abang - Jakarta Pusat 10230 Tower / Floor / View: Bougenvill...",12868867.0,-2868867.0,-0.2522,22.3,-0.77,Good Deal (Undervalued),For Rent Apartemen Thamrin Residence - 2 Bedroom Full Furnished,Thamrin Residences,fuzzy
LST-00123,Thamrin Residences • 2BR Full Furnished (65 m²),https://www.rumah123.com/properti/jakarta-pusat-tanah-abang/for-rent-apartemen-thamrin-residence-2-bedroom-full-furnished-apr7817403/,Jakarta Pusat,DKI Jakarta,Tanah Abang,"Thamrin Residences, Tanah Abang, Jakarta Pusat",Apartemen,13000000.0,200000.0,monthly,2,1,2 Bedroom,65.0,1.2387002959524325,1.571780108598274,Stasiun MRT Dukuh Atas,Tier 1: Core Urban Center (<7km),1,0,0,0,0,0,0,0,0,0,0,0,-6.20551047,106.8092941,listing,0,https://picture.rumah123.com/r123-images/360x210-crop/customer/1933702/852bd4348f873e228d80aa7d777a2a4f.jpg,"Apartment Name: Thamrin Residence Location: Jl. Kebon Kacang Raya, Kebon Melati, Tanah Abang - Jakarta Pusat 10230 Tower / Floor / View: Chrysant /...",12024019.0,975981.0,0.078,-8.1,0.24,Fair Market Price,For Rent Apartemen Thamrin Residence - 2 Bedroom Full Furnished,Thamrin Residences,fuzzy
LST-00124,Thamrin Residences • 1BR Full Furnished (41 m²),https://www.rumah123.com/properti/jakarta-pusat-tanah-abang/for-rent-apartemen-thamrin-residence-1-bedroom-full-furnished-apr7796704/,Jakarta Pusat,DKI Jakarta,Tanah Abang,"Thamrin Residences, Tanah Abang, Jakarta Pusat",Apartemen,7500000.0,182926.82926829267,yearly,1,1,Studio / 1BR,41.0,1.2387002959524325,1.571780108598274,Stasiun MRT Dukuh Atas,Tier 1: Core Urban Center (<7km),1,0,0,0,0,0,0,0,0,0,0,0,-6.20551047,106.8092941,listing,0,https://picture.rumah123.com/r123-images/360x210-crop/customer/1933702/ba8b2decf38823b0ad5a77670cd041ff.jpg,"Apartment Name: Thamrin Residence Location: Jl. Kebon Kacang Raya, Kebon Melati, Tanah Abang - Jakarta Pusat 10230 Tower / Floor / View: Bougenvill...",8114011.0,-614011.0,-0.0787,7.6,-0.24,Fair Market Price,For Rent Apartemen Thamrin Residence - 1 Bedroom Full Furnished,Thamrin Residences,fuzzy
LST-00125,Unresolved • Menteng • Studio Full Furnished (28 m²),https://www.rumah123.com/properti/jakarta-pusat-menteng/for-rent-apartemen-menteng-park-type-studio-fully-furnished-apr7812432/,Jakarta Pusat,DKI Jakarta,Menteng,"Menteng Park Apartment, Menteng, Jakarta Pusat",Apartemen,8000000.0,285714.28571428574,monthly,1,1,Studio / 1BR,28.0,2.215387522692101,1.487291158622338,Stasiun MRT Dukuh Atas,Tier 1: Core Urban Center (<7km),1,0,0,0,0,0,0,0,0,0,0,0,-6.1957828,106.8351718,listing,0,https://picture.rumah123.com/r123-images/360x210-crop/customer/1933702/97c86ab7c8180605a5b51f8143056bd9.jpg,"Apartment Name: Menteng Park Location: Jl. Cikini Raya No.79, RT.2/RW.2, Cikini, Menteng, Central Jakarta City 10330 Tower / Floor / View: Diamond ...",8115352.0,-115352.0,-0.0143,1.4,-0.04,Fair Market Price,For Rent Apartemen Menteng Park - Type Studio Fully Furnished,,unresolved
LST-00126,Thamrin Executive • 1BR Full Furnished (42 m²),https://www.rumah123.com/properti/jakarta-pusat-tanah-abang/sewa-apartment-thamrin-executive-1-bedroom-fully-furnished-apr7769825/,Jakarta Pusat,DKI Jakarta,Tanah Abang,"Thamrin Executive Residences, Tanah Abang, Jakarta Pusat",Apartemen,9500000.0,226190.47619047613,monthly,1,1,Studio / 1BR,42.0,1.2387002959524325,1.571780108598274,Stasiun MRT Dukuh Atas,Tier 1: Core Urban Center (<7km),1,0,0,0,0,0,0,0,0,0,0,0,-6.20551047,106.8092941,listing,0,https://picture.rumah123.com/r123-images/360x210-crop/customer/1933702/0aa664a9dbd46640571bd7f0efeae2db.jpg,"Apartment Name: Thamrin Executive Location: Jl. Kebon Kacang Raya,Kebon Melati Tanah Abang Jakarta Pusat 10230 Tower / Floor / View: Middle Floor /...",8638600.0,861400.0,0.0951,-10.0,0.29,Fair Market Price,Sewa Apartment Thamrin Executive - 1 Bedroom Fully Furnished,Thamrin Executive,exact
LST-00127,Unresolved • Menteng • Studio Full Furnished (28 m²),https://www.rumah123.com/properti/jakarta-pusat-menteng/for-rent-apartemen-menteng-park-type-studio-fully-furnished-apr7796710/,Jakarta Pusat,DKI Jakarta,Menteng,"Menteng Park Apartment, Menteng, Jakarta Pusat",Apartemen,8500000.0,303571.4285714286,monthly,1,1,Studio / 1BR,28.0,2.215387522692101,1.487291158622338,Stasiun MRT Dukuh Atas,Tier 1: Core Urban Center (<7km),1,0,0,0,0,0,0,0,0,0,0,0,-6.1957828,106.8351718,listing,0,https://picture.rumah123.com/r123-images/360x210-crop/customer/1933702/f91c7038786212dc3445cdeea70f3436.jpg,"Apartment Name: Menteng Park Location: Jl. Cikini Raya No.79, RT.2/RW.2, Cikini, Menteng, Central Jakarta City 10330 Tower / Floor / View: Diamond ...",8032210.0,467790.0,0.0566,-5.8,0.17,Fair Market Price,For Rent Apartemen Menteng Park - Type Studio Fully Furnished,,unresolved
LST-00128,Unresolved • Menteng • 2BR Full Furnished (72 m²),https://www.rumah123.com/properti/jakarta-pusat-menteng/for-rent-apartemen-menteng-park-type-2-bedroom-fully-furnished-apr7811096/,Jakarta Pusat,DKI Jakarta,Menteng,"Menteng Park Apartment, Menteng, Jakarta Pusat",Apartemen,15416666.666666666,214120.3703703704,yearly,2,2,2 Bedroom,72.0,2.215387522692101,1.487291158622338,Stasiun MRT Dukuh Atas,Tier 1: Core Urban Center (<7km),1,0,0,0,0,0,0,0,0,0,0,0,-6.1957828,106.8351718,listing,0,https://picture.rumah123.com/r123-images/360x210-crop/customer/1933702/3408a1fc1d5176f730e86f94dd60d76c.jpg,"Apartment Name: Menteng Park Location: Jl. Cikini Raya No.79, RT.2/RW.2, Cikini, Menteng, Central Jakarta City 10330 Tower / Floor / View: Diamond ...",13905600.0,1511066.666666666,0.1032,-10.9,0.32,Fair Market Price,For Rent Apartemen Menteng Park - Type 2 Bedroom Fully Furnished,,unresolved
LST-00129,Unresolved • Menteng • Studio Full Furnished (28 m²),https://www.rumah123.com/properti/jakarta-pusat-menteng/for-rent-apartemen-menteng-park-type-studio-fully-furnished-apr7827075/,Jakarta Pusat,DKI Jakarta,Menteng,"Menteng Park Apartment, Menteng, Jakarta Pusat",Apartemen,9500000.0,339285.71428571426,monthly,1,1,Studio / 1BR,28.0,2.215387522692101,1.487291158622338,Stasiun MRT Dukuh Atas,Tier 1: Core Urban Center (<7km),1,0,0,0,0,0,0,0,0,0,0,0,-6.1957828,106.8351718,listing,0,https://picture.rumah123.com/r123-images/360x210-crop/customer/1933702/f54a5ce1cb972cbcaf9a023c4a79b1d7.jpg,"Apartment Name: Menteng Park Location: Jl. Cikini Raya No.79, RT.2/RW.2, Cikini, Menteng, Central Jakarta City 10330 Tower / Floor / View: Diamond ...",7943229.0,1556771.0,0.179,-19.6,0.55,Fair Market Price,For Rent Apartemen Menteng Park - Type Studio Fully Furnished,,unresolved
LST-00130,Cosmo Mansion Tower Cosmo • 2BR Full Furnished (58 m²),https://www.rumah123.com/properti/jakarta-pusat-tanah-abang/sewa-apartemen-cosmo-terrace-type-2-bedroom-fully-furnished-apr7793890/,Jakarta Pusat,DKI Jakarta,Tanah Abang,"Cosmo Terrace, Tanah Abang, Jakarta Pusat",Apartemen,10000000.0,172413.7931034483,monthly,2,1,2 Bedroom,58.0,1.2387002959524325,1.571780108598274,Stasiun MRT Dukuh Atas,Tier 1: Core Urban Center (<7km),1,0,0,0,0,0,0,0,0,0,0,0,-6.20551047,106.8092941,listing,0,https://picture.rumah123.com/r123-images/360x210-crop/customer/1933702/95f3bc06c4b8366072933223928a4e31.jpg,Apartment Name: Cosmo Terrace Thamrin City Location: Thamrin Jakarta Pusat Tower / Floor / View: Middle Floor / City View Size: 58 m2 Bedroom: 2 Ba...,12720415.0,-2720415.0,-0.2406,21.4,-0.74,Fair Market Price,Sewa Apartemen Cosmo Terrace - Type 2 Bedroom Fully Furnished,Cosmo Mansion,exact
LST-00131,Cosmo Mansion Tower Cosmo • 1BR Full Furnished (38 m²),https://www.rumah123.com/properti/jakarta-pusat-tanah-abang/sewa-apartemen-cosmo-terrace-type-1-bedroom-fully-furnished-apr7793914/,Jakarta Pusat,DKI Jakarta,Tanah Abang,"Cosmo Terrace, Tanah Abang, Jakarta Pusat",Apartemen,7000000.0,184210.52631578947,monthly,1,1,Studio / 1BR,38.0,1.2387002959524325,1.571780108598274,Stasiun MRT Dukuh Atas,Tier 1: Core Urban Center (<7km),1,0,0,0,0,0,0,0,0,0,0,0,-6.20551047,106.8092941,listing,0,https://picture.rumah123.com/r123-images/360x210-crop/customer/1933702/ecd138f6f98041538c4dc0a46b3fb0b4.jpg,Apartment Name: Cosmo Terrace Thamrin City Location: Thamrin Jakarta Pusat Tower / Floor / View: High Floor / City View Size: 38 m2 Bedroom: 1 Bath...,7750754.0,-750754.0,-0.1019,9.7,-0.31,Fair Market Price,Sewa Apartemen Cosmo Terrace - Type 1 Bedroom Fully Furnished,Cosmo Mansion,exact
LST-00132,Unresolved • Menteng • Studio Full Furnished (33 m²),https://www.rumah123.com/properti/jakarta-pusat-menteng/for-rent-apartemen-menteng-park-type-studio-fully-furnished-apr7819036/,Jakarta Pusat,DKI Jakarta,Menteng,"Menteng Park Apartment, Menteng, Jakarta Pusat",Apartemen,7500000.0,227272.7272727273,yearly,1,1,Studio / 1BR,33.0,2.215387522692101,1.487291158622338,Stasiun MRT Dukuh Atas,Tier 1: Core Urban Center (<7km),1,0,0,0,0,0,0,0,0,0,0,0,-6.1957828,106.8351718,listing,0,https://picture.rumah123.com/r123-images/360x210-crop/customer/1933702/89ad28c2ce9c438ecb1bb1767ba5edc2.jpg,"Apartment Name: Menteng Park Location: Jl. Cikini Raya No.79, RT.2/RW.2, Cikini, Menteng, Central Jakarta City 10330 Tower / Floor / View: Sapphire...",8584272.0,-1084272.0,-0.135,12.6,-0.41,Fair Market Price,For Rent Apartemen Menteng Park - Type Studio Fully Furnished,,unresolved
LST-00133,Thamrin Residences • 3BR Furnished (105 m²),https://www.rumah123.com/properti/jakarta-pusat-thamrin/disewakan-3-br-thamrin-residence-apr7750583/,Jakarta Pusat,DKI Jakarta,Thamrin,"Thamrin Residences, Thamrin, Jakarta Pusat",Apartemen,13500000.0,128571.42857142857,monthly,3,2,3 Bedroom,105.0,1.3881549432136606,0.8138062939703808,Stasiun MRT Dukuh Atas,Tier 1: Core Urban Center (<7km),0,0,0,0,0,0,0,0,0,0,0,0,-6.196800833856969,106.81653446831832,listing,0,https://picture.rumah123.com/r123-images/360x210-crop/customer/1826735/listing/apr7750583/enhanced/6e390b28e931cec9e1df8682a734b211.jpg,"Facility: * Security 24hours, Atm 24hours, Taxi 24hours, Access card, Garden, Restaurant, Minimarket, Pizza Hut Delivery, Apotik century health, De...",15644442.0,-2144442.0,-0.1474,13.7,-0.45,Fair Market Price,Disewakan 3 BR Thamrin Residence,Thamrin Residences,fuzzy
LST-00134,Sudirman Park • 3BR Full Furnished (78 m²),https://www.rumah123.com/properti/jakarta-pusat-tanah-abang/sudirman-park-apartment-for-rent-31-bedroom-fully-furnished-apr7769831/,Jakarta Pusat,DKI Jakarta,Tanah Abang,"Sudirman Park Apartment, Tanah Abang, Jakarta Pusat",Apartemen,12000000.0,153846.15384615384,monthly,3,2,3 Bedroom,78.0,1.2387002959524325,1.571780108598274,Stasiun MRT Dukuh Atas,Tier 1: Core Urban Center (<7km),1,0,0,0,0,0,0,0,0,0,0,0,-6.20551047,106.8092941,listing,0,https://picture.rumah123.com/r123-images/360x210-crop/customer/1933702/693bd3d1048647910683d1bf4ef1eaac.jpg,"Apartment Name: Sudirman Park Location: Jl. K.H. Mas Mansyur, RT.12/RW.11, Karet Tengsin, Tanah Abang, Central Jakarta City 10250 Tower / Floor / V...",12984117.0,-984117.0,-0.0788,7.6,-0.24,Fair Market Price,Sudirman Park Apartment For Rent 3+1 Bedroom Fully Furnished,Sudirman Park,exact
LST-00135,Thamrin Executive • Studio Full Furnished (33 m²),https://www.rumah123.com/properti/jakarta-pusat-tanah-abang/sewa-apartemen-thamrin-executive-tipe-studio-fully-furnished-apr7817407/,Jakarta Pusat,DKI Jakarta,Tanah Abang,"Thamrin Executive Residences, Tanah Abang, Jakarta Pusat",Apartemen,7500000.0,227272.7272727273,monthly,1,1,Studio / 1BR,33.0,1.2387002959524325,1.571780108598274,Stasiun MRT Dukuh Atas,Tier 1: Core Urban Center (<7km),1,0,0,0,0,0,0,0,0,0,0,0,-6.20551047,106.8092941,listing,0,https://picture.rumah123.com/r123-images/360x210-crop/customer/1933702/f4048bea0769ceb29187d55d55876b9b.jpg,"Apartment Name: Thamrin Executive Residence Location: Jl. Kebon Kacang Raya,Kebon Melati Tanah Abang Jakarta Pusat 10230 Tower / Floor / View: Midd...",7212476.0,287524.0,0.0391,-4.0,0.12,Fair Market Price,Sewa Apartemen Thamrin Executive Tipe Studio Fully Furnished,Thamrin Executive,exact
LST-00136,Unresolved • Menteng • 2BR Full Furnished (58 m²),https://www.rumah123.com/properti/jakarta-pusat-menteng/for-rent-apartemen-menteng-park-type-2-bedroom-fully-furnished-apr7793894/,Jakarta Pusat,DKI Jakarta,Menteng,"Menteng Park Apartment, Menteng, Jakarta Pusat",Apartemen,13000000.0,224137.93103448275,monthly,2,1,2 Bedroom,58.0,2.215387522692101,1.487291158622338,Stasiun MRT Dukuh Atas,Tier 1: Core Urban Center (<7km),1,0,0,0,0,0,0,0,0,0,0,0,-6.1957828,106.8351718,listing,0,https://picture.rumah123.com/r123-images/360x210-crop/customer/1933702/045d667ba53b891f79e16bf687e31405.jpg,"Apartment Name: Menteng Park Location: Jl. Cikini Raya No.79, RT.2/RW.2, Cikini, Menteng, Central Jakarta City 10330 Tower / Floor / View: Sapphire...",14133180.0,-1133180.0,-0.0836,8.0,-0.26,Fair Market Price,For Rent Apartemen Menteng Park - Type 2 Bedroom Fully Furnished,,unresolved
LST-00137,Thamrin Residences • 1BR Full Furnished (42 m²),https://www.rumah123.com/properti/jakarta-pusat-tanah-abang/for-rent-apartemen-thamrin-residence-1-bedroom-full-furnished-apr7784536/,Jakarta Pusat,DKI Jakarta,Tanah Abang,"Thamrin Residences, Tanah Abang, Jakarta Pusat",Apartemen,8000000.0,190476.19047619047,monthly,1,1,Studio / 1BR,42.0,1.2387002959524325,1.571780108598274,Stasiun MRT Dukuh Atas,Tier 1: Core Urban Center (<7km),1,0,0,0,0,0,0,0,0,0,0,0,-6.20551047,106.8092941,listing,0,https://picture.rumah123.com/r123-images/360x210-crop/customer/1933702/3fd108a98df604a181bb692436a8f59e.jpg,"Apartment Name: Thamrin Residence Location: Jl. Kebon Kacang Raya, Kebon Melati, Tanah Abang - Jakarta Pusat 10230 Tower / Floor / View: Edelweis /...",8750244.0,-750244.0,-0.0896,8.6,-0.27,Fair Market Price,For Rent Apartemen Thamrin Residence - 1 Bedroom Full Furnished,Thamrin Residences,fuzzy
LST-00138,Cosmo Mansion Tower Cosmo • 1BR Full Furnished (38 m²),https://www.rumah123.com/properti/jakarta-pusat-tanah-abang/sewa-apartemen-cosmo-terrace-type-1-bedroom-full-furnished-apr7847827/,Jakarta Pusat,DKI Jakarta,Tanah Abang,"Cosmo Terrace, Tanah Abang, Jakarta Pusat",Apartemen,7500000.0,197368.4210526316,monthly,1,1,Studio / 1BR,38.0,1.2387002959524325,1.571780108598274,Stasiun MRT Dukuh Atas,Tier 1: Core Urban Center (<7km),1,0,0,0,0,0,0,0,0,0,0,0,-6.20551047,106.8092941,listing,0,https://picture.rumah123.com/r123-images/360x210-crop/customer/1933702/d07604e81a6e7b3213b2cb75c09882c2.jpg,Apartment Name: Cosmo Terrace Thamrin City Location: Thamrin Jakarta Pusat Tower / Floor / View: High Floor / City View Size: 38 m2 Bedroom: 1 Bath...,7563489.0,-63489.0,-0.0084,0.8,-0.03,Fair Market Price,Sewa Apartemen Cosmo Terrace - Type 1 Bedroom Full Furnished,Cosmo Mansion,exact
LST-00139,Unresolved • Menteng • 2BR Full Furnished (60 m²),https://www.rumah123.com/properti/jakarta-pusat-menteng/for-rent-apartment-menteng-park-type-2-bedroom-fully-furnished-apr7826984/,Jakarta Pusat,DKI Jakarta,Menteng,"Menteng Park Apartment, Menteng, Jakarta Pusat",Apartemen,14583333.333333334,243055.5555555556,yearly,2,2,2 Bedroom,60.0,2.215387522692101,1.487291158622338,Stasiun MRT Dukuh Atas,Tier 1: Core Urban Center (<7km),1,0,0,0,0,0,0,0,0,0,0,0,-6.1957828,106.8351718,listing,0,https://picture.rumah123.com/r123-images/360x210-crop/customer/1933702/1ca384d562170772380e4a6710b6957b.jpg,"Apartment Name: Menteng Park Location: Jl. Cikini Raya No.79, RT.2/RW.2, Cikini, Menteng, Central Jakarta City 10330 Tower / Floor / View: Diamond ...",13231743.0,1351590.333333334,0.0973,-10.2,0.3,Fair Market Price,For Rent Apartment Menteng Park Type 2 Bedroom Fully Furnished,,unresolved
LST-00140,Sudirman Park • 1BR Full Furnished (48 m²),https://www.rumah123.com/properti/jakarta-pusat-tanah-abang/rent-sudirman-park-apartment-type-1-bedroom-fully-furnished-apr7847825/,Jakarta Pusat,DKI Jakarta,Tanah Abang,"Sudirman Park Apartment, Tanah Abang, Jakarta Pusat",Apartemen,8000000.0,166666.66666666666,monthly,1,1,Studio / 1BR,48.0,1.2387002959524325,1.571780108598274,Stasiun MRT Dukuh Atas,Tier 1: Core Urban Center (<7km),1,0,0,0,0,0,0,0,0,0,0,0,-6.20551047,106.8092941,listing,0,https://picture.rumah123.com/r123-images/360x210-crop/customer/1933702/b8e30efabeb59567d18cf60d113d83d9.jpg,"Apartment Name: Sudirman Park Location: Jl. K.H. Mas Mansyur, RT.12/RW.11, Karet Tengsin, Tanah Abang, Central Jakarta City 10250 Tower / Floor / V...",10209093.0,-2209093.0,-0.2438,21.6,-0.75,Good Deal (Undervalued),Rent Sudirman Park Apartment - Type 1 Bedroom Fully Furnished,Sudirman Park,exact
LST-00141,Menara Jakarta • 2BR Furnished (88 m²),https://www.rumah123.com/properti/jakarta-pusat-kemayoran/disewakan-2-bedroom-apartemen-menara-jakarta-tower-azure-apr7832125/,Jakarta Pusat,DKI Jakarta,Kemayoran,"Menara Jakarta Kemayoran, Kemayoran, Jakarta Pusat",Apartemen,9166666.666666666,104166.66666666666,yearly,2,2,2 Bedroom,88.0,6.471998976010265,5.272616443868521,Stasiun KRL Manggarai,Tier 1: Core Urban Center (<7km),0,0,0,0,0,0,0,0,0,0,0,0,-6.16282185,106.8558983,listing,0,https://picture.rumah123.com/r123-images/360x210-crop/customer/4381288/e72050245ab08bff854c95358f77729d.jpg,"Kesempatan terbatas buat Anda dapatkan apartemen strategis dengan return investasi tinggi di Kemayoran, Jakarta Pusat.  Apartemen ini menawarkan ke...",8638604.0,528062.666666666,0.0593,-6.1,0.18,Fair Market Price,Disewakan 2 Bedroom Apartemen Menara Jakarta Tower Azure,Menara Jakarta,exact
LST-00142,Cosmo Mansion Tower Cosmo • 2BR Full Furnished (89 m²),https://www.rumah123.com/properti/jakarta-pusat-tanah-abang/sewa-apartemen-cosmo-mansion-2-bedroom-fully-furnished-apr7780143/,Jakarta Pusat,DKI Jakarta,Tanah Abang,"Cosmo Mansion, Tanah Abang, Jakarta Pusat",Apartemen,12000000.0,134831.4606741573,monthly,2,2,2 Bedroom,89.0,1.2387002959524325,1.571780108598274,Stasiun MRT Dukuh Atas,Tier 1: Core Urban Center (<7km),1,0,0,0,0,0,0,0,0,0,0,0,-6.20551047,106.8092941,listing,0,https://picture.rumah123.com/r123-images/360x210-crop/customer/1933702/582b9a7e087d155e37470ff4a84cd296.jpg,"Apartment Name: Cosmo Manssion Location: Jl. Kebon Kacang Raya, Thamrin City, Tanah Abang, Central Jakarta City 10230 Tower / Floor / View: High Fl...",13795615.0,-1795615.0,-0.1394,13.0,-0.43,Fair Market Price,Sewa Apartemen Cosmo Mansion - 2 Bedroom Fully Furnished,Cosmo Mansion,fuzzy
LST-00143,Unresolved • Menteng • Studio Full Furnished (33 m²),https://www.rumah123.com/properti/jakarta-pusat-menteng/for-rent-apartemen-menteng-park-type-studio-fully-furnished-apr7766542/,Jakarta Pusat,DKI Jakarta,Menteng,"Menteng Park Apartment, Menteng, Jakarta Pusat",Apartemen,9500000.0,287878.7878787879,monthly,1,1,Studio / 1BR,33.0,2.215387522692101,1.487291158622338,Stasiun MRT Dukuh Atas,Tier 1: Core Urban Center (<7km),1,0,0,0,0,0,0,0,0,0,0,0,-6.1957828,106.8351718,listing,0,https://picture.rumah123.com/r123-images/360x210-crop/customer/1933702/6744cdb0e0929759c88628b1ce435513.jpg,"Apartment Name: Menteng Park Location: Jl. Cikini Raya No.79, RT.2/RW.2, Cikini, Menteng, Central Jakarta City 10330 Tower / Floor / View: Sapphire...",8090051.0,1409949.0,0.1607,-17.4,0.49,Fair Market Price,For Rent Apartemen Menteng Park - Type Studio Fully Furnished,,unresolved
LST-00144,Unresolved • Menteng • 2BR Full Furnished (61 m²),https://www.rumah123.com/properti/jakarta-pusat-menteng/for-rent-apartemen-menteng-park-type-2-bedrooms-fully-furnished-apr7769824/,Jakarta Pusat,DKI Jakarta,Menteng,"Menteng Park Apartment, Menteng, Jakarta Pusat",Apartemen,12000000.0,196721.31147540984,monthly,2,1,2 Bedroom,61.0,2.215387522692101,1.487291158622338,Stasiun MRT Dukuh Atas,Tier 1: Core Urban Center (<7km),1,0,0,0,0,0,0,0,0,0,0,0,-6.1957828,106.8351718,listing,0,https://picture.rumah123.com/r123-images/360x210-crop/customer/1933702/a0630fe14ce208423ef5da5f52acecce.jpg,"Apartment Name: Menteng Park Location: Jl. Cikini Raya No.79, RT.2/RW.2, Cikini, Menteng, Central Jakarta City 10330 Tower / Floor / View: Sapphire...",14058736.0,-2058736.0,-0.1583,14.6,-0.48,Fair Market Price,For Rent Apartemen Menteng Park Type 2 Bedrooms Fully Furnished,,unresolved
LST-00145,Unresolved • Menteng • Studio Full Furnished (28 m²),https://www.rumah123.com/properti/jakarta-pusat-menteng/for-rent-apartemen-menteng-park-type-studio-fully-furnished-apr7810879/,Jakarta Pusat,DKI Jakarta,Menteng,"Menteng Park Apartment, Menteng, Jakarta Pusat",Apartemen,7500000.0,267857.14285714284,monthly,1,1,Studio / 1BR,28.0,2.215387522692101,1.487291158622338,Stasiun MRT Dukuh Atas,Tier 1: Core Urban Center (<7km),1,0,0,0,0,0,0,0,0,0,0,0,-6.1957828,106.8351718,listing,0,https://picture.rumah123.com/r123-images/360x210-crop/customer/4368659/33d74dd7ffe2986caf23c09bfe3e44b7.jpg,"Apartment Name: Menteng Park Location: Jl. Cikini Raya No.79, RT.2/RW.2, Cikini, Menteng, Central Jakarta City 10330 Tower / Floor / View: Diamond ...",7957828.0,-457828.0,-0.0593,5.8,-0.18,Fair Market Price,For Rent Apartemen Menteng Park - Type Studio Fully Furnished,,unresolved
LST-00146,Thamrin Executive • 2BR Full Furnished (78 m²),https://www.rumah123.com/properti/jakarta-pusat-tanah-abang/sewa-apartment-thamrin-executive-2-bedrooms-fully-furnished-apr7825989/,Jakarta Pusat,DKI Jakarta,Tanah Abang,"Thamrin Executive Residences, Tanah Abang, Jakarta Pusat",Apartemen,14500000.0,185897.4358974359,monthly,2,1,2 Bedroom,78.0,1.2387002959524325,1.571780108598274,Stasiun MRT Dukuh Atas,Tier 1: Core Urban Center (<7km),1,0,0,0,0,0,0,0,0,0,0,0,-6.20551047,106.8092941,listing,0,https://picture.rumah123.com/r123-images/360x210-crop/customer/4368659/33485f3971f55b3746c5bebc243d8270.jpg,"Apartment Name: Thamrin Executive Location: Jl. Kebon Kacang Raya,Kebon Melati Tanah Abang Jakarta Pusat 10230 Tower / Floor / View: Middle Floor /...",13089120.0,1410880.0,0.1024,-10.8,0.31,Fair Market Price,Sewa Apartment Thamrin Executive - 2 Bedrooms Fully Furnished,Thamrin Executive,exact
LST-00147,Unresolved • Menteng • 2BR Full Furnished (72 m²),https://www.rumah123.com/properti/jakarta-pusat-menteng/for-rent-apartemen-menteng-park-type-2-bedrooms-fully-furnished-apr7766374/,Jakarta Pusat,DKI Jakarta,Menteng,"Menteng Park Apartment, Menteng, Jakarta Pusat",Apartemen,16000000.0,222222.22222222225,monthly,2,2,2 Bedroom,72.0,2.215387522692101,1.487291158622338,Stasiun MRT Dukuh Atas,Tier 1: Core Urban Center (<7km),1,0,0,0,0,0,0,0,0,0,0,0,-6.1957828,106.8351718,listing,0,https://picture.rumah123.com/r123-images/360x210-crop/customer/4368659/e15b8048d9ffda8359c6c0e500b9519f.jpg,"Apartment Name: Menteng Park Location: Jl. Cikini Raya No.79, RT.2/RW.2, Cikini, Menteng, Central Jakarta City 10330 Tower / Floor / View: Diamond ...",13992863.0,2007137.0,0.134,-14.3,0.41,Fair Market Price,For Rent Apartemen Menteng Park - Type 2 Bedrooms Fully Furnished,,unresolved
LST-00148,Unresolved • Menteng • 1BR Full Furnished (40 m²),https://www.rumah123.com/properti/jakarta-pusat-menteng/for-rent-apartemen-menteng-park-type-1-bedroom-fully-furnished-apr7805274/,Jakarta Pusat,DKI Jakarta,Menteng,"Menteng Park Apartment, Menteng, Jakarta Pusat",Apartemen,9500000.0,237500.0,monthly,1,1,Studio / 1BR,40.0,2.215387522692101,1.487291158622338,Stasiun MRT Dukuh Atas,Tier 1: Core Urban Center (<7km),1,0,0,0,0,0,0,0,0,0,0,0,-6.1957828,106.8351718,listing,0,https://picture.rumah123.com/r123-images/360x210-crop/customer/4368659/b96a19690e382d6ff400b066afef11c8.jpg,"Apartment Name: Menteng Park Location: Jl. Cikini Raya No.79, RT.2/RW.2, Cikini, Menteng, Central Jakarta City 10330 Tower / Floor / View: Sapphire...",8519453.0,980547.0,0.1089,-11.5,0.33,Fair Market Price,For Rent Apartemen Menteng Park - Type 1 Bedroom Fully Furnished,,unresolved
LST-00149,Unresolved • Green Lake City • 2BR Furnished (50 m²),https://www.rumah123.com/properti/jakarta-barat-green-lake-city/siap-huni-apr7848607/,Jakarta Barat,DKI Jakarta,Green Lake City,"Green Royal Condo House Semanan, Green Lake City, Jakarta Barat",Apartemen,3750000.0,75000.0,yearly,2,1,2 Bedroom,50.0,12.480256578284832,8.621864997684167,Stasiun KRL Tangerang,Tier 2: Inner Ring Metro (7-15km),0,0,0,1,0,1,0,0,0,0,0,0,-6.180283,106.710808,listing,0,https://picture.rumah123.com/r123-images/360x210-crop/customer/4541683/dcad2cb635ab76dee1de22b6b5e8bd50.jpg,Ini spesifikasinya Disewakan apartemen condominium Daerah green royal condohouse Luas 5x10 Kamar tidur 2  Kamar mandi 1  3 ac Sofa  Water heater  S...,4154683.0,-404683.0,-0.1025,9.7,-0.31,Fair Market Price,"Siap Huni,",,unresolved
LST-00150,Condominium Taman Anggrek • 3BR Furnished (146 m²),https://www.rumah123.com/properti/jakarta-barat-taman-anggrek/rare-item-3-br-brand-new-di-condominium-taman-anggrek-apr7826815/,Jakarta Barat,DKI Jakarta,Taman Anggrek,"Condominium Taman Anggrek, Taman Anggrek, Jakarta Barat",Apartemen,18750000.0,128424.65753424658,yearly,3,2,3 Bedroom,146.0,4.552004285367921,2.2426032048095528,Stasiun KRL Tanah Abang,Tier 1: Core Urban Center (<7km),0,0,0,0,0,0,0,0,0,0,0,0,-6.17896,106.79181,listing,0,https://picture.rumah123.com/r123-images/360x210-crop/customer/1811641/8197c54dc583b3b78b6ba6e608af2b4d.jpg,"Apartemen 20 lantai di Taman Anggrek, Jakarta Barat.  Disewakan di wilayah yang tenang. Dengan rinciannya adalah sebagai berikut:   - Kamar Tidur: ...",14982444.0,3767556.0,0.2243,-25.1,0.69,Fair Market Price,Rare Item! 3 Br Brand New di Condominium Taman Anggrek,Condominium Taman Anggrek,exact
LST-00151,Puri Mansion • 1BR Full Furnished (26 m²),https://www.rumah123.com/properti/jakarta-barat-kembangan/disewakan-full-furnish-apartemen-puri-mansion-apr7496197/,Jakarta Barat,DKI Jakarta,Kembangan,"Puri Mansion Apartment, Kembangan, Jakarta Barat",Apartemen,2916666.6666666665,112179.48717948716,yearly,1,1,Studio / 1BR,26.0,8.860588855578786,7.784531642376005,Stasiun KRL Tanah Abang,Tier 2: Inner Ring Metro (7-15km),1,0,0,0,0,0,1,1,0,0,0,0,-6.19444,106.741158,listing,0,https://picture.rumah123.com/r123-images/360x210-crop/customer/4363507/41dece01ff4749dbc9844d9bca48a8c5.jpg,*Disewa Apartemen Puri Mansion* Type studio Tower Amethyst (A) Luas 26m2 (nett) Lantai GF View swimming pool & fitness centre Hadap timur Pln 3.500...,3487485.0,-570818.3333333335,-0.1787,16.4,-0.55,Fair Market Price,Disewakan Full Furnish Apartemen Puri Mansion*,Puri Mansion,exact
LST-00152,Grand Tropic • 3BR Semi Furnished (149 m²),https://www.rumah123.com/properti/jakarta-barat-tanjung-duren/disewakan-cepat-apartement-luas-semi-furnished-grand-tropic-apr7593513/,Jakarta Barat,DKI Jakarta,Tanjung Duren,"Mediterania Garden Residences, Tanjung Duren, Jakarta Barat",Apartemen,8250000.0,55369.12751677852,yearly,3,3,3 Bedroom,149.0,5.1099202936938335,3.072583709759156,Stasiun KRL Tanah Abang,Tier 1: Core Urban Center (<7km),0,1,0,0,0,0,0,0,0,0,0,0,-6.18036,106.783691,listing,0,https://picture.rumah123.com/r123-images/360x210-crop/customer/910486/eeaf33488c9b8c27720806d731ea91da.jpg,Luas: 149M2 Tipe : 3+1BR Kamar Tidur: 3+1  Kamar Mandi: 3+1  Tower : 1  Lantai : 1  Listrik: 6600 watt Hadap : Utara Sertifikat: SHGB  Kondisi: 1.�...,15051501.0,-6801501.0,-0.6013,45.2,-1.84,Deep Value Deal (Rare Find),Disewakan Cepat! Apartement Luas Semi Furnished Grand Tropic[V1],Grand Tropic,exact
LST-00153,GP Plaza • Studio Full Furnished (29 m²),https://www.rumah123.com/properti/jakarta-barat-palmerah/sewa-murah-siap-huni-apartment-gp-plaza-type-studio-unit-full-furnished-lokasi-strategis-jakarta-barat-palmerah-slipi-apr7810754/,Jakarta Barat,DKI Jakarta,Palmerah,"GP Plaza Apartment Palmerah, Palmerah, Jakarta Barat",Apartemen,6000000.0,206896.551724138,monthly,1,1,Studio / 1BR,29.0,3.301528490887044,1.843420644941435,Stasiun KRL Tanah Abang,Tier 1: Core Urban Center (<7km),1,0,0,1,0,1,0,0,0,0,0,1,-6.19174471,106.7955528,listing,0,https://picture.rumah123.com/r123-images/360x210-crop/customer/46710/fcc209ab0247afbdcc636107ed1bf1bf.jpg,"Condition :  Furnished lengkap dengan peralatan elektronik (AC, microwave, water heater, dispenser, kulkas)  Facility : Keamanan 24 jam Parkir base...",4573797.0,1426203.0,0.2714,-31.2,0.83,Premium / High Price,"Sewa Murah & Siap Huni! Apartment Gp Plaza Type Studio, Unit Full Furnished, Lokasi Strategis Jakarta Barat (Palmerah, Slipi, Binus, Senayan, & Sudirman)",GP Plaza,exact
LST-00154,Ciputra International Tower San • Studio Full Furnished (52 m²),https://www.rumah123.com/properti/jakarta-barat-cengkareng/apartemen-mewah-siap-huni-dan-bagus-full-furnished-ciputrainternational-tower-san-fransisco-lantai-sedang-cengkareng-apr7669878/,Jakarta Barat,DKI Jakarta,Cengkareng,"Ciputra International Apartment, Cengkareng, Jakarta Barat",Apartemen,5416666.666666667,104166.66666666669,yearly,0,0,Studio / 1BR,52.0,11.191303974360595,9.052388288360548,Stasiun KRL Tanah Abang,Tier 2: Inner Ring Metro (7-15km),1,0,0,0,0,0,0,0,0,0,0,0,-6.15224905,106.7362572,listing,0,https://picture.rumah123.com/r123-images/360x210-crop/customer/1048759/listing/apr7669878/enhanced/a323fcaa3f89b281b81a866a443b335a.jpg,APARTEMEN MEWAH  SIAP HUNI DAN BAGUS FULL FURNISHED CIPUTRA INTERNATIONAL TOWER SAN FRANCISCO LANTAI SEDANG CENGKARENG JAKARTA BARAT  LB  52 m ² K...,6468438.0,-1051771.333333333,-0.1775,16.3,-0.54,Fair Market Price,Apartemen Mewah Siap Huni dan Bagus Full Furnished Ciputrainternational Tower San Fransisco Lantai Sedang Cengkareng Jakarta Barat,Ciputra International,exact
LST-00155,Condominium Taman Anggrek • 1BR Full Furnished (50 m²),https://www.rumah123.com/properti/jakarta-barat-taman-anggrek/disewakan-apartemen-taman-anggrek-residences-2-bedrooms-fully-furnish-apr7814407/,Jakarta Barat,DKI Jakarta,Taman Anggrek,"Taman Anggrek Residences, Taman Anggrek, Jakarta Barat",Apartemen,7083333.333333333,141666.66666666666,yearly,1,1,Studio / 1BR,50.0,4.464176965053586,2.2865963895937407,Stasiun KRL Tanah Abang,Tier 1: Core Urban Center (<7km),1,0,0,0,0,0,1,0,0,0,0,0,-6.18106466425148,106.79080266137754,listing,0,https://picture.rumah123.com/r123-images/360x210-crop/customer/1022961/listing/apr7814407/enhanced/d60e042f-7048-4f63-9494-e9696e972309.png,Disewakan Apartemen Taman Anggrek Residence tipe 2 Bedrooms Fully Furnish  Tipe : 2 Bedrooms Fully Furnish  Fasilitas :  -kolam renang  -jacuzzi  -...,8539449.0,-1456115.666666667,-0.187,17.1,-0.57,Fair Market Price,Disewakan Apartemen Taman Anggrek Residences 2 Bedrooms Fully Furnish,Condominium Taman Anggrek,exact
LST-00156,Centro City Grogol • 1BR Furnished (35 m²),https://www.rumah123.com/properti/jakarta-barat-grogol/apartemen-centro-city-1-br-living-room-dapur-bonus-ac-apr2250090/,Jakarta Barat,DKI Jakarta,Grogol,"Centro City Residence City View Pasaran ; 25-30 Juta per Tahun untuk Sewa Size : 35m2 1 Bedroom: 1 Bathroom, Grogol, Jakarta Barat",Apartemen,1833333.3333333333,52380.95238095238,yearly,1,1,Studio / 1BR,35.0,4.766318346857412,2.4210415645298293,Stasiun KRL Tanah Abang,Tier 1: Core Urban Center (<7km),0,0,0,1,0,0,0,0,0,0,1,0,-6.1773679,106.7906846,listing,0,https://pic.rumah123.com/r123/360x210-crop/apartment/ap22/2250090/original/apr2250090-apartemen-di-sewa-di-central-park-jakarta-barat-15934446002099.jpg,"Apartment Name : Centro City Residence City View Pasaran ; 25-30 Juta per Tahun untuk Sewa Size : 35m2 1 Bedroom: 1 Bathroom, 1 Livingroom 1 Kitche...",4832416.0,-2999082.666666667,-0.9692,62.1,-2.97,Deep Value Deal (Rare Find),"Apartemen Centro City 1 BR + Living Room Dapur, Bonus AC",Centro City Grogol,exact
LST-00157,Madison Park • 1BR Furnished (28 m²),https://www.rumah123.com/properti/jakarta-barat-tanjung-duren-selatan/1br-furnished-apartemen-madison-park-mall-central-park-apr7849937/,Jakarta Barat,DKI Jakarta,Tanjung Duren Selatan,"Central Park Residences, Tanjung Duren Selatan, Jakarta Barat",Apartemen,4333333.333333333,154761.90476190476,yearly,1,1,Studio / 1BR,28.0,4.688128398856474,2.350989517606459,Stasiun KRL Tanah Abang,Tier 1: Core Urban Center (<7km),0,0,0,0,0,0,0,0,0,0,0,0,-6.177889693289302,106.79115881495704,listing,0,https://picture.rumah123.com/r123-images/360x210-crop/customer/911010/68bc603ebe47bf8aa84f2174a90c95a0.jpg,"Disewakan CEPAT dan SEGERA 1BR Furnished Apartemen Madison Park @ Podomoro City - Mall Central Park =   -) Size = 28,79 m2 -) Lantai = Tengah -) Ko...",4335766.0,-2432.666666666977,-0.0006,0.1,-0.0,Fair Market Price,1Br Furnished Apartemen Madison Park - Mall Central Park,Madison Park,exact
LST-00158,Unresolved • Central Park • 1BR Furnished (27 m²),https://www.rumah123.com/properti/jakarta-barat-tanjung-duren-selatan/disewakan-apartemen-royal-mediterania-garden-siap-huni-apr7800006/,Jakarta Barat,DKI Jakarta,Central Park,"Central Park Residences, Central Park, Jakarta Barat",Apartemen,5833333.333333333,216049.38271604927,yearly,1,1,Studio / 1BR,27.0,4.716486397173777,2.4566182493859112,Stasiun KRL Tanah Abang,Tier 1: Core Urban Center (<7km),0,0,0,0,0,0,0,0,0,0,0,0,-6.17882,106.789818,listing,0,https://picture.rumah123.com/r123-images/360x210-crop/customer/681164/21ec688ac05c90cbc490556c268fa8ed.jpg,"Disewakan Apartemen Royal Mediterania Garden bagus  Spesifikasi : Royal mediterania garden residence Luas 27m Lantai 08 1 kamar tidur 1 kama...",4226362.0,1606971.333333333,0.3222,-38.0,0.99,Premium / High Price,Disewakan Apartemen Royal Mediterania Garden Central Park,,unresolved
LST-00159,Condominium Taman Anggrek • 1BR Furnished (38 m²),https://www.rumah123.com/properti/jakarta-barat-taman-anggrek/taman-anggrek-residences-1-br-furnish-rapi-murah-apr7811254/,Jakarta Barat,DKI Jakarta,Taman Anggrek,"Taman Anggrek Residences, Taman Anggrek, Jakarta Barat",Apartemen,5416666.666666667,142543.8596491228,yearly,1,1,Studio / 1BR,38.0,4.610219595941524,2.4387411788181472,Stasiun KRL Tanah Abang,Tier 1: Core Urban Center (<7km),0,0,0,0,0,0,0,0,0,0,0,0,-6.180502,106.78952,listing,0,https://picture.rumah123.com/r123-images/360x210-crop/customer/1607914/43ffaa28a2217ec7ee2eaf6fcb2d28e2.jpg,Disewakan cepat  taman anggrek residence 1 bedroom 38 m2 furnished rapi bagus  harga 65 juta saja!,4847267.0,569399.666666667,0.1111,-11.7,0.34,Fair Market Price,Taman Anggrek Residences 1 Br Furnish Rapi Murah,Condominium Taman Anggrek,exact
LST-00160,Green Royal Condo House • 2BR Furnished (55 m²),https://www.rumah123.com/properti/jakarta-barat-semanan/condohouse-green-royal-siap-huni-semanan-jakarta-barat-apr7811153/,Jakarta Barat,DKI Jakarta,Semanan,"Green Royal Condo House Semanan, Semanan, Jakarta Barat",Apartemen,2750000.0,50000.0,yearly,2,1,2 Bedroom,55.0,13.590436476168165,7.870041032891375,Stasiun KRL Tangerang,Tier 2: Inner Ring Metro (7-15km),0,0,0,0,0,0,0,0,0,0,0,0,-6.16921,106.70369,listing,0,https://picture.rumah123.com/r123-images/360x210-crop/customer/1848775/listing/apr7811153/enhanced/c15e51e1d9fd02aad41d5e16f98f5325.jpg,"Apartemen di Semanan.  Cek segera apartemen 3 lantai yang asri ini,  disewakan menawarkan lingkungan fasilitas yang lengkap, cocok untuk Anda yang ...",6151518.0,-3401518.0,-0.8051,55.3,-2.46,Deep Value Deal (Rare Find),Condohouse Green Royal Siap Huni Semanan Jakarta Barat,Green Royal Condo House,exact
LST-00161,Green Royal Condo House • 2BR Furnished (50 m²),https://www.rumah123.com/properti/jakarta-barat-semanan/disewakan-green-royal-condo-house-lantai-1-5x10-apr7730899/,Jakarta Barat,DKI Jakarta,Semanan,"Green Royal Condo House Semanan, Semanan, Jakarta Barat",Apartemen,3333333.333333333,66666.66666666667,yearly,2,1,2 Bedroom,50.0,12.677827515644914,8.908011568637834,Stasiun KRL Tangerang,Tier 2: Inner Ring Metro (7-15km),0,0,0,1,0,0,0,0,0,0,0,0,-6.167818,106.712982,listing,0,https://picture.rumah123.com/r123-images/360x210-crop/customer/1565438/listing/apr7730899/enhanced/43dbc13a7f744346e2d01adbdbb0aef8.jpg,Disewakan Condo House Green royal ukuran 5 x 10  2 kt  1 km Ac 3 + gorden Harga 40jt/tahun nego,4831476.0,-1498142.666666667,-0.3712,31.0,-1.14,Good Deal (Undervalued),Disewakan Green Royal Condo House Lantai 1 5X10,Green Royal Condo House,exact
LST-00162,Ciputra International • 2BR Full Furnished (77 m²),https://www.rumah123.com/properti/jakarta-barat-cengkareng/apartemen-ciputra-puri-unit-premium-dan-dambaan-keluarga-apr7846873/,Jakarta Barat,DKI Jakarta,Cengkareng,"Ciputra International Apartment, Cengkareng, Jakarta Barat",Apartemen,7916666.666666667,102813.85281385282,yearly,2,2,2 Bedroom,77.0,11.191303974360595,9.052388288360548,Stasiun KRL Tanah Abang,Tier 2: Inner Ring Metro (7-15km),1,0,0,0,0,0,0,0,0,0,0,0,-6.15224905,106.7362572,listing,0,https://picture.rumah123.com/r123-images/360x210-crop/customer/1143915/fa3c9d271cb69972a01df21120fd520a.jpg,"DISEWAKAN - APARTEMEN CIPUTRA INTERNATIONAL 2 Kamar Tidur | Luas 77 m² | Full Furnished  Nikmati hunian yang luas, nyaman, dan privat di Apartemen...",7716239.0,200427.6666666669,0.0256,-2.6,0.08,Fair Market Price,Apartemen Ciputra Puri Unit Premium dan Dambaan Keluarga,Ciputra International,exact
LST-00163,Puri Mansion • 1BR Furnished (37 m²),https://www.rumah123.com/properti/jakarta-barat-puri-mansion/ready-disewakan-type-1bedroom-furnish-apr7824053/,Jakarta Barat,DKI Jakarta,Puri Mansion,"Puri Mansion Apartment, Puri Mansion, Jakarta Barat",Apartemen,3750000.0,101351.35135135136,yearly,1,1,Studio / 1BR,37.0,10.710352089319846,9.28265282155978,Stasiun KRL Tanah Abang,Tier 2: Inner Ring Metro (7-15km),0,0,0,0,0,0,0,0,0,0,0,0,-6.181338,106.727135,listing,0,https://picture.rumah123.com/r123-images/360x210-crop/customer/4430004/351514f120df62507487357618db8a8a.jpg,Disewakan apartemen puri mansion type 1bedroom luas 37m² lantai 1  hrga 47jt/thn,3655315.0,94685.0,0.0256,-2.6,0.08,Fair Market Price,Ready Disewakan Type 1Bedroom Furnish,Puri Mansion,exact
LST-00164,Puri Mansion • Studio Full Furnished (26 m²),https://www.rumah123.com/properti/jakarta-barat-puri-mansion/ready-disewakan-apartemen-puri-mansion-full-furnish-siap-huni-view-pool-city-apr7838615/,Jakarta Barat,DKI Jakarta,Puri Mansion,"Puri Mansion Apartment, Puri Mansion, Jakarta Barat",Apartemen,2750000.0,105769.23076923077,yearly,0,1,Studio / 1BR,26.0,10.710352089319846,9.28265282155978,Stasiun KRL Tanah Abang,Tier 2: Inner Ring Metro (7-15km),1,0,0,0,0,0,1,0,0,0,0,0,-6.181338,106.727135,listing,0,https://picture.rumah123.com/r123-images/360x210-crop/customer/4430004/02146481a9b4c9afef573206825eb370.jpg,DISEWAKAN APARTEMEN PURI MANSION  Spek - Type Studio - Luas 26m² - View pool & city - furnish - Lantai 17 - Siap Huni - Harga 33jt/thn,3225974.0,-475974.0,-0.1596,14.8,-0.49,Fair Market Price,"Ready Disewakan Apartemen Puri Mansion Full Furnish & Siap Huni, View Pool & City",Puri Mansion,exact
LST-00165,Puri Orchard • 1BR Furnished (26 m²),https://www.rumah123.com/properti/jakarta-barat-cengkareng/siap-huni-apartemen-puri-orchard-apr7836269/,Jakarta Barat,DKI Jakarta,Cengkareng,"Puri Orchard Apartment, Cengkareng, Jakarta Barat",Apartemen,2416666.6666666665,92948.71794871794,yearly,1,1,Studio / 1BR,26.0,10.887280432037707,8.697674383150705,Stasiun KRL Tanah Abang,Tier 2: Inner Ring Metro (7-15km),0,0,0,0,0,0,0,0,0,0,0,0,-6.151484584738159,106.7401531,subdistrict_centroid,1,https://picture.rumah123.com/r123-images/360x210-crop/customer/4534835/listing/apr7836269/enhanced/ca69e343-173f-4c59-ae83-425931e35093.png,"Apartemen 12 lantai di Cengkareng, Jakarta Barat.  For rent di wilayah yang tenang. Dengan spesifikasinya adalah sebagai berikut:   - Kamar Tidur: ...",2958557.0,-541890.3333333335,-0.2023,18.3,-0.62,Fair Market Price,Siap Huni Apartemen Puri Orchard,Puri Orchard,exact
LST-00166,Citra Living Kalideres • Studio Furnished (23 m²),https://www.rumah123.com/properti/jakarta-barat-kalideres/apartmen-citra-living-bagus-type-studio-apr7825378/,Jakarta Barat,DKI Jakarta,Kalideres,"Citra Living Apartment, Kalideres, Jakarta Barat",Apartemen,2291666.6666666665,99637.68115942027,yearly,1,1,Studio / 1BR,23.0,15.247045148511576,9.188615750920096,Stasiun KRL Tangerang,Tier 3: Outer Commuter Ring (15-28km),0,0,0,0,0,0,0,0,0,0,0,0,-6.13427895,106.7042269,listing,0,https://picture.rumah123.com/r123-images/360x210-crop/customer/1133601/b90f385a5c631a8ab5723f8ca08d2563.jpg,"Apartemen di Kalideres. (ELY)  Temukan apartemen yang asri ini,  disewakan menawarkan lingkungan fasilitas yang lengkap, cocok untuk Anda yang me...",1904826.0,386840.6666666665,0.1849,-20.3,0.57,Fair Market Price,Siap Huni! Apartmen Citra Living Bagus Type Studio! dengan Harga Terjangkau,Citra Living Kalideres,exact
LST-00167,Puri Mansion • 1BR Furnished (37 m²),https://www.rumah123.com/properti/jakarta-barat-puri-mansion/apartemen-puri-mansion-1-br-furnished-apr7815209/,Jakarta Barat,DKI Jakarta,Puri Mansion,"Puri Mansion Apartment, Puri Mansion, Jakarta Barat",Apartemen,3541666.6666666665,95720.72072072072,yearly,1,1,Studio / 1BR,37.0,10.710352089319846,9.28265282155978,Stasiun KRL Tanah Abang,Tier 2: Inner Ring Metro (7-15km),0,0,0,0,0,0,1,0,0,0,0,0,-6.181338,106.727135,listing,0,https://picture.rumah123.com/r123-images/360x210-crop/customer/1791798/a96f0dd45b328b538a2d9e64b7a5110a.jpg,"Disewakan  Apartemen Puri Mansion  - Tower Amethyst (A) - Lantai 36 - Pool & City View - 1BR (37.5 m2) - Furnished - Harga sewa belum termasuk IPL,...",3581849.0,-40182.33333333349,-0.0113,1.1,-0.03,Fair Market Price,Apartemen Puri Mansion 1 Br Furnished,Puri Mansion,exact
LST-00168,St. Moritz Residences • 2BR Furnished (121 m²),https://www.rumah123.com/properti/jakarta-barat-puri-indah/disewakan-apartemen-st-moritz-new-ambassador-2br-furnished-apr7811652/,Jakarta Barat,DKI Jakarta,Puri Indah,"The St. Moritz Puri Indah, Puri Indah, Jakarta Barat",Apartemen,14583333.333333334,120523.41597796144,yearly,2,2,2 Bedroom,121.0,8.871799490960802,7.527029550583822,Stasiun KRL Tanah Abang,Tier 2: Inner Ring Metro (7-15km),0,0,0,0,0,0,0,0,0,0,0,0,-6.18658,106.74292,listing,0,https://picture.rumah123.com/r123-images/360x210-crop/customer/681164/51d040e8a797756af9de84a32ae6492e.jpg,Disewakan Apartemen St. Moritz New Ambassador 2BR Furnished  Spesifikasi : New ambassador tower Luas 121m Lantai 27 2 kamar tidur 2 kamar mandi Fur...,9767855.0,4815478.333333334,0.4008,-49.3,1.23,Premium / High Price,Disewakan Apartemen St. Moritz New Ambassador 2Br Furnished,St. Moritz Residences,exact
LST-00169,St. Moritz Residences • 3BR Full Furnished (112 m²),https://www.rumah123.com/properti/jakarta-barat-puri-indah/disewakanapartemencantikstmoritz-puriindahfullyfurnished-apr7671319/,Jakarta Barat,DKI Jakarta,Puri Indah,"The St. Moritz Puri Indah, Puri Indah, Jakarta Barat",Apartemen,13333333.333333334,119047.61904761904,yearly,3,2,3 Bedroom,112.0,8.871799490960802,7.527029550583822,Stasiun KRL Tanah Abang,Tier 2: Inner Ring Metro (7-15km),1,0,0,0,0,0,0,0,0,0,0,0,-6.18658,106.74292,listing,0,https://picture.rumah123.com/r123-images/360x210-crop/customer/393105/listing/apr7671319/enhanced/4861f94999e65e1e3cadd25a53c46c69.jpg,Disewakan Apartemen Fully Furnished lokasi terjangkau harga affordable negotiable,9564911.0,3768422.333333334,0.3322,-39.4,1.02,Premium / High Price,Disewakan.apartemen.cantik.st.moritz Puri.indah.fully.furnished.,St. Moritz Residences,exact
LST-00170,Madison Park • 2BR Unfurnished (49 m²),https://www.rumah123.com/properti/jakarta-barat-central-park/disewakan-2br-unfurnished-apartemen-madison-park-apr7758285/,Jakarta Barat,DKI Jakarta,Central Park,"Central Park Residences, Central Park, Jakarta Barat",Apartemen,4583333.333333333,93537.4149659864,yearly,2,1,2 Bedroom,49.0,4.7633463918655625,2.40091462710712,Stasiun KRL Tanah Abang,Tier 1: Core Urban Center (<7km),0,0,1,0,0,0,1,1,0,0,0,1,-6.177137,106.790977,listing,0,https://picture.rumah123.com/r123-images/360x210-crop/customer/1765574/8fe9ca4ef79a0afa82df94058393272d.jpg,"Desain modern, rapi dan terawat    Fasilitas Apartemen:  Kolam renang & gym  Taman bermain anak  Area parkir luas & 24 jam security  Dekat Mall Tam...",5667887.0,-1084553.666666667,-0.2124,19.1,-0.65,Fair Market Price,Disewakan 2Br Unfurnished Apartemen Madison Park,Madison Park,exact
LST-00171,Unresolved • Cengkareng • Studio Furnished (23 m²),https://www.rumah123.com/properti/jakarta-barat-cengkareng/studiosewa-setahun-semifurnish-apr3580064/,Jakarta Barat,DKI Jakarta,Cengkareng,"Puri Orchard Apartment, Cengkareng, Jakarta Barat",Apartemen,1333333.3333333333,57971.01449275362,yearly,1,1,Studio / 1BR,23.0,10.592648045704957,8.350882730974956,Stasiun KRL Tanah Abang,Tier 2: Inner Ring Metro (7-15km),0,0,0,0,0,0,0,0,0,0,0,0,-6.15072,106.74405,listing,0,https://picture.rumah123.com/r123-images/360x210-crop/customer/1702207/124b2146968b5198bdc74e0aad82881d.jpg,"5 Menit dari 2 Akses pintu Tol Jorr Wi & W2  Dikeliling 5 Mall Besar ( Mall Taman Palem,Citra land, Mall Puri ,Mall Daan  Mogot , lippo Mall Puri )...",2191163.0,-857829.6666666667,-0.4968,39.1,-1.52,Deep Value Deal (Rare Find),"Studio,.Sewa Setahun... Semi.furnish.",,unresolved
LST-00172,Madison Park • 1BR Furnished (29 m²),https://www.rumah123.com/properti/jakarta-barat-tanjung-duren-selatan/1br-furnished-apartemen-madison-park-mall-central-park-apr7779960/,Jakarta Barat,DKI Jakarta,Tanjung Duren Selatan,"Central Park Residences, Tanjung Duren Selatan, Jakarta Barat",Apartemen,4375000.0,150862.06896551725,yearly,1,1,Studio / 1BR,29.0,4.688128398856474,2.350989517606459,Stasiun KRL Tanah Abang,Tier 1: Core Urban Center (<7km),0,0,0,0,0,0,0,0,0,0,0,0,-6.177889693289302,106.79115881495704,listing,0,https://picture.rumah123.com/r123-images/360x210-crop/customer/911010/619a33b8c46a333341c19638d215b4fd.jpg,"Disewakan CEPAT dan SEGERA 1BR Furnished Apartemen Madison Park @ Podomoro City - Mall Central Park =   -) Size = 29,74 m2 -) Lantai = Bawah -) Kon...",4284667.0,90333.0,0.0209,-2.1,0.06,Fair Market Price,1Br Furnished Apartemen Madison Park - Mall Central Park,Madison Park,exact
LST-00173,Condominium Taman Anggrek • 2BR Full Furnished (50 m²),https://www.rumah123.com/properti/jakarta-barat-grogol/di-sewakan-apartemen-taman-anggrek-residences-2-bedroom-full-furnish-apr7844370/,Jakarta Barat,DKI Jakarta,Grogol,"Taman Anggrek Residences, Grogol, Jakarta Barat",Apartemen,6166666.666666667,123333.33333333334,yearly,2,1,2 Bedroom,50.0,6.075792440751978,3.373348162312078,Stasiun KRL Tanah Abang,Tier 1: Core Urban Center (<7km),1,0,0,0,0,0,1,0,0,0,0,0,-6.16184,106.791901,listing,0,https://picture.rumah123.com/r123-images/360x210-crop/customer/1628187/d6e344696bae862164955712c1ff7fa3.jpg,Di Sewakan Apartemen Taman Anggrek Residences  Tipe : 2BR  Luas : 50 m2  Kondisi : Full Furnish  Fasilitas :  - Kolam Renang out dor  - Kolam Renan...,6280314.0,-113647.33333333302,-0.0183,1.8,-0.06,Fair Market Price,Di Sewakan Apartemen Taman Anggrek Residences 2 Bedroom Full Furnish,Condominium Taman Anggrek,exact
LST-00174,Condominium Taman Anggrek • 2BR Full Furnished (50 m²),https://www.rumah123.com/properti/jakarta-barat-grogol-petamburan/di-sewakan-apartemen-taman-anggrek-residences-2-bedroom-full-furnish-apr7844364/,Jakarta Barat,DKI Jakarta,Grogol Petamburan,"Taman Anggrek Residences, Grogol Petamburan, Jakarta Barat",Apartemen,6250000.0,125000.0,yearly,2,1,2 Bedroom,50.0,6.540353786002351,3.942065326563764,Stasiun KRL Tanah Abang,Tier 1: Core Urban Center (<7km),1,0,0,0,0,0,1,0,0,0,0,0,-6.1616793330035495,106.78459023802873,listing,0,https://picture.rumah123.com/r123-images/360x210-crop/customer/1628187/7db306e5e0018210fb3ee6732e1017c4.jpg,Di Sewakan Apartemen Taman Anggrek Residences  Tipe : 2BR  Luas : 50 m2  Kondisi : Full Furnish  Fasilitas :  - Kolam Renang out dor  - Kolam Renan...,5790302.0,459698.0,0.0764,-7.9,0.23,Fair Market Price,Di Sewakan Apartemen Taman Anggrek Residences 2 Bedroom Full Furnish,Condominium Taman Anggrek,exact
LST-00175,Condominium Taman Anggrek • Studio Furnished (26 m²),https://www.rumah123.com/properti/jakarta-barat-tanjung-duren-selatan/disewakan-studio-full-fursh-taman-anggrek-residence-apr7785039/,Jakarta Barat,DKI Jakarta,Tanjung Duren Selatan,"Taman Anggrek Residences, Tanjung Duren Selatan, Jakarta Barat",Apartemen,4083333.3333333335,157051.28205128206,yearly,1,1,Studio / 1BR,26.0,4.524603664667863,2.2821028413396456,Stasiun KRL Tanah Abang,Tier 1: Core Urban Center (<7km),0,0,0,0,0,0,0,0,0,0,0,0,-6.179964644888827,106.7911214917424,listing,0,https://picture.rumah123.com/r123-images/360x210-crop/customer/1354111/61be1b8af8da43330aaa529faaae019e.jpg,"Apartemen Taman Anggrek Residences, Jakarta Barat  Lokasi Strategis di Kawasan Central Park Mall Podomoro City Kawasan Taman Anggrek Agung Sedayu G...",4315315.0,-231981.6666666665,-0.0553,5.4,-0.17,Fair Market Price,Disewakan Studio Full Fursh Taman Anggrek Residence,Condominium Taman Anggrek,exact
LST-00176,Madison Park • 1BR Full Furnished (29 m²),https://www.rumah123.com/properti/jakarta-barat-central-park/disewakan-1br-unfurnished-apartemen-madison-park-lokasi-strategis-dekat-mall-central-park-dan-dekat-universitas-apr7838357/,Jakarta Barat,DKI Jakarta,Central Park,"Central Park Residences, Central Park, Jakarta Barat",Apartemen,3750000.0,129310.3448275862,yearly,1,1,Studio / 1BR,29.0,4.7633463918655625,2.40091462710712,Stasiun KRL Tanah Abang,Tier 1: Core Urban Center (<7km),1,0,1,0,0,0,1,1,0,0,0,1,-6.177137,106.790977,listing,0,https://picture.rumah123.com/r123-images/360x210-crop/customer/1765574/1fad2b3da7b339db367fdc30d74495fd.jpg,"Fully Furnished  Desain modern, rapi dan terawat    Fasilitas Apartemen:  Kolam renang & gym  Taman bermain anak  Area parkir luas & 24 jam securit...",4360001.0,-610001.0,-0.1507,14.0,-0.46,Fair Market Price,Disewakan 1Br Unfurnished Apartemen Madison Park Lokasi Strategis Dekat Mall Central Park dan Dekat Universitas,Madison Park,exact
LST-00177,Unresolved • Meruya • 2BR Full Furnished (80 m²),https://www.rumah123.com/properti/jakarta-barat-meruya/apartment-2-br-fully-furnished-at-high-floor-at-19fl-out-of-21-fldi-meruya-jakarta-barat-apr7347928/,Jakarta Barat,DKI Jakarta,Meruya,"Puri Park View Meruya, Meruya, Jakarta Barat",Apartemen,9000000.0,112500.0,yearly,2,2,2 Bedroom,80.0,9.836894744842825,8.836386191257029,Stasiun KRL Tanah Abang,Tier 2: Inner Ring Metro (7-15km),1,0,0,0,0,0,0,0,0,0,0,0,-6.19665,106.731857,listing,0,https://picture.rumah123.com/r123-images/360x210-crop/customer/801639/d206f59df91a7391afe54afaf97cdb9c.jpg,"Kesempatan terbatas buat Anda dapatkan apartemen strategis dengan return investasi tinggi di Meruya, Jakarta Barat.  Apartemen ini menawarkan lokas...",7791164.0,1208836.0,0.1442,-15.5,0.44,Fair Market Price,Apartment 2 Br Fully Furnished At High Floor At 19Fl Out Of 21 Fl)Di Meruya Jakarta Barat,,unresolved
LST-00178,Condominium Taman Anggrek • 2BR Furnished (50 m²),https://www.rumah123.com/properti/jakarta-barat-taman-anggrek/taman-anggrek-residence-suite-2-bedroom-minimalis-furnish-gresss-apr2131890/,Jakarta Barat,DKI Jakarta,Taman Anggrek,"Taman Anggrek Residences, Taman Anggrek, Jakarta Barat",Apartemen,6666666.666666667,133333.33333333334,yearly,2,1,2 Bedroom,50.0,4.610219595941524,2.4387411788181472,Stasiun KRL Tanah Abang,Tier 1: Core Urban Center (<7km),0,0,0,0,0,0,1,0,0,0,0,0,-6.180502,106.78952,subdistrict_centroid,1,https://pic.rumah123.com/r123/360x210-crop/apartment/ap21/2131890/original/apr2131890-apartemen-di-sewa-di-taman-anggrek-jakarta-barat-15807102430203.jpg,Facility:Luxurious main lobbyReception deskAccess 24-hours securityOutdoor & indoor swimming poolExtension Mall Taman Anggrek in ApartmentSky bridg...,6417259.0,249407.6666666669,0.0381,-3.9,0.12,Fair Market Price,"Taman Anggrek Residence Suite 2 Bedroom Minimalis Furnish, Gresss !",Condominium Taman Anggrek,exact
LST-00179,Condominium Taman Anggrek • Studio Furnished (26 m²),https://www.rumah123.com/properti/jakarta-barat-taman-anggrek/taman-anggrek-residence-suite-studio-furnish-minimalis-cukup-siapkan-koper-anda-apr1998907/,Jakarta Barat,DKI Jakarta,Taman Anggrek,"Taman Anggrek Residences, Taman Anggrek, Jakarta Barat",Apartemen,3750000.0,144230.76923076922,yearly,1,1,Studio / 1BR,26.0,4.610219595941524,2.4387411788181472,Stasiun KRL Tanah Abang,Tier 1: Core Urban Center (<7km),0,0,0,0,0,0,1,1,0,0,0,0,-6.180502,106.78952,subdistrict_centroid,1,https://pic.rumah123.com/r123/360x210-crop/apartment/ap19/1998907/original/apr1998907-apartemen-di-sewa-di-taman-anggrek-jakarta-barat-15732822220294.jpg,"Facility: Swimming pool, fitness center, children pool, sky lobby, multi purpose hall, reception, sky garden, tenant direction, playground, sky Ter...",4161964.0,-411964.0,-0.1042,9.9,-0.32,Fair Market Price,"Taman Anggrek Residence Suite Studio Furnish Minimalis, Cukup Siapkan Koper Anda !!",Condominium Taman Anggrek,exact
LST-00180,Condominium Taman Anggrek • Studio Semi Furnished (26 m²),https://www.rumah123.com/properti/jakarta-barat-taman-anggrek/apartemen-tipe-studio-semi-furnished-taman-anggrek-residences-di-tanjung-durenjakarta-barat-apr1892794/,Jakarta Barat,DKI Jakarta,Taman Anggrek,"Taman Anggrek Residences, Taman Anggrek, Jakarta Barat",Apartemen,3333333.333333333,128205.12820512822,yearly,0,1,Studio / 1BR,26.0,4.610219595941524,2.4387411788181472,Stasiun KRL Tanah Abang,Tier 1: Core Urban Center (<7km),0,1,0,0,0,0,0,0,0,0,0,0,-6.180502,106.78952,subdistrict_centroid,1,https://pic.rumah123.com/r123/360x210-crop/apartment/ap18/1892794/original/apr1892794-apartemen-di-sewa-di-taman-anggrek-jakarta-barat-15968837158305.jpg,"Apartemen ,Siap Huni,Harga Terjangkau Size : 26m2  1 Bathroom  Semi Furnished  ******** : Strategic Location near Mall Taman Anggrek and Centra...",3685324.0,-351990.666666667,-0.1004,9.6,-0.31,Fair Market Price,"Apartemen Tipe Studio Semi Furnished Taman Anggrek Residences di Tanjung Duren,Jakarta Barat",Condominium Taman Anggrek,exact
LST-00181,Condominium Taman Anggrek • 2BR Full Furnished (50 m²),https://www.rumah123.com/properti/jakarta-barat-taman-anggrek/apartemen-2br-minimalis-di-tanjung-duren-jakarta-barat-apr2019996/,Jakarta Barat,DKI Jakarta,Taman Anggrek,"Condominium Taman Anggrek, Taman Anggrek, Jakarta Barat",Apartemen,7083333.333333333,141666.66666666666,yearly,2,1,2 Bedroom,50.0,4.610219595941524,2.4387411788181472,Stasiun KRL Tanah Abang,Tier 1: Core Urban Center (<7km),1,0,0,0,0,0,0,0,0,0,0,0,-6.180502,106.78952,subdistrict_centroid,1,https://picture.rumah123.com/r123-images/360x210-crop/customer/1049879/2022-10-17-06-44-43-3c8585e1-1d41-497e-bd49-6d44c83adb89.jpg,"2BR Apartemen TA Residences Minimalis dan Baru Size : 50m2 Full Furnished  ******** : Strategic Location near Mall Taman Anggrek and Central P...",6812082.0,271251.333333333,0.039,-4.0,0.12,Fair Market Price,Apartemen 2BR Minimalis di Tanjung Duren Jakarta Barat,Condominium Taman Anggrek,exact
LST-00182,Unresolved • Cengkareng Tower G • Studio Unfurnished (24 m²),https://www.rumah123.com/properti/jakarta-barat-cengkareng/disewahkan-cepat-studio-kosongan-ada-ac-di-tower-ggedung-baru-apr7487951/,Jakarta Barat,DKI Jakarta,Cengkareng,"Puri Orchard Apartment, Cengkareng, Jakarta Barat",Apartemen,1333333.3333333333,55555.55555555556,yearly,0,1,Studio / 1BR,24.0,10.592735671537351,8.35098071288016,Stasiun KRL Tanah Abang,Tier 2: Inner Ring Metro (7-15km),0,0,1,1,0,0,0,0,0,0,0,0,-6.15072,106.744049,listing,0,https://picture.rumah123.com/r123-images/360x210-crop/customer/1702207/a5fec1f7737972464097a72d32a08f7c.jpg,"Apartemen 9 lantai di Cengkareng, Jakarta Barat.  Disewakan di wilayah yang tenang. Dengan rinciannya adalah sebagai berikut:   - Kamar Mandi: 1   ...",2534924.0,-1201590.6666666667,-0.6425,47.4,-1.97,Deep Value Deal (Rare Find),"Disewahkan Cepat ,Studio Kosongan Ada Ac .Di Tower G.gedung Baru.",,unresolved
LST-00183,Unresolved • Tanjung Duren Tower Edelweiss • 2BR Full Furnished (49 m²),https://www.rumah123.com/properti/jakarta-barat-tanjung-duren/disewakan-apartemen-medit-2-tower-edelweiss-lt-31-view-pool-2br-full-furnished-apr7787663/,Jakarta Barat,DKI Jakarta,Tanjung Duren,"Mediterania Garden Residences 2, Tanjung Duren, Jakarta Barat",Apartemen,5416666.666666667,110544.21768707484,yearly,2,1,2 Bedroom,49.0,5.1099202936938335,3.072583709759156,Stasiun KRL Tanah Abang,Tier 1: Core Urban Center (<7km),1,0,0,0,0,0,1,0,0,0,0,0,-6.18036,106.783691,listing,0,https://picture.rumah123.com/r123-images/360x210-crop/customer/4398584/f9cf39efecef21bc231af400b715f2ea.jpg,"DISEWAKAN APARTEMEN MEDITERANIA GARDEN RESIDENCE 2 - TOWER EDELWEISS  Unit nyaman di Tower Edelweiss, lantai 31 dengan view kolam renang (pool view...",6304917.0,-888250.333333333,-0.1518,14.1,-0.46,Fair Market Price,Disewakan Apartemen Medit 2 Tower Edelweiss LT 31 View Pool 2Br Full Furnished,,unresolved
LST-00184,Madison Park • 2BR Furnished (49 m²),https://www.rumah123.com/properti/jakarta-barat-tanjung-duren-selatan/ready-survey-sewa-2-bedroom-apartemen-madison-park-tanjung-duren-selatan-furnished-lengkap-rapi-nyaman-fasilitas-apr7812305/,Jakarta Barat,DKI Jakarta,Tanjung Duren Selatan,"Madison Park Apartment, Tanjung Duren Selatan, Jakarta Barat",Apartemen,6250000.0,127551.02040816328,yearly,2,1,2 Bedroom,49.0,4.716486397173777,2.4566182493859112,Stasiun KRL Tanah Abang,Tier 1: Core Urban Center (<7km),0,0,0,1,0,0,0,0,0,0,0,0,-6.17882,106.789818,listing,0,https://picture.rumah123.com/r123-images/360x210-crop/customer/1142029/da4be541811398ab9a0b7806c582edf2.jpg,Ready Survey 2BR Madison Park Furnish Lengkap Tanjung Duren  Furnish: - AC - Kitchen Cabinet - Cookerhood - Kulkas - Meja Makan & Kursi - Sofa - Ra...,4747545.0,1502455.0,0.275,-31.6,0.84,Premium / High Price,"Ready Survey! Sewa 2 Bedroom Apartemen Madison Park Tanjung Duren Selatan Furnished Lengkap, Rapi & Nyaman, Fasilitas Lengkap",Madison Park,exact
LST-00185,Unresolved • Cengkareng • 2BR Full Furnished (48 m²),https://www.rumah123.com/properti/jakarta-barat-cengkareng/disewakan-2-bedroom-apartemen-green-sedayu-taman-palem-jakarta-barat-fully-furnished-fasilitas-lengkap-lokasi-strategis-apr7812122/,Jakarta Barat,DKI Jakarta,Cengkareng,"Green Sedayu Tambora, Cengkareng, Jakarta Barat",Apartemen,5833333.333333333,121527.77777777777,yearly,2,1,2 Bedroom,48.0,11.191303974360595,9.052388288360548,Stasiun KRL Tanah Abang,Tier 2: Inner Ring Metro (7-15km),1,0,0,0,0,0,0,0,0,0,0,0,-6.15224905,106.7362572,listing,0,https://picture.rumah123.com/r123-images/360x210-crop/customer/1142029/dae3ebbcda71fb05243d097f65bf3ce2.jpg,Rekomendasi Sewa Apartemen Jakarta Barat - 2BR Green Sedayu Furnished & Siap Huni   SPESIFIKASI UNIT Tipe: 2 Bedroom Luas: 48 m² Kamar Tidur: 2 Ka...,4657367.0,1175966.333333333,0.2251,-25.2,0.69,Fair Market Price,"Disewakan 2 Bedroom Apartemen Green Sedayu Taman Palem Jakarta Barat Fully Furnished, Fasilitas Lengkap, Lokasi Strategis Dekat Mall Green Sedayu",,unresolved
LST-00186,West Vista Puri • 2BR Full Furnished (59 m²),https://www.rumah123.com/properti/jakarta-barat-cengkareng/hunian-premium-jakarta-barat-sewa-2-bedroom-the-crest-west-vista-puri-full-furnished-city-view-dekat-toll-jorr-lippo-apr7810763/,Jakarta Barat,DKI Jakarta,Cengkareng,"West Vista Puri, Cengkareng, Jakarta Barat",Apartemen,5666666.666666667,96045.197740113,yearly,2,1,2 Bedroom,59.0,11.191303974360595,9.052388288360548,Stasiun KRL Tanah Abang,Tier 2: Inner Ring Metro (7-15km),1,0,0,0,0,0,0,0,0,0,0,0,-6.15224905,106.7362572,listing,0,https://picture.rumah123.com/r123-images/360x210-crop/customer/1142029/51d1984f1179df593240d20c9505261d.jpg,"Hunian Premium Jakarta Barat! Sewa 2BR The Crest West Vista Puri Furnished City View Dekat Toll JORR, Lippo Mall Puri & Bandara Soetta.  Detail Uni...",5966861.0,-300194.333333333,-0.0516,5.0,-0.16,Fair Market Price,"Hunian Premium Jakarta Barat! Sewa 2 Bedroom The Crest West Vista Puri Full Furnished City View Dekat Toll Jorr, Lippo Mall Puri & Bandara Soetta.",West Vista Puri,exact
LST-00187,Condominium Taman Anggrek • 2BR Furnished (49 m²),https://www.rumah123.com/properti/jakarta-barat-taman-anggrek/sewa-apartemen-2-bedroom-madison-park-49m-furnished-lengkap-ready-survey-jakarta-barat-dekat-mall-central-park-apr7812251/,Jakarta Barat,DKI Jakarta,Taman Anggrek,"Condominium Taman Anggrek, Taman Anggrek, Jakarta Barat",Apartemen,6250000.0,127551.02040816328,yearly,2,1,2 Bedroom,49.0,4.610219595941524,2.4387411788181472,Stasiun KRL Tanah Abang,Tier 1: Core Urban Center (<7km),0,0,0,1,0,0,0,0,0,0,0,0,-6.180502,106.78952,listing,0,https://picture.rumah123.com/r123-images/360x210-crop/customer/1142029/0651e4f0e06602dc59331351a80bd9a3.jpg,Sewa Apartemen 2BR Madison Park 49m² Furnished Lengkap Ready Survey Jakarta Barat    Furnish: - AC - Kitchen Cabinet - Cookerhood - Kulkas - Meja ...,4855598.0,1394402.0,0.2524,-28.7,0.77,Premium / High Price,Sewa Apartemen 2 Bedroom Madison Park 49M² Furnished Lengkap Ready Survey Jakarta Barat Dekat Mall Central Park,Condominium Taman Anggrek,exact
LST-00188,Condominium Taman Anggrek • 1BR Semi Furnished (30 m²),https://www.rumah123.com/properti/jakarta-barat-taman-anggrek/sewa-apartemen-1-bedroom-madison-park-partially-furnished-fasilitas-lengkap-homey-siap-huni-dekat-mall-central-park-apr7810348/,Jakarta Barat,DKI Jakarta,Taman Anggrek,"Condominium Taman Anggrek, Taman Anggrek, Jakarta Barat",Apartemen,4416666.666666667,147222.22222222222,yearly,1,1,Studio / 1BR,30.0,4.610219595941524,2.4387411788181472,Stasiun KRL Tanah Abang,Tier 1: Core Urban Center (<7km),0,1,0,0,0,0,0,0,0,0,0,0,-6.180502,106.78952,listing,0,https://picture.rumah123.com/r123-images/360x210-crop/customer/1142029/a627c98032396ebf9b6a43f7914951ad.jpg,"Sewa Apartemen 1BR Madison Park Semi Furnished, Homey & Siap Huni Dekat Central Park  Spesifikasi Unit: Luas: 30m² 1 Kamar Tidur 1 Kamar Mandi Day...",3915459.0,501207.666666667,0.1205,-12.8,0.37,Fair Market Price,"Sewa Apartemen 1 Bedroom Madison Park Partially Furnished, Fasilitas Lengkap, Homey & Siap Huni Dekat Mall Central Park & Mall Taman Anggrek",Condominium Taman Anggrek,exact
LST-00189,Madison Park • 2BR Furnished (49 m²),https://www.rumah123.com/properti/jakarta-barat-grogol-petamburan/disewakan-2-bedroom-apartemen-madison-park-furnish-lengkap-rapi-bersih-nyaman-fasilitas-lengkap-lokasi-strategis-grogol-apr7812331/,Jakarta Barat,DKI Jakarta,Grogol Petamburan,"Madison Park Apartment, Grogol Petamburan, Jakarta Barat",Apartemen,6250000.0,127551.02040816328,yearly,2,1,2 Bedroom,49.0,6.261790795040544,3.659527673021703,Stasiun KRL Tanah Abang,Tier 1: Core Urban Center (<7km),0,0,0,1,0,0,0,0,0,0,0,0,-6.16343565,106.7864384,listing,0,https://picture.rumah123.com/r123-images/360x210-crop/customer/1142029/3ea55e01dee4437a761db947f6bd8dd1.jpg,"Disewakan 2 Bedroom Apartemen Madison Park Furnish Lengkap Rapi Bersih Nyaman, Grogol Petamburan, Jakarta Barat.  Furnish: - AC - Kitchen Cabinet -...",4478452.0,1771548.0,0.3333,-39.6,1.02,Premium / High Price,"Disewakan 2 Bedroom Apartemen Madison Park Furnish Lengkap Rapi Bersih Nyaman, Fasilitas Lengkap Lokasi Strategis Grogol Petamburan, Jakarta Barat.",Madison Park,exact
LST-00190,Madison Park • 1BR Semi Furnished (30 m²),https://www.rumah123.com/properti/jakarta-barat-grogol-petamburan/disewakan-apartemen-luas-30m-1-bedroom-madison-park-jakarta-barat-partially-furnished-homey-siap-huni-fasilitas-apr7810373/,Jakarta Barat,DKI Jakarta,Grogol Petamburan,"Madison Park Apartment, Grogol Petamburan, Jakarta Barat",Apartemen,4416666.666666667,147222.22222222222,yearly,1,1,Studio / 1BR,30.0,6.261790795040544,3.659527673021703,Stasiun KRL Tanah Abang,Tier 1: Core Urban Center (<7km),0,1,0,0,0,0,0,0,0,0,0,0,-6.16343565,106.7864384,listing,0,https://picture.rumah123.com/r123-images/360x210-crop/customer/1142029/beb6be08895dbf5bacf797d481001442.jpg,"Disewakan 1BR Madison Park Jakarta Barat - Semi Furnished, Homey & Siap Huni fasilitas Lengkap  Spesifikasi Unit: Luas: 30m² 1 Kamar Tidur 1 Kamar...",3385167.0,1031499.666666667,0.266,-30.5,0.81,Premium / High Price,"Disewakan Apartemen Luas 30M² 1 Bedroom Madison Park Jakarta Barat - Partially Furnished, Homey, Siap Huni, Fasilitas Lengkap, Lokasi Sangat Strategis",Madison Park,exact
LST-00191,Unresolved • Central Park • Studio Full Furnished (26 m²),https://www.rumah123.com/properti/jakarta-barat-central-park/disewakan-unit-premium-tipe-studio-apartemen-royal-mediterania-garden-residence-apr7828169/,Jakarta Barat,DKI Jakarta,Central Park,"Central Park Residences, Central Park, Jakarta Barat",Apartemen,5000000.0,192307.6923076923,yearly,1,1,Studio / 1BR,26.0,4.7633463918655625,2.40091462710712,Stasiun KRL Tanah Abang,Tier 1: Core Urban Center (<7km),1,0,0,0,0,0,0,0,0,0,0,0,-6.177137,106.790977,listing,0,https://picture.rumah123.com/r123-images/360x210-crop/customer/1123263/8eb9d189f84b85e18e0c052afe8aeb9d.jpg,"Unit studio di Royal Mediterania, Tower Favorit, dengan posisi lantai tinggi dan kondisi full furnished. Lokasi strategis dengan fasilitas aparteme...",4497058.0,502942.0,0.106,-11.2,0.32,Fair Market Price,Disewakan Unit Premium Tipe Studio Apartemen Royal Mediterania Garden Residence,,unresolved
LST-00192,Puri Mansion • 3BR Semi Furnished (68 m²),https://www.rumah123.com/properti/jakarta-barat-puri-mansion/apartemen-puri-manaion-type-3br-uk-68-m2-semi-furnished-jakarta-barat-apr7468538/,Jakarta Barat,DKI Jakarta,Puri Mansion,"Puri Mansion Apartment, Puri Mansion, Jakarta Barat",Apartemen,4833333.333333333,71078.43137254902,yearly,3,2,3 Bedroom,68.0,10.710352089319846,9.28265282155978,Stasiun KRL Tanah Abang,Tier 2: Inner Ring Metro (7-15km),0,1,0,0,0,0,0,0,0,0,0,0,-6.181338,106.727135,listing,0,https://picture.rumah123.com/r123-images/360x210-crop/customer/1995719/426db7b1b97ea8f1a3c8b6a206411f7e.jpg,Disewakan  Apartemen puri mansion  Type.      3 BR  UK.          68M2 Lantai.    30'an   harga 60 juta/Tahun  harga di luar ipl  air & listrik  par...,5771351.0,-938017.666666667,-0.1774,16.3,-0.54,Fair Market Price,Apartemen Puri Manaion Type 3Br Uk 68 M2 Semi Furnished Jakarta Barat,Puri Mansion,exact
LST-00193,Puri Mansion • Studio Full Furnished (26 m²),https://www.rumah123.com/properti/jakarta-barat-puri-mansion/disewakan-apartemen-puri-mansion-type-studio-uk-26m2-fully-furnished-jakarta-barat-apr7800422/,Jakarta Barat,DKI Jakarta,Puri Mansion,"Puri Mansion Apartment, Puri Mansion, Jakarta Barat",Apartemen,3166666.6666666665,121794.87179487178,yearly,0,1,Studio / 1BR,26.0,10.710352089319846,9.28265282155978,Stasiun KRL Tanah Abang,Tier 2: Inner Ring Metro (7-15km),1,0,0,0,0,0,0,0,0,0,0,1,-6.181338,106.727135,listing,0,https://picture.rumah123.com/r123-images/360x210-crop/customer/1995719/ee91bcf9ad55f688838ee19928c2d1e5.jpg,Disewakan  Apartemen puri mansion  Type.   Studio  UK.       26M2  Lantai.   30'an  Harga 38 juta/Tahun  Harga di luar ipl  air & listrik  parkir k...,2946733.0,219933.6666666665,0.072,-7.5,0.22,Fair Market Price,Disewakan Apartemen Puri Mansion Type Studio Uk 26M2 Fully Furnished Jakarta Barat,Puri Mansion,exact
LST-00194,Neo Soho • Studio Full Furnished (97 m²),https://www.rumah123.com/properti/jakarta-barat-central-park/neo-soho-office-furnished-siap-pakai-untuk-kantor-eksklusif-apr7830067/,Jakarta Barat,DKI Jakarta,Central Park,"Central Park Residences, Central Park, Jakarta Barat",Apartemen,14583333.333333334,150343.64261168384,yearly,0,1,Studio / 1BR,97.0,4.7633463918655625,2.40091462710712,Stasiun KRL Tanah Abang,Tier 1: Core Urban Center (<7km),0,0,0,0,0,0,0,0,0,0,0,0,-6.177137,106.790977,listing,0,https://picture.rumah123.com/r123-images/360x210-crop/customer/869127/ae2d7e8052f643dcdad4bfdbd3a60afa.jpg,Disewakan Neo Soho Residence 2 lantai full interior kantor Luas : 97 m2 Lantai 1 - Office Room & Pantry Lantai 2 - Meeting Room Meja Kursi kantor l...,10979093.0,3604240.333333334,0.2839,-32.8,0.87,Premium / High Price,Neo Soho Office Furnished Siap Pakai untuk Kantor Eksklusif,Neo Soho,exact
LST-00195,Condominium Taman Anggrek • Studio Furnished (26 m²),https://www.rumah123.com/properti/jakarta-barat-grogol/di-sewakan-apartemen-taman-anggrek-residences-studio-furnish-apr7844377/,Jakarta Barat,DKI Jakarta,Grogol,"Taman Anggrek Residences, Grogol, Jakarta Barat",Apartemen,4000000.0,153846.15384615384,yearly,1,1,Studio / 1BR,26.0,6.075792440751978,3.373348162312078,Stasiun KRL Tanah Abang,Tier 1: Core Urban Center (<7km),0,0,0,0,0,0,0,0,0,0,0,0,-6.16184,106.791901,listing,0,https://picture.rumah123.com/r123-images/360x210-crop/customer/1628187/b08d6926560e0917042c93c4cabada19.jpg,"Di Sewakan Apartemen Taman Anggrek Residences, Jakarta Barat  Lokasi Strategis di Kawasan Central Park Mall Podomoro City Kawasan Taman Anggrek Agu...",4032518.0,-32518.0,-0.0081,0.8,-0.02,Fair Market Price,Di Sewakan Apartemen Taman Anggrek Residences Studio Furnish,Condominium Taman Anggrek,exact
LST-00196,Condominium Taman Anggrek • 1BR Furnished (38 m²),https://www.rumah123.com/properti/jakarta-barat-taman-anggrek/disewakan-taman-anggrek-residences-1-bedroom-furnished-nice-apr7820418/,Jakarta Barat,DKI Jakarta,Taman Anggrek,"Taman Anggrek Residences, Taman Anggrek, Jakarta Barat",Apartemen,5833333.333333333,153508.77192982455,yearly,1,1,Studio / 1BR,38.0,4.610219595941524,2.4387411788181472,Stasiun KRL Tanah Abang,Tier 1: Core Urban Center (<7km),0,0,0,0,0,0,0,0,0,0,0,0,-6.180502,106.78952,listing,0,https://picture.rumah123.com/r123-images/360x210-crop/customer/41967/5dc6719680ae7bd96a663f1fae068929.jpg,For rent Taman Anggrek Residences 1 bedroom luas 38m Furnished nice Harga 70 juta /tahun  For more information Hans 0878xxxxxxxx,4628000.0,1205333.333333333,0.2315,-26.0,0.71,Fair Market Price,Disewakan Taman Anggrek Residences 1 Bedroom Furnished Nice,Condominium Taman Anggrek,exact
LST-00197,Condominium Taman Anggrek • 3BR Furnished (65 m²),https://www.rumah123.com/properti/jakarta-barat-tanjung-duren-selatan/disewakan-apartemen-3-br-furnished-di-taman-anggrek-residences-apr7838287/,Jakarta Barat,DKI Jakarta,Tanjung Duren Selatan,"Taman Anggrek Residences, Tanjung Duren Selatan, Jakarta Barat",Apartemen,8333333.333333333,128205.1282051282,yearly,3,2,3 Bedroom,65.0,4.716486397173777,2.4566182493859112,Stasiun KRL Tanah Abang,Tier 1: Core Urban Center (<7km),0,0,0,0,0,0,0,0,0,0,0,0,-6.17882,106.789818,listing,0,https://picture.rumah123.com/r123-images/360x210-crop/customer/1278127/45ce0c3d23d4f742c7d0b56ae6f030f1.jpg,"Rasakan kenyamanan tinggal di Mediterania Garden Residences 1, apartemen berfasilitas lengkap yang terletak di kawasan Podomoro City. Cocok untuk k...",8666903.0,-333569.666666667,-0.0392,3.8,-0.12,Fair Market Price,Disewakan Apartemen 3 BR Furnished di Taman Anggrek Residences,Condominium Taman Anggrek,exact
LST-00198,Unresolved • Tanjung Duren Selatan • 3BR Furnished (70 m²),https://www.rumah123.com/properti/jakarta-barat-tanjung-duren-selatan/sewa-apartemen-furnished-3-br-di-mediterania-garden-residences-2-apr7838434/,Jakarta Barat,DKI Jakarta,Tanjung Duren Selatan,"Central Park Residences, Tanjung Duren Selatan, Jakarta Barat",Apartemen,7083333.333333333,101190.47619047618,yearly,3,2,3 Bedroom,70.0,4.716486397173777,2.4566182493859112,Stasiun KRL Tanah Abang,Tier 1: Core Urban Center (<7km),0,0,0,0,0,0,0,0,0,0,0,0,-6.17882,106.789818,listing,0,https://picture.rumah123.com/r123-images/360x210-crop/customer/1278127/a4ee2d659b127667a913b8f727378673.jpg,"MGR 2 menghadirkan apartemen modern dengan fasilitas lengkap dan akses langsung ke pusat kota. Dikelilingi oleh mall ternama (Central Park, Neo Soh...",9024171.0,-1940837.666666667,-0.2422,21.5,-0.74,Fair Market Price,Sewa Apartemen Furnished 3 BR di Mediterania Garden Residences 2,,unresolved
LST-00199,Unresolved • Tanjung Duren Selatan • Studio Furnished (26 m²),https://www.rumah123.com/properti/jakarta-barat-tanjung-duren-selatan/sewa-apartemen-studio-di-royal-mediterania-garden-residences-apr7838463/,Jakarta Barat,DKI Jakarta,Tanjung Duren Selatan,"Mediterania Garden Residences, Tanjung Duren Selatan, Jakarta Barat",Apartemen,4166666.6666666665,160256.41025641025,yearly,1,1,Studio / 1BR,26.0,4.716486397173777,2.4566182493859112,Stasiun KRL Tanah Abang,Tier 1: Core Urban Center (<7km),0,0,0,0,0,0,0,0,0,0,0,0,-6.17882,106.789818,listing,0,https://picture.rumah123.com/r123-images/360x210-crop/customer/1278127/f253f6edcfb3b0bf889291c0384e04a7.jpg,"Hunian Dua tower (Lavender & Marigold) gaya Mediterranean dengan suasana mewah, akses langsung ke pusat perbelanjaan, dan fasilitas kelas atas, Roy...",4309106.0,-142439.3333333335,-0.0336,3.3,-0.1,Fair Market Price,Sewa Apartemen Studio di Royal Mediterania Garden Residences,,unresolved
LST-00200,Neo Soho • 1BR Unfurnished (104 m²),https://www.rumah123.com/properti/jakarta-barat-tanjung-duren-selatan/disewakan-apartemen-unfurnished-di-neo-soho-luas-10429m2-apr7846234/,Jakarta Barat,DKI Jakarta,Tanjung Duren Selatan,"Neo SOHO Central Park, Tanjung Duren Selatan, Jakarta Barat",Apartemen,9916666.666666666,95352.5641025641,yearly,1,2,Studio / 1BR,104.0,4.716486397173777,2.4566182493859112,Stasiun KRL Tanah Abang,Tier 1: Core Urban Center (<7km),0,0,1,0,0,0,0,0,0,0,0,0,-6.17882,106.789818,listing,0,https://picture.rumah123.com/r123-images/360x210-crop/customer/1278127/2153f087a49daab91bc71862a92fb78f.jpg,"Location: Jl. Tanjung Duren Raya, Grogol Jakarta Barat  Size : 97,37 Net / 104,29 Gross m² Bedroom : 1 Bathroom : 2 Rent Price : Rp 119.000.000,-/...",12366431.0,-2449764.333333334,-0.2208,19.8,-0.68,Fair Market Price,"Disewakan Apartemen Unfurnished di Neo Soho - Luas 104,29M2",Neo Soho,exact
LST-00201,Unresolved • Tanjung Duren Selatan • 2BR Furnished (42 m²),https://www.rumah123.com/properti/jakarta-barat-tanjung-duren-selatan/disewakan-apartemen-furnished-di-mediterania-garden-residences-2-apr7847606/,Jakarta Barat,DKI Jakarta,Tanjung Duren Selatan,"Central Park Residences, Tanjung Duren Selatan, Jakarta Barat",Apartemen,5416666.666666667,128968.25396825398,yearly,2,1,2 Bedroom,42.0,4.716486397173777,2.4566182493859112,Stasiun KRL Tanah Abang,Tier 1: Core Urban Center (<7km),0,0,0,0,0,0,0,0,0,0,0,0,-6.17882,106.789818,listing,0,https://picture.rumah123.com/r123-images/360x210-crop/customer/1278127/5ececf25af6f343cd95eeaff2cf60c83.jpg,"MGR 2 menghadirkan apartemen modern dengan fasilitas lengkap dan akses langsung ke pusat kota. Dikelilingi oleh mall ternama (Central Park, Neo Soh...",6240720.0,-824053.333333333,-0.1416,13.2,-0.43,Fair Market Price,Disewakan Apartemen Furnished di Mediterania Garden Residences 2,,unresolved
LST-00202,Unresolved • Tanjung Duren • 2BR Full Furnished (42 m²),https://www.rumah123.com/properti/jakarta-barat-tanjung-duren/apt-medit-2-disewakan-rapih-full-furnished-cakepp-siap-huni-apr7819063/,Jakarta Barat,DKI Jakarta,Tanjung Duren,"Mediterania Garden Residences 2, Tanjung Duren, Jakarta Barat",Apartemen,7000000.0,166666.66666666666,monthly,2,1,2 Bedroom,42.0,5.1099202936938335,3.072583709759156,Stasiun KRL Tanah Abang,Tier 1: Core Urban Center (<7km),1,0,0,0,0,0,0,0,0,0,0,0,-6.18036,106.783691,listing,0,https://picture.rumah123.com/r123-images/360x210-crop/customer/4377120/9787c956f14832c5f1409a5421cca2c3.jpg,DIsewakan  Apt Medit 2 TjDuren 2BR luas 42m² Fullfurnished Cakep rapih Siap huni Tower Kenanga Lt rendah Ready 15sept  Hrg *68jt/thn negoo..   Ant...,5501892.0,1498108.0,0.2408,-27.2,0.74,Fair Market Price,Apt Medit 2 Disewakan Rapih Full Furnished Cakepp Siap Huni,,unresolved
LST-00203,Condominium Taman Anggrek • 3BR Semi Furnished (65 m²),https://www.rumah123.com/properti/jakarta-barat-taman-anggrek/sewa-taman-anggrek-residence-3br-semi-furnish-apr7850725/,Jakarta Barat,DKI Jakarta,Taman Anggrek,"Taman Anggrek Residences, Taman Anggrek, Jakarta Barat",Apartemen,6666666.666666667,102564.10256410256,yearly,3,2,3 Bedroom,65.0,4.610219595941524,2.4387411788181472,Stasiun KRL Tanah Abang,Tier 1: Core Urban Center (<7km),0,1,0,0,0,0,0,0,0,0,0,0,-6.180502,106.78952,listing,0,https://picture.rumah123.com/r123-images/360x210-crop/customer/1607914/b99b743fb3211e81424babb1f1d86845.jpg,Disewakan cepat paling murah  taman anggrek residence 3 br 2 kamar mandi 65 m2 bagus semi furnish  harga 80 jt saja,8515853.0,-1849186.333333333,-0.2448,21.7,-0.75,Good Deal (Undervalued),Sewa Taman Anggrek Residence 3Br Semi Furnish Paling Murah,Condominium Taman Anggrek,exact
LST-00204,Puri Mansion • 2BR Full Furnished (63 m²),https://www.rumah123.com/properti/jakarta-barat-cengkareng/apartemen-puri-mansion-full-furnish-apr7847517/,Jakarta Barat,DKI Jakarta,Cengkareng,"Puri Mansion Apartment, Cengkareng, Jakarta Barat",Apartemen,6250000.0,99206.3492063492,yearly,2,2,2 Bedroom,63.0,11.191303974360595,9.052388288360548,Stasiun KRL Tanah Abang,Tier 2: Inner Ring Metro (7-15km),1,0,0,1,0,0,0,0,0,0,1,0,-6.15224905,106.7362572,listing,0,https://picture.rumah123.com/r123-images/360x210-crop/customer/2059454/13c33a381c85b7c9a8d4d8ca6d1cffe1.jpg,"DISEWA Apartemen Puri Mansion Tipe 2+1, Full Furnished  Ukuran: 63m2 KT: 2+1 KM: 2 Lt. 29 View City - Kitchen Set - ⁠AC - ⁠Kompor - ⁠Kulkas -...",4733073.0,1516927.0,0.278,-32.0,0.85,Premium / High Price,Apartemen Puri Mansion Full Furnish,Puri Mansion,exact
LST-00205,Unresolved • Tanjung Duren • 2BR Furnished (41 m²),https://www.rumah123.com/properti/jakarta-barat-tanjung-duren/disewakan-apartemen-mediterania-2-tanjung-duren-jakarta-barat-apr7848345/,Jakarta Barat,DKI Jakarta,Tanjung Duren,"The H Tower Rasuna, Tanjung Duren, Jakarta Barat",Apartemen,5416666.666666667,132113.82113821138,yearly,2,1,2 Bedroom,41.0,5.1099202936938335,3.072583709759156,Stasiun KRL Tanah Abang,Tier 1: Core Urban Center (<7km),0,0,0,0,0,0,1,0,0,0,0,0,-6.18036,106.783691,listing,0,https://picture.rumah123.com/r123-images/360x210-crop/customer/1343705/5b5bcd50b0c007e0c32be27a58ba6db9.jpg,DiSewakan : Apartemen Mediterania Residences 2  Furnish Tower : Flamboyan Lantai : Tinggi View : Pool dan City Luas : 41m2   2 K.Tidur sudah di ren...,4311140.0,1105526.666666667,0.2283,-25.6,0.7,Fair Market Price,"Disewakan Apartemen Mediterania 2 Tanjung Duren, Jakarta Barat",,unresolved
LST-00206,Puri Orchard • 1BR Semi Furnished (35 m²),https://www.rumah123.com/properti/jakarta-barat-cengkareng/apartemen-puri-orchard-1br-semi-furnish-disewakan-apr3450409/,Jakarta Barat,DKI Jakarta,Cengkareng,"Puri Orchard Apartment, Cengkareng, Jakarta Barat",Apartemen,2916666.6666666665,83333.33333333333,yearly,1,1,Studio / 1BR,35.0,10.592648045704957,8.350882730974956,Stasiun KRL Tanah Abang,Tier 2: Inner Ring Metro (7-15km),0,1,0,0,0,0,0,0,0,0,0,0,-6.15072,106.74405,listing,0,https://picture.rumah123.com/r123-images/360x210-crop/customer/1886981/d44e695251534469672db6799f31a9be.jpg,Disewakan Apartemen Puri Orchard  LB : 35 m2 KT : 1 KM : 1 Semi Furnish SHM Listrik 2.200 Watt  Harga Sewa : Rp. 35 Jt  Hubungi : Agustina ERA Proj...,2549251.0,367415.6666666665,0.1346,-14.4,0.41,Fair Market Price,Apartemen Puri Orchard 1BR Semi Furnish Disewakan,Puri Orchard,exact
LST-00207,Ciputra International • 2BR Furnished (69 m²),https://www.rumah123.com/properti/jakarta-barat-puri-indah/disewakan-cepat-apartemen-di-ciputra-international-apr3288484/,Jakarta Barat,DKI Jakarta,Puri Indah,"Ciputra International Apartment, Puri Indah, Jakarta Barat",Apartemen,4583333.333333333,66425.12077294686,yearly,2,2,2 Bedroom,69.0,8.871799490960802,7.527029550583822,Stasiun KRL Tanah Abang,Tier 2: Inner Ring Metro (7-15km),0,0,0,1,0,0,0,0,0,0,0,0,-6.18658,106.74292,listing,0,https://picture.rumah123.com/r123-images/360x210-crop/customer/1886981/2024-05-04-07-18-08-9df30a93-80d0-4fb3-a955-3d0eda492bd5.jpg,Disewakan Apartemen Ciputra Internasional Sanfrancisco Jakarta Barat  Type: 2br Uk: 69.07 m2 Kt: 2 Km: 2 Include 3 ac 1 bed 1 kulkas  Harga sewa: 5...,6320848.0,-1737514.666666667,-0.3214,27.5,-0.98,Good Deal (Undervalued),Disewakan Cepat Apartemen di Ciputra International,Ciputra International,exact
LST-00208,Ciputra International • 2BR Full Furnished (76 m²),https://www.rumah123.com/properti/jakarta-barat-cengkareng/disewa-apartemen-ciputra-international-2-kamar-tidur-furnished-bagus-apr3498656/,Jakarta Barat,DKI Jakarta,Cengkareng,"Ciputra International Apartment, Cengkareng, Jakarta Barat",Apartemen,7916666.666666667,104166.66666666669,yearly,2,1,2 Bedroom,76.0,10.592721238713477,8.350967479020781,Stasiun KRL Tanah Abang,Tier 2: Inner Ring Metro (7-15km),1,0,0,0,0,0,0,0,0,0,0,0,-6.150720119476318,106.74404907226562,listing,0,https://picture.rumah123.com/r123-images/360x210-crop/customer/1846684/5b4c852da3f69848f842bd0b41502e73.jpg,"Dijual / Disewa Apartemen Ciputra International Puri Type 2 BR Tower Amsterdam, Lantai 17 Luas 76m2 (Corner) Full Furnished View city Sewa 95jt/th,...",7464030.0,452636.666666667,0.0589,-6.1,0.18,Fair Market Price,Disewa dan Dijual Apartemen Ciputra International 2 Kamar Tidur Furnished Bagusan,Ciputra International,exact
LST-00209,West Vista Puri • Studio Full Furnished (30 m²),https://www.rumah123.com/properti/jakarta-barat-cengkareng/apart-west-vista-jakbar-luas-30m2-full-furnish-siap-huni-apr7474826/,Jakarta Barat,DKI Jakarta,Cengkareng,"West Vista Puri, Cengkareng, Jakarta Barat",Apartemen,3750000.0,125000.0,yearly,0,1,Studio / 1BR,30.0,10.592735671537351,8.35098071288016,Stasiun KRL Tanah Abang,Tier 2: Inner Ring Metro (7-15km),1,0,0,0,0,0,0,0,0,0,0,0,-6.15072,106.744049,listing,0,https://picture.rumah123.com/r123-images/360x210-crop/customer/1049868/79c27a0e0a620220471363c616d03c3e.jpg,Disewakan  Apartemen West Vista Cengkareng Jakarta Barat Lantai : 25 Luas : 30m2 / Studio Kamar mandi : 1 Furnished:  Full Furnish Harga Sewa : 45 ...,3264992.0,485008.0,0.1385,-14.9,0.42,Fair Market Price,Apart West Vista Jakbar Luas 30M2 Full Furnish Siap Huni,West Vista Puri,exact
LST-00210,Green Royal Condo House • 2BR Unfurnished (48 m²),https://www.rumah123.com/properti/jakarta-barat-semanan/unfurnished-apartemen-green-royal-condo-house-apr3466100/,Jakarta Barat,DKI Jakarta,Semanan,"Green Royal Condo House Semanan, Semanan, Jakarta Barat",Apartemen,5200000.0,108333.33333333331,monthly,2,1,2 Bedroom,48.0,13.634525846858953,7.866661714447723,Stasiun KRL Tangerang,Tier 2: Inner Ring Metro (7-15km),0,0,1,0,0,0,0,0,1,0,0,0,-6.168361795258061,106.70356315977172,listing,0,https://picture.rumah123.com/r123-images/360x210-crop/customer/1228541/a4803a5b261c3112e56c0346c31199b1.jpg,"Green Royal Condo House berlokasi strategis, apartemen ini memiliki akses mudah menuju Stasiun Kalideres, Bandara Soekarno-Hatta, serta pusat perbe...",3626230.0,1573770.0,0.3605,-43.4,1.1,Premium / High Price,Unfurnished Apartemen Green Royal Condo House,Green Royal Condo House,exact
LST-00211,Unresolved • Kalideres • 1BR Furnished (48 m²),https://www.rumah123.com/properti/jakarta-barat-kalideres/furnished-apartemen-citralake-suites-dekat-bandara-soekarnohatta-apr2242711/,Jakarta Barat,DKI Jakarta,Kalideres,"CitraLake Suites Kalideres, Kalideres, Jakarta Barat",Apartemen,8100000.0,168750.0,monthly,1,1,Studio / 1BR,48.0,14.889026914316652,10.338648409458711,Stasiun KRL Tangerang,Tier 2: Inner Ring Metro (7-15km),0,0,0,0,0,0,0,0,0,0,0,0,-6.1280307,106.7125811,listing,0,https://picture.rumah123.com/r123-images/360x210-crop/customer/1228541/149c0b2884465a7933cb7b10b470219c.jpg,"CitraLake Suites Apartment menghadirkan hunian modern dan nyaman di kawasan Kalideres, Jakarta Barat, dengan fasilitas gedung lengkap seperti keama...",5188335.0,2911665.0,0.4455,-56.1,1.36,Premium / High Price,Furnished Apartemen Citralake Suites Dekat Bandara Soekarno-Hatta,,unresolved
LST-00212,Grand Madison • 1BR Furnished (51 m²),https://www.rumah123.com/properti/jakarta-barat-grogol/furnished-apartemen-grand-madison-dekat-central-park-mall-apr2512023/,Jakarta Barat,DKI Jakarta,Grogol,"Central Park Residences, Grogol, Jakarta Barat",Apartemen,9400000.0,184313.72549019608,monthly,1,1,Studio / 1BR,51.0,4.879782224014439,2.616694680734327,Stasiun KRL Tanah Abang,Tier 1: Core Urban Center (<7km),0,0,0,0,0,0,0,1,0,0,0,0,-6.1779867014642,106.7885686964,listing,0,https://picture.rumah123.com/r123-images/360x210-crop/customer/1228541/49e03864c1a7b00d5f6ece1272f6fcf8.jpg,"Grand Madison Apartment menghadirkan hunian modern dan nyaman di kawasan Tanjung Duren Selatan dengan fasilitas lengkap seperti pusat kebugaran, da...",7392364.0,2007636.0,0.2403,-27.2,0.74,Fair Market Price,Furnished Apartemen Grand Madison Dekat Central Park Mall,Grand Madison,exact
LST-00213,Condominium Taman Anggrek • 2BR Furnished (88 m²),https://www.rumah123.com/properti/jakarta-barat-taman-anggrek/disewakan-segera-unit-include-ipl-2br-taman-anggrek-condominium-apr7580865/,Jakarta Barat,DKI Jakarta,Taman Anggrek,"Condominium Taman Anggrek, Taman Anggrek, Jakarta Barat",Apartemen,12000000.0,136363.63636363635,monthly,2,2,2 Bedroom,88.0,4.610219595941524,2.4387411788181472,Stasiun KRL Tanah Abang,Tier 1: Core Urban Center (<7km),0,0,0,0,0,0,0,0,0,0,0,0,-6.180502,106.78952,listing,0,https://picture.rumah123.com/r123-images/360x210-crop/customer/4407644/f8eb9bb8f907bfd5b7ad30bc14130eef.jpg,"Apartemen 1 lantai di Taman Anggrek, Jakarta Barat.  For rent di wilayah yang tenang. Dengan rinciannya adalah sebagai berikut:   - Kamar Tidur: 2 ...",11148308.0,851692.0,0.0736,-7.6,0.23,Fair Market Price,Disewakan Segera Unit Include IPL 2Br Taman Anggrek Condominium,Condominium Taman Anggrek,fuzzy
LST-00214,Condominium Taman Anggrek • 3BR Furnished (146 m²),https://www.rumah123.com/properti/jakarta-barat-taman-anggrek/disewakan-unit-3-br-di-taman-anggrek-condominum-apr7848222/,Jakarta Barat,DKI Jakarta,Taman Anggrek,"Condominium Taman Anggrek, Taman Anggrek, Jakarta Barat",Apartemen,16250000.0,111301.3698630137,yearly,3,2,3 Bedroom,146.0,4.551852495191764,2.156063480537044,Stasiun KRL Tanah Abang,Tier 1: Core Urban Center (<7km),0,0,0,0,0,0,0,0,0,0,0,0,-6.177810977192847,106.79309564540064,listing,0,https://picture.rumah123.com/r123-images/360x210-crop/customer/1811641/722fde29dedcbb08f82bdc0f5f70f34a.jpg,"Apartemen di Taman Anggrek.  Temukan apartemen 18 lantai yang modern ini,  disewakan menawarkan lingkungan fasilitas yang lengkap, cocok untuk Anda...",16344084.0,-94084.0,-0.0058,0.6,-0.02,Fair Market Price,Disewakan Unit 3 Br di Taman Anggrek Condominum,Condominium Taman Anggrek,fuzzy
LST-00215,Condominium Taman Anggrek • 2BR Furnished (88 m²),https://www.rumah123.com/properti/jakarta-barat-taman-anggrek/disewakan-condominium-taman-anggrek-2-bedroom-siap-huni-apr7803700/,Jakarta Barat,DKI Jakarta,Taman Anggrek,"Condominium Taman Anggrek, Taman Anggrek, Jakarta Barat",Apartemen,10000000.0,113636.36363636365,yearly,2,1,2 Bedroom,88.0,4.550264680217007,2.2282892887141523,Stasiun KRL Tanah Abang,Tier 1: Core Urban Center (<7km),0,0,0,0,0,0,0,0,0,0,0,0,-6.17880305694483,106.79200216913148,listing,0,https://picture.rumah123.com/r123-images/360x210-crop/customer/1811641/4557a4c64a0ebd696fe42f87a6c1e9de.jpg,"Kesempatan terbatas buat Anda dapatkan apartemen nyaman dengan return investasi tinggi di Taman Anggrek, Jakarta Barat.  Apartemen ini menawarkan k...",12510518.0,-2510518.0,-0.224,20.1,-0.69,Fair Market Price,Disewakan Condominium Taman Anggrek 2 Bedroom Siap Huni,Condominium Taman Anggrek,exact
LST-00216,Condominium Taman Anggrek • 2BR Furnished (88 m²),https://www.rumah123.com/properti/jakarta-barat-taman-anggrek/disewakan-unit-brand-new-2-br-di-taman-anggrek-condominum-apr7848171/,Jakarta Barat,DKI Jakarta,Taman Anggrek,"Condominium Taman Anggrek, Taman Anggrek, Jakarta Barat",Apartemen,12916666.666666666,146780.303030303,yearly,2,2,2 Bedroom,88.0,4.550264680217007,2.2282892887141523,Stasiun KRL Tanah Abang,Tier 1: Core Urban Center (<7km),0,0,0,0,0,0,0,0,0,0,0,0,-6.17880305694483,106.79200216913148,listing,0,https://picture.rumah123.com/r123-images/360x210-crop/customer/1811641/075652b16efb15ef5d0663abc4ed6904.jpg,"Apartemen 40 lantai di Taman Anggrek, Jakarta Barat.  Disewakan di wilayah yang nyaman. Dengan spesifikasinya adalah sebagai berikut:   - Kamar Tid...",10994054.0,1922612.666666666,0.1612,-17.5,0.49,Fair Market Price,Disewakan Unit Brand New 2 Br di Taman Anggrek Condominum,Condominium Taman Anggrek,fuzzy
LST-00217,St. Moritz Residences Tower Royal • 3BR Furnished (112 m²),https://www.rumah123.com/properti/jakarta-barat-puri-indah/apartemen-3br-disewakan-st-moritz-tower-royal-nomor-unit-bagus-apr7849575/,Jakarta Barat,DKI Jakarta,Puri Indah,"The St. Moritz Puri Indah, Puri Indah, Jakarta Barat",Apartemen,10833333.333333334,96726.19047619047,yearly,3,2,3 Bedroom,112.0,8.871799490960802,7.527029550583822,Stasiun KRL Tanah Abang,Tier 2: Inner Ring Metro (7-15km),0,0,0,0,0,0,0,0,0,0,0,0,-6.18658,106.74292,listing,0,https://picture.rumah123.com/r123-images/360x210-crop/customer/1493860/ee17faf56db52062f7ba1ae947d7917e.jpg,"Dijual/Disewakan Apartemen St Moritz Tower Royal Puri Indah, Jakarta Barat  Nomor Unit Hoki Bagus  Tower Royal - Common Lift View ke Utara - Plong ...",10342355.0,490978.333333334,0.0464,-4.7,0.14,Fair Market Price,Apartemen 3Br Disewakan St Moritz Tower Royal Nomor Unit Bagus,St. Moritz Residences,exact
LST-00218,Albatros Daan Mogot • Studio Furnished (38 m²),https://www.rumah123.com/properti/jakarta-barat-daan-mogot/apartemen-type-premium-studio-unit-baru-apr7810159/,Jakarta Barat,DKI Jakarta,Daan Mogot,"Green Palm Residences Cengkareng, Daan Mogot, Jakarta Barat",Apartemen,2916666.6666666665,76754.38596491228,yearly,1,1,Studio / 1BR,38.0,8.664265627387184,6.357588937754532,Stasiun KRL Tanah Abang,Tier 2: Inner Ring Metro (7-15km),0,0,0,0,0,0,0,0,0,0,0,0,-6.15797,106.760597,listing,0,https://picture.rumah123.com/r123-images/360x210-crop/customer/1878795/e0d9480c77d564cbe13e40da8e42040c.jpg,"Unit belum dipakai UNFURNISH kondisi sesuai foto , lantai rendah , lingkungan sudah ramai",3806639.0,-889972.3333333335,-0.2663,23.4,-0.82,Good Deal (Undervalued),Albatros Premium Studio Unit Baru 100%,Albatros Daan Mogot,exact
LST-00219,Puri Mansion Tower Beryl • Studio Full Furnished (26 m²),https://www.rumah123.com/properti/jakarta-barat-puri-indah/apartemen-puri-mansion-studio-full-furnished-tower-beryl-pui-indah-outer-ring-road-jakarta-barat-disewakan-apr7717889/,Jakarta Barat,DKI Jakarta,Puri Indah,"Puri Mansion Apartment, Puri Indah, Jakarta Barat",Apartemen,2916666.6666666665,112179.48717948716,yearly,1,1,Studio / 1BR,26.0,8.871799490960802,7.527029550583822,Stasiun KRL Tanah Abang,Tier 2: Inner Ring Metro (7-15km),1,0,0,0,0,0,0,0,0,0,0,0,-6.18658,106.74292,listing,0,https://picture.rumah123.com/r123-images/360x210-crop/customer/1660459/936201781a479dc9ec497e0531bbdfee.jpg,"Apartemen di Puri Indah.  Dapatkan apartemen 37 lantai yang nyaman ini,  disewakan menghadirkan lingkungan fasilitas yang lengkap, cocok untuk Anda...",3693664.0,-776997.3333333335,-0.2362,21.0,-0.72,Fair Market Price,Apartemen Puri Mansion Studio Full Furnished Tower Beryl Pui Indah Outer Ring Road Jakarta Barat Disewakan,Puri Mansion,exact
LST-00220,Puri Mansion Tower Beryl • 2BR Furnished (49 m²),https://www.rumah123.com/properti/jakarta-barat-puri-mansion/apartemen-puri-mansion-2-br-disewa-tower-beryl-lantai-31-apr7713466/,Jakarta Barat,DKI Jakarta,Puri Mansion,"Puri Mansion Apartment, Puri Mansion, Jakarta Barat",Apartemen,5000000.0,102040.8163265306,yearly,2,2,2 Bedroom,49.0,10.710352089319846,9.28265282155978,Stasiun KRL Tanah Abang,Tier 2: Inner Ring Metro (7-15km),0,0,0,0,0,0,0,0,0,0,0,0,-6.181338,106.727135,listing,0,https://picture.rumah123.com/r123-images/360x210-crop/customer/1660459/9a5fac1f2c64db24566bdcbf738607d1.jpg,"Apartemen di Puri Mansion.  Miliki apartemen 31 lantai yang asri ini,  disewakan menghadirkan lingkungan fasilitas yang lengkap, cocok untuk Anda y...",4501094.0,498906.0,0.1051,-11.1,0.32,Fair Market Price,Apartemen Puri Mansion 2 br Disewa Tower Beryl Lantai 31,Puri Mansion,exact
LST-00221,Unresolved • Central Park • 2BR Full Furnished (76 m²),https://www.rumah123.com/properti/jakarta-barat-central-park/apartemen-grand-madison-2-br-disewakan-central-park-neo-soho-grogol-jakarta-barat-apr7822643/,Jakarta Barat,DKI Jakarta,Central Park,"Condominium Taman Anggrek, Central Park, Jakarta Barat",Apartemen,8750000.0,115131.57894736844,yearly,2,2,2 Bedroom,76.0,4.7633463918655625,2.40091462710712,Stasiun KRL Tanah Abang,Tier 1: Core Urban Center (<7km),1,0,0,0,0,0,0,0,0,0,0,0,-6.177137,106.790977,listing,0,https://picture.rumah123.com/r123-images/360x210-crop/customer/1660459/3c8672af382531c98f14693c044ef243.jpg,"1. full furnished 2. bagus dan ready 3. sewa 105 juta per tahun minimal 2 tahun 4. strategis dekat central park, taman anggrek, citraland dan daera...",11310898.0,-2560898.0,-0.2567,22.6,-0.79,Good Deal (Undervalued),Apartemen Grand Madison 2 br Disewakan Central Park Neo Soho Grogol Jakarta Barat,,unresolved
LST-00222,Condominium Taman Anggrek • 3BR Full Furnished (146 m²),https://www.rumah123.com/properti/jakarta-barat-taman-anggrek/condominium-taman-anggrek-3br-full-furnished-grogol-jakarta-barat-dekat-central-park-dan-citra-land-apr7761243/,Jakarta Barat,DKI Jakarta,Taman Anggrek,"Condominium Taman Anggrek, Taman Anggrek, Jakarta Barat",Apartemen,12500000.0,85616.43835616438,yearly,3,2,3 Bedroom,146.0,4.610219595941524,2.4387411788181472,Stasiun KRL Tanah Abang,Tier 1: Core Urban Center (<7km),1,0,0,0,0,0,0,0,0,0,0,0,-6.180502,106.78952,listing,0,https://picture.rumah123.com/r123-images/360x210-crop/customer/1660459/1826816a7c17f31c43207bb78148e496.jpg,"Apartemen 40 lantai di Taman Anggrek, Jakarta Barat.  Disewakan di wilayah yang nyaman. Dengan kategorinya adalah sebagai berikut:   - Kamar Tidur:...",17000078.0,-4500078.0,-0.3075,26.5,-0.94,Good Deal (Undervalued),Condominium Taman Anggrek 3Br Full Furnished Grogol Jakarta Barat Dekat Central Park dan Citra Land,Condominium Taman Anggrek,fuzzy
LST-00223,Bassura City • 2BR Furnished (43 m²),https://www.rumah123.com/properti/jakarta-timur-jatinegara/apart-2-br-view-pool-alamanda-bassura-city-cipinang-besar-jaktim-apr7376373/,Jakarta Timur,DKI Jakarta,Jatinegara,"Bassura City Apartment, Jatinegara, Jakarta Timur",Apartemen,3916666.6666666665,91085.27131782944,yearly,2,1,2 Bedroom,43.0,6.755278299744561,3.559571109128097,Stasiun KRL Manggarai,Tier 1: Core Urban Center (<7km),0,0,0,0,0,0,1,0,0,0,0,0,-6.223749,106.879232,listing,0,https://picture.rumah123.com/r123-images/360x210-crop/customer/1299771/338c7f5a4b2f339f5898221263e1fbdc.jpg,"Kesempatan terbatas buat Anda dapatkan apartemen nyaman dengan return investasi tinggi di Jatinegara, Jakarta Timur.  Apartemen ini menawarkan loka...",5285082.0,-1368415.3333333335,-0.2996,25.9,-0.92,Good Deal (Undervalued),Apart 2 BR View Pool Alamanda Bassura City Cipinang Besar Jaktim,Bassura City,exact
LST-00224,Unresolved • Cakung • 2BR Furnished (36 m²),https://www.rumah123.com/properti/jakarta-timur-cakung/unit-tipe-2-kamarinterior-baru-mewah-lengkap-lantai-17-apr7773783/,Jakarta Timur,DKI Jakarta,Cakung,"Sentra Timur Residence, Cakung, Jakarta Timur",Apartemen,4000000.0,111111.11111111112,yearly,2,1,2 Bedroom,36.0,14.247127961765283,6.593635055197172,Stasiun KRL Bekasi,Tier 2: Inner Ring Metro (7-15km),0,0,0,0,0,0,0,0,0,0,0,0,-6.2048263,106.948821,listing,0,https://picture.rumah123.com/r123-images/360x210-crop/customer/1456904/095a24e1880d6ece3bfec1ec59a2ffe3.jpg,"Apartemen Sentra Timur Residence lantai 17 di Cakung, Jakarta Timur.  Disewakan di wilayah yang strategus. Dengan rinciannya adalah sebagai berikut...",3227392.0,772608.0,0.2146,-23.9,0.66,Fair Market Price,Unit Tipe 2 Kamar Interior Baru Mewah Lengkap Lantai 17I,,unresolved
LST-00225,Unresolved • Cakung • 2BR Semi Furnished (36 m²),https://www.rumah123.com/properti/jakarta-timur-cakung/promo-2jt-2kamar-semi-furnished-baru-gressss-apr2477942/,Jakarta Timur,DKI Jakarta,Cakung,"Sentra Timur Residence, Cakung, Jakarta Timur",Apartemen,2083333.3333333333,57870.370370370365,yearly,2,1,2 Bedroom,36.0,14.063997196732158,8.295393375194978,Stasiun KRL Bekasi,Tier 2: Inner Ring Metro (7-15km),0,1,0,0,0,0,0,0,0,0,0,1,-6.18489,106.94493,listing,0,https://pic.rumah123.com/r123/360x210-crop/apartment/ap24/2477942/original/apr2477942-apartemen-di-sewa-di-cakung-jakarta-timur-16290080723197.jpg,"DiSewakan Apartemen Nyaman, Aman, Private, Parkir Gratis. SEMI FURNISHED Apartemen Sentra Timur Residence, di dalam Kawasan Sentra Timur Superblock...",2570960.0,-487626.66666666674,-0.2103,19.0,-0.64,Fair Market Price,"Disewakan Apartemen 2 Kamar Semi Furnish, Bersih Lantai 10",,unresolved
LST-00226,Unresolved • Cakung • 2BR Semi Furnished (36 m²),https://www.rumah123.com/properti/jakarta-timur-cakung/apartement-semi-furnish-cakep-bersih-dapurnya-matap-apr7811138/,Jakarta Timur,DKI Jakarta,Cakung,"Cleon Park Apartment Jakarta Garden City, Cakung, Jakarta Timur",Apartemen,2500000.0,69444.44444444444,monthly,2,1,2 Bedroom,36.0,14.265812489133753,6.586708961708784,Stasiun KRL Bekasi,Tier 2: Inner Ring Metro (7-15km),0,1,0,0,0,0,0,0,0,0,1,0,-6.204681675423046,106.94898549818134,listing,0,https://picture.rumah123.com/r123-images/360x210-crop/customer/1456904/dd01afaa118850c8741f42390bfd2909.jpg,"Apartemen ini menawarkan lokasi yang strategis serta memiliki nilai tepat yang siap untuk segera Anda sewa, utamanya bagi Anda yang mencari hunian ...",2598370.0,-98370.0,-0.0386,3.8,-0.12,Fair Market Price,"Apartement Semi Furnish, Cakep Bersih Dapurnya Matap",,unresolved
LST-00227,Sedayu City Suites • Studio Furnished (28 m²),https://www.rumah123.com/properti/jakarta-timur-cakung/disewakan-furnish-studio-apartemen-sedayu-city-apr3566167/,Jakarta Timur,DKI Jakarta,Cakung,"Sedayu City Suites Kelapa Gading, Cakung, Jakarta Timur",Apartemen,3166666.6666666665,113095.23809523808,yearly,0,0,Studio / 1BR,28.0,14.063997196732158,8.295393375194978,Stasiun KRL Bekasi,Tier 2: Inner Ring Metro (7-15km),0,0,0,1,0,0,0,0,0,0,0,0,-6.18489,106.94493,listing,0,https://picture.rumah123.com/r123-images/360x210-crop/customer/1990859/listing/apr3566167/enhanced/b062838861fd8ee0e6cab4f11e3d089f.jpg,Luas 28 Furnish : Bed Tv Kulkas  AC  Harga 38 jt/th  #susan,3663430.0,-496763.3333333335,-0.1457,13.6,-0.45,Fair Market Price,Disewakan Furnish Studio Apartemen Sedayu City,Sedayu City Suites,exact
LST-00228,Bassura City • 2BR Full Furnished (34 m²),https://www.rumah123.com/properti/jakarta-timur-jatinegara/apartment-cantik-2-kamar-full-furnished-siap-huni-di-bassura-city-apr3517703/,Jakarta Timur,DKI Jakarta,Jatinegara,"Bassura City Apartment, Jatinegara, Jakarta Timur",Apartemen,3250000.0,95588.23529411764,yearly,2,1,2 Bedroom,34.0,7.584742001616322,4.512041242245638,Stasiun KRL Manggarai,Tier 2: Inner Ring Metro (7-15km),1,0,0,0,0,0,1,1,0,0,0,1,-6.23168,106.88464,listing,0,https://picture.rumah123.com/r123-images/360x210-crop/customer/2048272/fa527c2b0dd867c386a652b9369d9686.jpg,"Merupakan apartment superblock yang memiliki kelengkapan fasilitas sebagai berikut: access card, TV kabel, parkir basement, swimming pool, fitness ...",3556438.0,-306438.0,-0.0901,8.6,-0.28,Fair Market Price,Apartment Cantik 2 Kamar Full Furnished Siap Huni Di Bassura City,Bassura City,exact
LST-00229,Cleon Park JGC • Studio Furnished (32 m²),https://www.rumah123.com/properti/jakarta-timur-cakung/di-sewakan-apt-cleon-studio-furnish-cakung-jakkarta-apr7614965/,Jakarta Timur,DKI Jakarta,Cakung,"Cleon Park Apartment Jakarta Garden City, Cakung, Jakarta Timur",Apartemen,4583333.333333333,143229.16666666666,yearly,0,1,Studio / 1BR,32.0,13.488302193538072,8.396577413691325,Stasiun KRL Bekasi,Tier 2: Inner Ring Metro (7-15km),0,0,0,0,0,0,0,0,0,0,0,0,-6.18874163,106.9403369,listing,0,https://picture.rumah123.com/r123-images/360x210-crop/customer/1968330/3ba2c084b9eebedd6ebc4a6bc30b8b51.jpg,"Kesempatan terbatas buat Anda dapatkan apartemen nyaman dengan return investasi tinggi di Cakung, Jakarta Timur.  Apartemen ini menawarkan kelengka...",3587960.0,995373.333333333,0.2448,-27.7,0.75,Premium / High Price,Di Sewakan Apt Cleon Studio Furnish Cakung Jakkarta,Cleon Park JGC,exact
LST-00230,Patria Park Cawang • 2BR Furnished (76 m²),https://www.rumah123.com/properti/jakarta-timur-cawang/disewakan-apartement-patria-park-furnished-apr7814641/,Jakarta Timur,DKI Jakarta,Cawang,"Patria Park Apartment, Cawang, Jakarta Timur",Apartemen,8500000.0,111842.1052631579,monthly,2,2,2 Bedroom,76.0,14.28344921892035,11.059408666635788,Stasiun KRL Depok Baru,Tier 2: Inner Ring Metro (7-15km),0,0,0,0,0,0,0,0,0,0,0,0,-6.31741,106.889,listing,0,https://picture.rumah123.com/r123-images/360x210-crop/customer/1276484/f10f1dfea1050d3631b4b7c5df4ea401.jpg,Disewakan Apartement Patria Park  2Bedroom Luas: 76 sqm  High floor view Bandara Halim Harga : 8.5juta/bulan Sewa Minimal 1 Tahun  exclued tax 10% ...,8707592.0,-207592.0,-0.0241,2.4,-0.07,Fair Market Price,Disewakan Apartement Patria Park Furnished,Patria Park Cawang,exact
LST-00231,Tifolia Apartment • 2BR Furnished (30 m²),https://www.rumah123.com/properti/jakarta-timur-pulomas/disewakan-apart-tifolia-lantai-15-funished-apr7824273/,Jakarta Timur,DKI Jakarta,Pulomas,"Tifolia Apartment Pulomas, Pulomas, Jakarta Timur",Apartemen,4583333.333333333,152777.77777777778,yearly,2,1,2 Bedroom,30.0,8.124276904442418,5.393629816618108,Stasiun KRL Manggarai,Tier 2: Inner Ring Metro (7-15km),0,0,0,0,0,0,0,0,0,0,0,0,-6.17726,106.886292,listing,0,https://picture.rumah123.com/r123-images/360x210-crop/customer/1970989/07796660c8b2095fb1076ad20ac862a7.jpg,Sewa apart tifolia Lantai 15 FF 2br 55juta/thn nepis (exclude IPL)  san,3358361.0,1224972.333333333,0.311,-36.5,0.95,Premium / High Price,Disewakan Apart Tifolia Lantai 15 Funished,Tifolia Apartment,exact
LST-00232,Tifolia Apartment • 2BR Furnished (43 m²),https://www.rumah123.com/properti/jakarta-timur-kayu-putih/disewakanapartemen-tifoliabagus-siap-huni-apr7848826/,Jakarta Timur,DKI Jakarta,Kayu Putih,"Tifolia Apartment Pulomas, Kayu Putih, Jakarta Timur",Apartemen,3166666.6666666665,73643.41085271318,yearly,2,1,2 Bedroom,43.0,14.28344921892035,11.059408666635788,Stasiun KRL Depok Baru,Tier 2: Inner Ring Metro (7-15km),0,0,0,0,0,0,0,0,0,0,0,0,-6.31741,106.889,listing,0,https://picture.rumah123.com/r123-images/360x210-crop/customer/2107653/179c6a3a166f443c3be9817918f234cc.jpg,"Disewakan Apartemen Tifolia,Bagus,siap huni Lt 43m² lantai 32 Kt 2//Km 1 PPJB  Harga : 38jt/th(nepis)  Hubungi :  rina -0821xxxxxxxx B.Vny",6039139.0,-2872472.333333333,-0.6456,47.6,-1.98,Deep Value Deal (Rare Find),"Disewakan.apartemen Tifolia,Bagus Siap Huni",Tifolia Apartment,exact
LST-00233,Unresolved • Jatinegara • Studio Furnished (36 m²),https://www.rumah123.com/properti/jakarta-timur-jatinegara/sewa-apartemen-the-hive-cawang-studio-bagus-apr7833636/,Jakarta Timur,DKI Jakarta,Jatinegara,"Tamansari The Hive Cawang, Jatinegara, Jakarta Timur",Apartemen,5833333.333333333,162037.03703703702,yearly,0,1,Studio / 1BR,36.0,14.28344921892035,11.059408666635788,Stasiun KRL Depok Baru,Tier 2: Inner Ring Metro (7-15km),0,0,0,0,0,0,0,0,0,0,0,0,-6.31741,106.889,listing,0,https://picture.rumah123.com/r123-images/360x210-crop/customer/4521922/1966f832db56a94f7fba826c51bf138c.jpg,Sewa apartemen the hive Cawang furnished lengkap,4714455.0,1118878.333333333,0.213,-23.7,0.65,Fair Market Price,Sewa Apartemen The Hive Cawang Studio Bagus,,unresolved
LST-00234,Transpark Cibubur • Studio Furnished (22 m²),https://www.rumah123.com/properti/jakarta-timur-cibubur/apartemen-di-sewa-tipe-studio-full-furniture-di-apartemen-trans-studio-cibubur-apr7767980/,Jakarta Timur,DKI Jakarta,Cibubur,"Transpark Cibubur, Cibubur, Jakarta Timur",Apartemen,4166666.6666666665,189393.9393939394,yearly,0,1,Studio / 1BR,22.0,18.36377962780643,8.982117676463927,Stasiun KRL Depok Baru,Tier 3: Outer Commuter Ring (15-28km),0,0,0,0,0,0,0,0,0,0,0,0,-6.35611,106.895111,listing,0,https://picture.rumah123.com/r123-images/360x210-crop/customer/607567/d7d343886df1a2e2b03934e345c24d53.jpg,"Apartemen 20 lantai di Cibubur, Jakarta Timur.  For rent di wilayah yang tenang. Dengan spesifikasinya adalah sebagai berikut:   - Kamar Mandi: 1  ...",2367340.0,1799326.6666666665,0.5653,-76.0,1.73,Overpriced / Luxury Tag,Apartemen di Sewa Tipe Studio Full Furniture di Apartemen Trans Studio Cibubur,Transpark Cibubur,exact
LST-00235,Signature Park Grande • 1BR Full Furnished (40 m²),https://www.rumah123.com/properti/jakarta-timur-cawang/good-price-ipl-included-1br-full-furnished-signature-park-grande-apr7754019/,Jakarta Timur,DKI Jakarta,Cawang,"Signature Park Grande, Cawang, Jakarta Timur",Apartemen,7000000.0,175000.0,yearly,1,1,Studio / 1BR,40.0,6.445899587723696,4.201328654233238,Stasiun KRL Manggarai,Tier 1: Core Urban Center (<7km),1,0,0,0,0,0,0,0,0,0,0,0,-6.244173208153583,106.86619837854926,listing,0,https://picture.rumah123.com/r123-images/360x210-crop/customer/4379986/a05dd60064c26f15bf9f28191b2d76c2.jpg,"Please visit and follow our Tiktok & Instagram: pureperty Our Website: ********  Thank you!  Apartemen 1 lantai di Cawang, Jakarta Timur.  Disewaka...",4926131.0,2073869.0,0.3514,-42.1,1.08,Premium / High Price,Good Price! IPL Included 1Br Full Furnished Signature Park Grande,Signature Park Grande,exact
LST-00236,Unresolved • Cakung Tower Shafire • 2BR Furnished (52 m²),https://www.rumah123.com/properti/jakarta-timur-cakung/apartemen-sentra-tower-shafire-timur-cakung-jakarta-timur-apr7850785/,Jakarta Timur,DKI Jakarta,Cakung,"Sentra Timur Residence, Cakung, Jakarta Timur",Apartemen,3333333.333333333,64102.56410256411,yearly,2,1,2 Bedroom,52.0,14.162941881927535,6.457944442358867,Stasiun KRL Bekasi,Tier 2: Inner Ring Metro (7-15km),0,0,0,0,0,0,0,0,0,0,0,0,-6.2084546,106.9481214,listing,0,https://picture.rumah123.com/r123-images/360x210-crop/customer/4371055/f4dae13eab3707ad9bf030ad87ee6451.jpg,"apartemen Sentra Timur cakung jakarta timur - Tower Shafire - ⁠lantai 19 - ⁠type 2BR luas Gross 52 m2; net: 18 an m2. - ⁠view.sunrise - ...",5826601.0,-2493267.666666667,-0.5585,42.8,-1.71,Deep Value Deal (Rare Find),Apartemen Sentra Tower Shafire Timur Cakung Jakarta Timur,,unresolved
LST-00237,Transpark Cibubur • Studio Full Furnished (25 m²),https://www.rumah123.com/properti/jakarta-timur-cibubur/di-sewakan-full-furnished-apartemen-transpark-cibubur-apr7850238/,Jakarta Timur,DKI Jakarta,Cibubur,"Transpark Cibubur, Cibubur, Jakarta Timur",Apartemen,3166666.6666666665,126666.66666666666,yearly,0,1,Studio / 1BR,25.0,18.36377962780643,8.982117676463927,Stasiun KRL Depok Baru,Tier 3: Outer Commuter Ring (15-28km),1,0,0,0,0,0,0,0,0,0,0,0,-6.35611,106.895111,listing,0,https://picture.rumah123.com/r123-images/360x210-crop/customer/2168956/a317bd6b31a451ac5d322c4559d6b9ec.jpg,Di Sewakan Apartement Transpark Cibubur  Spesifikasi : LT/LB  : Gross 25 m2 KT  : 1 KM  : 1 Lantai : 37 Hadap  : Jalan Raya Alternatif Cibubur List...,5503100.0,-2336433.333333333,-0.5526,42.5,-1.69,Deep Value Deal (Rare Find),Di Sewakan Full Furnished Apartemen Transpark Cibubur,Transpark Cibubur,exact
LST-00238,The Oak Tower Tower B • 2BR Full Furnished (42 m²),https://www.rumah123.com/properti/jakarta-timur-pulo-gadung/disewakan-apartemen-oak-tower-b-lantai-21-2-bedroom-full-furnish-dekat-kelapa-gading-pulo-gadung-apr7842682/,Jakarta Timur,DKI Jakarta,Pulo Gadung,"The Oak Tower Pulo Gadung, Pulo Gadung, Jakarta Timur",Apartemen,3800000.0,90476.19047619047,monthly,2,1,2 Bedroom,42.0,9.08096283211486,6.0959330835197925,Stasiun KRL Manggarai,Tier 2: Inner Ring Metro (7-15km),1,0,0,0,0,0,0,0,0,0,0,0,-6.181712,106.8974964,listing,0,https://picture.rumah123.com/r123-images/360x210-crop/customer/1808098/63249cb74800a8fab5c03db0d60d6edc.jpg,Nikmati hunian nyaman di Apartemen Oak Tower B dengan tipe 2 Bedroom Full Furnish yang berada di lantai 21. Unit ini menawarkan hunian praktis di l...,4384079.0,-584079.0,-0.143,13.3,-0.44,Fair Market Price,"Disewakan Apartemen Oak Tower B Lantai 21 - 2 Bedroom Full Furnish, Dekat Kelapa Gading, Pulo Gadung",The Oak Tower,exact
LST-00239,The Oak Tower Tower B • 2BR Full Furnished (42 m²),https://www.rumah123.com/properti/jakarta-timur-pulo-gadung/disewakan-apartemen-oak-tower-b-lantai-8-2-bedroom-full-furnish-dekat-busway-pulo-gadung-apr7842610/,Jakarta Timur,DKI Jakarta,Pulo Gadung,"The Oak Tower Pulo Gadung, Pulo Gadung, Jakarta Timur",Apartemen,3916666.6666666665,93253.96825396824,yearly,2,1,2 Bedroom,42.0,9.08096283211486,6.0959330835197925,Stasiun KRL Manggarai,Tier 2: Inner Ring Metro (7-15km),1,0,0,0,0,0,0,0,1,0,0,0,-6.181712,106.8974964,listing,0,https://picture.rumah123.com/r123-images/360x210-crop/customer/1808098/7560f504567eb1b0d1122acde4fd6118.jpg,Nikmati hunian nyaman di Apartemen Oak Tower B dengan tipe 2 Bedroom Full Furnish yang berada di lantai 8. Unit ini cocok untuk Anda yang mencari a...,4407403.0,-490736.3333333335,-0.118,11.1,-0.36,Fair Market Price,"Disewakan Apartemen Oak Tower B Lantai 8 - 2 Bedroom Full Furnish, Dekat Busway, Pulo Gadung",The Oak Tower,exact
LST-00240,Unresolved • Pulo Gadung Tower C • 2BR Full Furnished (36 m²),https://www.rumah123.com/properti/jakarta-timur-pulo-gadung/disewakan-apartemen-gading-icon-tower-c-lantai-8-2-bedroom-full-furnish-dekat-busway-pulo-gadung-apr7842574/,Jakarta Timur,DKI Jakarta,Pulo Gadung,"Gading Icon Apartment, Pulo Gadung, Jakarta Timur",Apartemen,3500000.0,97222.22222222222,monthly,2,1,2 Bedroom,36.0,9.08096283211486,6.0959330835197925,Stasiun KRL Manggarai,Tier 2: Inner Ring Metro (7-15km),1,0,0,0,0,0,0,0,1,0,0,0,-6.181712,106.8974964,listing,0,https://picture.rumah123.com/r123-images/360x210-crop/customer/1808098/54fa91681e7519433eeea81281c1d40d.jpg,Nikmati hunian nyaman di Apartemen Gading Icon Tower C dengan tipe 2 Bedroom Full Furnish yang berada di lantai 8. Unit ini cocok untuk Anda yang m...,3523832.0,-23832.0,-0.0068,0.7,-0.02,Fair Market Price,"Disewakan Apartemen Gading Icon Tower C Lantai 8 - 2 Bedroom Full Furnish, Dekat Busway, Pulo Gadung",,unresolved
LST-00241,Tifolia Apartment • Studio Semi Furnished (21 m²),https://www.rumah123.com/properti/jakarta-timur-pulomas/apartemen-sewa-di-pulomas-tifolia-studio-semifurnished-lantairendah-dekatbusway-lrt-mall-kelapagadin-apr7616412/,Jakarta Timur,DKI Jakarta,Pulomas,"Tifolia Apartment Pulomas, Pulomas, Jakarta Timur",Apartemen,2083333.3333333333,99206.3492063492,yearly,0,1,Studio / 1BR,21.0,8.124276904442418,5.393629816618108,Stasiun KRL Manggarai,Tier 2: Inner Ring Metro (7-15km),0,1,0,1,0,0,0,0,1,0,0,0,-6.17726,106.886292,listing,0,https://picture.rumah123.com/r123-images/360x210-crop/customer/1961334/07de0364c36e5d210d8e3b27e45cc9a8.jpg,"Disewakan apartemen Tifolia Pulomas  Tipe Studio 1 kamar tidur, 1 kamar mandi, lantai rendah Semi furnished AC, TV, dispenser, Bed  Hadap utara (  ...",2196087.0,-112753.66666666674,-0.0527,5.1,-0.16,Fair Market Price,"Apartemen Sewa, Tifolia di Pulomas, Tifolia Studio Semi.furnished Lantai.rendah. Dekat.busway LRT Mall Kelapa.gadin",Tifolia Apartment,exact
LST-00242,Unresolved • Pulo Gadung Tower C • Studio Full Furnished (21 m²),https://www.rumah123.com/properti/jakarta-timur-pulo-gadung/disewakan-apartemen-studio-gading-icon-tower-c-lantai-15-full-furnish-dekat-busway-pulo-gadung-apr7842543/,Jakarta Timur,DKI Jakarta,Pulo Gadung,"Gading Icon Apartment, Pulo Gadung, Jakarta Timur",Apartemen,2500000.0,119047.61904761904,monthly,1,1,Studio / 1BR,21.0,9.08096283211486,6.0959330835197925,Stasiun KRL Manggarai,Tier 2: Inner Ring Metro (7-15km),1,0,0,0,0,0,0,0,1,0,0,0,-6.181712,106.8974964,listing,0,https://picture.rumah123.com/r123-images/360x210-crop/customer/1808098/f5ff14f4b3c6c17e76e93850f6b414a3.jpg,Nikmati hunian praktis dan nyaman di Apartemen Gading Icon Tower C dengan tipe Studio Full Furnish yang berada di lantai 15. Unit ini cocok untuk A...,3006645.0,-506645.0,-0.1845,16.9,-0.56,Fair Market Price,"Disewakan Apartemen Studio Gading Icon Tower C Lantai 15 - Full Furnish, Dekat Busway, Pulo Gadung",,unresolved
LST-00243,The Oak Tower Tower B Pool View • Studio Furnished (23 m²),https://www.rumah123.com/properti/jakarta-timur-pulo-gadung/disewakan-cepat-studio-oak-tower-b-view-kolam-lantai-5-dekat-halte-busway-pulo-gadung-apr7832493/,Jakarta Timur,DKI Jakarta,Pulo Gadung,"The Oak Tower Pulo Gadung, Pulo Gadung, Jakarta Timur",Apartemen,2166666.6666666665,94202.89855072464,yearly,1,1,Studio / 1BR,23.0,9.01934088321383,6.148717735140796,Stasiun KRL Manggarai,Tier 2: Inner Ring Metro (7-15km),0,0,0,0,0,0,1,0,1,0,0,0,-6.177488068143855,106.89526480209958,listing,0,https://picture.rumah123.com/r123-images/360x210-crop/customer/1808098/86d11ddfaab826560e6a244a7e8edb56.jpg,"Nikmati hunian yang nyaman dan praktis di Oak Tower B, Pulo Gadung. Unit studio ini berada di lantai 5 dengan view kolam renang dan menghadap Barat...",2736950.0,-570283.3333333335,-0.2337,20.8,-0.72,Fair Market Price,"Disewakan Cepat Studio Oak Tower B - View Kolam, Lantai 5, Dekat Halte Busway Pulo Gadung",The Oak Tower,exact
LST-00244,Bassura City • 2BR Furnished (34 m²),https://www.rumah123.com/properti/jakarta-timur-jatinegara/disewakan-apartment-bassura-city-jatinegara-jaktim-apr7779899/,Jakarta Timur,DKI Jakarta,Jatinegara,"Bassura City Apartment, Jatinegara, Jakarta Timur",Apartemen,5000000.0,147058.82352941178,yearly,2,1,2 Bedroom,34.0,6.670137921392139,3.581676443291726,Stasiun KRL Manggarai,Tier 1: Core Urban Center (<7km),0,0,0,0,0,0,0,0,0,0,0,0,-6.22750897,106.8773311,listing,0,https://picture.rumah123.com/r123-images/360x210-crop/customer/2074635/9f4fc9dd0aa3b8245ba9374064741181.jpg,"DIJUAL/ DISEWAKAN     Apartment Bassura City  Tower/View: Jasmin/city  Size: 34 m2  Bedroom: 2  Bathroom: 1 Condition: Furnished. Full furniture, k...",3622550.0,1377450.0,0.3223,-38.0,0.99,Premium / High Price,Disewakan Apartment Bassura City Jatinegara Jaktim,Bassura City,exact
LST-00245,Cleon Park JGC • Studio Full Furnished (24 m²),https://www.rumah123.com/properti/jakarta-timur-jakarta-garden-city/apartemen-furnished-mewah-di-cleon-park-jakarta-garden-city-apr7308257/,Jakarta Timur,DKI Jakarta,Jakarta Garden City,"Cleon Park Apartment Jakarta Garden City, Jakarta Garden City, Jakarta Timur",Apartemen,5000000.0,208333.3333333333,yearly,0,1,Studio / 1BR,24.0,15.52237316758342,8.729526355819363,Stasiun KRL Bekasi,Tier 3: Outer Commuter Ring (15-28km),1,0,0,0,0,0,0,0,0,0,0,0,-6.17111,106.9552,listing,0,https://picture.rumah123.com/r123-images/360x210-crop/customer/1891926/9e776cb86afe09238f2bccf1b6acfa75.jpg,SEWA  Apartemen Cleon Park Type : Studio Luas bangunan : 24m2 Harga : Rp.60 jt / thn Kondisi apartemen: Full  Furnish Kamar Tidur : 1 Kamar Mandi :...,5023527.0,-23527.0,-0.0047,0.5,-0.01,Fair Market Price,Apartemen Furnished Mewah di Cleon Park Jakarta Garden City (Jgc) Cakung Jakarta Timur,Cleon Park JGC,exact
LST-00246,The Oak Tower • 2BR Full Furnished (42 m²),https://www.rumah123.com/properti/jakarta-timur-pulo-gadung/disewakan-2br-full-furnish-oak-tower-lt-12-view-jalan-dekat-lrt-pulo-mas-pulo-gadung-apr7814543/,Jakarta Timur,DKI Jakarta,Pulo Gadung,"The Oak Tower Pulo Gadung, Pulo Gadung, Jakarta Timur",Apartemen,4700000.0,111904.76190476192,monthly,2,1,2 Bedroom,42.0,8.970645325895326,6.133719543756412,Stasiun KRL Manggarai,Tier 2: Inner Ring Metro (7-15km),1,0,0,0,0,0,0,0,1,0,0,0,-6.176506745816306,106.89436357987056,listing,0,https://picture.rumah123.com/r123-images/360x210-crop/customer/1808098/b69b3e980c0e901e95bc491eee2b669e.jpg,"Cari hunian nyaman, praktis, dan siap huni di Pulo Gadung? Unit ini bisa jadi pilihan yang tepat!  Nikmati kenyamanan tinggal di Oak Tower Pulo Gad...",4253949.0,446051.0,0.0997,-10.5,0.31,Fair Market Price,"Disewakan 2Br Full Furnish Oak Tower LT 12 - View Jalan, Dekat LRT Pulo Mas, Pulo Gadung",The Oak Tower,exact
LST-00247,The Oak Tower Tower B Pool View • Studio Furnished (23 m²),https://www.rumah123.com/properti/jakarta-timur-pulo-gadung/disewakan-studio-oak-tower-b-lt-9-view-kolam-sunset-akses-transportasi-mudah-pulo-gadung-apr7814488/,Jakarta Timur,DKI Jakarta,Pulo Gadung,"The Oak Tower Pulo Gadung, Pulo Gadung, Jakarta Timur",Apartemen,3500000.0,152173.91304347827,monthly,1,1,Studio / 1BR,23.0,8.986712760039845,6.144036975070561,Stasiun KRL Manggarai,Tier 2: Inner Ring Metro (7-15km),0,0,0,0,0,0,1,0,0,0,0,0,-6.1766347444839305,106.89457815659176,listing,0,https://picture.rumah123.com/r123-images/360x210-crop/customer/1808098/69dc611227991ae7db8c7b489adb3476.jpg,Hunian Nyaman dengan View Kolam Renang & Pemandangan Sunset! Nikmati tinggal di Oak Tower dengan unit Studio di lantai 9 yang nyaman dan praktis. M...,2731872.0,768128.0,0.2478,-28.1,0.76,Premium / High Price,"Disewakan Studio Oak Tower B LT. 9 - View Kolam Sunset, Akses Transportasi Mudah, Pulo Gadung",The Oak Tower,exact
LST-00248,The Oak Tower Tower B • Studio Unfurnished (23 m²),https://www.rumah123.com/properti/jakarta-timur-pulo-gadung/disewakan-oak-tower-b-jaktim-lantai-15-unfurnish-hadap-barat-type-studio-apr7814458/,Jakarta Timur,DKI Jakarta,Pulo Gadung,"The Oak Tower Pulo Gadung, Pulo Gadung, Jakarta Timur",Apartemen,2083333.3333333333,90579.71014492754,yearly,1,1,Studio / 1BR,23.0,9.015681668411442,6.143160568502449,Stasiun KRL Manggarai,Tier 2: Inner Ring Metro (7-15km),0,0,0,0,0,0,1,0,0,0,0,0,-6.177573400434194,106.89526480209958,listing,0,https://picture.rumah123.com/r123-images/360x210-crop/customer/1808098/58e6c011fbff75dbed03b717e0fa3f67.jpg,Miliki kesempatan tinggal di apartemen dengan suasana nyaman dan pemandangan kolam renang yang asri. Unit studio unfurnish ini sangat cocok bagi An...,3066374.0,-983040.6666666667,-0.3865,32.1,-1.18,Good Deal (Undervalued),"Disewakan Oak Tower B Jaktim - Lantai 15, Unfurnish, Hadap Barat, Type Studio",The Oak Tower,exact
LST-00249,The Oak Tower Tower B Pool View • 1BR Semi Furnished (42 m²),https://www.rumah123.com/properti/jakarta-timur-pulo-gadung/disewakan-one-bedroom-oak-tower-b-lantai-11-view-kolam-renang-semi-furnish-pool-dan-gym-jaktim-apr7814437/,Jakarta Timur,DKI Jakarta,Pulo Gadung,"The Oak Tower Pulo Gadung, Pulo Gadung, Jakarta Timur",Apartemen,2750000.0,65476.19047619047,yearly,1,1,Studio / 1BR,42.0,9.02371745501663,6.152562072538998,Stasiun KRL Manggarai,Tier 2: Inner Ring Metro (7-15km),0,1,0,0,0,0,1,1,0,0,0,0,-6.177488068143855,106.8953077174438,listing,0,https://picture.rumah123.com/r123-images/360x210-crop/customer/1808098/47b5d73a360ed6ba4ec7f22c989aa64e.jpg,Cari hunian yang nyaman untuk ditempati sendiri maupun sebagai investasi? Unit 1 Bedroom seluas 42 m² ini bisa menjadi pilihan yang tepat. Berada ...,3731866.0,-981866.0,-0.3053,26.3,-0.93,Good Deal (Undervalued),"Disewakan One Bedroom Oak Tower B - Lantai 11, View Kolam Renang, Semi Furnish, Pool dan Gym, Jaktim",The Oak Tower,exact
LST-00250,Cleon Park JGC • 1BR Full Furnished (32 m²),https://www.rumah123.com/properti/jakarta-timur-jakarta-garden-city/apartment-cleon-park-jgc-full-furnished-disewakan-apr7814360/,Jakarta Timur,DKI Jakarta,Jakarta Garden City,"Cleon Park Apartment Jakarta Garden City, Jakarta Garden City, Jakarta Timur",Apartemen,4166666.6666666665,130208.33333333331,yearly,1,1,Studio / 1BR,32.0,15.586084622283838,8.621961788838401,Stasiun KRL Bekasi,Tier 3: Outer Commuter Ring (15-28km),1,0,0,0,0,0,0,0,0,0,0,0,-6.171755,106.955978,listing,0,https://picture.rumah123.com/r123-images/360x210-crop/customer/1739070/c93bb95cf880db5eb7de82e81c178ae2.jpg,Disewakan Apartemen Cleon Park  Jakarta Garden City  Apartemen Full Furnished   Type : Studio Luas Tanah : 32m² Kamar Tidur : 1 Kamar Mandi : 1 Li...,5956486.0,-1789819.3333333335,-0.3574,30.0,-1.09,Good Deal (Undervalued),Apartment Cleon Park Jgc Full Furnished Disewakan,Cleon Park JGC,exact
LST-00251,Cleon Park JGC • 1BR Full Furnished (32 m²),https://www.rumah123.com/properti/jakarta-timur-jakarta-garden-city/disewakan-cleon-park-apartemen-nyaman-full-furnished-apr7805693/,Jakarta Timur,DKI Jakarta,Jakarta Garden City,"Cleon Park Apartment Jakarta Garden City, Jakarta Garden City, Jakarta Timur",Apartemen,6500000.0,203125.0,monthly,1,1,Studio / 1BR,32.0,15.585836399733587,8.622062883741526,Stasiun KRL Bekasi,Tier 3: Outer Commuter Ring (15-28km),1,0,0,0,0,0,0,0,0,0,0,0,-6.171755389066635,106.95597577909852,listing,0,https://picture.rumah123.com/r123-images/360x210-crop/customer/2065550/4389410c66aeac095b31c576fa217f8d.jpg,Disewakan Cleon Park Apartemen Nyaman Full Furnished  Rasakan kenyamanan tinggal di apartemen modern dengan desain minimalis dan sudah dilengkapi f...,4988364.0,1511636.0,0.2647,-30.3,0.81,Premium / High Price,Disewakan Cleon Park Apartemen Nyaman Full Furnished,Cleon Park JGC,exact
LST-00252,Cleon Park JGC • 1BR Furnished (32 m²),https://www.rumah123.com/properti/jakarta-timur-jakarta-garden-city/disewakan-apartemen-cleon-park-di-lantai-27-tinggal-bawa-koper-apr7805666/,Jakarta Timur,DKI Jakarta,Jakarta Garden City,"Cleon Park Apartment Jakarta Garden City, Jakarta Garden City, Jakarta Timur",Apartemen,5500000.0,171875.0,monthly,1,1,Studio / 1BR,32.0,15.30011241273674,8.239379108457513,Stasiun KRL Bekasi,Tier 3: Outer Commuter Ring (15-28km),0,0,0,0,0,0,0,0,0,0,0,0,-6.1769249,106.95464,listing,0,https://picture.rumah123.com/r123-images/360x210-crop/customer/2065550/6e985415cb3aacba963e7423ff2c2a57.jpg,Disewakan Apartemen Cleon Park Di Lantai 27 Tinggal Bawa Koper Rasakan kenyamanan tinggal di apartemen modern dengan desain minimalis dan sudah dil...,4266252.0,1233748.0,0.254,-28.9,0.78,Premium / High Price,Disewakan Apartemen Cleon Park di Lantai 27 Tinggal Bawa Koper,Cleon Park JGC,exact
LST-00253,Unresolved • Cawang • 4BR+ Full Furnished (90 m²),https://www.rumah123.com/properti/jakarta-timur-cawang/apartemen-3-1-fully-furnished-dilokasi-yang-sangat-strategis-apr7344117/,Jakarta Timur,DKI Jakarta,Cawang,"Tamansari The Hive Cawang, Cawang, Jakarta Timur",Apartemen,7083333.333333333,78703.7037037037,yearly,4,3,4+ Bedroom,90.0,7.864340766984697,5.626244570855632,Stasiun KRL Manggarai,Tier 2: Inner Ring Metro (7-15km),1,0,0,0,0,0,0,0,1,0,0,0,-6.25444,106.87435,listing,0,https://picture.rumah123.com/r123-images/360x210-crop/customer/967946/d1376c5b37caa6ffac309764f9a0aae6.jpg,Disewakan Apartemen 3 + 1 BR fully furnished lakosi sangat strategis didepan halte transjakarta cawang  • Luas : 90 m² • Kamar tidur : 3 + 1 �...,9053759.0,-1970425.666666667,-0.2454,21.8,-0.75,Good Deal (Undervalued),Apartemen 3 + 1 Fully Furnished Dilokasi Yang Sangat Strategis,,unresolved
LST-00254,Tifolia Apartment • Studio Full Furnished (21 m²),https://www.rumah123.com/properti/jakarta-timur-pulomas/disewa-segera-apartemen-tifolia-tipe-studio-full-furnish-apr7799323/,Jakarta Timur,DKI Jakarta,Pulomas,"Tifolia Apartment Pulomas, Pulomas, Jakarta Timur",Apartemen,2916666.6666666665,138888.88888888888,yearly,0,1,Studio / 1BR,21.0,8.124276904442418,5.393629816618108,Stasiun KRL Manggarai,Tier 2: Inner Ring Metro (7-15km),1,0,0,0,0,0,0,0,0,0,0,0,-6.17726,106.886292,listing,0,https://picture.rumah123.com/r123-images/360x210-crop/customer/4398081/4baa5225129682d0a7714b6dd7e2a136.jpg,"*DISEWA SEGERA!!!* Apartemen Tifolia Lt 12 @ Pulomas Luas 21 m², PPJB, Studio, 1 KM, 1300 watt, Furnish. *Harga sewa 35 jt/th*  Hubungi : Anton Pr...",3211939.0,-295272.3333333335,-0.0964,9.2,-0.3,Fair Market Price,Disewa Segera!!! Apartemen Tifolia Tipe Studio Full Furnish,Tifolia Apartment,exact
LST-00255,The Oak Tower Tower A • 1BR Full Furnished (42 m²),https://www.rumah123.com/properti/jakarta-timur-pulo-gadung/disewakan-one-bedroom-apartemen-oak-tower-a-full-furnish-lantai-2-view-jalan-arah-barat-jaktim-apr7799229/,Jakarta Timur,DKI Jakarta,Pulo Gadung,"The Oak Tower Pulo Gadung, Pulo Gadung, Jakarta Timur",Apartemen,3750000.0,89285.71428571429,yearly,1,1,Studio / 1BR,42.0,9.000334450847507,6.145083848564253,Stasiun KRL Manggarai,Tier 2: Inner Ring Metro (7-15km),1,0,0,1,0,0,0,0,0,0,1,0,-6.177018740301111,106.89487856400144,listing,0,https://picture.rumah123.com/r123-images/360x210-crop/customer/1808098/c27120f4b005702f76f41327511235f6.jpg,"DESKRIPSI: Untuk Anda yang sibuk dan tidak mau repot. Unit ini sudah full furnish lengkap - spring bed, lemari, kulkas, AC 2 unit, TV, kitchen set....",4767142.0,-1017142.0,-0.24,21.3,-0.73,Fair Market Price,"Disewakan One Bedroom Apartemen Oak Tower A - Full Furnish, Lantai 2, View Jalan Arah Barat, Jaktim",The Oak Tower,exact
LST-00256,The Oak Tower Tower A • 2BR Full Furnished (42 m²),https://www.rumah123.com/properti/jakarta-timur-pulo-gadung/isewakan-two-bedroom-oak-tower-a-pulo-gadung-lantai-6-full-furnish-view-city-light-apr7799227/,Jakarta Timur,DKI Jakarta,Pulo Gadung,"The Oak Tower Pulo Gadung, Pulo Gadung, Jakarta Timur",Apartemen,4300000.0,102380.95238095238,monthly,2,1,2 Bedroom,42.0,9.000334450847507,6.145083848564253,Stasiun KRL Manggarai,Tier 2: Inner Ring Metro (7-15km),1,0,0,0,0,0,0,0,0,0,0,0,-6.177018740301111,106.89487856400144,listing,0,https://picture.rumah123.com/r123-images/360x210-crop/customer/1808098/7dcf2137aaaa5c89d6be1931eee5a4f9.jpg,"DESKRIPSI : 2 Bedroom bersih, siap huni, di Tower A Oak Tower. Unit lantai 6, view langsung ke Jalan hadap Barat, hangat saat sore. Cocok untuk And...",4357833.0,-57833.0,-0.0134,1.3,-0.04,Fair Market Price,"Disewakan Two Bedroom Oak Tower A Pulo Gadung - Lantai 6, Full Furnish, View City Light",The Oak Tower,exact
LST-00257,The Oak Tower Tower A • 2BR Full Furnished (42 m²),https://www.rumah123.com/properti/jakarta-timur-pulo-gadung/disewakan-2br-oak-tower-a-full-furnish-lantai-3-cocok-untuk-pasangan-mudapulo-gadung-apr7799208/,Jakarta Timur,DKI Jakarta,Pulo Gadung,"The Oak Tower Pulo Gadung, Pulo Gadung, Jakarta Timur",Apartemen,4000000.0,95238.09523809524,monthly,2,1,2 Bedroom,42.0,8.990554357342186,6.124637113846763,Stasiun KRL Manggarai,Tier 2: Inner Ring Metro (7-15km),1,0,0,0,0,0,0,0,0,0,0,0,-6.177445401993534,106.89496439468992,listing,0,https://picture.rumah123.com/r123-images/360x210-crop/customer/1808098/33cb1264dfb7e680422f233f338ae69f.jpg,"DESKRIPSI : Lokasi paling efisien untuk Anda yang bekerja di area Pulogadung, Rawamangun, atau Kelapa Gading. Akses tol Cakung-Cikampek dekat, dan ...",4469568.0,-469568.0,-0.111,10.5,-0.34,Fair Market Price,"Disewakan 2Br Oak Tower A - Full Furnish, Lantai 3, Cocok untuk Pasangan Muda,Pulo Gadung",The Oak Tower,exact
LST-00258,The Oak Tower Tower A Pool View • 2BR Full Furnished (42 m²),https://www.rumah123.com/properti/jakarta-timur-pulo-gadung/disewakan-2-bedroom-full-furnish-lantai-tinggi-view-kolam-renang-apartemen-oak-tower-a-jaktim-apr7799195/,Jakarta Timur,DKI Jakarta,Pulo Gadung,"The Oak Tower Pulo Gadung, Pulo Gadung, Jakarta Timur",Apartemen,4200000.0,100000.0,monthly,2,1,2 Bedroom,42.0,9.016588588134375,6.155733224512816,Stasiun KRL Manggarai,Tier 2: Inner Ring Metro (7-15km),1,0,0,0,0,0,1,0,0,0,0,0,-6.177146738844949,106.89509314072262,listing,0,https://picture.rumah123.com/r123-images/360x210-crop/customer/1808098/6edeeebc8ca50e70ed09ffa7bace2ed1.jpg,"Nikmati kenyamanan tinggal di apartemen dengan unit yang siap huni, lengkap dengan furnitur, serta memiliki view jalan menghadap ke arah timur yang...",4402073.0,-202073.0,-0.047,4.6,-0.14,Fair Market Price,"Disewakan 2 Bedroom Full Furnish Lantai Tinggi - View Kolam Renang, Apartemen Oak Tower A Jaktim",The Oak Tower,exact
LST-00259,Bassura City Tower Dahlia • 2BR Furnished (34 m²),https://www.rumah123.com/properti/jakarta-timur-jatinegara/sewa-2br-furnished-apartemen-bassura-city-tower-dahlia-apr7798926/,Jakarta Timur,DKI Jakarta,Jatinegara,"Bassura City Apartment, Jatinegara, Jakarta Timur",Apartemen,4250000.0,125000.0,yearly,2,1,2 Bedroom,34.0,6.670137921392139,3.581676443291726,Stasiun KRL Manggarai,Tier 1: Core Urban Center (<7km),0,0,0,0,0,0,0,0,0,0,0,0,-6.22750897,106.8773311,listing,0,https://picture.rumah123.com/r123-images/360x210-crop/customer/75556/2bfd5f79ec5dadcba83efbb80f51ae23.jpg,Cari unit sewa type 2BR furnished? Ada nih di tower Dahlia   Apartemen Bassura City  Tower Dahlia Lantai 19 View Kota Luas unit 34m  Type 2BR 2 Kam...,3689755.0,560245.0,0.1414,-15.2,0.43,Fair Market Price,Sewa 2Br Furnished Apartemen Bassura City Tower Dahlia,Bassura City,exact
LST-00260,Bassura City Tower Geranium • 2BR Full Furnished (48 m²),https://www.rumah123.com/properti/jakarta-timur-jatinegara/disewakan-apartemen-bassura-tower-geranium-apr7782833/,Jakarta Timur,DKI Jakarta,Jatinegara,"Bassura City Apartment, Jatinegara, Jakarta Timur",Apartemen,4000000.0,83333.33333333333,yearly,2,1,2 Bedroom,48.0,6.670137921392139,3.581676443291726,Stasiun KRL Manggarai,Tier 1: Core Urban Center (<7km),1,0,0,1,0,0,0,0,0,0,0,0,-6.22750897,106.8773311,listing,0,https://picture.rumah123.com/r123-images/360x210-crop/customer/4427181/7c9ff80cf854e76177b6f29aa6ccd2f8.jpg,"Disewakan Apartemen Bassura, Tower Geranium   Lantai 20 2BR Full furnished  Full interior  AC 2  Kasur Lemari Kulkas TV  Sofa Dispenser  Water heat...",5919838.0,-1919838.0,-0.392,32.4,-1.2,Good Deal (Undervalued),"Disewakan Apartemen Bassura, Tower Geranium",Bassura City,exact
LST-00261,MTH Square • 2BR Furnished (44 m²),https://www.rumah123.com/properti/jakarta-timur-jatinegara/apartemen-2br-furnish-mth-square-jakarta-timur-apr7782626/,Jakarta Timur,DKI Jakarta,Jatinegara,"MTH Square Serviced Apartment, Jatinegara, Jakarta Timur",Apartemen,5833333.333333333,132575.75757575757,yearly,2,1,2 Bedroom,44.0,6.670137921392139,3.581676443291726,Stasiun KRL Manggarai,Tier 1: Core Urban Center (<7km),0,0,0,0,0,0,0,0,0,0,0,0,-6.22750897,106.8773311,listing,0,https://picture.rumah123.com/r123-images/360x210-crop/customer/4431873/30c85979a205a5fe57c1cf959d5e2cb7.jpg,Disewakan apartemen 2BR MTH Square Jakarta timur   Nama apartemen : MTH Square  Tower : utama (1 tower aja) Lantai : 15 View : city  Type bedroom: ...,5052804.0,780529.333333333,0.1436,-15.4,0.44,Fair Market Price,Apartemen 2Br Furnish Mth Square Jakarta Timur,MTH Square,exact
LST-00262,Bassura City • 2BR Full Furnished (34 m²),https://www.rumah123.com/properti/jakarta-timur-jatinegara/apartment-keren-2-br-full-furnished-siap-huni-di-bassura-city-apr3555662/,Jakarta Timur,DKI Jakarta,Jatinegara,"Bassura City Apartment, Jatinegara, Jakarta Timur",Apartemen,3333333.333333333,98039.21568627452,yearly,2,1,2 Bedroom,34.0,7.584742001616322,4.512041242245638,Stasiun KRL Manggarai,Tier 2: Inner Ring Metro (7-15km),1,0,0,0,0,0,1,1,0,0,0,1,-6.23168,106.88464,listing,0,https://picture.rumah123.com/r123-images/360x210-crop/customer/2048272/0cd3f72a3a84f385aec70955a8114948.jpg,"Merupakan apartment superblock yang memiliki kelengkapan fasilitas sebagai berikut: access card, TV kabel, parkir basement, swimming pool, fitness ...",3466301.0,-132967.66666666698,-0.0391,3.8,-0.12,Fair Market Price,Apartment keren 2 BR Full furnished siap huni di Bassura City,Bassura City,exact
LST-00263,Sakura Garden City • Studio Full Furnished (36 m²),https://www.rumah123.com/properti/jakarta-timur-ciracas/apartemen-studio-sakura-garden-city-full-furnished-bagus-apr7675943/,Jakarta Timur,DKI Jakarta,Ciracas,"Sakura Garden City Ciracas, Ciracas, Jakarta Timur",Apartemen,4166666.6666666665,115740.74074074072,yearly,0,1,Studio / 1BR,36.0,15.291983178738429,8.944335786752305,Stasiun KRL Depok Baru,Tier 3: Outer Commuter Ring (15-28km),1,0,0,0,0,0,0,0,0,0,0,0,-6.3335145,106.8783073,listing,0,https://picture.rumah123.com/r123-images/360x210-crop/customer/1655369/listing/apr7675943/enhanced/4b2da0dd9785e58add7f9d29d47dbcdf.jpg,"DISEWA - APARTEMEN SAKURA GARDEN CITY   Hunian modern, siap huni, cocok untuk investasi maupun tinggal sendiri!  ✨ Detail Unit: - Tipe: Studio Pl...",5336583.0,-1169916.3333333335,-0.2475,21.9,-0.76,Good Deal (Undervalued),Apartemen Studio Sakura Garden City Full Furnished Bagus,Sakura Garden City,exact
LST-00264,Signature Park Grande • 2BR Full Furnished (53 m²),https://www.rumah123.com/properti/jakarta-timur-cawang/apartemen-signature-park-grande-cawang-2br-full-furnished-siap-huni-apr7764302/,Jakarta Timur,DKI Jakarta,Cawang,"Signature Park Grande, Cawang, Jakarta Timur",Apartemen,9583333.333333334,180817.6100628931,yearly,2,1,2 Bedroom,53.0,7.86450965270701,5.626349468065597,Stasiun KRL Manggarai,Tier 2: Inner Ring Metro (7-15km),1,0,0,0,0,0,1,0,0,0,0,0,-6.25444,106.874352,listing,0,https://picture.rumah123.com/r123-images/360x210-crop/customer/2062501/b2d5b89456243b88638ed0553b4a106c.jpg,"DISEWAKAN Apartemen Signature Park Grande full furnished, Cawang, Jakarta Timur  Tower  Green Lantai 6 View  Kolam renang Kamar tidur  2 Kamar mand...",6641810.0,2941523.333333334,0.3666,-44.3,1.12,Premium / High Price,Apartemen Signature Park Grande Cawang 2Br Full Furnished - Siap Huni,Signature Park Grande,exact
LST-00265,Signature Park Grande • Studio Full Furnished (25 m²),https://www.rumah123.com/properti/jakarta-timur-kramat-jati/for-rent-apartemen-signature-park-grande-studio-fully-furnished-apr7690746/,Jakarta Timur,DKI Jakarta,Kramat Jati,"Signature Park Grande, Kramat Jati, Jakarta Timur",Apartemen,7500000.0,300000.0,monthly,1,1,Studio / 1BR,25.0,9.012481242329295,7.5487070604792,Stasiun KRL Manggarai,Tier 2: Inner Ring Metro (7-15km),1,0,0,0,0,0,0,0,0,0,0,0,-6.27606376,106.8654901,listing,0,https://picture.rumah123.com/r123-images/360x210-crop/customer/4368659/listing/apr7690746/enhanced/00332882fa8dc08d95df5dc91c33135e.jpg,"Apartment Name: Signature Park Grande Location: Jl. MT Haryono kav. 20, Kramat Jati, Jakarta Timur Tower / Floor / View: Light / Low Floor / City V...",4556450.0,2943550.0,0.4984,-64.6,1.53,Overpriced / Luxury Tag,For Rent Apartemen Signature Park Grande - Studio Fully Furnished,Signature Park Grande,exact
LST-00266,Signature Park Grande • 2BR Furnished (53 m²),https://www.rumah123.com/properti/jakarta-timur-cawang/disewakan-apartemen-dengan-design-dan-furniture-mewah-signature-park-grande-jl-mt-haryono-kav-20-cawang-jakarta-timur-apr7764019/,Jakarta Timur,DKI Jakarta,Cawang,"Signature Park Grande, Cawang, Jakarta Timur",Apartemen,9000000.0,169811.320754717,yearly,2,1,2 Bedroom,53.0,7.86450965270701,5.626349468065597,Stasiun KRL Manggarai,Tier 2: Inner Ring Metro (7-15km),0,0,0,0,0,0,0,0,0,0,0,0,-6.25444,106.874352,listing,0,https://picture.rumah123.com/r123-images/360x210-crop/customer/811752/2466a1c79f636b961519e119aa50c01b.jpg,"DISEWAKAN Apartemen dengan design dan furniture mewah. Signature Park Grande Jl  MT Haryono Kav 20, Cawang, Jakarta Timur  - ⁠Tower : Green - ⁠...",6343622.0,2656378.0,0.3498,-41.9,1.07,Premium / High Price,"Disewakan Apartemen dengan Design dan Furniture Mewah. Signature Park Grande Jl Mt Haryono Kav 20, Cawang, Jakarta Timur",Signature Park Grande,exact
LST-00267,Callia Apartment • 1BR Furnished (43 m²),https://www.rumah123.com/properti/jakarta-timur-pulo-gadung/disewa-apartemen-callia-pulo-gadung-apr7764005/,Jakarta Timur,DKI Jakarta,Pulo Gadung,"Callia Apartment Pulomas, Pulo Gadung, Jakarta Timur",Apartemen,4583333.333333333,106589.1472868217,yearly,1,1,Studio / 1BR,43.0,7.81040687630694,4.660549984903866,Stasiun KRL Manggarai,Tier 2: Inner Ring Metro (7-15km),0,0,0,0,0,0,0,0,0,0,0,0,-6.19329934,106.8889122,listing,0,https://picture.rumah123.com/r123-images/360x210-crop/customer/1958358/f5a926ae4524cbe7b837be9a14b8f0a3.jpg,1 Kamar Tidur 1 Kamar Mandi Tipe 43 Lantai 6  WK,5116454.0,-533120.666666667,-0.11,10.4,-0.34,Fair Market Price,Disewa Apartemen Callia Pulo Gadung,Callia Apartment,exact
LST-00268,Bassura City • 2BR Furnished (34 m²),https://www.rumah123.com/properti/jakarta-timur-jatinegara/apartment-cantik-2-kamar-siap-huni-di-bassura-city-apr3505389/,Jakarta Timur,DKI Jakarta,Jatinegara,"Bassura City Apartment, Jatinegara, Jakarta Timur",Apartemen,3500000.0,102941.17647058824,yearly,2,1,2 Bedroom,34.0,7.584742001616322,4.512041242245638,Stasiun KRL Manggarai,Tier 2: Inner Ring Metro (7-15km),0,0,0,0,0,0,1,1,0,0,0,1,-6.23168,106.88464,listing,0,https://picture.rumah123.com/r123-images/360x210-crop/customer/2048272/4d70b9875b9febaf361be39e24cb999f.jpg,"Merupakan apartment superblock yang memiliki kelengkapan fasilitas sebagai berikut: access card, TV kabel, parkir basement, swimming pool, fitness ...",3251381.0,248619.0,0.0737,-7.6,0.23,Fair Market Price,Apartment cantik 2 kamar siap huni di Bassura City,Bassura City,exact
LST-00269,Sedayu City Suites • 1BR Furnished (37 m²),https://www.rumah123.com/properti/jakarta-timur-cakung/disewakan-apartemen-sedayu-city-suites-1bedroom-fulnish-cakung-jakarta-timur-apr7724040/,Jakarta Timur,DKI Jakarta,Cakung,"Sedayu City Suites Kelapa Gading, Cakung, Jakarta Timur",Apartemen,4583333.333333333,123873.87387387386,yearly,1,1,Studio / 1BR,37.0,13.488302193538072,8.396577413691325,Stasiun KRL Bekasi,Tier 2: Inner Ring Metro (7-15km),0,0,0,0,0,0,0,0,0,0,0,0,-6.18874163,106.9403369,listing,0,https://picture.rumah123.com/r123-images/360x210-crop/customer/1905961/listing/apr7724040/enhanced/d173367b86743e3be2f4141f7dfd5300.jpg,Disewakan Apartemen Sedayu City Suites . Cakung Jakarta Utara luas 37m . 1 bedroom  furnish  lt 21 harga 55 juta/ tahun,3869072.0,714261.333333333,0.1694,-18.5,0.52,Fair Market Price,Disewakan Apartemen Sedayu City Suites 1.Bedroom Fulnish Cakung Jakarta Timur,Sedayu City Suites,exact
LST-00270,Sedayu City Suites • Studio Furnished (28 m²),https://www.rumah123.com/properti/jakarta-timur-cakung/disewakan-apartemen-sedayu-city-suites-studio-28m-furnish-cakung-jakarta-timur-apr7724003/,Jakarta Timur,DKI Jakarta,Cakung,"Sedayu City Suites Kelapa Gading, Cakung, Jakarta Timur",Apartemen,2916666.6666666665,104166.66666666666,yearly,0,1,Studio / 1BR,28.0,13.488302193538072,8.396577413691325,Stasiun KRL Bekasi,Tier 2: Inner Ring Metro (7-15km),0,0,0,0,0,0,0,0,0,0,0,0,-6.18874163,106.9403369,listing,0,https://picture.rumah123.com/r123-images/360x210-crop/customer/1905961/listing/apr7724003/enhanced/8810529e4d340fc3992fde9ad2cfc903.jpg,Disewakan Apartemen Sedayu City Suites . Cakung Jakarta Utara luas 28m . furnish  lt 20. harga 35 juta/ tahun,3894891.0,-978224.3333333336,-0.2892,25.1,-0.89,Good Deal (Undervalued),Disewakan Apartemen Sedayu City Suites Studio 28M Furnish Cakung Jakarta Timur,Sedayu City Suites,exact
LST-00271,Signature Park Grande • 2BR Full Furnished (45 m²),https://www.rumah123.com/properti/jakarta-timur-jakarta-garden-city/dijual-dan-disewakan-bulanan-apartemen-di-signature-park-grande-jl-mt-haryono-fully-furnished-berkualitas-luas-45-apr7723978/,Jakarta Timur,DKI Jakarta,Jakarta Garden City,"Signature Park Grande, Jakarta Garden City, Jakarta Timur",Apartemen,15000000.0,333333.3333333333,monthly,2,1,2 Bedroom,45.0,15.586084622283838,8.621961788838401,Stasiun KRL Bekasi,Tier 3: Outer Commuter Ring (15-28km),1,0,0,1,0,0,0,0,0,0,0,0,-6.171755,106.955978,listing,0,https://picture.rumah123.com/r123-images/360x210-crop/customer/443816/listing/apr7723978/enhanced/f3707e3e7ac0b21dd2211aa0a5413b17.jpg,"Apartemen 8 lantai di Jakarta Garden City, Jakarta Timur.  For rent di wilayah yang tenang. Dengan kategorinya adalah sebagai berikut:   - Kamar Ti...",4600926.0,10399074.0,1.1818,-226.0,3.62,Overpriced / Luxury Tag,"Dijual dan Disewakan Bulanan Apartemen di Signature Park Grande Jl Mt Haryono Fully Furnished Berkualitas Luas 45 2Kamar Tidur Ber Ac Ruang Tamu Ac Kmr Mandi Ruang Masak Siaap Huni Lengkap dengan Perabotan Harga Penawaran 2,M Nego Sampai Dealsewa 15 Jt Pe",Signature Park Grande,exact
LST-00272,Cleon Park JGC • Studio Furnished (27 m²),https://www.rumah123.com/properti/jakarta-timur-cakung/for-rent-free-ipl-cleon-park-apartemen-jakarta-garden-city-tipe-studio-furnished-barang-trendy-langsung-hunicakung-apr7297502/,Jakarta Timur,DKI Jakarta,Cakung,"Cleon Park Apartment Jakarta Garden City, Cakung, Jakarta Timur",Apartemen,3750000.0,138888.88888888888,yearly,1,1,Studio / 1BR,27.0,14.064105748733574,8.295312990682158,Stasiun KRL Bekasi,Tier 2: Inner Ring Metro (7-15km),0,0,0,0,0,0,0,0,0,0,0,0,-6.18489,106.944931,listing,0,https://picture.rumah123.com/r123-images/360x210-crop/customer/4355770/a5d60d0771cad05df7f154dbe4457015.jpg,"[ FOR RENT ]FREE IPL CLEON PARK APARTEMEN JAKARTA GARDEN CITY TIPE STUDIO FURNISHED BARANG TRENDY LANGSUNG HUNI CAKUNG, JAKARTA TIMUR =============...",3616676.0,133324.0,0.0362,-3.7,0.11,Fair Market Price,"[ For Rent ]Free IPL Cleon Park Apartemen Jakarta Garden City Tipe Studio Furnished Barang Trendy Langsung Hunicakung, Jakarta Timur",Cleon Park JGC,exact
LST-00273,Green Bay Pluit • 2BR Furnished (52 m²),https://www.rumah123.com/properti/jakarta-timur-cawang/premium-lt-8-2br-52m-green-signature-apr7707465/,Jakarta Timur,DKI Jakarta,Cawang,"Green Signature Park, Cawang, Jakarta Timur",Apartemen,7250000.0,139423.07692307694,yearly,2,1,2 Bedroom,52.0,7.86450965270701,5.626349468065597,Stasiun KRL Manggarai,Tier 2: Inner Ring Metro (7-15km),0,0,0,0,0,0,0,0,0,0,0,0,-6.25444,106.874352,listing,0,https://picture.rumah123.com/r123-images/360x210-crop/customer/1972063/listing/apr7707465/enhanced/c12ee7b4f47462ee9ab70adb5ec3a8be.jpg,*JUAL CEPET/SEWA* APT GREEN SIGNATURE PARK PREMIUM TOWER LT 8 MEWAH NICE DESIGN  SIAP HUNI MT HARYONO CAWANG JAKARTA SELATAN  *LUAS. 52m. KT 2. KM ...,6532892.0,717108.0,0.1042,-11.0,0.32,Fair Market Price,Premium LT 8 2Br 52M Green Signature.,Green Bay Pluit,exact
LST-00274,Bassura City • 2BR Unfurnished (34 m²),https://www.rumah123.com/properti/jakarta-timur-jatinegara/disewa-apartemen-bassura-2br-unfurnished-apr7699545/,Jakarta Timur,DKI Jakarta,Jatinegara,"Bassura City Apartment, Jatinegara, Jakarta Timur",Apartemen,2833333.333333333,83333.33333333334,yearly,2,1,2 Bedroom,34.0,6.670137921392139,3.581676443291726,Stasiun KRL Manggarai,Tier 1: Core Urban Center (<7km),0,0,1,0,0,0,0,0,0,0,0,0,-6.22750897,106.8773311,subdistrict_centroid,1,https://picture.rumah123.com/r123-images/360x210-crop/customer/1967365/48bb324d68a5e7bfe506b033fe9181e4.jpg,"Disewa Apartemen Bassura 2BR - JAKARTA TIMUR    Spesifikasi Unit: Luas: 34 m² 2 Bedroom 1 Bathroom Unfurnished   Fasilitas Apartemen: ...",3867257.0,-1033923.666666667,-0.3111,26.7,-0.95,Good Deal (Undervalued),Disewa Apartemen Bassura 2Br Unfurnished,Bassura City,exact
LST-00275,Bassura City • Studio Furnished (21 m²),https://www.rumah123.com/properti/jakarta-timur-jatinegara/sewa-studio-furnished-apartemen-bassura-city-ada-water-heater-apr7699430/,Jakarta Timur,DKI Jakarta,Jatinegara,"Bassura City Apartment, Jatinegara, Jakarta Timur",Apartemen,3700000.0,176190.47619047618,monthly,0,1,Studio / 1BR,21.0,6.670137921392139,3.581676443291726,Stasiun KRL Manggarai,Tier 1: Core Urban Center (<7km),0,0,0,0,0,1,0,0,0,0,0,0,-6.22750897,106.8773311,listing,0,https://picture.rumah123.com/r123-images/360x210-crop/customer/75556/listing/apr7699430/enhanced/893d2beeef6d3e738dbc5787c7680e0c.jpg,Cari unit sewa studio Furnished? Ada nih sebelah mall   Apartemen Bassura City  Tower Edelweiss  Lantai 17 View Kota Luas unit 21m² Type Studio  1...,3004312.0,695688.0,0.2083,-23.2,0.64,Fair Market Price,Sewa Studio Furnished Apartemen Bassura City Ada Water Heater,Bassura City,exact
LST-00276,Callia Apartment • 1BR Full Furnished (43 m²),https://www.rumah123.com/properti/jakarta-timur-pulo-gadung/disewakan-apartemen-callia-1-kamar-full-furnish-tahunan-bulanan-apr7699297/,Jakarta Timur,DKI Jakarta,Pulo Gadung,"Callia Apartment Pulomas, Pulo Gadung, Jakarta Timur",Apartemen,3875000.0,90116.27906976744,yearly,1,1,Studio / 1BR,43.0,7.81040687630694,4.660549984903866,Stasiun KRL Manggarai,Tier 2: Inner Ring Metro (7-15km),1,0,0,0,0,0,0,0,0,0,0,0,-6.19329934,106.8889122,listing,0,https://picture.rumah123.com/r123-images/360x210-crop/customer/871145/listing/apr7699297/enhanced/b3cd978edc19800f5f20993dcd8ef620.jpg,"Disewakan apartemen callia 1 kamar full furnish tahunan bulanan , lt 40, hadap kelapa gading",5408138.0,-1533138.0,-0.3334,28.3,-1.02,Good Deal (Undervalued),Disewakan Apartemen Callia 1 Kamar Full Furnish Tahunan Bulanan,Callia Apartment,exact
LST-00277,Unresolved • Cawang • 2BR Full Furnished (49 m²),https://www.rumah123.com/properti/jakarta-timur-cawang/disewakan-cepat-appartement-siapa-huni-bagus-dan-harga-terbaik-apr7691447/,Jakarta Timur,DKI Jakarta,Cawang,"Signature Park Grande, Cawang, Jakarta Timur",Apartemen,6666666.666666667,136054.42176870749,yearly,2,1,2 Bedroom,49.0,7.86450965270701,5.626349468065597,Stasiun KRL Manggarai,Tier 2: Inner Ring Metro (7-15km),1,0,0,0,0,0,0,0,0,0,0,0,-6.25444,106.874352,listing,0,https://picture.rumah123.com/r123-images/360x210-crop/customer/709277/listing/apr7691447/enhanced/7b0d85972c4c37bd0199091b9d0bde1a.jpg,"Disewakan Apartemen Signature Park Grande Tower Green Signature Jl.MT Haryono Jakarta Luas 49 m2 , 2BR , Lt 11 Full Furnished  2200 Watt  80 jt / t...",6099243.0,567423.666666667,0.089,-9.3,0.27,Fair Market Price,Disewakan Cepat Appartement Siapa Huni Bagus dan Harga Terbaik,,unresolved
LST-00278,Unresolved • Cawang • 2BR Furnished (53 m²),https://www.rumah123.com/properti/jakarta-timur-cawang/disewakan-apartemen-grand-signature-park-cawang-jakarta-timur-apr7651661/,Jakarta Timur,DKI Jakarta,Cawang,"Signature Park Apartment, Cawang, Jakarta Timur",Apartemen,7500000.0,141509.43396226416,monthly,2,1,2 Bedroom,53.0,6.8792583752677015,4.885123246765154,Stasiun KRL Manggarai,Tier 1: Core Urban Center (<7km),0,0,0,0,0,0,0,0,0,0,0,0,-6.2511722,106.8653464,listing,0,https://picture.rumah123.com/r123-images/360x210-crop/customer/1809344/9f46e0a957b9a3596493b4c2495fb9e7.jpg,"Disewakan segera apartemen 2BR Grand Signature Park Cawang Jakarta Timur. Lokasi strategis di Timur Jakarta akses ke Dewi Sartika, Otista dan Pintu...",5957270.0,1542730.0,0.2303,-25.9,0.71,Fair Market Price,Disewakan Apartemen Grand Signature Park Cawang Jakarta Timur,,unresolved
LST-00279,Patria Park Cawang • 2BR Full Furnished (58 m²),https://www.rumah123.com/properti/jakarta-timur-cawang/di-sewakan-apartemen-patria-park-full-furnished-apr7644674/,Jakarta Timur,DKI Jakarta,Cawang,"Patria Park Apartment, Cawang, Jakarta Timur",Apartemen,6500000.0,112068.96551724138,monthly,2,2,2 Bedroom,58.0,14.28344921892035,11.059408666635788,Stasiun KRL Depok Baru,Tier 2: Inner Ring Metro (7-15km),1,0,0,0,0,0,0,0,0,0,0,0,-6.31741,106.889,listing,0,https://picture.rumah123.com/r123-images/360x210-crop/customer/1276484/1924ae7f2303153bd06b5e962f723fed.jpg,Di Sewakan  Apartemen Patria Park 2 BR  Luas 54 sqm  Lantai 25 Harga 6.5jt/bulan  Hubungi  Rossa : 0811152xxxx,6793751.0,-293751.0,-0.0442,4.3,-0.14,Fair Market Price,Di Sewakan Apartemen Patria Park Full Furnished,Patria Park Cawang,exact
LST-00280,Patria Park Cawang • 2BR Furnished (58 m²),https://www.rumah123.com/properti/jakarta-timur-cawang/disewakan-apartemen-patria-park-full-furmished-apr7644667/,Jakarta Timur,DKI Jakarta,Cawang,"Patria Park Apartment, Cawang, Jakarta Timur",Apartemen,6500000.0,112068.96551724138,monthly,2,1,2 Bedroom,58.0,14.28344921892035,11.059408666635788,Stasiun KRL Depok Baru,Tier 2: Inner Ring Metro (7-15km),0,0,0,0,0,0,0,0,0,0,0,0,-6.31741,106.889,listing,0,https://picture.rumah123.com/r123-images/360x210-crop/customer/1276484/5d05882e06ae77712b9ef886e65e3d9b.jpg,Di Sewakan  Apartemen Patria Park 2 BR  Luas 54 sqm  Lantai 21 Harga 6.5jt/bulan  Hubungi  Rossa : 0811152xxxx,5957996.0,542004.0,0.0871,-9.1,0.27,Fair Market Price,Disewakan Apartemen Patria Park Full Furmished,Patria Park Cawang,exact
LST-00281,Bassura City • 1BR Furnished (34 m²),https://www.rumah123.com/properti/jakarta-timur-jatinegara/sewa-1br-furnished-apartemen-bassura-city-interior-lux-apr7644559/,Jakarta Timur,DKI Jakarta,Jatinegara,"Bassura City Apartment, Jatinegara, Jakarta Timur",Apartemen,4500000.0,132352.9411764706,monthly,1,1,Studio / 1BR,34.0,6.670137921392139,3.581676443291726,Stasiun KRL Manggarai,Tier 1: Core Urban Center (<7km),0,0,0,0,0,0,0,0,0,0,0,0,-6.22750897,106.8773311,listing,0,https://picture.rumah123.com/r123-images/360x210-crop/customer/75556/b4c0b9bc61cad99110f00207c2c874cf.jpg,Cari unit sewa type 1BR? Ada nih di tower Edelweiss.  Apartemen Bassura City  Tower Edelweiss  View Kota  Luas unit 34m² Type 1BR  1 Kamar Tidur  ...,4275137.0,224863.0,0.0513,-5.3,0.16,Fair Market Price,Sewa 1Br Furnished Apartemen Bassura City Interior Lux,Bassura City,exact
LST-00282,Bassura City Tower C • Studio Furnished (21 m²),https://www.rumah123.com/properti/jakarta-timur-jatinegara/sewa-studio-furnished-atas-mall-apartemen-bassura-city-tower-c-apr7644548/,Jakarta Timur,DKI Jakarta,Jatinegara,"Bassura City Apartment, Jatinegara, Jakarta Timur",Apartemen,3500000.0,166666.66666666666,monthly,0,1,Studio / 1BR,21.0,6.670137921392139,3.581676443291726,Stasiun KRL Manggarai,Tier 1: Core Urban Center (<7km),0,0,0,0,0,0,0,0,0,0,0,0,-6.22750897,106.8773311,listing,0,https://picture.rumah123.com/r123-images/360x210-crop/customer/75556/2acafd443b6bbd88351e79812adb32a6.jpg,Cari unit sewa atas mall? Ada nih di tower Cattleya   Apartemen Bassura City  Tower Cattleya Lantai 25 View Kota Luas unit 21m² Type Studio 1 Kama...,3202004.0,297996.0,0.089,-9.3,0.27,Fair Market Price,Sewa Studio Furnished Atas Mall Apartemen Bassura City Tower C,Bassura City,exact
LST-00283,Bassura City • 2BR Unfurnished (38 m²),https://www.rumah123.com/properti/jakarta-timur-jatinegara/sewa-2-kamar-hook-apartemen-bassura-city-kosongan-apr7644545/,Jakarta Timur,DKI Jakarta,Jatinegara,"Bassura City Apartment, Jatinegara, Jakarta Timur",Apartemen,2666666.6666666665,70175.43859649122,yearly,2,1,2 Bedroom,38.0,6.670137921392139,3.581676443291726,Stasiun KRL Manggarai,Tier 1: Core Urban Center (<7km),0,0,1,0,0,0,0,0,0,0,0,0,-6.22750897,106.8773311,listing,0,https://picture.rumah123.com/r123-images/360x210-crop/customer/75556/0939f7a3981d8320727a1aa915ba3fd7.jpg,Cari unit sewa type 2BR kosongan? Coba cek yg ini!  Apartemen Bassura City  Tower Flamboyan  Lantai 9 View Kota Luas unit 38m² Type 2BR Hook  2 Ka...,3988123.0,-1321456.3333333335,-0.4025,33.1,-1.23,Good Deal (Undervalued),Sewa 2 Kamar Hook Apartemen Bassura City Kosongan,Bassura City,exact
LST-00284,Bassura City • 1BR Furnished (38 m²),https://www.rumah123.com/properti/jakarta-timur-cawang/disewakan-apartemen-bassura-city-furnished-apr7644484/,Jakarta Timur,DKI Jakarta,Cawang,"Bassura City Apartment, Cawang, Jakarta Timur",Apartemen,6000000.0,157894.73684210525,monthly,1,1,Studio / 1BR,38.0,14.28344921892035,11.059408666635788,Stasiun KRL Depok Baru,Tier 2: Inner Ring Metro (7-15km),0,0,0,0,0,0,0,0,0,0,0,0,-6.31741,106.889,listing,0,https://picture.rumah123.com/r123-images/360x210-crop/customer/1276484/7cfe13cad1655cdeda25abfd640ba5df.jpg,Disewakan Apartement Bassura City  2Br jadi 1 Br luas 38sqm  harga 6jt/bulan  hubungi Rossa : 0811152xxxx,4510546.0,1489454.0,0.2853,-33.0,0.87,Premium / High Price,Disewakan Apartemen Bassura City Furnished,Bassura City,exact
LST-00285,Transpark Cibubur • 3BR Full Furnished (70 m²),https://www.rumah123.com/properti/jakarta-timur-cibubur/disewakan-apartemen-transpark-cibubur-3-br-fully-furnished-apr7627727/,Jakarta Timur,DKI Jakarta,Cibubur,"Transpark Cibubur, Cibubur, Jakarta Timur",Apartemen,7083333.333333333,101190.47619047618,yearly,3,2,3 Bedroom,70.0,18.36377962780643,8.982117676463927,Stasiun KRL Depok Baru,Tier 3: Outer Commuter Ring (15-28km),1,0,0,0,0,0,0,0,0,0,0,0,-6.35611,106.895111,listing,0,https://picture.rumah123.com/r123-images/360x210-crop/customer/1973850/73cc7360f680b1e59ded4c3de31a8ee5.jpg,"Disewakan Apartemen Transpark Cibubur, Tower Aurora, Cimanggis Depok . Fully Furnished  Luas bangunan : 71,20 m2 Kamar Tidur : 3 Kamar mandi : 2 Li...",7966790.0,-883456.666666667,-0.1175,11.1,-0.36,Fair Market Price,"Disewakan Apartemen Transpark Cibubur, 3 Br Fully Furnished",Transpark Cibubur,exact
LST-00286,Green Pramuka City • 2BR Furnished (56 m²),https://www.rumah123.com/properti/jakarta-timur-rawamangun/sewa-apartemen-furnish-green-pramuka-apr7605695/,Jakarta Timur,DKI Jakarta,Rawamangun,"Green Pramuka City, Rawamangun, Jakarta Timur",Apartemen,4000000.0,71428.57142857143,monthly,2,1,2 Bedroom,56.0,7.683223704114997,4.473880155651045,Stasiun KRL Manggarai,Tier 2: Inner Ring Metro (7-15km),0,0,0,0,0,0,0,0,0,0,0,0,-6.19669,106.888428,listing,0,https://picture.rumah123.com/r123-images/360x210-crop/customer/4358915/ff6e84f17024e9efc6ac7c6b72e6fcf2.jpg,"Apartemen 26 lantai di Rawamangun, Jakarta Timur.  Disewakan di wilayah yang asri. Dengan spesifikasinya adalah sebagai berikut:   - Kamar Tidur: 2...",6221620.0,-2221620.0,-0.4417,35.7,-1.35,Good Deal (Undervalued),Sewa Apartemen Furnish Green Pramuka,Green Pramuka City,exact
LST-00287,Cleon Park JGC • Studio Full Furnished (32 m²),https://www.rumah123.com/properti/jakarta-timur-jakarta-garden-city/apartemen-cleon-park-jgc-type-studio-32m2-full-furnished-siap-huni-cleon-park-apr7458488/,Jakarta Timur,DKI Jakarta,Jakarta Garden City,"Cleon Park Apartment Jakarta Garden City, Jakarta Garden City, Jakarta Timur",Apartemen,3750000.0,117187.5,yearly,0,1,Studio / 1BR,32.0,15.586084622283838,8.621961788838401,Stasiun KRL Bekasi,Tier 3: Outer Commuter Ring (15-28km),1,0,0,0,0,0,0,0,1,0,0,0,-6.171755,106.955978,listing,0,https://picture.rumah123.com/r123-images/360x210-crop/customer/1892087/852e49b4b74c98bc9967812c326ca244.jpg,Disewakan apartemen cleon park JGC siap huni type studio 32m2 full furnished  keamanan 24 jam dekat dengan stasiun cakung toll jorr toll priok loka...,5285245.0,-1535245.0,-0.3432,29.0,-1.05,Good Deal (Undervalued),Apartemen Cleon Park Jgc Type Studio 32m2 Full Furnished Siap Huni cleon park,Cleon Park JGC,exact
LST-00288,Signature Park Grande • 2BR Furnished (49 m²),https://www.rumah123.com/properti/jakarta-timur-kramat-jati/amazing-2-kamar-tidur-lantai-10-di-signature-park-grande-apr7399080/,Jakarta Timur,DKI Jakarta,Kramat Jati,"Signature Park Grande, Kramat Jati, Jakarta Timur",Apartemen,5833333.333333333,119047.61904761904,yearly,2,1,2 Bedroom,49.0,9.696421253173844,7.8673769162635985,Stasiun KRL Manggarai,Tier 2: Inner Ring Metro (7-15km),0,0,0,1,0,0,1,0,0,0,0,0,-6.27577,106.876183,listing,0,https://picture.rumah123.com/r123-images/360x210-crop/customer/4385531/1485205fd589a19b6cb30b33d6300b6d.jpg,Apartemen manis di Signature Park Grande - Tower Green Signature lantai 10  2 Kamar Tidur 1 Kamar Mandi Full AC  Fasilitas apartemen : Kolam Renang...,4572288.0,1261045.333333333,0.2436,-27.6,0.75,Premium / High Price,Amazing 2 Kamar Tidur Lantai 10 Di Signature Park Grande,Signature Park Grande,exact
LST-00289,Bassura City • 2BR Full Furnished (34 m²),https://www.rumah123.com/properti/jakarta-timur-jatinegara/apartment-elegant-di-atas-mall-2-br-siap-huni-di-bassura-city-apr3607802/,Jakarta Timur,DKI Jakarta,Jatinegara,"Bassura City Apartment, Jatinegara, Jakarta Timur",Apartemen,3750000.0,110294.11764705884,yearly,2,1,2 Bedroom,34.0,7.585158547899618,4.512414318542035,Stasiun KRL Manggarai,Tier 2: Inner Ring Metro (7-15km),1,0,0,0,0,0,0,0,0,0,0,0,-6.23168,106.884644,listing,0,https://picture.rumah123.com/r123-images/360x210-crop/customer/2048272/9fe4305f296c0ed7c3d75493c91e9626.jpg,"Apartment Name: Bassura City Location: Jatinegara, Jakarta Timur Tower/Floor/View: Alamanda/25 Condition: Full Furnished Facility: Merupakan superb...",4099501.0,-349501.0,-0.0891,8.5,-0.27,Fair Market Price,Apartment Elegant Di Atas Mall 2 Br Siap Huni Di Bassura City,Bassura City,exact
LST-00290,Cleon Park JGC • Studio Furnished (25 m²),https://www.rumah123.com/properti/jakarta-timur-cakung/disewa-apartemen-type-studio-furnish-baru-handover-cleon-park-jakarta-garden-city-apr3256041/,Jakarta Timur,DKI Jakarta,Cakung,"Cleon Park Apartment Jakarta Garden City, Cakung, Jakarta Timur",Apartemen,3250000.0,130000.0,yearly,1,1,Studio / 1BR,25.0,14.063997196732158,8.295393375194978,Stasiun KRL Bekasi,Tier 2: Inner Ring Metro (7-15km),0,0,0,0,0,0,0,0,0,0,0,0,-6.18489,106.94493,listing,0,https://picture.rumah123.com/r123-images/360x210-crop/customer/930891/2024-04-01-03-08-25-2e803bab-2d8c-4d91-b013-3942061e323d.png,"Disewa Apartemen Type Studio Furnish, Baru Handover @Cleon Park Jakarta Garden City  Apartemen Cleon Park, Cakung, Cakung Timur, Jakarta Timur LT/L...",3946450.0,-696450.0,-0.1942,17.6,-0.59,Fair Market Price,"Disewa Apartemen Type Studio Furnish, Baru Handover @Cleon Park Jakarta Garden City",Cleon Park JGC,exact
LST-00291,Unresolved • Cawang • Studio Full Furnished (34 m²),https://www.rumah123.com/properti/jakarta-timur-cawang/apartemen-furnished-bagus-studio-apr3623831/,Jakarta Timur,DKI Jakarta,Cawang,"Tamansari The Hive Cawang, Cawang, Jakarta Timur",Apartemen,5000000.0,147058.82352941178,monthly,1,1,Studio / 1BR,34.0,7.864340766984697,5.626244570855632,Stasiun KRL Manggarai,Tier 2: Inner Ring Metro (7-15km),1,0,0,1,0,0,0,0,0,0,0,0,-6.25444,106.87435,listing,0,https://picture.rumah123.com/r123-images/360x210-crop/customer/1037282/f845823a36b2be2cc1811ddd3b3b392f.jpg,"Apartment Name: Tamansari The Hive cawangLocation: Jl. DI Pandjaitan Kav. 3 – 4, Cawang  Condition: Fully Furnished with AC, LCD TV, Kulkas, Micr...",4398518.0,601482.0,0.1282,-13.7,0.39,Fair Market Price,Apartemen Furnished Bagus Studio,,unresolved
LST-00292,Bassura City • 2BR Full Furnished (35 m²),https://www.rumah123.com/properti/jakarta-timur-cipinang/apartemen-bassura-city-full-furnished-2-br-di-jakarta-timur-apr3473364/,Jakarta Timur,DKI Jakarta,Cipinang,"Bassura City Apartment, Cipinang, Jakarta Timur",Apartemen,4166666.6666666665,119047.61904761904,yearly,2,1,2 Bedroom,35.0,8.702756183020291,5.363520656338527,Stasiun KRL Manggarai,Tier 2: Inner Ring Metro (7-15km),1,0,0,0,0,0,0,0,0,0,0,0,-6.20989,106.89872,listing,0,https://picture.rumah123.com/r123-images/360x210-crop/customer/2076574/e794853dc7726e2330d393afca139185.jpg,Disewakan Apartemen Bassura City 2 BR di Jakarta Timur   Luas Bangunan 35 m² 2 Kamar Tidur  1 Kamar Mandi  Lantai 16 Tower Genarium Air PAM  Listr...,3853525.0,313141.6666666665,0.0781,-8.1,0.24,Fair Market Price,Apartemen Bassura City Full Furnished 2 BR di Jakarta Timur ,Bassura City,exact
LST-00293,Sedayu City Suites • Studio Semi Furnished (28 m²),https://www.rumah123.com/properti/jakarta-timur-cakung/apartemen-semi-furnished-type-studio-sedayu-city-suites-apr3381441/,Jakarta Timur,DKI Jakarta,Cakung,"Sedayu City Suites Kelapa Gading, Cakung, Jakarta Timur",Apartemen,2666666.6666666665,95238.09523809524,yearly,0,1,Studio / 1BR,28.0,14.063997196732158,8.295393375194978,Stasiun KRL Bekasi,Tier 2: Inner Ring Metro (7-15km),0,1,0,0,0,0,0,0,0,0,0,0,-6.18489,106.94493,listing,0,https://picture.rumah123.com/r123-images/360x210-crop/customer/1351551/2024-07-20-10-17-57-93471fe5-df62-4da6-990a-2743714b7f19.jpg,Apartemen Sedayu City Suites semi furnished type studio lokasi strategis selangkah ke kelapa gading,2863731.0,-197064.3333333335,-0.0713,6.9,-0.22,Fair Market Price,Apartemen Semi Furnished Type Studio Sedayu City Suites,Sedayu City Suites,exact
LST-00294,Unresolved • Cawang Tower The • 2BR Furnished (43 m²),https://www.rumah123.com/properti/jakarta-timur-cawang/disewa-apartemen-signature-park-tower-the-light-furnished-apr2951986/,Jakarta Timur,DKI Jakarta,Cawang,"Signature Park Apartment, Cawang, Jakarta Timur",Apartemen,8000000.0,186046.51162790696,yearly,2,1,2 Bedroom,43.0,7.864340766984697,5.626244570855632,Stasiun KRL Manggarai,Tier 2: Inner Ring Metro (7-15km),0,0,0,0,0,0,1,0,0,0,0,0,-6.25444,106.87435,listing,0,https://picture.rumah123.com/r123-images/360x210-crop/customer/1642571/2023-07-15-04-16-38-e96100c9-7862-4984-b85e-25d7d3b969fa.jpg,Disewa Apartemen Signature Park Tower The Light Furnished  LB: 43 m2 KT: 2 KM: 1 View Pool Listrik: 2200 watt Sertifikat: PPJB  Lokasi Strategis - ...,4186476.0,3813524.0,0.6476,-91.1,1.98,Overpriced / Luxury Tag,Disewa Apartemen Signature Park Tower The Light Furnished,,unresolved
LST-00295,Unresolved • Matraman • 1BR Furnished (53 m²),https://www.rumah123.com/properti/jakarta-timur-matraman/s-m-property-apartemen-soho-menteng-square-matraman-jakarta-timur-apr2843981/,Jakarta Timur,DKI Jakarta,Matraman,"Menteng Square Apartment, Matraman, Jakarta Timur",Apartemen,3750000.0,70754.71698113208,yearly,1,1,Studio / 1BR,53.0,5.538253034892918,2.263453245625087,Stasiun KRL Manggarai,Tier 1: Core Urban Center (<7km),0,0,1,1,0,0,0,0,0,0,0,0,-6.20435,106.8699,listing,0,https://picture.rumah123.com/r123-images/360x210-crop/customer/28676/2023-03-04-04-00-26-8cbf01d0-54be-40ae-bf40-7024cc843a45.jpg,"Sangat cocok untuk hunian/kantor, Tidak Diperbolehkan untuk jual makanan/minuman, Non Furnish, City View, AC 2, Listrik 3520 Watt, (Disewa atau Dij...",8164130.0,-4414130.0,-0.778,54.1,-2.38,Deep Value Deal (Rare Find),S M Property Apartemen Soho Menteng Square Matraman Jakarta Timur,,unresolved
LST-00296,Unresolved • Cibubur • Studio Full Furnished (23 m²),https://www.rumah123.com/properti/jakarta-timur-cibubur/trans-park-cibubur-studio-full-furnish-bulanan-apr2838306/,Jakarta Timur,DKI Jakarta,Cibubur,"Transpark Cibubur, Cibubur, Jakarta Timur",Apartemen,4500000.0,195652.1739130435,monthly,1,0,Studio / 1BR,23.0,18.36372966154695,8.98201814013528,Stasiun KRL Depok Baru,Tier 3: Outer Commuter Ring (15-28km),1,0,0,0,0,0,0,0,0,0,0,0,-6.35611,106.89511,listing,0,https://picture.rumah123.com/r123-images/360x210-crop/customer/70170/2023-02-25-12-31-59-8db8fff6-aff6-405c-9ada-753932b8c1ac.jpg,Disewakan Apartemen Transpark Cibubur  Apartemen Superblok Dengan Mall Trans Studio  Apartemen Tipe Studio Luas 23m  Fully Furnish  Lantai 17 City ...,3084502.0,1415498.0,0.3777,-45.9,1.16,Premium / High Price,Trans Park Cibubur Studio Full Furnish Bulanan,,unresolved
LST-00297,Gold Coast PIK • Studio Full Furnished (29 m²),https://www.rumah123.com/properti/jakarta-utara-pantai-indah-kapuk/disewakan-apartmen-gold-coast-pik-studio-siap-huni-80jttahun-apr7791428/,Jakarta Utara,DKI Jakarta,Pantai Indah Kapuk,"Gold Coast PIK Bahama Sea View, Pantai Indah Kapuk, Jakarta Utara",Apartemen,6250000.0,215517.24137931035,yearly,1,1,Studio / 1BR,29.0,14.675711474438309,12.023233832245896,Stasiun KRL Tanah Abang,Tier 2: Inner Ring Metro (7-15km),1,0,0,0,0,0,1,0,0,0,0,0,-6.10262276392724,106.74115147116392,listing,0,https://picture.rumah123.com/r123-images/360x210-crop/customer/1777048/b0a6196c4d85fd21b59aae0d73ac5891.jpg,Disewakan Apartmen Gold Coast  Tower Atlantic Tipe Studio Luas 29m2 Full Furnished Siap Huni Unit Rapih  View Laut+View Pool  Harga Sewa 75jt/Tahun...,5728675.0,521325.0,0.0871,-9.1,0.27,Fair Market Price,Disewakan Apartmen Gold Coast Pik Studio Siap Huni 75Jt/Tahun,Gold Coast PIK,exact
LST-00298,The Summit Residences • 2BR Furnished (151 m²),https://www.rumah123.com/properti/jakarta-utara-kelapa-gading/disewakan-apartemen-2-bedroom-full-furnish-the-summit-kelapa-gading-jakut-apr7774710/,Jakarta Utara,DKI Jakarta,Kelapa Gading,"The Summit Kelapa Gading, Kelapa Gading, Jakarta Utara",Apartemen,16666666.666666666,110375.27593818984,yearly,2,2,2 Bedroom,151.0,10.667378438399515,8.037634400035223,Stasiun KRL Manggarai,Tier 2: Inner Ring Metro (7-15km),0,0,0,0,0,0,0,0,0,0,0,0,-6.16076844,106.9035302,listing,0,https://picture.rumah123.com/r123-images/360x210-crop/customer/1976482/cb52012216b4235e45e4b6e28f926c77.jpg,"DISEWAKAN APARTEMENT THE SUMMIT, ,KELAPA GADING, JAKUT   Hunian premium di jantung Kelapa Gading dengan akses langsung ke Mall Kelapa Gading (MKG)....",14734875.0,1931791.666666666,0.1232,-13.1,0.38,Fair Market Price,Siap Huni Apartemen 2 Kamar Furnish Mewah di The Summit Kelapa Gading,The Summit Residences,exact
LST-00299,Gold Coast PIK • Studio Furnished (28 m²),https://www.rumah123.com/properti/jakarta-utara-pantai-indah-kapuk/disewakan-apt-gold-coast-pik-studio-28-m2-view-terindah-apr7846563/,Jakarta Utara,DKI Jakarta,Pantai Indah Kapuk,"Gold Coast PIK Bahama Sea View, Pantai Indah Kapuk, Jakarta Utara",Apartemen,5416666.666666667,193452.3809523809,yearly,0,1,Studio / 1BR,28.0,11.367918798293845,10.022317904565083,Stasiun KRL Tanah Abang,Tier 2: Inner Ring Metro (7-15km),0,0,0,0,0,0,0,0,0,0,0,0,-6.12371,106.877,listing,0,https://picture.rumah123.com/r123-images/360x210-crop/customer/4437197/e43701777c86bcd87c10c83b62184ce7.jpg,️ GOLD COAST PIK 公寓出租   Gold Coast PIK   Studio 单间|28 平方米  全套家具|拎包即可入住  Million Dollar View|超赞景观  �...,3625323.0,1791343.666666667,0.4015,-49.4,1.23,Premium / High Price,Disewakan Apt Gold Coast Pik Studio 28 M2 View Terindah,Gold Coast PIK,exact
LST-00300,Unresolved • Kelapa Gading • 2BR Full Furnished (45 m²),https://www.rumah123.com/properti/jakarta-utara-kelapa-gading/disewaka-cepat-unit-di-apartement-moi-lantai-menengah-apr7848681/,Jakarta Utara,DKI Jakarta,Kelapa Gading,"Mall of Indonesia (MOI) Residences, Kelapa Gading, Jakarta Utara",Apartemen,7083333.333333333,157407.4074074074,yearly,2,1,2 Bedroom,45.0,10.667378438399515,8.037634400035223,Stasiun KRL Manggarai,Tier 2: Inner Ring Metro (7-15km),1,0,0,0,0,0,0,0,0,0,0,0,-6.16076844,106.9035302,listing,0,https://picture.rumah123.com/r123-images/360x210-crop/customer/1940613/f19bb2b3d2a2010da956dd5d3cf49085.jpg,Luas bangunan: 45 m2 Kamar tidur : 2 Kamar mandi : 1 Lantai : 11 Full Furnished,5884403.0,1198930.333333333,0.1854,-20.4,0.57,Fair Market Price,Disewaka Cepat Unit di Apartement Moi Lantai Menengah,,unresolved
LST-00301,Tokyo Riverside PIK 2 • Studio Furnished (21 m²),https://www.rumah123.com/properti/jakarta-utara-pantai-indah-kapuk-2/apartemen-tokyo-riverside-pik-2-studio-furnish-murah-apr7264049/,Jakarta Utara,DKI Jakarta,Pantai Indah Kapuk 2,"Tokyo Riverside PIK 2, Pantai Indah Kapuk 2, Jakarta Utara",Apartemen,1916666.6666666667,91269.84126984129,yearly,1,1,Studio / 1BR,21.0,19.856577827132323,15.06958050701512,Stasiun KRL Tangerang,Tier 3: Outer Commuter Ring (15-28km),0,0,0,0,0,0,0,0,0,0,0,0,-6.066228,106.711853,listing,0,https://picture.rumah123.com/r123-images/360x210-crop/customer/669115/ffc0c89e15d58a84c16ae084793ac945.jpg,"Apartemen Tokyo Riverside PIK2 Tower Ishikawa Type Studio Ukuran 21m2 Furnished",1733143.0,183523.6666666668,0.1007,-10.6,0.31,Fair Market Price,Apartemen Tokyo Riverside Pik 2 Studio Furnish,Tokyo Riverside PIK 2,exact
LST-00302,Gold Coast PIK • Studio Full Furnished (28 m²),https://www.rumah123.com/properti/jakarta-utara-pantai-indah-kapuk/sewa-mewah-unit-studio-apartemen-gold-coast-pik-apr7846607/,Jakarta Utara,DKI Jakarta,Pantai Indah Kapuk,"Gold Coast PIK Bahama Sea View, Pantai Indah Kapuk, Jakarta Utara",Apartemen,5666666.666666667,202380.9523809524,yearly,0,0,Studio / 1BR,28.0,14.675786961931234,12.023318175087477,Stasiun KRL Tanah Abang,Tier 2: Inner Ring Metro (7-15km),1,0,0,0,0,0,0,0,0,0,0,0,-6.102623,106.74115,listing,0,https://picture.rumah123.com/r123-images/360x210-crop/customer/1984664/15a3505bc37a4b22b887555015431afc.jpg,DISEWA CEPAT  APART GOLD COAST  STUDIO FULL FURNISH CAKEP MEWAH 68 juta/ tahun nego,5722232.0,-55565.33333333302,-0.0098,1.0,-0.03,Fair Market Price,Sewa Mewah Unit Studio Apartemen Gold Coast Pik,Gold Coast PIK,exact
LST-00303,Gold Coast PIK • Studio Full Furnished (28 m²),https://www.rumah123.com/properti/jakarta-utara-pantai-indah-kapuk/termurah-furnish-gold-coast-apartemen-pik-apr7823652/,Jakarta Utara,DKI Jakarta,Pantai Indah Kapuk,"Gold Coast PIK Bahama Sea View, Pantai Indah Kapuk, Jakarta Utara",Apartemen,5416666.666666667,193452.3809523809,yearly,0,0,Studio / 1BR,28.0,14.675786961931234,12.023318175087477,Stasiun KRL Tanah Abang,Tier 2: Inner Ring Metro (7-15km),1,0,0,0,0,0,0,0,0,0,0,0,-6.102623,106.74115,listing,0,https://picture.rumah123.com/r123-images/360x210-crop/customer/1984664/09cae7001abf0a17b1fab5281e1aa2b9.jpg,BARU RENOVV  DISEWA APARTEMEN GOLD COAST PIK STUDIO FULL FURNISH RAPIH CAKEP HARGA 65 juta/ TAHUN READY STOCK,5914409.0,-497742.333333333,-0.0879,8.4,-0.27,Fair Market Price,Termurah Furnish Gold Coast Apartemen Pik,Gold Coast PIK,exact
LST-00304,Tokyo Riverside PIK 2 Sea View • 2BR Full Furnished (36 m²),https://www.rumah123.com/properti/jakarta-utara-pantai-indah-kapuk-2/sewa-cepat-apartemen-tokyo-pik2-2br-full-furnished-view-laut-cakep-apr7786716/,Jakarta Utara,DKI Jakarta,Pantai Indah Kapuk 2,"Tokyo Riverside PIK 2, Pantai Indah Kapuk 2, Jakarta Utara",Apartemen,4583333.333333333,127314.8148148148,yearly,2,1,2 Bedroom,36.0,19.856577827132323,15.06958050701512,Stasiun KRL Tangerang,Tier 3: Outer Commuter Ring (15-28km),1,0,0,0,0,0,0,0,0,0,0,0,-6.066228,106.711853,listing,0,https://picture.rumah123.com/r123-images/360x210-crop/customer/1426918/a8fc6c68f23d9007dd4a4b945831f207.jpg,"Sewa cepat apartemen tokyo pik2 2br full furnished view laut cakep more info call/wa thx",3258779.0,1324554.333333333,0.3411,-40.6,1.04,Premium / High Price,Sewa Cepat Apartemen Tokyo Pik2 2Br Full Furnished View Laut Cakep,Tokyo Riverside PIK 2,exact
LST-00305,Gold Coast PIK • 1BR Full Furnished (34 m²),https://www.rumah123.com/properti/jakarta-utara-pantai-indah-kapuk/apartemen-gold-coast-pik-type-1-br-34m2-ff-pik-apr7758942/,Jakarta Utara,DKI Jakarta,Pantai Indah Kapuk,"Gold Coast PIK Bahama Sea View, Pantai Indah Kapuk, Jakarta Utara",Apartemen,6250000.0,183823.5294117647,yearly,1,1,Studio / 1BR,34.0,14.675786961931234,12.023318175087477,Stasiun KRL Tanah Abang,Tier 2: Inner Ring Metro (7-15km),0,0,0,0,0,0,0,0,0,0,0,0,-6.102623,106.74115,listing,0,https://picture.rumah123.com/r123-images/360x210-crop/customer/1995719/listing/apr7758942/enhanced/3c22072d7e1e156f6cbce621ad0f7f67.jpg,Disewakan cepat  type 1 BR Uk 34m2  furnish low floor  tower Honolulu,5888023.0,361977.0,0.0597,-6.1,0.18,Fair Market Price,Apartemen Gold Coast Pik Type 1 Br 34M2 Ff Pik,Gold Coast PIK,exact
LST-00306,Tokyo Riverside PIK 2 • Studio Furnished (21 m²),https://www.rumah123.com/properti/jakarta-utara-pantai-indah-kapuk-2/disewa-murah-apartemen-studio-tokyo-pik-2-furnish-bagus-apr7818640/,Jakarta Utara,DKI Jakarta,Pantai Indah Kapuk 2,"Tokyo Riverside PIK 2, Pantai Indah Kapuk 2, Jakarta Utara",Apartemen,2083333.3333333333,99206.3492063492,yearly,1,1,Studio / 1BR,21.0,19.856577827132323,15.06958050701512,Stasiun KRL Tangerang,Tier 3: Outer Commuter Ring (15-28km),0,0,0,0,0,0,0,0,0,0,0,0,-6.066228,106.711853,listing,0,https://picture.rumah123.com/r123-images/360x210-crop/customer/1426355/5a6268596ce1b3f09eca30c366cb4013.jpg,"Disewakan Apartemen Tokyo Riverside PIK 2 Pantai Indah Kapuk 2 Studio Furnish Bagus Lengkap Murah  Siap Huni Lantai Tinggi  Harga Sewa 2...",1613747.0,469586.33333333326,0.2554,-29.1,0.78,Premium / High Price,Disewa Murah Apartemen Studio Tokyo Pik 2 Furnish Bagus,Tokyo Riverside PIK 2,exact
LST-00307,Sedayu City Suites • 1BR Full Furnished (37 m²),https://www.rumah123.com/properti/jakarta-utara-kelapa-gading/disewakan-apartemen-sedayu-city-kelapa-gading-jakarta-utara-apr7816831/,Jakarta Utara,DKI Jakarta,Kelapa Gading,"Sedayu City Suites Kelapa Gading, Kelapa Gading, Jakarta Utara",Apartemen,4583333.333333333,123873.87387387386,yearly,1,1,Studio / 1BR,37.0,10.667378438399515,8.037634400035223,Stasiun KRL Manggarai,Tier 2: Inner Ring Metro (7-15km),1,0,0,1,0,0,0,0,0,0,0,0,-6.16076844,106.9035302,listing,0,https://picture.rumah123.com/r123-images/360x210-crop/customer/1909109/b5bc38c0abbccb55a2944fa28dc40222.jpg,"Disewakan Apartemen Sedayu City Kelapa Gading Jakarta Utara  Luas 37 m² Lantai 2 KM 1  KT 1 Full Furnished (AC, Kulkas, Bed, TV, lemari pakaian, m...",5447857.0,-864523.666666667,-0.1728,15.9,-0.53,Fair Market Price,Disewakan Apartemen Sedayu City Kelapa Gading Jakarta Utara,Sedayu City Suites,exact
LST-00308,Tokyo Riverside PIK 2 • Studio Furnished (21 m²),https://www.rumah123.com/properti/jakarta-utara-pantai-indah-kapuk-2/disewakan-apartemen-tokyo-riverside-pik-2-studio-apr7846541/,Jakarta Utara,DKI Jakarta,Pantai Indah Kapuk 2,"Tokyo Riverside PIK 2, Pantai Indah Kapuk 2, Jakarta Utara",Apartemen,1083333.3333333333,51587.30158730158,yearly,0,0,Studio / 1BR,21.0,19.856577827132323,15.06958050701512,Stasiun KRL Tangerang,Tier 3: Outer Commuter Ring (15-28km),0,0,0,0,0,0,0,0,0,0,0,0,-6.066228,106.711853,listing,0,https://picture.rumah123.com/r123-images/360x210-crop/customer/1757334/78e738aa5287a78d00cf2bf0ee4d31e6.jpg,Disewakan apartemen tokyo riverside pik 2 studio,1708925.0,-625591.6666666667,-0.4558,36.6,-1.4,Good Deal (Undervalued),Disewakan Apartemen Tokyo Riverside Pik 2 Studio,Tokyo Riverside PIK 2,exact
LST-00309,Unresolved • Pantai Mutiara Sea View • 2BR Furnished (150 m²),https://www.rumah123.com/properti/jakarta-utara-pantai-mutiara/full-sea-view-apartemen-pantai-mutiara-150m-furnished-apr7740581/,Jakarta Utara,DKI Jakarta,Pantai Mutiara,"Pantai Mutiara Apartment Pluit, Pantai Mutiara, Jakarta Utara",Apartemen,15000000.0,100000.0,yearly,2,2,2 Bedroom,150.0,12.597346472286135,9.844532502164997,Stasiun KRL Tanah Abang,Tier 2: Inner Ring Metro (7-15km),0,0,0,0,0,0,0,0,0,0,0,0,-6.099147,106.791357,listing,0,https://picture.rumah123.com/r123-images/360x210-crop/customer/4486429/listing/apr7740581/enhanced/42dee4dd3996ffce05817e7db3a98c03.png,Bangun Setiap Hari dengan Pemandangan Laut Lepas  Nikmati pengalaman tinggal di salah satu unit terbaik Apartemen Pantai Mutiara Tower Enggano. Ber...,14517874.0,482126.0,0.0327,-3.3,0.1,Fair Market Price,Full Sea View! Apartemen Pantai Mutiara 150M² Furnished *,,unresolved
LST-00310,Unresolved • Pluit • 3BR Furnished (101 m²),https://www.rumah123.com/properti/jakarta-utara-pluit/apartemen-apr7796853/,Jakarta Utara,DKI Jakarta,Pluit,"Green Bay Pluit Condominium, Pluit, Jakarta Utara",Apartemen,10833333.333333334,107260.72607260729,yearly,3,2,3 Bedroom,101.0,11.115110459512994,8.339815295590071,Stasiun KRL Tanah Abang,Tier 2: Inner Ring Metro (7-15km),0,0,0,0,0,0,0,0,0,0,0,0,-6.11555,106.783783,listing,0,https://picture.rumah123.com/r123-images/360x210-crop/customer/393105/6956434c6c192b871699bd9faef9e0e6.jpg,Disewakan Apartemen CBD Pluit Tower Akasia 3 BR renov dan spt baru,7477255.0,3356078.333333334,0.3708,-44.9,1.14,Premium / High Price,"Apartemen,",,unresolved
LST-00311,Gold Coast PIK Tower Atlantic Sea View • 1BR Furnished (51 m²),https://www.rumah123.com/properti/jakarta-utara-pantai-indah-kapuk/apartemen-goldcoast-tower-atlantic-sea-view-apr7823688/,Jakarta Utara,DKI Jakarta,Pantai Indah Kapuk,"Gold Coast PIK Bahama Sea View, Pantai Indah Kapuk, Jakarta Utara",Apartemen,8750000.0,171568.6274509804,yearly,1,1,Studio / 1BR,51.0,14.675786961931234,12.023318175087477,Stasiun KRL Tanah Abang,Tier 2: Inner Ring Metro (7-15km),0,0,0,0,0,0,0,0,0,0,0,0,-6.102623,106.74115,listing,0,https://picture.rumah123.com/r123-images/360x210-crop/customer/4518394/7a99b40e089c43f678bd9b11874f8f9d.jpg,"Apartemen nyaman dengan pemandangan laut, sudah dilengkapi berbagai perabot dan kebutuhan sehari-hari.   Detail Unit: -Luas 51 m² -1 Bedroom -1 Ba...",9217737.0,-467737.0,-0.0521,5.1,-0.16,Fair Market Price,Apartemen Goldcoast Tower Atlantic Sea View,Gold Coast PIK,exact
LST-00312,Tokyo Riverside PIK 2 Tower Dontonburi • 2BR Furnished (36 m²),https://www.rumah123.com/properti/jakarta-utara-pantai-indah-kapuk-2/disewakan-apartemen-tokyo-riverside-tower-dontonburi-apr7843549/,Jakarta Utara,DKI Jakarta,Pantai Indah Kapuk 2,"Tokyo Riverside PIK 2, Pantai Indah Kapuk 2, Jakarta Utara",Apartemen,3333333.333333333,92592.5925925926,yearly,2,1,2 Bedroom,36.0,19.856577827132323,15.06958050701512,Stasiun KRL Tangerang,Tier 3: Outer Commuter Ring (15-28km),0,0,0,0,0,0,0,0,0,0,0,0,-6.066228,106.711853,listing,0,https://picture.rumah123.com/r123-images/360x210-crop/customer/1068996/2992c969b19d43dc265334c647df978e.jpg,Disewakan Apartemen Tokyo Riverside Tower Dontonburi Tower Dontonburi Luas 36m2 Lantai 28 Kamar tidur 2 Kamar mandi 1 Furnish lengkap Tinggal Bawa ...,2575479.0,757854.333333333,0.2579,-29.4,0.79,Premium / High Price,Disewakan Apartemen Tokyo Riverside Tower Dontonburi,Tokyo Riverside PIK 2,exact
LST-00313,French Walk MOI • 3BR Semi Furnished (115 m²),https://www.rumah123.com/properti/jakarta-utara-kelapa-gading/apartemen-french-walk-siap-huni-dekat-akses-tol-dekat-pusat-perbelanjaan-apr7740912/,Jakarta Utara,DKI Jakarta,Kelapa Gading,"Mall of Indonesia (MOI) Residences, Kelapa Gading, Jakarta Utara",Apartemen,7500000.0,65217.391304347824,yearly,3,2,3 Bedroom,115.0,10.667378438399515,8.037634400035223,Stasiun KRL Manggarai,Tier 2: Inner Ring Metro (7-15km),0,1,0,1,0,1,0,0,0,0,0,0,-6.16076844,106.9035302,listing,0,https://picture.rumah123.com/r123-images/360x210-crop/customer/1905956/listing/apr7740912/enhanced/e956df66f57844a96d0c3709d9eebab6.jpg,"Tower Paris Garden Luas Bangunan 115m2 Kamar Tidur 3+1 Kamar Mandi 2+1 Listrik 4400Watt Air PAM Semi furnished (4 unit AC, Water Heater, Gorden jen...",10426918.0,-2926918.0,-0.3295,28.1,-1.01,Good Deal (Undervalued),Apartemen French Walk Siap Huni Dekat Akses Tol Dekat Pusat Perbelanjaan,French Walk MOI,exact
LST-00314,Gold Coast PIK • 1BR Full Furnished (44 m²),https://www.rumah123.com/properti/jakarta-utara-pantai-indah-kapuk/gold-coast-apartemen-type-1br-uk44m2-fully-furnish-pik-apr7758964/,Jakarta Utara,DKI Jakarta,Pantai Indah Kapuk,"Gold Coast PIK Bahama Sea View, Pantai Indah Kapuk, Jakarta Utara",Apartemen,11000000.0,250000.0,monthly,1,1,Studio / 1BR,44.0,14.675786961931234,12.023318175087477,Stasiun KRL Tanah Abang,Tier 2: Inner Ring Metro (7-15km),1,0,0,0,0,0,0,0,0,0,0,0,-6.102623,106.74115,listing,0,https://picture.rumah123.com/r123-images/360x210-crop/customer/1995719/listing/apr7758964/enhanced/bf9da52149fedfd3d952ca2a68db05a5.jpg,Disewakan cepat type 1 BR  Uk 44 m2  fully furnish  low floor  Honolulu tower,7054727.0,3945273.0,0.4442,-55.9,1.36,Premium / High Price,Gold Coast Apartemen Type 1Br Uk44m2 Fully Furnish Pik,Gold Coast PIK,exact
LST-00315,Tokyo Riverside PIK 2 • 2BR Furnished (36 m²),https://www.rumah123.com/properti/jakarta-utara-pantai-indah-kapuk-2/disewakan-paling-murah-2br-tokyo-riverside-pik-2-new-apr7846534/,Jakarta Utara,DKI Jakarta,Pantai Indah Kapuk 2,"Tokyo Riverside PIK 2, Pantai Indah Kapuk 2, Jakarta Utara",Apartemen,1666666.6666666667,46296.2962962963,yearly,2,1,2 Bedroom,36.0,19.856577827132323,15.06958050701512,Stasiun KRL Tangerang,Tier 3: Outer Commuter Ring (15-28km),0,0,0,0,0,0,0,0,0,0,0,0,-6.066228,106.711853,listing,0,https://picture.rumah123.com/r123-images/360x210-crop/customer/1757334/40a972cebf8caad2d9b6eebc64d66e8c.jpg,Disewakan apartemen tokyo riverside pik 2,3014844.0,-1348177.3333333333,-0.5927,44.7,-1.81,Deep Value Deal (Rare Find),Disewakan Paling Murah 2Br Tokyo Riverside Pik 2 New,Tokyo Riverside PIK 2,exact
LST-00316,The Summit Residences Tower Everest • 2BR Furnished (45 m²),https://www.rumah123.com/properti/jakarta-utara-kelapa-gading/apartemen-type-loft-the-summit-residences-tower-everest-kelapa-gading-apr3619257/,Jakarta Utara,DKI Jakarta,Kelapa Gading,"The Summit Kelapa Gading, Kelapa Gading, Jakarta Utara",Apartemen,13333333.333333334,296296.2962962963,yearly,2,1,2 Bedroom,45.0,10.667378438399515,8.037634400035223,Stasiun KRL Manggarai,Tier 2: Inner Ring Metro (7-15km),0,0,0,0,0,0,0,0,0,0,0,0,-6.16076844,106.9035302,subdistrict_centroid,1,https://picture.rumah123.com/r123-images/360x210-crop/customer/26853/b1a205f3a1a5a3c9b6ec728b99a23123.jpg,"Apartemen Type Loft The Summit Residences Tower Everest kelapa Gading  Apartemen Type Loft/ 2 Lantai , The Summit Residences Tower Everest Kelapa G...",5182359.0,8150974.333333334,0.945,-157.3,2.89,Overpriced / Luxury Tag,Apartemen Type Loft The Summit Residences Tower Everest kelapa Gading ,The Summit Residences,exact
LST-00317,Gold Coast PIK Sea View • 1BR Furnished (34 m²),https://www.rumah123.com/properti/jakarta-utara-pantai-indah-kapuk/disewakan-unit-apartemen-gold-coast-luas-34m2-sea-view-apr7787626/,Jakarta Utara,DKI Jakarta,Pantai Indah Kapuk,"Gold Coast PIK Bahama Sea View, Pantai Indah Kapuk, Jakarta Utara",Apartemen,7083333.333333333,208333.3333333333,yearly,1,1,Studio / 1BR,34.0,14.675786961931234,12.023318175087477,Stasiun KRL Tanah Abang,Tier 2: Inner Ring Metro (7-15km),0,0,0,1,0,0,0,0,0,0,0,0,-6.102623,106.74115,listing,0,https://picture.rumah123.com/r123-images/360x210-crop/customer/1689143/d4f49ff2da11433eaeb38db9761de794.jpg,"Disewakan Unit Apartemen Gold Coast   Luas 34m2 Sea View 1 Kamar Tidur Furnished (ada sofa, kasur, kulkas 2 pintu, AC, TV di kamar tidur, TV di rua...",6083926.0,999407.333333333,0.1521,-16.4,0.47,Fair Market Price,Disewakan Unit Apartemen Gold Coast Luas 34M2 Sea View,Gold Coast PIK,exact
LST-00318,Gold Coast PIK • 2BR Full Furnished (58 m²),https://www.rumah123.com/properti/jakarta-utara-pantai-indah-kapuk/disewakan-apartemen-goldcoast-siap-huni-full-furnished-apr7845990/,Jakarta Utara,DKI Jakarta,Pantai Indah Kapuk,"Gold Coast PIK Bahama Sea View, Pantai Indah Kapuk, Jakarta Utara",Apartemen,9166666.666666666,158045.97701149425,yearly,2,1,2 Bedroom,58.0,14.675786961931234,12.023318175087477,Stasiun KRL Tanah Abang,Tier 2: Inner Ring Metro (7-15km),1,0,0,0,0,0,0,0,0,0,0,0,-6.102623,106.74115,listing,0,https://picture.rumah123.com/r123-images/360x210-crop/customer/51703/2e52cb14d60c0d79bfcf280895286124.jpg,Disewakan Apartemen Goldcoast  2BR 58m² Unit ready  Full furnished View mangrove  Informasi detail   Hubungi  lia natalia  Ritzland property Jual ...,9130801.0,35865.666666666046,0.0039,-0.4,0.01,Fair Market Price,Disewakan Apartemen Goldcoast Siap Huni Full Furnished,Gold Coast PIK,exact
LST-00319,Gold Coast PIK • Studio Full Furnished (34 m²),https://www.rumah123.com/properti/jakarta-utara-pantai-indah-kapuk/disewakan-apartemen-goldcoast-siap-huni-full-furnished-apr7849609/,Jakarta Utara,DKI Jakarta,Pantai Indah Kapuk,"Gold Coast PIK Bahama Sea View, Pantai Indah Kapuk, Jakarta Utara",Apartemen,9166666.666666666,269607.8431372549,yearly,0,0,Studio / 1BR,34.0,14.675786961931234,12.023318175087477,Stasiun KRL Tanah Abang,Tier 2: Inner Ring Metro (7-15km),1,0,0,0,0,0,0,0,0,0,0,0,-6.102623,106.74115,listing,0,https://picture.rumah123.com/r123-images/360x210-crop/customer/51703/d2ec11b1ffb0b6d2c8b97cf3d5281261.jpg,Disewakan Apartemen Goldcoast  -1BR -Harga : 110jt  -unit ready  -furnish  Informasi detail   Hubungi  lia natalia  Ritzland property Jual - beli -...,6311175.0,2855491.666666666,0.3733,-45.2,1.14,Premium / High Price,Disewakan Apartemen Goldcoast Siap Huni Full Furnished,Gold Coast PIK,exact
LST-00320,The Kensington • 2BR Furnished (79 m²),https://www.rumah123.com/properti/jakarta-utara-kelapa-gading/kelapa-gading-apartemen-kensington-royal-suites-furnished-lantai-midle-apr7764722/,Jakarta Utara,DKI Jakarta,Kelapa Gading,"The Kensington Royal Suites Kelapa Gading, Kelapa Gading, Jakarta Utara",Apartemen,10000000.0,126582.27848101266,yearly,2,2,2 Bedroom,79.0,10.667378438399515,8.037634400035223,Stasiun KRL Manggarai,Tier 2: Inner Ring Metro (7-15km),0,0,0,0,0,0,0,0,0,0,0,0,-6.16076844,106.9035302,listing,0,https://picture.rumah123.com/r123-images/360x210-crop/customer/752679/e53101de2b97b52573b5754eb9675eae.jpg,"Apartemen Kensington Sumarecon Kelapa Gading Jakarta Utara.  Apartemen premium Di Kawasan mix used Sumarecon Kelapa Gading,Jakarta Utara. Dengan ko...",8824876.0,1175124.0,0.125,-13.3,0.38,Fair Market Price,Apartemen Kensington Kelapa Gading. Royal Suites 2 BR Furnished Lantai 17,The Kensington,exact
LST-00321,Tokyo Riverside PIK 2 • Studio Semi Furnished (21 m²),https://www.rumah123.com/properti/jakarta-utara-pantai-indah-kapuk-2/disewakan-apartemen-tokyo-riverside-pik-2-semi-furnish-apr7846726/,Jakarta Utara,DKI Jakarta,Pantai Indah Kapuk 2,"Tokyo Riverside PIK 2, Pantai Indah Kapuk 2, Jakarta Utara",Apartemen,1750000.0,83333.33333333333,yearly,0,0,Studio / 1BR,21.0,19.856577827132323,15.06958050701512,Stasiun KRL Tangerang,Tier 3: Outer Commuter Ring (15-28km),0,1,0,0,0,0,0,0,0,0,0,0,-6.066228,106.711853,listing,0,https://picture.rumah123.com/r123-images/360x210-crop/customer/1757334/761c894620f5ce993a4adc85bf9580d7.jpg,Disewakan apartemen tokyo riverside semi furnish,1369962.0,380038.0,0.2448,-27.7,0.75,Premium / High Price,Disewakan Apartemen Tokyo Riverside Pik 2 Semi Furnish,Tokyo Riverside PIK 2,exact
LST-00322,Unresolved • Sunter • 2BR Furnished (42 m²),https://www.rumah123.com/properti/jakarta-utara-sunter/sewakan-cepat-apartemen-keren-bagus-rapi-dan-rapi-2br-d-sunter-icon-jakut-apr7687812/,Jakarta Utara,DKI Jakarta,Sunter,"Green Lake Sunter, Sunter, Jakarta Utara",Apartemen,4166666.6666666665,99206.3492063492,yearly,2,1,2 Bedroom,42.0,9.40503224265084,8.052302498261486,Stasiun KRL Tanah Abang,Tier 2: Inner Ring Metro (7-15km),0,0,0,0,0,0,0,0,0,0,0,0,-6.13717,106.865242,listing,0,https://picture.rumah123.com/r123-images/360x210-crop/customer/4367927/listing/apr7687812/enhanced/75f62207126e52a18140ab6dd97e3f63.jpg,"Segera sewakan unit apartmen bagus dan rapi, susah dapat seperti unit ini. 2br, semua sudah tersedia kecuali tempat tidur kamar utama dan mesin cuc...",4665481.0,-498814.3333333335,-0.1131,10.7,-0.35,Fair Market Price,Sewakan Cepat Apartemen Keren Bagus Rapi dan Rapi 2Br Dì Sunter Icon Jakut.,,unresolved
LST-00323,Green Bay Pluit • 3BR Full Furnished (49 m²),https://www.rumah123.com/properti/jakarta-utara-pluit/disewakan-apartemen-greenbay-pluit-3br-modern-interior-full-furnished-apr7832749/,Jakarta Utara,DKI Jakarta,Pluit,"Green Bay Pluit Condominium, Pluit, Jakarta Utara",Apartemen,4583333.333333333,93537.4149659864,yearly,3,1,3 Bedroom,49.0,11.922225168175377,9.148509553060832,Stasiun KRL Tanah Abang,Tier 2: Inner Ring Metro (7-15km),1,0,0,0,0,0,0,0,0,0,0,0,-6.1098879330001,106.7783792,listing,0,https://picture.rumah123.com/r123-images/360x210-crop/customer/4521097/f0606787e7b65b5403ef04c6e5d1c1d9.jpg,"DISEWAKAN UNIT APARTEMEN GREENBAY 3BR FULL FURNISH Unit interior upgrade Apartement murah Green Bay Pluit, unit clean tinggal bawa koper✨ Lokasi ...",5467463.0,-884129.666666667,-0.1764,16.2,-0.54,Fair Market Price,Disewakan Apartemen Greenbay Pluit 3Br - Modern Interior Full Furnished,Green Bay Pluit,exact
LST-00324,Gold Coast PIK • 2BR Furnished (58 m²),https://www.rumah123.com/properti/jakarta-utara-pantai-indah-kapuk/seaview-murah-apartemen-gold-coast-58m-ada-2-balkon-apr7603494/,Jakarta Utara,DKI Jakarta,Pantai Indah Kapuk,"Gold Coast PIK Bahama Sea View, Pantai Indah Kapuk, Jakarta Utara",Apartemen,8750000.0,150862.06896551725,yearly,2,1,2 Bedroom,58.0,14.675786961931234,12.023318175087477,Stasiun KRL Tanah Abang,Tier 2: Inner Ring Metro (7-15km),0,0,0,0,0,0,0,0,0,1,0,0,-6.102623,106.74115,listing,0,https://picture.rumah123.com/r123-images/360x210-crop/customer/4340500/1be10dfdc427e757811bbe8361573ab4.jpg,Disewakan apartemen goldcoast view terbaik seaview ada 2 balkon untuk menikmati pemandangan  uk 58m furnish  caspy icon Property 0852xxxxxxxx,8351038.0,398962.0,0.0467,-4.8,0.14,Fair Market Price,Seaview Murah Apartemen Gold Coast 58M Ada 2 Balkon,Gold Coast PIK,exact
LST-00325,Menara Kelapa Gading • 3BR Full Furnished (140 m²),https://www.rumah123.com/properti/jakarta-utara-kelapa-gading/yuk-jadikan-kondominium-menara-kelapa-gading-sebagai-hunian-nyaman-anda-full-furnished-jakarta-utara-024-apr7790133/,Jakarta Utara,DKI Jakarta,Kelapa Gading,"Menara Kelapa Gading, Kelapa Gading, Jakarta Utara",Apartemen,7916666.666666667,56547.61904761905,yearly,3,3,3 Bedroom,140.0,10.667378438399515,8.037634400035223,Stasiun KRL Manggarai,Tier 2: Inner Ring Metro (7-15km),1,0,0,0,0,0,0,0,0,0,0,0,-6.16076844,106.9035302,listing,0,https://picture.rumah123.com/r123-images/360x210-crop/customer/4472829/c5a6f4cd161e0291e26a078b81fd5a4e.jpg,"Hunian luas, nyaman, dan siap huni dengan kondisi full furnished. Sangat cocok untuk keluarga yang menginginkan tempat tinggal strategis dengan fas...",13827836.0,-5911169.333333333,-0.5577,42.7,-1.71,Deep Value Deal (Rare Find),"Yuk, Jadikan Kondominium Menara Kelapa Gading Sebagai Hunian Nyaman Anda Full Furnished, Jakarta Utara, 024",Menara Kelapa Gading,exact
LST-00326,City Home MOI • 2BR Furnished (45 m²),https://www.rumah123.com/properti/jakarta-utara-kelapa-gading/apartemen-cityhome-moi-45m-2kt-1km-furnish-apr7824198/,Jakarta Utara,DKI Jakarta,Kelapa Gading,"Mall of Indonesia (MOI) Residences, Kelapa Gading, Jakarta Utara",Apartemen,3916666.6666666665,87037.03703703704,yearly,2,1,2 Bedroom,45.0,10.667378438399515,8.037634400035223,Stasiun KRL Manggarai,Tier 2: Inner Ring Metro (7-15km),0,0,0,0,0,0,0,0,0,0,0,0,-6.16076844,106.9035302,listing,0,https://picture.rumah123.com/r123-images/360x210-crop/customer/922761/2f05db21767d9efaac2a15a14874081b.jpg,"Disewa apartemen cityhome moi ukuran 45m, 2kt, 1km, furnish hrg 47jt/ th",6550305.0,-2633638.333333333,-0.5143,40.2,-1.57,Deep Value Deal (Rare Find),"Apartemen Cityhome Moi 45M, 2Kt, 1Km Furnish",City Home MOI,exact
LST-00327,City Home MOI • 2BR Full Furnished (45 m²),https://www.rumah123.com/properti/jakarta-utara-kelapa-gading/apartemen-city-home-size-45m-type-2br-kelapa-gading-jakarta-utara-apr7667039/,Jakarta Utara,DKI Jakarta,Kelapa Gading,"Mall of Indonesia (MOI) Residences, Kelapa Gading, Jakarta Utara",Apartemen,5000000.0,111111.11111111112,yearly,2,1,2 Bedroom,45.0,10.667378438399515,8.037634400035223,Stasiun KRL Manggarai,Tier 2: Inner Ring Metro (7-15km),1,0,0,0,0,0,0,0,0,0,0,0,-6.16076844,106.9035302,listing,0,https://picture.rumah123.com/r123-images/360x210-crop/customer/825335/listing/apr7667039/enhanced/ba726653fd51daa2bf5683d899cfda09.jpg,Apartemen City Home size 45m type 2BR Kelapa Gading Jakarta Utara  Apartemen full furnished siap huni  Nama Apartemen : City Home Lokasi : Kelapa G...,6800423.0,-1800423.0,-0.3075,26.5,-0.94,Good Deal (Undervalued),Apartemen City Home Size 45M Type 2Br Kelapa Gading Jakarta Utara,City Home MOI,exact
LST-00328,The Mansion Kemayoran Tower Emerald • 1BR Furnished (33 m²),https://www.rumah123.com/properti/jakarta-utara-sunter/sewa-jual-apartemen-mansion-bougenvillel-tower-emerald-kemayoran-apr7744383/,Jakarta Utara,DKI Jakarta,Sunter,"The Mansion Kemayoran Bougenville, Sunter, Jakarta Utara",Apartemen,3750000.0,113636.36363636365,yearly,1,1,Studio / 1BR,33.0,9.40503224265084,8.052302498261486,Stasiun KRL Tanah Abang,Tier 2: Inner Ring Metro (7-15km),0,0,0,0,0,0,0,0,0,0,0,0,-6.13717,106.865242,listing,0,https://picture.rumah123.com/r123-images/360x210-crop/customer/1778980/listing/apr7744383/enhanced/32ced57bfd9b41eb8e608b25089b8aa3.jpg,DISEWAKAN / DIJUAL Apartemen Mansion Bougenville Tower Emerald   - 1BR  - furnish  - view Lapangan Golf - Shgb - Listrik 4400  SEWA : 45 Jt../thn J...,4549271.0,-799271.0,-0.1932,17.6,-0.59,Fair Market Price,Sewa / Jual Apartemen Mansion Bougenvillel Tower Emerald Kemayoran,The Mansion Kemayoran,exact
LST-00329,Gading Resort Residences • 4BR+ Furnished (210 m²),https://www.rumah123.com/properti/jakarta-utara-kelapa-gading/disewakan-apartemen-gading-resort-gandeng-lantai-rendah-apr7768098/,Jakarta Utara,DKI Jakarta,Kelapa Gading,"Gading Resort Residences, Kelapa Gading, Jakarta Utara",Apartemen,20833333.33333333,99206.3492063492,yearly,5,3,4+ Bedroom,210.0,10.667378438399515,8.037634400035223,Stasiun KRL Manggarai,Tier 2: Inner Ring Metro (7-15km),0,0,0,0,0,0,0,0,0,0,0,0,-6.16076844,106.9035302,listing,0,https://picture.rumah123.com/r123-images/360x210-crop/customer/70688/52d441303bbcaa5d8e31ba566d2d035c.jpg,Disewakan unit gandeng  Gading Resort Residences  Lantai 2 Tower E Kamar tidur 5+1 Kamar mandi 3+1 luas 210m2 Harga 250 juta per th nego,17827046.0,3006287.3333333284,0.1558,-16.9,0.48,Fair Market Price,Disewakan Apartemen Gading Resort Gandeng Lantai Rendah,Gading Resort Residences,exact
LST-00330,Green Bay Pluit • 2BR Full Furnished (77 m²),https://www.rumah123.com/properti/jakarta-utara-pluit/disewakan-cepat-condominium-greenbay-type-2br-full-furnish-luxury-apr7811114/,Jakarta Utara,DKI Jakarta,Pluit,"Green Bay Pluit Condominium, Pluit, Jakarta Utara",Apartemen,7666666.666666667,99567.09956709958,yearly,2,2,2 Bedroom,77.0,11.115110459512994,8.339815295590071,Stasiun KRL Tanah Abang,Tier 2: Inner Ring Metro (7-15km),1,0,0,0,0,0,0,0,0,0,0,0,-6.11555,106.783783,listing,0,https://picture.rumah123.com/r123-images/360x210-crop/customer/1873737/75ee19fc9f520a42744aed144f3b02be.jpg,Spesifikasi Condominium Greenbay Pluit -tower : M -tipe : 2br -luas :77m -kondisi : Furnish -View: laut -listrik : 3300 watt -lantai: sedang -Harga...,7493407.0,173259.66666666698,0.0229,-2.3,0.07,Fair Market Price,Disewakan Cepat Condominium Greenbay Type 2Br Full Furnish Luxury,Green Bay Pluit,exact
LST-00331,Osaka Riverview PIK 2 • Studio Furnished (15 m²),https://www.rumah123.com/properti/jakarta-utara-pantai-indah-kapuk-2/apartment-furnished-osaka-residence-pik2-studio-dekat-bandara-dekat-tol-apr7446118/,Jakarta Utara,DKI Jakarta,Pantai Indah Kapuk 2,"Osaka Riverview PIK 2, Pantai Indah Kapuk 2, Jakarta Utara",Apartemen,1666666.6666666667,111111.11111111112,yearly,0,0,Studio / 1BR,15.0,17.841837112636878,14.38253048041888,Stasiun KRL Tangerang,Tier 3: Outer Commuter Ring (15-28km),0,0,0,0,0,0,0,0,0,0,0,0,-6.081831197492676,106.72132643948976,listing,0,https://picture.rumah123.com/r123-images/360x210-crop/customer/861464/29dddaa6b75873032f5dd277b012507c.jpg,Di Sewakan Cepat Apt Osaka Residence PIK2  Ukuran : 15m2 Type : Studio 1 kamar 1 kamar mandi Furnished   Fasilitas lengkap  Harga Sewa : Rp 20.000....,2012478.0,-345811.33333333326,-0.1885,17.2,-0.58,Fair Market Price,Apartment Furnished Osaka Residence PIK2 Studio Dekat Bandara Dekat Tol,Osaka Riverview PIK 2,exact
LST-00332,Gold Coast PIK Sea View • 1BR Full Furnished (51 m²),https://www.rumah123.com/properti/jakarta-utara-pantai-indah-kapuk/gold-coast-apartemen-pik-51m2-2-kamar-lantai-tinggi-view-laut-bebas-banjir-full-furnished-harga-bagus-apr7773047/,Jakarta Utara,DKI Jakarta,Pantai Indah Kapuk,"Gold Coast PIK Bahama Sea View, Pantai Indah Kapuk, Jakarta Utara",Apartemen,7500000.0,147058.82352941178,yearly,2,1,2 Bedroom,51.0,14.675786961931234,12.023318175087477,Stasiun KRL Tanah Abang,Tier 2: Inner Ring Metro (7-15km),1,0,0,0,0,0,0,0,0,0,0,0,-6.102623,106.74115,listing,0,https://picture.rumah123.com/r123-images/360x210-crop/customer/861464/3468daacbaeca0393afcefaa7dec4784.jpg,Disewakan  Apt. Gold Coast PIK Ukuran : 51 m2 Tower : Bahama Furnished  Kamar tidur : 1 Kamar mandi : 1 View laut  Harga : 90.000.000/thn nego,9008062.0,-1508062.0,-0.1832,16.7,-0.56,Fair Market Price,"Gold Coast Apartemen Pik, 51M2, 1 Kamar, Lantai Tinggi, View Laut, Bebas Banjir, Full Furnished, Harga Bagus",Gold Coast PIK,exact
LST-00333,Green Lake Sunter • 2BR Full Furnished (55 m²),https://www.rumah123.com/properti/jakarta-utara-sunter/green-lake-apt-sunter-unit-connecting-2-jadi-1-full-furnished-siap-huni-apr2914568/,Jakarta Utara,DKI Jakarta,Sunter,"Green Lake Sunter, Sunter, Jakarta Utara",Apartemen,6250000.0,113636.36363636365,yearly,2,2,2 Bedroom,55.0,9.215680608812065,7.502900660228582,Stasiun KRL Manggarai,Tier 2: Inner Ring Metro (7-15km),1,0,0,0,0,0,0,0,0,0,1,0,-6.14756,106.87617,listing,0,https://picture.rumah123.com/r123-images/360x210-crop/customer/861464/2023-06-02-04-40-49-a6eb8be9-1cb5-4259-8c72-a7b9e1b504f4.jpg,Di Sewakan segera!!  Green Lake Apt Sunter Unit connecting 2 jadi 1 Full furnished :  1 Ruang Keluarga 1 Ruang makan 1 Kitchen Set 2 Kamar tidur  2...,5565369.0,684631.0,0.116,-12.3,0.36,Fair Market Price, Green Lake Apt Sunter Unit Connecting 2 Jadi 1 Full Furnished Siap Huni,Green Lake Sunter,exact
LST-00334,Ancol Mansion • 1BR Full Furnished (66 m²),https://www.rumah123.com/properti/jakarta-utara-ancol/disewakan-apartemen-ancol-mansion-66m2-fullfurnishhadap-swimmingpool-apr3604425/,Jakarta Utara,DKI Jakarta,Ancol,"Ancol Mansion Apartment, Ancol, Jakarta Utara",Apartemen,6250000.0,94696.9696969697,yearly,1,1,Studio / 1BR,66.0,9.89320846985066,7.903001636848267,Stasiun KRL Tanah Abang,Tier 2: Inner Ring Metro (7-15km),1,0,0,0,0,0,1,0,0,0,0,0,-6.123829,106.8465335,listing,0,https://picture.rumah123.com/r123-images/360x210-crop/customer/29253/eeeff8e2226cba201a2583fa0f477b50.jpg,"DISEWAKAN Apartemen Ancol Mansion 66m2 (FullFurnish-Hadap SwimmingPool)  欲了解更多信息，请联系我 (Yù liǎojiě gèng duō xìnxī, q�...",6549655.0,-299655.0,-0.0468,4.6,-0.14,Fair Market Price,DISEWAKAN Apartemen Ancol Mansion 66m2 (FullFurnish-Hadap SwimmingPool),Ancol Mansion,exact
LST-00335,City Home MOI • Studio Furnished (35 m²),https://www.rumah123.com/properti/jakarta-utara-kelapa-gading/disewakan-apartement-studio-apr7691851/,Jakarta Utara,DKI Jakarta,Kelapa Gading,"Mall of Indonesia (MOI) Residences, Kelapa Gading, Jakarta Utara",Apartemen,5416666.666666667,154761.90476190476,yearly,0,1,Studio / 1BR,35.0,11.367918798293845,10.022317904565083,Stasiun KRL Tanah Abang,Tier 2: Inner Ring Metro (7-15km),0,0,0,0,0,0,0,0,0,0,0,0,-6.12371,106.877,listing,0,https://picture.rumah123.com/r123-images/360x210-crop/customer/4403100/listing/apr7691851/enhanced/4ebf8d939b4c19258d902c2d873301c1.jpg,Disewakan Apartement,4103570.0,1313096.666666667,0.2776,-32.0,0.85,Premium / High Price,Disewakan Apartement Cityhome,City Home MOI,exact
LST-00336,Tokyo Riverside PIK 2 • 1BR Full Furnished (36 m²),https://www.rumah123.com/properti/jakarta-utara-pantai-indah-kapuk-2/di-pik-2-tokyo-riverside-2br-ff-kece-apr7459493/,Jakarta Utara,DKI Jakarta,Pantai Indah Kapuk 2,"Tokyo Riverside PIK 2, Pantai Indah Kapuk 2, Jakarta Utara",Apartemen,3166666.6666666665,87962.96296296296,yearly,1,1,Studio / 1BR,36.0,19.856577827132323,15.06958050701512,Stasiun KRL Tangerang,Tier 3: Outer Commuter Ring (15-28km),1,0,0,0,0,0,0,0,0,0,0,0,-6.066228,106.711853,listing,0,https://picture.rumah123.com/r123-images/360x210-crop/customer/1974542/1c43caf1be5b0a51b50e7b4eecc69d9e.jpg,✨ SEWA MURAH DI PIK 2! APARTEMEN TOKYO RIVERSIDE 2BR dijadikan 1BR alias 1BR SUPER .. FULL FURNISHED CUMA 38 JUTA/TAHUN! ✨  Langsung bawa koper...,4892123.0,-1725456.3333333335,-0.4349,35.3,-1.33,Good Deal (Undervalued),Di Pik 2 Tokyo Riverside 2Br Ff Kece,Tokyo Riverside PIK 2,exact
LST-00337,Ancol Mansion • 1BR Furnished (67 m²),https://www.rumah123.com/properti/jakarta-utara-ancol/disewakan-apartemen-ancol-mansion-67m2-furnish-hadap-laut-apr3581924/,Jakarta Utara,DKI Jakarta,Ancol,"Ancol Mansion Apartment, Ancol, Jakarta Utara",Apartemen,6666666.666666667,99502.48756218904,yearly,1,1,Studio / 1BR,67.0,10.070224633401152,8.0504307559182,Stasiun KRL Tanah Abang,Tier 2: Inner Ring Metro (7-15km),0,0,0,0,0,0,0,0,0,0,0,0,-6.121994057107645,106.84596711120604,listing,0,https://picture.rumah123.com/r123-images/360x210-crop/customer/29253/listing/apr3581924/enhanced/c68af041352120d48672bab005552971.jpg,"DISEWAKAN Apartemen Ancol Mansion 67m2 (Furnish-Hadap Laut)  欲了解更多信息,请联系我 (Yù liǎojiě gèng duō xìnxī, qǐng liánxì w...",7254124.0,-587457.333333333,-0.0845,8.1,-0.26,Fair Market Price,Disewakan Apartemen Ancol Mansion 67M2 Furnish Hadap Laut,Ancol Mansion,exact
LST-00338,Tokyo Riverside PIK 2 • 2BR Furnished (40 m²),https://www.rumah123.com/properti/jakarta-utara-pantai-indah-kapuk-2/apartement-tokyo-riverside-pantai-indah-kapuk-jakarta-utara-apr3095449/,Jakarta Utara,DKI Jakarta,Pantai Indah Kapuk 2,"Tokyo Riverside PIK 2, Pantai Indah Kapuk 2, Jakarta Utara",Apartemen,1916666.6666666667,47916.66666666667,yearly,2,1,2 Bedroom,40.0,11.367918798293845,10.022317904565083,Stasiun KRL Tanah Abang,Tier 2: Inner Ring Metro (7-15km),0,0,0,0,0,0,0,0,0,0,0,0,-6.12371,106.877,listing,0,https://picture.rumah123.com/r123-images/360x210-crop/customer/1710299/2023-11-15-03-24-38-d5632576-fbe0-4338-a792-da765f02562c.jpg,Apartement Tokyo Riverside Pantai Indah Kapuk Jakarta Utara   LT: 40  2 KT  1 kamar mandi  PLN 1300W,4696827.0,-2780160.333333333,-0.8963,59.2,-2.74,Deep Value Deal (Rare Find),Apartement Tokyo Riverside Pantai Indah Kapuk Jakarta Utara ,Tokyo Riverside PIK 2,exact
LST-00339,Tokyo Riverside PIK 2 • Studio Unfurnished (21 m²),https://www.rumah123.com/properti/jakarta-utara-pantai-indah-kapuk-2/disewakan-apartemen-studio-unfurnished-di-tokyo-riverside-pik-2-apr7544178/,Jakarta Utara,DKI Jakarta,Pantai Indah Kapuk 2,"Tokyo Riverside PIK 2, Pantai Indah Kapuk 2, Jakarta Utara",Apartemen,1250000.0,59523.80952380953,yearly,1,1,Studio / 1BR,21.0,23.373284897120225,16.3302392875427,Stasiun KRL Tangerang,Tier 3: Outer Commuter Ring (15-28km),0,0,1,0,0,0,0,0,0,0,0,0,-6.041889893363702,106.69149510738316,listing,0,https://picture.rumah123.com/r123-images/360x210-crop/customer/2146177/aa9dc36dd0a916862e3b4f5320e553ea.jpg,"Hunian yang nyaman, aman, lokasi strategis, akses mudah dijangkau terdapat free shuttle ke PIK 1 dan ke PIK 2 Milenial. Dekat akses tol PIK 2. Terd...",1545051.0,-295051.0,-0.2119,19.1,-0.65,Fair Market Price,Disewakan Apartemen Studio Unfurnished di Tokyo Riverside Pik 2,Tokyo Riverside PIK 2,exact
LST-00340,Gading Nias • 2BR Furnished (36 m²),https://www.rumah123.com/properti/jakarta-utara-pegangsaan/disewakanapartemen-gading-nias-residences-2-bedroom-pegangsaan-apr7848856/,Jakarta Utara,DKI Jakarta,Pegangsaan,"Gading Nias Residences, Pegangsaan, Jakarta Utara",Apartemen,1250000.0,34722.22222222222,yearly,2,1,2 Bedroom,36.0,4.000133511649935,1.262332258662496,Stasiun KRL Manggarai,Tier 1: Core Urban Center (<7km),0,0,0,0,0,0,0,0,0,0,0,0,-6.19959,106.85498,listing,0,https://picture.rumah123.com/r123-images/360x210-crop/customer/1905961/bdbdd15da84a47b615e899bb0d14f800.jpg,Di sewakan Apartemen Nias Residences - pegangsaan 2 bedroom  1 kmr mndi  unfurnish  hrga 15 juta,6276637.0,-5026637.0,-1.6137,80.1,-4.94,Deep Value Deal (Rare Find),Disewakan.apartemen Gading Nias Residences 2 Bedroom Pegangsaan.,Gading Nias,exact
LST-00341,French Walk MOI • 3BR Furnished (83 m²),https://www.rumah123.com/properti/jakarta-utara-kelapa-gading/disewakan-lyon-garden-luas-83-m-apr7806696/,Jakarta Utara,DKI Jakarta,Kelapa Gading,"Mall of Indonesia (MOI) Residences, Kelapa Gading, Jakarta Utara",Apartemen,8166666.666666667,98393.57429718877,yearly,3,2,3 Bedroom,83.0,10.667378438399515,8.037634400035223,Stasiun KRL Manggarai,Tier 2: Inner Ring Metro (7-15km),0,0,0,0,0,0,0,0,0,0,0,0,-6.16076844,106.9035302,listing,0,https://picture.rumah123.com/r123-images/360x210-crop/customer/70688/925c330f7d1fd6af6869c3ee8f77144f.jpg,Disewakan  Apartemen French walk moi Baru renov Lyon garden Luas 83 3 bedroom  1 kamar mandi dalam 2+1 bathroom Lantai 19 Furnished View lepas.  Hr...,8985752.0,-819085.333333333,-0.0956,9.1,-0.29,Fair Market Price,Disewakan Lyon Garden Luas 83 M,French Walk MOI,exact
LST-00342,The Kensington • 1BR Full Furnished (31 m²),https://www.rumah123.com/properti/jakarta-utara-kelapa-gading/disewakan-apartemen-kensington-clifford-1-br-apr7814322/,Jakarta Utara,DKI Jakarta,Kelapa Gading,"The Kensington Royal Suites Kelapa Gading, Kelapa Gading, Jakarta Utara",Apartemen,6666666.666666667,215053.76344086023,yearly,1,1,Studio / 1BR,31.0,10.667378438399515,8.037634400035223,Stasiun KRL Manggarai,Tier 2: Inner Ring Metro (7-15km),0,0,0,1,0,0,0,0,0,0,0,0,-6.16076844,106.9035302,listing,0,https://picture.rumah123.com/r123-images/360x210-crop/customer/70688/82743fef9f411c272428d39110bfb309.jpg,"Disewakan Apartemen Kensington 1 BR Luas 31 m Km 1 Ff Ac, microwave, kulkas, TV Lt 19 Tower Clifford Ipl 24 rb/m Harga 80 jt",3748510.0,2918156.666666667,0.5758,-77.8,1.76,Overpriced / Luxury Tag,Disewakan Apartemen Kensington Clifford 1 Br,The Kensington,exact
LST-00343,City Home MOI • 2BR Furnished (45 m²),https://www.rumah123.com/properti/jakarta-utara-kelapa-gading/disewakan-apartemen-cityhome-hadap-timur-lepas-apr7832050/,Jakarta Utara,DKI Jakarta,Kelapa Gading,"Mall of Indonesia (MOI) Residences, Kelapa Gading, Jakarta Utara",Apartemen,6666666.666666667,148148.14814814815,yearly,2,1,2 Bedroom,45.0,10.667378438399515,8.037634400035223,Stasiun KRL Manggarai,Tier 2: Inner Ring Metro (7-15km),0,0,0,0,0,0,0,0,0,0,0,0,-6.16076844,106.9035302,listing,0,https://picture.rumah123.com/r123-images/360x210-crop/customer/70688/7fc9d45b03807a85dca1df75dd2d7f7f.jpg,Disewakan Apartemen City Home hadap timur lepas tower santa monica KT 2 KM 1 ukuran 45 m furnished 80 juta nego,6427698.0,238968.6666666669,0.0365,-3.7,0.11,Fair Market Price,Disewakan Apartemen Cityhome Hadap Timur Lepas,City Home MOI,exact
LST-00344,Regatta Sea View • 3BR Semi Furnished (242 m²),https://www.rumah123.com/properti/jakarta-utara-pluit/sewa-apartemen-regatta-mewah-view-laut-semi-furnished-di-pluit-dekat-akses-tol-dan-pusat-perbelanjaan-dan-dekat-pusat-apr7555901/,Jakarta Utara,DKI Jakarta,Pluit,"Pantai Mutiara Apartment Pluit, Pluit, Jakarta Utara",Apartemen,20833333.33333333,86088.15426997245,yearly,3,3,3 Bedroom,242.0,11.367918798293845,10.022317904565083,Stasiun KRL Tanah Abang,Tier 2: Inner Ring Metro (7-15km),0,1,0,0,0,0,0,0,0,0,0,0,-6.12371,106.877,listing,0,https://picture.rumah123.com/r123-images/360x210-crop/customer/1907015/ee6b9eb1cb0b28253f8cc0be04950494.jpg,"Apartemen Regatta adalah kondominium mewah berdesain ikonik seperti kapal layar di kawasan Pantai Mutiara, Jakarta Utara, yang dikembangkan oleh In...",16093543.0,4739790.333333328,0.2581,-29.5,0.79,Premium / High Price,Sewa Apartemen Regatta Mewah View Laut Semi Furnished di Pluit Dekat Akses Tol dan Pusat Perbelanjaan dan Dekat Pusat Perdagangan,Regatta,exact
LST-00345,The Kensington Tower Clifford • 1BR Full Furnished (31 m²),https://www.rumah123.com/properti/jakarta-utara-kelapa-gading/disewakan-tipe-1-kamar-tidur-siap-huni-view-city-di-menara-clifford-apartemen-the-kensington-royal-suites-dekat-mal-apr7652745/,Jakarta Utara,DKI Jakarta,Kelapa Gading,"The Kensington Royal Suites Kelapa Gading, Kelapa Gading, Jakarta Utara",Apartemen,7083333.333333333,228494.623655914,yearly,1,1,Studio / 1BR,31.0,10.667378438399515,8.037634400035223,Stasiun KRL Manggarai,Tier 2: Inner Ring Metro (7-15km),0,0,0,0,0,0,0,0,0,0,0,0,-6.16076844,106.9035302,listing,0,https://picture.rumah123.com/r123-images/360x210-crop/customer/1907015/110b4614380d926482e290c0f25067a9.jpg,The Kensington Royal Suites. Sebuah kawasan eksklusif residensial yang begitu memanjakan penghuninya dengan kehadiran landscape berkonsep Lifestyle...,3918617.0,3164716.333333333,0.592,-80.8,1.81,Overpriced / Luxury Tag,Disewakan Tipe 1 Kamar Tidur Furnished Siap Huni View City di Menara Clifford Apartemen The Kensington Royal Suites Dekat Mal Kelapa Gading dan Mal Bella Terra,The Kensington,exact
LST-00346,Menara Marina Condominium • 2BR Furnished (108 m²),https://www.rumah123.com/properti/jakarta-utara-pluit/sewa-apartemen-menara-marina-condominium-jakarta-utara-apr7815998/,Jakarta Utara,DKI Jakarta,Pluit,"Pantai Mutiara Apartment Pluit, Pluit, Jakarta Utara",Apartemen,6250000.0,57870.37037037037,yearly,2,2,2 Bedroom,108.0,11.115110459512994,8.339815295590071,Stasiun KRL Tanah Abang,Tier 2: Inner Ring Metro (7-15km),0,0,0,0,0,0,0,0,0,0,0,0,-6.11555,106.783783,listing,0,https://picture.rumah123.com/r123-images/360x210-crop/customer/4407971/64996485c503b448b0a384657ca144c8.jpg,"Dijual/sewa Apartemen Menara Marina Condominium JAKARTA UTARA (depan Pantai Mutiara pluit)  Luas 108m2 2KT+1, 2KM+1 VIEW LAUT  Jual di 1,9 m Sewa d...",10107193.0,-3857193.0,-0.4807,38.2,-1.47,Good Deal (Undervalued),Sewa Apartemen Menara Marina Condominium Jakarta Utara,Menara Marina Condominium,exact
LST-00347,Sherwood Kelapa Gading • 2BR Full Furnished (95 m²),https://www.rumah123.com/properti/jakarta-utara-kelapa-gading/apartemen-sherwood-kelapa-gading-apr7503962/,Jakarta Utara,DKI Jakarta,Kelapa Gading,"Sherwood Residence Kelapa Gading, Kelapa Gading, Jakarta Utara",Apartemen,7083333.333333333,74561.40350877192,yearly,2,2,2 Bedroom,95.0,12.22869333011405,9.46738805364631,Stasiun KRL Manggarai,Tier 2: Inner Ring Metro (7-15km),1,0,0,0,0,0,0,0,0,0,0,0,-6.15808,106.918152,listing,0,https://picture.rumah123.com/r123-images/360x210-crop/customer/1791276/c6e2e462bf5ad25ac32ec592abf5fe5f.jpg,"Sewa Apartemen Sherwood PL Full furnished Mewah, Rapi, Terawat Lb 94m² Kt 2+1 / Km 2+1 Listrik 2200 watt",9704738.0,-2621404.666666667,-0.3149,27.0,-0.96,Good Deal (Undervalued),Apartemen Sherwood Kelapa Gading,Sherwood Kelapa Gading,exact
LST-00348,Northland Ancol Residence • 2BR Furnished (72 m²),https://www.rumah123.com/properti/jakarta-utara-ancol/apartemen-northland-ancol-furnish-rapi-apr7798015/,Jakarta Utara,DKI Jakarta,Ancol,"Northland Ancol Residence, Ancol, Jakarta Utara",Apartemen,3583333.333333333,49768.51851851852,yearly,2,2,2 Bedroom,72.0,8.982109221089015,6.738563321967475,Stasiun KRL Tanah Abang,Tier 2: Inner Ring Metro (7-15km),0,0,0,0,0,0,0,0,0,0,0,0,-6.12912,106.833351,listing,0,https://picture.rumah123.com/r123-images/360x210-crop/customer/1791276/af93102042731146f0d39aea85e6fae6.jpg,"Disewa apartemen Northland rapi, Furnish, siap masuk 72m² KT 2 KM 2 Sea View",6112426.0,-2529092.666666667,-0.534,41.4,-1.63,Deep Value Deal (Rare Find),Apartemen Northland Ancol Furnish Rapi,Northland Ancol Residence,exact
LST-00349,Tokyo Riverside PIK 2 • 2BR Semi Furnished (36 m²),https://www.rumah123.com/properti/jakarta-utara-pantai-indah-kapuk-2/disewa-cepat-apart-tokyo-2br-uk-36sqm-kosongan-ready-huni-apr7663593/,Jakarta Utara,DKI Jakarta,Pantai Indah Kapuk 2,"Tokyo Riverside PIK 2, Pantai Indah Kapuk 2, Jakarta Utara",Apartemen,2333333.333333333,64814.81481481482,yearly,2,1,2 Bedroom,36.0,23.373284897120225,16.3302392875427,Stasiun KRL Tangerang,Tier 3: Outer Commuter Ring (15-28km),0,1,1,1,0,0,0,0,0,0,1,0,-6.041889893363702,106.69149510738316,listing,0,https://picture.rumah123.com/r123-images/360x210-crop/customer/1757306/6c87ee93cfef28f19054dc92422b6ee3.jpg,"DISEWAKAN CEPAT Apart Tokyo Riverside  2BR tower chikusei Uk 36sqm Kosongan Kondisi semi furnish ( ac 1 , kabinet dapur , tv)  Harga sewa : Rp 28jt...",2014412.0,318921.333333333,0.147,-15.8,0.45,Fair Market Price,Disewa Cepat Apart Tokyo 2Br Uk 36Sqm Semi Furnish Ready Huni,Tokyo Riverside PIK 2,exact
LST-00350,Pluit Sea View • 2BR Full Furnished (35 m²),https://www.rumah123.com/properti/jakarta-utara-muara-baru/disewakan-apartemen-pluit-seaview-bulanan-full-furnish-lantai-10a-apr7748313/,Jakarta Utara,DKI Jakarta,Muara Baru,"Pluit Sea View Apartment, Muara Baru, Jakarta Utara",Apartemen,3200000.0,91428.57142857143,monthly,2,1,2 Bedroom,35.0,11.09172130783706,8.383236198632716,Stasiun KRL Tanah Abang,Tier 2: Inner Ring Metro (7-15km),1,0,0,0,0,0,0,0,0,0,0,0,-6.11059,106.802437,listing,0,https://picture.rumah123.com/r123-images/360x210-crop/customer/4469135/00d955d9373f2a18b361f4c8ae4712b1.jpg,Disewakan  apartemen pluit seaview luas 35 2kt full furnish min. 3bulan,3647360.0,-447360.0,-0.1309,12.3,-0.4,Fair Market Price,Disewakan Apartemen Pluit Seaview Bulanan Full Furnish Lantai 10A,Pluit Sea View,exact
LST-00351,Unresolved • Pantai Indah Kapuk • 3BR Full Furnished (113 m²),https://www.rumah123.com/properti/jakarta-utara-pantai-indah-kapuk/113m2-full-furnish-ready-to-use-apr7498855/,Jakarta Utara,DKI Jakarta,Pantai Indah Kapuk,"Gold Coast PIK Bahama Sea View, Pantai Indah Kapuk, Jakarta Utara",Apartemen,20833333.33333333,184365.78171091445,yearly,3,2,3 Bedroom,113.0,14.675786961931234,12.023318175087477,Stasiun KRL Tanah Abang,Tier 2: Inner Ring Metro (7-15km),1,0,0,0,0,0,0,0,0,0,0,0,-6.102623,106.74115,listing,0,https://picture.rumah123.com/r123-images/360x210-crop/customer/1901664/3090ed9e4c0412d1e7c6b28dd931fb05.jpg,3+1 BR Full Furnish harga 250jt/m2,12416269.0,8417064.333333328,0.5175,-67.8,1.58,Overpriced / Luxury Tag,113m2 full furnish ready to use,,unresolved
LST-00352,Tokyo Riverside PIK 2 • 1BR Full Furnished (21 m²),https://www.rumah123.com/properti/jakarta-utara-pantai-indah-kapuk-2/disewa-apartemen-tokyo-riverside-view-ruko-harvard-highzone-apr7421761/,Jakarta Utara,DKI Jakarta,Pantai Indah Kapuk 2,"Tokyo Riverside PIK 2, Pantai Indah Kapuk 2, Jakarta Utara",Apartemen,2333333.333333333,111111.11111111112,yearly,1,1,Studio / 1BR,21.0,19.856577827132323,15.06958050701512,Stasiun KRL Tangerang,Tier 3: Outer Commuter Ring (15-28km),1,0,0,1,0,0,0,0,0,0,0,0,-6.066228,106.711853,listing,0,https://picture.rumah123.com/r123-images/360x210-crop/customer/2174323/9ebbe0f8f5b571658ff6256908b95163.jpg,"*WTL / Disewa Apartemen Tokyo Riverside View Ruko Harvard HIGHZONE""  Kelebihan highzone tidak berisik Tower D Type : Studio Full Furnish: * AC * TV...",2086384.0,246949.33333333305,0.1119,-11.8,0.34,Fair Market Price,Disewa Apartemen Tokyo Riverside View Ruko Harvard Highzone,Tokyo Riverside PIK 2,exact
LST-00353,Green Bay Pluit • 2BR Full Furnished (74 m²),https://www.rumah123.com/properti/jakarta-utara-pluit/disewakan-condominium-greenbay-type-2-br-furnish-apr7834877/,Jakarta Utara,DKI Jakarta,Pluit,"Green Bay Pluit Condominium, Pluit, Jakarta Utara",Apartemen,7083333.333333333,95720.72072072072,yearly,2,2,2 Bedroom,74.0,11.115110459512994,8.339815295590071,Stasiun KRL Tanah Abang,Tier 2: Inner Ring Metro (7-15km),1,0,0,0,0,0,0,0,0,0,0,0,-6.11555,106.783783,listing,0,https://picture.rumah123.com/r123-images/360x210-crop/customer/1873737/1d14ae7073da3635a08ce410a7a151a5.jpg,Spesifikasi Condominium Greenbay Pluit -tower : L -tipe : 2br -luas :74m -kondisi : Full Furnish -View: laut -listrik : 3300 watt -lantai: sedang H...,6828299.0,255034.33333333305,0.0367,-3.7,0.11,Fair Market Price,Disewakan Condominium Greenbay Type 2 Br Furnish,Green Bay Pluit,exact
LST-00354,Green Bay Pluit • 2BR Unfurnished (35 m²),https://www.rumah123.com/properti/jakarta-utara-pluit/disewakan-cepat-apartemen-greenbay-type-2br-kosongan-unfurnish-apr7842796/,Jakarta Utara,DKI Jakarta,Pluit,"Green Bay Pluit Condominium, Pluit, Jakarta Utara",Apartemen,2000000.0,57142.857142857145,yearly,2,1,2 Bedroom,35.0,11.115110459512994,8.339815295590071,Stasiun KRL Tanah Abang,Tier 2: Inner Ring Metro (7-15km),0,0,1,0,0,0,1,0,0,0,0,0,-6.11555,106.783783,listing,0,https://picture.rumah123.com/r123-images/360x210-crop/customer/1873737/54bcb783c35b75ad4d41f5eef8dba89e.jpg,Spesifikasi Apartemen Green Bay tahap I -tower D -tipe 2Br -luas : 35m2 -kondisi Kosongan -View: pool -listrik : 2200 watt -lantai:  sedang -Ting...,3421184.0,-1421184.0,-0.5368,41.5,-1.64,Deep Value Deal (Rare Find),Disewakan Cepat Apartemen Greenbay Type 2Br Kosongan/ Unfurnish,Green Bay Pluit,exact
LST-00355,Gold Coast PIK • 3BR Semi Furnished (82 m²),https://www.rumah123.com/properti/jakarta-utara-pantai-indah-kapuk/disewa-apartemen-gold-coast-3br-82m2-semi-furnish-apr7844651/,Jakarta Utara,DKI Jakarta,Pantai Indah Kapuk,"Gold Coast PIK Bahama Sea View, Pantai Indah Kapuk, Jakarta Utara",Apartemen,15000000.0,182926.82926829267,yearly,3,2,3 Bedroom,82.0,14.675786961931234,12.023318175087477,Stasiun KRL Tanah Abang,Tier 2: Inner Ring Metro (7-15km),0,1,0,0,0,0,0,0,0,0,1,0,-6.102623,106.74115,listing,0,https://picture.rumah123.com/r123-images/360x210-crop/customer/1251877/a27d88aa6eb3c59df741e87aebec1ead.jpg,Disewakan Apartemen Gold Coast Tower Honolulu Lantai tinggi Uk 82m2 Kamar Tidur 3 Kamar Mandi 2 Semi Furnish Kitchen set Kulkas Meja makan Lemari b...,9826237.0,5173763.0,0.423,-52.7,1.29,Premium / High Price,Disewa Apartemen Gold Coast 3Br 82M2 Semi Furnish,Gold Coast PIK,exact
LST-00356,Northland Ancol Residence • 3BR Full Furnished (67 m²),https://www.rumah123.com/properti/jakarta-utara-ancol/apartemen-northland-ancol-residence-apr7733484/,Jakarta Utara,DKI Jakarta,Ancol,"Northland Ancol Residence, Ancol, Jakarta Utara",Apartemen,5000000.0,74626.86567164179,yearly,3,2,3 Bedroom,67.0,8.982109221089015,6.738563321967475,Stasiun KRL Tanah Abang,Tier 2: Inner Ring Metro (7-15km),1,0,0,0,0,0,0,0,0,0,0,0,-6.12912,106.833351,listing,0,https://picture.rumah123.com/r123-images/360x210-crop/customer/4484662/listing/apr7733484/enhanced/c648cff5c7a50cb02e5263ff0eb13ec3.jpg,*WTL/Disewakan*  *Apartment Northland Ancol Residence* Private lift Luas 67m2 3KT + 2KM Fully Furnished City view  Harga 60 jt nego  *BANGJRY_PROPE...,5389866.0,-389866.0,-0.0751,7.2,-0.23,Fair Market Price,Apartemen Northland Ancol Residence,Northland Ancol Residence,exact
LST-00357,Ancol Mansion • 3BR Semi Furnished (235 m²),https://www.rumah123.com/properti/jakarta-utara-ancol/apartment-ancol-mansion-apr7733492/,Jakarta Utara,DKI Jakarta,Ancol,"Ancol Mansion Apartment, Ancol, Jakarta Utara",Apartemen,15000000.0,63829.78723404255,yearly,3,2,3 Bedroom,235.0,8.982109221089015,6.738563321967475,Stasiun KRL Tanah Abang,Tier 2: Inner Ring Metro (7-15km),0,1,0,0,0,0,0,0,0,0,0,0,-6.12912,106.833351,listing,0,https://picture.rumah123.com/r123-images/360x210-crop/customer/4484662/listing/apr7733492/enhanced/0683314e1e1c90d00f2cea3122ad5a5b.png,*WTL/WTS (JUAL/SEWA)* *APARTMENT ANCOL MANSION*   3BR+1 view laut dan city Luas +-235m2 Lantai 32 private lift Semi furnished Bekas disewa bule Har...,14469865.0,530135.0,0.036,-3.7,0.11,Fair Market Price,Apartment Ancol Mansion,Ancol Mansion,exact
LST-00358,Unresolved • Pluit • 2BR Full Furnished (35 m²),https://www.rumah123.com/properti/jakarta-utara-pluit/disewakan-apartement-furnised-2br-10-sekolahan-di-pluit-apr7848240/,Jakarta Utara,DKI Jakarta,Pluit,"Green Bay Pluit Condominium, Pluit, Jakarta Utara",Apartemen,2666666.6666666665,76190.47619047618,yearly,2,1,2 Bedroom,35.0,11.115110459512994,8.339815295590071,Stasiun KRL Tanah Abang,Tier 2: Inner Ring Metro (7-15km),1,0,0,0,0,0,0,0,0,0,0,0,-6.11555,106.783783,listing,0,https://picture.rumah123.com/r123-images/360x210-crop/customer/4536944/5bf3db01dcb6c306c1c5b8b80bb367f0.jpg,"Disewakan unit 2BR full furnished di apartemen Greenbay terhubung baywalk mall Pluit, kondisi unit yang rapih dan terawat bisa jadi pilihan yang co...",3716569.0,-1049902.3333333335,-0.332,28.2,-1.02,Good Deal (Undervalued),Disewakan Apartement Furnised 2Br 10 Sekolahan di Pluit,,unresolved
LST-00359,Gading Resort Residences • 1BR Furnished (105 m²),https://www.rumah123.com/properti/jakarta-utara-kelapa-gading/gading-resort-residence-moi-31br-lantai-3-furnished-apr7820312/,Jakarta Utara,DKI Jakarta,Kelapa Gading,"Mall of Indonesia (MOI) Residences, Kelapa Gading, Jakarta Utara",Apartemen,10833333.333333334,103174.60317460318,yearly,3,2,3 Bedroom,105.0,10.667378438399515,8.037634400035223,Stasiun KRL Manggarai,Tier 2: Inner Ring Metro (7-15km),0,0,0,0,0,0,1,0,0,0,0,0,-6.16076844,106.9035302,listing,0,https://picture.rumah123.com/r123-images/360x210-crop/customer/4429053/795d1fa0ce492e8c79b7250eab705551.jpg,"HARGA JUAL Rp 1,9 M HARGA SEWA Rp 130 Juta/tahun Minimal Sewa 2 tahun  Tower D Lantai 3 Pool View Luas 105 m² 3+1 Kamar Tidur 2+1 Kamar Mandi Full...",9152580.0,1680753.333333334,0.1686,-18.4,0.52,Fair Market Price,Gading Resort Residence Moi 3+1Br - Lantai 3 - Furnished,Gading Resort Residences,exact
LST-00360,Tokyo Riverside PIK 2 • 2BR Full Furnished (36 m²),https://www.rumah123.com/properti/jakarta-utara-pantai-indah-kapuk-2/apartemen-tokyo-full-furnish-di-pantai-indah-kapuk-2-apr7850057/,Jakarta Utara,DKI Jakarta,Pantai Indah Kapuk 2,"Tokyo Riverside PIK 2, Pantai Indah Kapuk 2, Jakarta Utara",Apartemen,4833333.333333333,134259.25925925924,yearly,2,1,2 Bedroom,36.0,19.856577827132323,15.06958050701512,Stasiun KRL Tangerang,Tier 3: Outer Commuter Ring (15-28km),1,0,0,0,0,0,0,0,0,0,0,0,-6.066228,106.711853,listing,0,https://picture.rumah123.com/r123-images/360x210-crop/customer/1750026/c88dd1adba22a2b47aa16d834d28cdf1.jpg,"Apartemen di Pantai Indah Kapuk 2.  Cek segera apartemen 1 lantai yang nyaman ini,  disewakan menghadirkan lingkungan fasilitas yang lengkap, cocok...",3434162.0,1399171.333333333,0.3418,-40.7,1.05,Premium / High Price,Apartemen Tokyo Full Furnish di Pantai Indah Kapuk 2,Tokyo Riverside PIK 2,exact
LST-00361,Green Lake Sunter • 2BR Furnished (36 m²),https://www.rumah123.com/properti/jakarta-utara-sunter/green-lake-sunter-2br-full-furnished-rapi-siap-huni-apr7615461/,Jakarta Utara,DKI Jakarta,Sunter,"Green Lake Sunter, Sunter, Jakarta Utara",Apartemen,3750000.0,104166.66666666669,yearly,2,1,2 Bedroom,36.0,9.40503224265084,8.052302498261486,Stasiun KRL Tanah Abang,Tier 2: Inner Ring Metro (7-15km),0,0,0,0,0,0,0,0,0,0,0,0,-6.13717,106.865242,listing,0,https://picture.rumah123.com/r123-images/360x210-crop/customer/4429053/listing/apr7615461/enhanced/2a6b40291798e3b490a7b04335a77fef.jpg,"Unit rapi dan terawat di Lantai 1, menawarkan aksesibilitas terbaik dan kenyamanan maksimal. Sangat cocok bagi profesional maupun keluarga kecil ya...",3267268.0,482732.0,0.1378,-14.8,0.42,Fair Market Price,Green Lake Sunter 2Br - Southern - Low Floor,Green Lake Sunter,exact
LST-00362,Unresolved • Kelapa Gading • 3BR Furnished (122 m²),https://www.rumah123.com/properti/jakarta-utara-kelapa-gading/sewa-cepat-apt-paladian-122m2-lantai-rendah-apr7596800/,Jakarta Utara,DKI Jakarta,Kelapa Gading,"The Paladian Park Kelapa Gading, Kelapa Gading, Jakarta Utara",Apartemen,10000000.0,81967.2131147541,yearly,3,3,3 Bedroom,122.0,10.667378438399515,8.037634400035223,Stasiun KRL Manggarai,Tier 2: Inner Ring Metro (7-15km),0,0,0,0,0,0,1,0,0,0,0,0,-6.16076844,106.9035302,listing,0,https://picture.rumah123.com/r123-images/360x210-crop/customer/1770046/14380012983a0d86f7004a137daf8456.jpg,"*Sewa Cepat Apt Paladian 122m2 Lantai Rendah @120 jt/thn*  SHMRS, Tower C Lt 7, Furnished LB 122m2 KT/KM 3+1/3+1, view Pool 4400 W, 5AC",10688890.0,-688890.0,-0.0666,6.4,-0.2,Fair Market Price,Sewa Cepat Apt Paladian 122M2 Lantai Rendah,,unresolved
LST-00363,Tokyo Riverside PIK 2 Sea View • 2BR Unfurnished (36 m²),https://www.rumah123.com/properti/jakarta-utara-pantai-indah-kapuk-2/disewakan-apartment-tokyo-riverside-2br-36m2-kosongan-ac-view-laut-apr3323657/,Jakarta Utara,DKI Jakarta,Pantai Indah Kapuk 2,"Tokyo Riverside PIK 2, Pantai Indah Kapuk 2, Jakarta Utara",Apartemen,1916666.6666666667,53240.740740740745,yearly,2,1,2 Bedroom,36.0,23.6970675968868,16.65577912700755,Stasiun KRL Tangerang,Tier 3: Outer Commuter Ring (15-28km),0,0,1,1,0,0,0,0,0,0,0,0,-6.038538146659271,106.69109268921348,listing,0,https://picture.rumah123.com/r123-images/360x210-crop/customer/1896653/2024-06-03-17-07-34-a425f7fc-db58-4d86-bfc2-4f72f560b309.jpg,Disewakan Apartment PIK 2 Tokyo Riverside Tipe 2BR Kosongan Termurah Pantai Indah Kapuk 2  Tipe - 2BR Ukuran - 36m2   Mid Zone  View Laut  Kosongan...,2434336.0,-517669.33333333326,-0.2391,21.3,-0.73,Fair Market Price,Disewakan Apartment Tokyo Riverside 2Br 36M2 Kosongan + Ac View Laut,Tokyo Riverside PIK 2,exact
LST-00364,Ancol Mansion • 1BR Furnished (172 m²),https://www.rumah123.com/properti/jakarta-utara-ancol/disewakan-apartemen-ancol-mansion-172m2-31brhadap-city-apr7673608/,Jakarta Utara,DKI Jakarta,Ancol,"Ancol Mansion Apartment, Ancol, Jakarta Utara",Apartemen,15833333.333333334,92054.26356589148,yearly,3,3,3 Bedroom,172.0,8.982109221089015,6.738563321967475,Stasiun KRL Tanah Abang,Tier 2: Inner Ring Metro (7-15km),0,0,0,0,0,0,0,0,0,0,0,0,-6.12912,106.833351,listing,0,https://picture.rumah123.com/r123-images/360x210-crop/customer/29253/listing/apr7673608/enhanced/0a78da0c2382325759234b837582528c.jpg,"DISEWAKAN Apartemen Ancol Mansion 172m2 (3+1BR-Hadap City)  欲了解更多信息,请联系我 (Yù liǎojiě gèng duō xìnxī, qǐng liánxì w�...",13539274.0,2294059.333333334,0.1565,-16.9,0.48,Fair Market Price,Disewakan Apartemen Ancol Mansion 172M2 (3+1Br-Hadap City),Ancol Mansion,exact
LST-00365,Tokyo Riverside PIK 2 • Studio Unfurnished (21 m²),https://www.rumah123.com/properti/jakarta-utara-pantai-indah-kapuk-2/disewa-apartemen-tokyo-riverside-tipe-studio-21m-kosongan-unfurnished-apr7780021/,Jakarta Utara,DKI Jakarta,Pantai Indah Kapuk 2,"Tokyo Riverside PIK 2, Pantai Indah Kapuk 2, Jakarta Utara",Apartemen,1083333.3333333333,51587.30158730158,yearly,0,1,Studio / 1BR,21.0,19.856577827132323,15.06958050701512,Stasiun KRL Tangerang,Tier 3: Outer Commuter Ring (15-28km),0,0,1,0,0,0,0,0,0,0,0,0,-6.066228,106.711853,listing,0,https://picture.rumah123.com/r123-images/360x210-crop/customer/2074514/e72a405c5ed5c48031da9bd883af7aa9.jpg,Disewakan Apartemen Tokyo Riverside PIK 2  ✨ Detail Unit - Tipe: Studio - Luas: 21m² - Kondisi: Unfurnished - Sertifikat: PPJB   Fasilitas Apart...,1758479.0,-675145.6666666667,-0.4844,38.4,-1.48,Good Deal (Undervalued),Disewa Apartemen Tokyo Riverside Pik 2Tipe Studio 21M² Kosongan Unfurnished,Tokyo Riverside PIK 2,exact
LST-00366,Tokyo Riverside PIK 2 • 2BR Unfurnished (36 m²),https://www.rumah123.com/properti/jakarta-utara-pantai-indah-kapuk-2/disewa-2-bedroom-apartemen-tokyo-riverside-pik-2-unfurnished-kosongan-apr7822467/,Jakarta Utara,DKI Jakarta,Pantai Indah Kapuk 2,"Tokyo Riverside PIK 2, Pantai Indah Kapuk 2, Jakarta Utara",Apartemen,1833333.3333333333,50925.92592592593,yearly,2,1,2 Bedroom,36.0,19.856577827132323,15.06958050701512,Stasiun KRL Tangerang,Tier 3: Outer Commuter Ring (15-28km),0,0,1,0,0,0,0,0,0,0,0,0,-6.066228,106.711853,listing,0,https://picture.rumah123.com/r123-images/360x210-crop/customer/2074514/b40ae517421790901127c22223d1ec9c.jpg,Disewakan Apartemen Tokyo Riverside PIK 2  ✨ Detail Unit - Tipe: 2 bedroom - Luas: 36m² - Kondisi: unfurnished - Sertifikat: PPJB   Fasilitas Ap...,2955543.0,-1122209.6666666667,-0.4775,38.0,-1.46,Good Deal (Undervalued),Disewa 2 Bedroom Apartemen Tokyo Riverside Pik 2 Unfurnished Kosongan,Tokyo Riverside PIK 2,exact
LST-00367,Tokyo Riverside PIK 2 • Studio Furnished (21 m²),https://www.rumah123.com/properti/jakarta-utara-pantai-indah-kapuk-2/disewa-studio-apartemen-tokyo-riverside-furnished-apr7848305/,Jakarta Utara,DKI Jakarta,Pantai Indah Kapuk 2,"Tokyo Riverside PIK 2, Pantai Indah Kapuk 2, Jakarta Utara",Apartemen,1666666.6666666667,79365.07936507936,yearly,0,1,Studio / 1BR,21.0,19.856577827132323,15.06958050701512,Stasiun KRL Tangerang,Tier 3: Outer Commuter Ring (15-28km),0,0,0,0,0,0,0,0,0,0,0,0,-6.066228,106.711853,listing,0,https://picture.rumah123.com/r123-images/360x210-crop/customer/2074514/494a5c3956c8832bc98d874e317b16fe.jpg,Disewakan Apartemen Tokyo Riverside PIK 2  ✨ Detail Unit - Tipe: Studio - Luas: 21m² - Kondisi: Furnished - Sertifikat: PPJB   Fasilitas Apartem...,1398767.0,267899.66666666674,0.1752,-19.2,0.54,Fair Market Price,Disewa Studio Apartemen Tokyo Riverside Pik 2 Furnished,Tokyo Riverside PIK 2,exact
LST-00368,French Walk MOI • 3BR Full Furnished (85 m²),https://www.rumah123.com/properti/jakarta-utara-kelapa-gading/apartemen-nyaman-siap-huni-lokasi-strategis-di-lyon-frenchwalk-moi-kelapa-gading-apr7788246/,Jakarta Utara,DKI Jakarta,Kelapa Gading,"Mall of Indonesia (MOI) Residences, Kelapa Gading, Jakarta Utara",Apartemen,9583333.333333334,112745.09803921568,yearly,3,2,3 Bedroom,85.0,10.667378438399515,8.037634400035223,Stasiun KRL Manggarai,Tier 2: Inner Ring Metro (7-15km),1,0,0,0,0,0,0,0,0,0,1,0,-6.16076844,106.9035302,listing,0,https://picture.rumah123.com/r123-images/360x210-crop/customer/1971822/8357e055d7bb1b3ac919fd1250aeb530.jpg,Disewa Apartemen Furnish di Lyon Frenchwalk Moi Kelapa Gading   Lb 85m Kt 2+1 Km 1+1 Kitchen set Full Furnish   Harga sewa 115jt/th nego  #mei,9312563.0,270770.33333333395,0.0287,-2.9,0.09,Fair Market Price,Apartemen Nyaman Siap Huni Lokasi Strategis di Lyon Frenchwalk Moi Kelapa Gading,French Walk MOI,exact
LST-00369,Tokyo Riverside PIK 2 Tower Ginza • 2BR Furnished (36 m²),https://www.rumah123.com/properti/jakarta-utara-pantai-indah-kapuk-2/disewakan-apartemen-tokyo-riverside-tower-ginza-uk-36m-2-br-full-furniture-bagus-dan-bersih-apr7844490/,Jakarta Utara,DKI Jakarta,Pantai Indah Kapuk 2,"Tokyo Riverside PIK 2, Pantai Indah Kapuk 2, Jakarta Utara",Apartemen,3750000.0,104166.66666666669,yearly,2,1,2 Bedroom,36.0,19.856577827132323,15.06958050701512,Stasiun KRL Tangerang,Tier 3: Outer Commuter Ring (15-28km),0,0,0,0,0,0,0,0,0,0,0,0,-6.066228,106.711853,listing,0,https://picture.rumah123.com/r123-images/360x210-crop/customer/4364857/9ed670d5bba7dbbca8885426966db513.jpg,Untuk Info Representative Untuk Hubungi: Whatsapp: 0813xxxxxxxx SIANLY TAN MARKETING - BOSTON PIK 2 Official Property Agent's Office for PIK 2 & Go...,2453597.0,1296403.0,0.4242,-52.8,1.3,Premium / High Price,Disewakan Apartemen Tokyo Riverside Tower Ginza Uk 36M² 2 Br Full Furniture Bagus dan Bersih,Tokyo Riverside PIK 2,exact
LST-00370,Pacific Garden Campus Town • 1BR Full Furnished (55 m²),https://www.rumah123.com/properti/tangerang-alam-sutera/jarang-ada-full-furnish-2-unit-jadi-1-apartmen-pacific-gardena1-apr7719558/,Tangerang,Banten,Alam Sutera,"Pacific Garden Campus Town Alam Sutera, Alam Sutera, Tangerang",Apartemen,7083333.333333333,128787.87878787878,yearly,1,2,Studio / 1BR,55.0,18.70666064640257,8.09954934668883,Stasiun KRL Rawabuntu (BSD),Tier 3: Outer Commuter Ring (15-28km),1,0,0,0,0,0,0,0,0,0,0,0,-6.25276,106.656647,listing,0,https://picture.rumah123.com/r123-images/360x210-crop/customer/910486/listing/apr7719558/enhanced/98dc13b99dff36aa76ee492608676291.jpg,Luas Bangunan : 55 m² Lantai : 15 Kamar Tidur : 1 Kamar Mandi : 2 Listrik : 5700 watt Hadap : Barat & Utara View : City & Danau  Sertifikat : PPJB...,6313245.0,770088.333333333,0.1151,-12.2,0.35,Fair Market Price,Jarang Ada Full Furnish 2 Unit Jadi 1 Apartmen Pacific Garden[A1],Pacific Garden Campus Town,fuzzy
LST-00371,Unresolved • Alam Sutera • Studio Furnished (33 m²),https://www.rumah123.com/properti/tangerang-alam-sutera/apartemen-studio-satu-menit-ke-gerbang-tol-apr3614095/,Tangerang,Banten,Alam Sutera,"Silkwood Residences Alam Sutera, Alam Sutera, Tangerang",Apartemen,4583333.333333333,138888.88888888888,yearly,1,1,Studio / 1BR,33.0,18.70666064640257,8.09954934668883,Stasiun KRL Rawabuntu (BSD),Tier 3: Outer Commuter Ring (15-28km),0,0,0,0,0,0,1,1,0,0,0,0,-6.25276,106.656647,listing,0,https://picture.rumah123.com/r123-images/360x210-crop/customer/2166781/bb4d98b921e39f4a2f654b1d6c207bf7.png,Fasilitas gedung - Rooftop Garden - Sky Pool - Playground - Hanging Garden - Garden Plaza - Fitness Lounge  Kampus terdekat - Bunda Mulia - Binus -...,3643339.0,939994.333333333,0.2295,-25.8,0.7,Fair Market Price,Apartemen Studio Satu Menit Ke Gerbang Tol,,unresolved
LST-00372,Sky House Alam Sutera • 2BR Full Furnished (48 m²),https://www.rumah123.com/properti/tangerang-alam-sutera/sewa-sky-house-alam-sutera-2br-full-furnished-view-city-apr7717094/,Tangerang,Banten,Alam Sutera,"Sky House BSD, Alam Sutera, Tangerang",Apartemen,5000000.0,104166.66666666669,yearly,2,1,2 Bedroom,48.0,18.70666064640257,8.09954934668883,Stasiun KRL Rawabuntu (BSD),Tier 3: Outer Commuter Ring (15-28km),1,0,0,0,0,0,0,0,0,0,0,0,-6.25276,106.656647,listing,0,https://picture.rumah123.com/r123-images/360x210-crop/customer/53509/listing/apr7717094/enhanced/060012b646da555ba31710a2218c7e59.jpg,:fire: DISEWAKAN - APARTEMEN PREMIUM SKY HOUSE ALAM SUTERA :fire:   Sky House Alam Sutera - Tangerang Lokasi strategis di jantung kawasan Alam Sute...,5505701.0,-505701.0,-0.0963,9.2,-0.29,Fair Market Price,Sewa Sky House Alam Sutera 2Br Full Furnished View City,Sky House Alam Sutera,exact
LST-00373,Unresolved • Gading Serpong • 1BR Full Furnished (45 m²),https://www.rumah123.com/properti/tangerang-gading-serpong/sewa-apartemen-skandinavia-full-furnished-1-kamar-tidur-fasilitas-premium-apr7649628/,Tangerang,Banten,Gading Serpong,"Skandinavia Apartment Tangerang, Gading Serpong, Tangerang",Apartemen,6500000.0,144444.44444444444,monthly,1,1,Studio / 1BR,45.0,20.73591581365966,2.1015844043326872,Stasiun KRL Tangerang,Tier 3: Outer Commuter Ring (15-28km),1,0,0,0,0,0,0,0,0,0,0,0,-6.1956,106.63289,listing,0,https://picture.rumah123.com/r123-images/360x210-crop/customer/1094854/3c4c9571f4b5703712630584bcd68c8f.jpg,"Hallo Bp/Ibu, Kami dari Agent HOST by Skandinavia Apartemen  #WTR #Disewakan dapat disewa perbulan/bulanan/tahunan  Akses : Tol Jakarta - Tan...",4816977.0,1683023.0,0.2997,-34.9,0.92,Premium / High Price,Sewa Apartemen Skandinavia Full Furnished 1 Kamar Tidur Fasilitas Premium,,unresolved
LST-00374,The Lloyd Alam Sutera • 3BR Furnished (133 m²),https://www.rumah123.com/properti/tangerang-alam-sutera-2/disewakan-low-rise-apartment-lloyd-3-br-jarang-ada-apr7786779/,Tangerang,Banten,Alam Sutera 2,"The Lloyd Alam Sutera, Alam Sutera 2, Tangerang",Apartemen,10416666.666666666,78320.80200501252,yearly,3,2,3 Bedroom,133.0,16.854110264326298,5.579523693266808,Stasiun KRL Tangerang,Tier 3: Outer Commuter Ring (15-28km),0,0,0,0,0,0,0,0,0,0,0,0,-6.213143,106.667595,listing,0,https://picture.rumah123.com/r123-images/360x210-crop/customer/2037419/0ceb7042019fe9629c55e59920cabeaa.jpg,"Apartemen di Alam Sutera 2.  Temukan apartemen 6 lantai yang modern ini,  disewakan menawarkan lingkungan fasilitas yang lengkap, cocok untuk Anda ...",11943669.0,-1527002.333333334,-0.1368,12.8,-0.42,Fair Market Price,Apartemen Lloyd Alam Sutera Low Rise 3 BR . Disewakan Murah !,The Lloyd Alam Sutera,exact
LST-00375,Brooklyn Alam Sutera • 1BR Full Furnished (81 m²),https://www.rumah123.com/properti/tangerang-alam-sutera/sewa-cepat-murah-soho-furnish-mezzanine-brooklyn-alam-suterac1-apr7765280/,Tangerang,Banten,Alam Sutera,"Brooklyn Apartment Alam Sutera, Alam Sutera, Tangerang",Apartemen,10416666.666666666,128600.82304526748,yearly,1,1,Studio / 1BR,81.0,18.70666064640257,8.09954934668883,Stasiun KRL Rawabuntu (BSD),Tier 3: Outer Commuter Ring (15-28km),1,0,0,0,0,0,0,0,0,0,0,0,-6.25276,106.656647,listing,0,https://picture.rumah123.com/r123-images/360x210-crop/customer/910486/664a2e33976ebb3f2cfdf7e03480bca3.jpg,Luas Bangunan : 81 m² Kamar Tidur : 2 Kamar Mandi : 1 Hadap : Selatan  Kondisi Unit : 1.⁠ ⁠Full Furnished dengan Interior 2.⁠ ⁠Rapi Terawa...,8940561.0,1476105.666666666,0.1528,-16.5,0.47,Fair Market Price,Sewa Cepat Murah Soho Furnish Mezzanine Brooklyn Alam Sutera[C1],Brooklyn Alam Sutera,exact
LST-00376,Paddington Heights • 2BR Full Furnished (94 m²),https://www.rumah123.com/properti/tangerang-alam-sutera/disewakan-paddington-full-furnished-lantai-rendah-di-alam-suteral1-apr7809537/,Tangerang,Banten,Alam Sutera,"Paddington Heights Alam Sutera, Alam Sutera, Tangerang",Apartemen,7083333.333333333,75354.60992907801,yearly,2,2,2 Bedroom,94.0,18.70666064640257,8.09954934668883,Stasiun KRL Rawabuntu (BSD),Tier 3: Outer Commuter Ring (15-28km),1,0,0,0,0,0,1,0,0,0,0,0,-6.25276,106.656647,listing,0,https://picture.rumah123.com/r123-images/360x210-crop/customer/910486/d7e2ba91d3e622cad9cf6274c3469557.jpg,Luas  : 94 meter Kamar Mandi : 2+1 Kamar Tidur: 2+1 Listrik : 4.400 watt Hadap : Pool IPL :2.7 Juta/ bulan Sertifikat: Ppjb siap AJB   Kondisi Unit...,9476519.0,-2393185.666666667,-0.2911,25.3,-0.89,Good Deal (Undervalued),Disewakan Paddington Full Furnished Lantai Rendah di Alam Sutera[L1],Paddington Heights,exact
LST-00377,The Lloyd Alam Sutera • 3BR Unfurnished (128 m²),https://www.rumah123.com/properti/tangerang-alam-sutera/view-pool-3br-unfurnished-apartemen-lloyd-alam-suterac0-apr7830165/,Tangerang,Banten,Alam Sutera,"The Lloyd Alam Sutera, Alam Sutera, Tangerang",Apartemen,10416666.666666666,81380.20833333333,yearly,3,2,3 Bedroom,128.0,18.70666064640257,8.09954934668883,Stasiun KRL Rawabuntu (BSD),Tier 3: Outer Commuter Ring (15-28km),0,0,1,0,0,0,1,0,0,0,0,0,-6.25276,106.656647,listing,0,https://picture.rumah123.com/r123-images/360x210-crop/customer/910486/7080f0478558306feab38a60fda5af6e.jpg,Luas Bangunan : 128m² Lantai : 5 Kamar Tidur : 3+1 Kamar Mandi : 2 Hadap : Timur Sertifikat : PPJB Listrik : 4400 watt  Kondisi Unit : 1.⁠ ⁠Ko...,12353094.0,-1936427.333333334,-0.1705,15.7,-0.52,Fair Market Price,View Pool 3Br Unfurnished Apartemen Lloyd Alam Sutera[C0],The Lloyd Alam Sutera,exact
LST-00378,Springwood Residence • 1BR Furnished (26 m²),https://www.rumah123.com/properti/tangerang-alam-sutera/include-ipl-near-binus-apartemen-springwood-residence-alam-sutera-apr3603755/,Tangerang,Banten,Alam Sutera,"The Springwood Residence Serpong, Alam Sutera, Tangerang",Apartemen,3000000.0,115384.6153846154,yearly,1,1,Studio / 1BR,26.0,18.706340553825594,8.099440972466178,Stasiun KRL Rawabuntu (BSD),Tier 3: Outer Commuter Ring (15-28km),0,0,0,0,0,0,0,0,0,0,0,0,-6.25276,106.65665,listing,0,https://picture.rumah123.com/r123-images/360x210-crop/customer/911633/81dbb6f91b2297af4c6a623ba93c83bc.jpg,"Hallo ka agency kita fleksibel untuk masa sewa periode tertentu.  Bisa di booking untuk masuk sewa dibbrapa bulan kedepan, jadi kk2 ga perlu panik ...",3648638.0,-648638.0,-0.1957,17.8,-0.6,Fair Market Price,Include IPL Near Binus Apartemen Springwood Residence Alam Sutera,Springwood Residence,exact
LST-00379,The Lloyd Alam Sutera • Studio Furnished (128 m²),https://www.rumah123.com/properti/tangerang-alam-sutera/best-view-serasa-di-new-york-lloyd-apartment-alam-sutera-hanya-3-menit-dari-toll-area-sejuk-fasilitas-bintang-lima-apr7782867/,Tangerang,Banten,Alam Sutera,"The Lloyd Alam Sutera, Alam Sutera, Tangerang",Apartemen,15000000.0,117187.5,yearly,0,0,Studio / 1BR,128.0,18.70666064640257,8.09954934668883,Stasiun KRL Rawabuntu (BSD),Tier 3: Outer Commuter Ring (15-28km),0,0,0,0,0,0,0,0,0,0,0,0,-6.25276,106.656647,listing,0,https://picture.rumah123.com/r123-images/360x210-crop/customer/791227/f0bdba0454ce5d6ec3ab11ab2585cd97.jpg,Best View! Serasa di New York! Lloyd Apartment Alam Sutera! Hanya 3 Menit Dari Toll! Area Sejuk Fasilitas Bintang Lima!,12511975.0,2488025.0,0.1814,-19.9,0.56,Fair Market Price,Best View! Serasa di New York! Lloyd Apartment Alam Sutera! Hanya 3 Menit Dari Toll! Area Sejuk Fasilitas Bintang Lima!,The Lloyd Alam Sutera,exact
LST-00380,The Lloyd Alam Sutera • 2BR Furnished (109 m²),https://www.rumah123.com/properti/tangerang-alam-sutera/super-best-view-lloyd-alam-sutera-apartemen-terbaik-eksklusif-fasilitas-bintang-lima-tipe-2-kamar-apr7793371/,Tangerang,Banten,Alam Sutera,"The Lloyd Alam Sutera, Alam Sutera, Tangerang",Apartemen,11500000.0,105504.58715596332,yearly,2,2,2 Bedroom,109.0,18.70666064640257,8.09954934668883,Stasiun KRL Rawabuntu (BSD),Tier 3: Outer Commuter Ring (15-28km),0,0,0,0,0,0,0,0,0,0,0,0,-6.25276,106.656647,listing,0,https://picture.rumah123.com/r123-images/360x210-crop/customer/791227/00f350ab11fad84912a0a76aef2a075b.jpg,Super Best View! Lloyd Alam Sutera! Apartemen Terbaik Eksklusif Fasilitas Bintang Lima!,10831020.0,668980.0,0.0599,-6.2,0.18,Fair Market Price,Super Best View! Lloyd Alam Sutera! Apartemen Terbaik Eksklusif Fasilitas Bintang Lima! Tipe 2 Kamar,The Lloyd Alam Sutera,exact
LST-00381,The Lloyd Alam Sutera • Studio Furnished (106 m²),https://www.rumah123.com/properti/tangerang-alam-sutera/serasa-di-villa-lloyd-apartment-alam-sutera-2-kamar-tinggal-bawa-koper-fasilitas-bintang-lima-apr7821614/,Tangerang,Banten,Alam Sutera,"The Lloyd Alam Sutera, Alam Sutera, Tangerang",Apartemen,11666666.666666666,110062.893081761,yearly,0,0,Studio / 1BR,106.0,18.70666064640257,8.09954934668883,Stasiun KRL Rawabuntu (BSD),Tier 3: Outer Commuter Ring (15-28km),0,0,0,0,0,0,0,0,0,0,0,0,-6.25276,106.656647,listing,0,https://picture.rumah123.com/r123-images/360x210-crop/customer/791227/98d374f30b790a4cf8e76ac0cd8d7f16.jpg,Serasa di Villa! Lloyd Apartment Alam Sutera 2 Kamar Tinggal Bawa Koper! Fasilitas Bintang Lima!,9695573.0,1971093.666666666,0.1851,-20.3,0.57,Fair Market Price,Serasa di Villa! Lloyd Apartment Alam Sutera 2 Kamar Tinggal Bawa Koper! Fasilitas Bintang Lima!,The Lloyd Alam Sutera,exact
LST-00382,U Residence Karawaci Tower 1 • Studio Furnished (31 m²),https://www.rumah123.com/properti/tangerang-lippo-karawaci/siap-huni-studio-apartemen-u-residence-tower-1-dekat-uph-dan-supermal-karawaci-apr7840582/,Tangerang,Banten,Lippo Karawaci,"U Residence Karawaci, Lippo Karawaci, Tangerang",Apartemen,2916666.6666666665,94086.02150537634,yearly,0,1,Studio / 1BR,31.0,23.314168810356414,6.136740871239539,Stasiun KRL Tangerang,Tier 3: Outer Commuter Ring (15-28km),0,0,0,0,0,0,0,0,0,0,0,0,-6.22692,106.609879,listing,0,https://picture.rumah123.com/r123-images/360x210-crop/customer/1969242/c30fb6e3dc0d79f84364d0ea6786de02.jpg,"Lokasi yang sangat strategis, berada di jantung Lippo Karawaci. Connecting dengan Supermal Karawaci, lain dari pada yang lain, lokasi Smart City. I...",3301621.0,-384954.3333333335,-0.124,11.7,-0.38,Fair Market Price,Siap Huni Studio Apartemen U Residence Tower 1 Dekat Uph dan Supermal Karawaci,U Residence Karawaci,fuzzy
LST-00383,U Residence Karawaci Tower 2 • Studio Furnished (98 m²),https://www.rumah123.com/properti/tangerang-karawaci/apartemen-u-residence-tower-2-karawaci-gus-furnished-tower-2-apr3309263/,Tangerang,Banten,Karawaci,"U Residence Karawaci, Karawaci, Tangerang",Apartemen,8750000.0,89285.71428571429,yearly,0,1,Studio / 1BR,98.0,20.98637754624333,3.023484907337409,Stasiun KRL Tangerang,Tier 3: Outer Commuter Ring (15-28km),0,0,0,0,0,0,0,0,0,0,0,0,-6.20376,106.63022,listing,0,https://picture.rumah123.com/r123-images/360x210-crop/customer/1969242/2024-05-22-02-57-54-a9e2d366-248e-4d00-9fe1-6bca352b0912.jpg,"Lokasi yang sangat strategis, berada di jantung Lippo Karawaci. Connecting dengan Supermal Karawaci, lain dari pada yang lain, lokasi Smart City. ...",10110546.0,-1360546.0,-0.1445,13.5,-0.44,Fair Market Price,Apartemen U Residence Tower 2 Karawaci Gus Furnished Tower 2,U Residence Karawaci,fuzzy
LST-00384,Unresolved • BSD Tower Bristol • 3BR Furnished (120 m²),https://www.rumah123.com/properti/tangerang-bsd/paling-murahhh-apartemen-sky-house-tower-bristol-city-view-kawasan-elite-terbaik-tinggal-jalan-kaki-ke-mall-aeon-apr7348820/,Tangerang,Banten,BSD,"Sky House BSD, BSD, Tangerang",Apartemen,7500000.0,62500.0,yearly,3,2,3 Bedroom,120.0,17.014475657921245,4.4103487765652165,Stasiun KRL Rawabuntu (BSD),Tier 3: Outer Commuter Ring (15-28km),0,0,0,0,0,0,0,0,0,0,0,0,-6.28217,106.684921,listing,0,https://picture.rumah123.com/r123-images/360x210-crop/customer/791227/3ae4b9558a4a71f356b5a2ff4f1ee123.jpg,Paling Murahhh! Apartemen 3+1 Kamar Sky House Tower Bristol City View! Kawasan Elite Terbaik Tinggal Jalan Kaki Ke Mall Aeon,13364504.0,-5864504.0,-0.5777,43.9,-1.77,Deep Value Deal (Rare Find),Paling Murahhh! Apartemen Sky House Tower Bristol City View! Kawasan Elite Terbaik Tinggal Jalan Kaki ke Mall Aeon,,unresolved
LST-00385,Paddington Heights • Studio Furnished (32 m²),https://www.rumah123.com/properti/tangerang-alam-sutera/1-menit-ke-kampus-apartemen-paddington-siap-huni-double-bed-fasilitas-lengkap-keamanan-terjamin-apr7747884/,Tangerang,Banten,Alam Sutera,"Paddington Heights Alam Sutera, Alam Sutera, Tangerang",Apartemen,3416666.6666666665,106770.83333333331,yearly,0,0,Studio / 1BR,32.0,18.70666064640257,8.09954934668883,Stasiun KRL Rawabuntu (BSD),Tier 3: Outer Commuter Ring (15-28km),0,0,0,0,0,0,0,0,0,0,0,0,-6.25276,106.656647,listing,0,https://picture.rumah123.com/r123-images/360x210-crop/customer/791227/listing/apr7747884/enhanced/ee749c1a48b36dce12763157fc017288.jpg,1 Menit ke Kampus! Apartemen Paddington Siap Huni Double Bed! Fasilitas Lengkap Keamanan Terjamin!,3661437.0,-244770.3333333335,-0.0692,6.7,-0.21,Fair Market Price,1 Menit ke Kampus! Apartemen Paddington Siap Huni Double Bed! Fasilitas Lengkap Keamanan Terjamin!,Paddington Heights,exact
LST-00386,Saumata Private Lift • 2BR Full Furnished (124 m²),https://www.rumah123.com/properti/tangerang-alam-sutera/apartemen-paling-mewah-di-alam-sutera-saumata-premiere-full-furnished-with-private-lift-kawasan-terbaik-untuk-tinggal-apr7427609/,Tangerang,Banten,Alam Sutera,"Saumata Suites Alam Sutera, Alam Sutera, Tangerang",Apartemen,14166666.666666666,114247.311827957,yearly,2,2,2 Bedroom,124.0,18.70666064640257,8.09954934668883,Stasiun KRL Rawabuntu (BSD),Tier 3: Outer Commuter Ring (15-28km),1,0,0,0,0,0,0,0,0,0,0,0,-6.25276,106.656647,listing,0,https://picture.rumah123.com/r123-images/360x210-crop/customer/791227/9777814486c912428d2737cade294c21.jpg,Apartemen Paling Mewah Di Alam Sutera! Saumata Premiere Full Furnished With Private Lift! Kawasan Terbaik Untuk Tinggal Cocok Bisa Nego,13270123.0,896543.666666666,0.0654,-6.8,0.2,Fair Market Price,Termurah! Apartemen Paling Mewah di Alam Sutera! Saumata Premiere Full Furnished With Private Lift! Kawasan Terbaik untuk Tinggal Cocok bisa Nego,Saumata,exact
LST-00387,Paddington Heights • Studio Furnished (31 m²),https://www.rumah123.com/properti/tangerang-alam-sutera/termurahhh-jalan-kaki-ke-kampus-sebelah-binus-univ-apartemen-paddington-sebelah-binus-kawasan-pendidikan-super-nyaman-apr7359876/,Tangerang,Banten,Alam Sutera,"Paddington Heights Alam Sutera, Alam Sutera, Tangerang",Apartemen,3500000.0,112903.2258064516,yearly,0,0,Studio / 1BR,31.0,18.70666064640257,8.09954934668883,Stasiun KRL Rawabuntu (BSD),Tier 3: Outer Commuter Ring (15-28km),0,0,0,0,0,0,0,0,0,0,0,0,-6.25276,106.656647,listing,0,https://picture.rumah123.com/r123-images/360x210-crop/customer/791227/1d63fd224f4cb25c21abda5c974bbc4a.jpg,Jalan Kaki Ke Kampus! Apartemen Paddington Sebelah Binus Kawasan Pendidikan Super Nyaman Fasilitas Bintang Lima   Tipe Studio Ready Stock,3702206.0,-202206.0,-0.0562,5.5,-0.17,Fair Market Price,Termurahhh! Jalan Kaki ke Kampus! Sebelah Binus Univ! Apartemen Paddington Sebelah Binus Kawasan Pendidikan Super Nyaman Fasilitas Bintang Lima,Paddington Heights,exact
LST-00388,U Residence Karawaci Tower 3 • Studio Furnished (35 m²),https://www.rumah123.com/properti/tangerang-lippo-karawaci/siap-huni-apartemen-u-residence-tower-3-dekat-dgn-uph-dan-supermal-karawaci-apr7844065/,Tangerang,Banten,Lippo Karawaci,"U Residence Karawaci, Lippo Karawaci, Tangerang",Apartemen,4000000.0,114285.71428571428,yearly,0,1,Studio / 1BR,35.0,23.314168810356414,6.136740871239539,Stasiun KRL Tangerang,Tier 3: Outer Commuter Ring (15-28km),0,0,0,0,0,0,0,0,0,0,0,0,-6.22692,106.609879,listing,0,https://picture.rumah123.com/r123-images/360x210-crop/customer/52025/8438b8e77b172b393bbaec3a62f8e046.jpg,"Lokasi yang sangat strategis, berada di jantung Lippo Karawaci. Connecting dengan Supermal Karawaci, lain dari pada yang lain, lokasi Smart City. I...",3581356.0,418644.0,0.1106,-11.7,0.34,Fair Market Price,Siap Huni Apartemen U Residence Tower 3 Dekat Dgn Uph dan Supermal Karawaci,U Residence Karawaci,fuzzy
LST-00389,The Lloyd Alam Sutera • 3BR Full Furnished (128 m²),https://www.rumah123.com/properti/tangerang-alam-sutera/disewakan-apartemen-3-bedroom-the-lloyd-alam-sutera-apr7819300/,Tangerang,Banten,Alam Sutera,"The Lloyd Alam Sutera, Alam Sutera, Tangerang",Apartemen,13333333.333333334,104166.66666666669,yearly,3,2,3 Bedroom,128.0,18.70666064640257,8.09954934668883,Stasiun KRL Rawabuntu (BSD),Tier 3: Outer Commuter Ring (15-28km),1,0,0,0,0,0,1,0,0,1,0,0,-6.25276,106.656647,listing,0,https://picture.rumah123.com/r123-images/360x210-crop/customer/920480/dec266d7a78f6401862f6f97237805bb.jpg,TOWER A *LANTAI 2 3 KT 2 KM SERVICR AREA BALCON HADAP KOLAM RENANG 128.4 METER FULL FURNISHED  *HUB:* *MEIRISKA (MELODY PROPERTY)* 0811889xxxx,12478968.0,854365.333333334,0.0662,-6.8,0.2,Fair Market Price,Disewakan Apartemen 3 Bedroom The Lloyd Alam Sutera,The Lloyd Alam Sutera,exact
LST-00390,The Lloyd Alam Sutera • 4BR+ Furnished (218 m²),https://www.rumah123.com/properti/tangerang-alam-sutera/disewakan-special-unit-gandeng-lloyd-alam-sutera-apr7812173/,Tangerang,Banten,Alam Sutera,"The Lloyd Alam Sutera, Alam Sutera, Tangerang",Apartemen,24166666.666666668,110856.26911314986,yearly,4,4,4+ Bedroom,218.0,18.70666064640257,8.09954934668883,Stasiun KRL Rawabuntu (BSD),Tier 3: Outer Commuter Ring (15-28km),0,0,0,0,0,0,0,0,0,0,0,0,-6.25276,106.656647,listing,0,https://picture.rumah123.com/r123-images/360x210-crop/customer/920480/7bc522e433af7ea7c26aad513e06bc7a.jpg,KT : 3+1  KM : 3+1 Luas : 218 m2 Lantai : 3  HUB: MEI 0811889xxxx MELODY PRO,14749739.0,9416927.666666668,0.4937,-63.8,1.51,Overpriced / Luxury Tag,Disewakan Special Unit Gandeng Lloyd Alam Sutera,The Lloyd Alam Sutera,exact
LST-00391,Unresolved • Gading Serpong • 2BR Furnished (45 m²),https://www.rumah123.com/properti/tangerang-gading-serpong/disewakan-mtown-ellis-2br-lt-30furnish-bagus-gading-serpong-apr7332146/,Tangerang,Banten,Gading Serpong,"Midtown Residences Gading Serpong, Gading Serpong, Tangerang",Apartemen,4000000.0,88888.88888888889,yearly,2,1,2 Bedroom,45.0,20.371621719416744,5.1115596333950215,Stasiun KRL Tangerang,Tier 3: Outer Commuter Ring (15-28km),0,0,0,0,0,0,0,0,0,0,0,0,-6.22255,106.63623,listing,0,https://picture.rumah123.com/r123-images/360x210-crop/customer/33242/b77de8102a54aeebf8abc74e29c5325b.jpg,"Disewakan cepat Aparyemen Mtown Residence  Tower Ellis Lt.30 luas 45m 2 Br 1 Kamar mandi Furnish sesuai foto  Harga Rp.48.000.000,-/tahun L...",4914307.0,-914307.0,-0.2059,18.6,-0.63,Fair Market Price,Disewakan Mtown Ellis 2Br LT 30.Furnish Bagus @Gading Serpong,,unresolved
LST-00392,Unresolved • Alam Sutera • Studio Furnished (32 m²),https://www.rumah123.com/properti/tangerang-alam-sutera/jalan-kaki-ke-kampus-apartemen-siap-huni-tinggal-bawa-koper-furnished-bagus-sangat-terawat-cocok-untuk-mahasiswa-parkir-apr7307383/,Tangerang,Banten,Alam Sutera,"Silkwood Residences Alam Sutera, Alam Sutera, Tangerang",Apartemen,3500000.0,109375.0,yearly,0,0,Studio / 1BR,32.0,18.70666064640257,8.09954934668883,Stasiun KRL Rawabuntu (BSD),Tier 3: Outer Commuter Ring (15-28km),0,0,0,0,0,0,0,0,0,0,0,1,-6.25276,106.656647,listing,0,https://picture.rumah123.com/r123-images/360x210-crop/customer/791227/listing/apr7307383/enhanced/087352efb431851ab426ce734df2d8fc.jpg,Jalan Kaki Ke Kampus! Apartemen Siap Huni Tinggal Bawa Koper Furnished Bagus Sangat Terawat! Cocok Untuk Mahasiswa Parkir Sangat Luas,3528189.0,-28189.0,-0.008,0.8,-0.02,Fair Market Price,Jamin Paling Murah! Jalan Kaki ke Kampus! Apartemen Siap Huni Tinggal Bawa Koper Furnished Bagus Sangat Terawat! Cocok untuk Mahasiswa Parkir Sangat Luas,,unresolved
LST-00393,Pacific Garden Campus Town • Studio Furnished (21 m²),https://www.rumah123.com/properti/tangerang-alam-sutera/disewakan-murah-apartment-pacific-garden-tipe-studio-alam-sutera-apr7815878/,Tangerang,Banten,Alam Sutera,"Pacific Garden Campus Town Alam Sutera, Alam Sutera, Tangerang",Apartemen,3833333.3333333335,182539.6825396825,yearly,1,1,Studio / 1BR,21.0,18.70666064640257,8.09954934668883,Stasiun KRL Rawabuntu (BSD),Tier 3: Outer Commuter Ring (15-28km),0,0,0,0,0,0,0,0,0,0,0,0,-6.25276,106.656647,listing,0,https://picture.rumah123.com/r123-images/360x210-crop/customer/1565438/5b57a36f394551dd38fcb7354881a175.jpg,"Apartment Pacific garden alam sutera samping binus, uk 21m2, 46jt/th",2286997.0,1546336.3333333335,0.5165,-67.6,1.58,Overpriced / Luxury Tag,Disewakan Murah Apartment Pacific Garden Tipe Studio Alam Sutera,Pacific Garden Campus Town,fuzzy
LST-00394,Unresolved • Gading Serpong • 2BR Furnished (46 m²),https://www.rumah123.com/properti/tangerang-gading-serpong/disewakan-apartment-di-gading-serpong-dekat-mall-sms-apr7831082/,Tangerang,Banten,Gading Serpong,"Midtown Residences Gading Serpong, Gading Serpong, Tangerang",Apartemen,4583333.333333333,99637.68115942027,yearly,2,1,2 Bedroom,46.0,20.371621719416744,5.1115596333950215,Stasiun KRL Tangerang,Tier 3: Outer Commuter Ring (15-28km),0,0,0,1,0,1,0,0,0,0,0,0,-6.22255,106.63623,listing,0,https://picture.rumah123.com/r123-images/360x210-crop/customer/1565438/aeb8f1cac19622750551a83a88488e5b.jpg,Apartment Mtown Residence  Gading Serpong depan mall SMS pasar  sinpasa 2 bedroom  Tower bryant  Fasilitas:  Ac masing2 kamar Water heater Kulkas B...,4609388.0,-26054.666666666977,-0.0057,0.6,-0.02,Fair Market Price,Disewakan Apartment di Gading Serpong Dekat Mall Sms,,unresolved
LST-00395,Casa De Parco BSD • Studio Furnished (27 m²),https://www.rumah123.com/properti/tangerang-bsd-city/disewajual-unit-baru-tipe-studio-casa-de-parco-bsd-city-furnished-apr7643482/,Tangerang,Banten,BSD City,"Casa De Parco BSD, BSD City, Tangerang",Apartemen,4166666.6666666665,154320.98765432098,yearly,1,1,Studio / 1BR,27.0,21.465591640271533,3.618465263703696,Stasiun KRL Rawabuntu (BSD),Tier 3: Outer Commuter Ring (15-28km),0,0,0,0,0,0,0,0,0,0,0,0,-6.305697958215916,106.652035140085,listing,0,https://picture.rumah123.com/r123-images/360x210-crop/customer/1830458/0fbf97c2243d02fc0bc17df352b0928d.jpg,For Sale/For Rent  Apartment Casa De Parco BSD City  Tower : Gardenia Lantai : 17 View : City  Furnished Unit Baru (Belum Pernah Dihuni)  Harga : R...,2906838.0,1259828.6666666665,0.3601,-43.3,1.1,Premium / High Price,Disewa/Jual Unit Baru Tipe Studio Casa De Parco BSD City - Furnished,Casa De Parco BSD,exact
LST-00396,Scientia Residences • Studio Full Furnished (36 m²),https://www.rumah123.com/properti/tangerang-gading-serpong/disewakan-apartemen-scientia-gading-serpong-dekat-umn-1-bedroom-full-furnish-apr7709703/,Tangerang,Banten,Gading Serpong,"Scientia Residences Gading Serpong, Gading Serpong, Tangerang",Apartemen,2916666.6666666665,81018.51851851851,yearly,0,0,Studio / 1BR,36.0,20.371621719416744,5.1115596333950215,Stasiun KRL Tangerang,Tier 3: Outer Commuter Ring (15-28km),1,0,0,0,0,0,0,0,0,0,0,0,-6.22255,106.63623,listing,0,https://picture.rumah123.com/r123-images/360x210-crop/customer/1113886/listing/apr7709703/enhanced/30255dc1f00c2422982e3886d5862ab5.jpg,Disewakan Apartemen Scientia Gading Serpong dekat UMN 1 Bedroom Full Furnish  Luas 36 m2 1 Bedroom Full Furnished View City Lantai 10  Harga Sewa 3...,3985482.0,-1068815.3333333335,-0.3122,26.8,-0.96,Good Deal (Undervalued),Disewakan Apartemen Scientia Gading Serpong Dekat Umn 1 Bedroom Full Furnish,Scientia Residences,exact
LST-00397,Elevee Alam Sutera • 4BR+ Furnished (149 m²),https://www.rumah123.com/properti/tangerang-alam-sutera/disewakan-brand-new-apartemen-31-elevee-alam-sutera-apr7826592/,Tangerang,Banten,Alam Sutera,"Elevee Penthouses & Residences Alam Sutera, Alam Sutera, Tangerang",Apartemen,11666666.666666666,78299.77628635346,yearly,4,3,4+ Bedroom,149.0,18.70666064640257,8.09954934668883,Stasiun KRL Rawabuntu (BSD),Tier 3: Outer Commuter Ring (15-28km),0,0,0,0,0,0,0,0,0,0,0,0,-6.25276,106.656647,listing,0,https://picture.rumah123.com/r123-images/360x210-crop/customer/920480/listing/apr7826592/enhanced/a9d285b0-27e3-4c4a-838f-1e20d23107a6.png,Luas 149meter Tower 2 Non pet Brand new Lantai 30-29 View city dan fasilitas seta forest *Best View* 3KT  2KM 1 KT Pembantu dan 1 KM Pembantu  Incl...,13105069.0,-1438402.333333334,-0.1163,11.0,-0.36,Fair Market Price,Disewakan Brand New Apartemen 3+1 Elevee Alam Sutera,Elevee Alam Sutera,exact
LST-00398,Marigold Nava Park • 2BR Furnished (90 m²),https://www.rumah123.com/properti/tangerang-selatan-bsd/2br-apartment-marigold-navapark-at-bsd-city-apr7703506/,Tangerang,Banten,BSD City,"Marigold NavaPark BSD, BSD City, Tangerang",Apartemen,8333333.333333333,92592.59259259258,yearly,2,2,2 Bedroom,90.0,21.167499222021046,4.330141909148439,Stasiun KRL Rawabuntu (BSD),Tier 3: Outer Commuter Ring (15-28km),0,0,0,0,0,0,0,0,0,0,0,0,-6.2969526344847,106.65026699809,listing,0,https://picture.rumah123.com/r123-images/360x210-crop/customer/4387033/listing/apr7703506/enhanced/568b702e2f42df8d918299de4aec597d.jpg,"[FOR RENT] 2BR Apartment in Marigold Navapark BSD City Tower 7  Size: 90m2 Type: 2BR Semi-furnished  Located in premium and comfort BSD neigh...",10464570.0,-2131236.666666667,-0.2277,20.4,-0.7,Fair Market Price,2Br Apartment Marigold Navapark At BSD City,Marigold Nava Park,exact
LST-00399,Unresolved • Gading Serpong • 1BR Full Furnished (45 m²),https://www.rumah123.com/properti/tangerang-gading-serpong/apartemen-mtown-signature-di-gading-serpong-depan-mall-sms-apr7690551/,Tangerang,Banten,Gading Serpong,"The H Tower Rasuna, Gading Serpong, Tangerang",Apartemen,4166666.6666666665,92592.59259259258,yearly,1,1,Studio / 1BR,45.0,20.371621719416744,5.1115596333950215,Stasiun KRL Tangerang,Tier 3: Outer Commuter Ring (15-28km),1,0,0,0,0,0,0,0,0,0,0,0,-6.22255,106.63623,listing,0,https://picture.rumah123.com/r123-images/360x210-crop/customer/1803259/listing/apr7690551/enhanced/a402ab5457ac03f87b0b74349a9142a3.jpg,"Tower Herald Lt 29&32 Type 1Br Luas 42m Siap HUNi FULL FURNISH Cakeep INTERIOR DESIGN PPJB Siap AJB Listrik 2200 VIEW: CITY harga sewa 50 ju...",5220971.0,-1054304.3333333335,-0.2256,20.2,-0.69,Fair Market Price,"Apartemen 1Br Mtown Signature, di Gading Serpong, Depan Mall Sms View City Fully Furnish",,unresolved
LST-00400,Saumata • 2BR Furnished (124 m²),https://www.rumah123.com/properti/tangerang-alam-sutera/disewakan-unit-cantik-termurah-21-bedroom-saumata-apartemen-apr7844009/,Tangerang,Banten,Alam Sutera,"Saumata Suites Alam Sutera, Alam Sutera, Tangerang",Apartemen,15416666.666666666,124327.95698924732,yearly,2,2,2 Bedroom,124.0,18.70666064640257,8.09954934668883,Stasiun KRL Rawabuntu (BSD),Tier 3: Outer Commuter Ring (15-28km),0,0,0,0,0,0,0,0,0,0,0,0,-6.25276,106.656647,listing,0,https://picture.rumah123.com/r123-images/360x210-crop/customer/920480/listing/apr7844009/enhanced/99aa9c47-9d19-497c-8278-824a185ad8d8.png,PRIVATE LIFT FURNISHED Kamar Tidur : 2 Kamar Mandi :2 SHM Kamr Pembantu dan Kamar Mandi Pembantu : 1 +1  Luas bangunan : 124m2 FURNISHER BAGUS CANT...,12453239.0,2963427.666666666,0.2135,-23.8,0.65,Fair Market Price,Disewakan Unit Cantik Termurah!! 2+1 Bedroom Saumata Apartemen,Saumata,exact
LST-00401,Sky House Alam Sutera • 1BR Furnished (19 m²),https://www.rumah123.com/properti/tangerang-alam-sutera/disewa-apartment-sky-house-alam-sutera-apr7823276/,Tangerang,Banten,Alam Sutera,"Sky House BSD, Alam Sutera, Tangerang",Apartemen,2833333.333333333,149122.80701754388,yearly,1,1,Studio / 1BR,19.0,17.509459785276952,5.718275678926686,Stasiun KRL Tangerang,Tier 3: Outer Commuter Ring (15-28km),0,0,0,0,0,0,0,0,0,0,0,0,-6.219248975808043,106.6619520968008,listing,0,https://picture.rumah123.com/r123-images/360x210-crop/customer/44469/ff3fa6bd00befd29abea1c2146458f6a.jpg,DISEWA Apartment Sky House Alam Sutera  *TYPE STUDIO* - Type     : Studio - Ukuran : +/- 19 m  - View     : City  Tower ACacia  - ⁠*Lantai 32 K* ...,2419146.0,414187.333333333,0.158,-17.1,0.48,Fair Market Price,Disewa Apartment Sky House Alam Sutera,Sky House Alam Sutera,exact
LST-00402,The Lloyd Alam Sutera • 2BR Full Furnished (100 m²),https://www.rumah123.com/properti/tangerang-alam-sutera/disewakan-apartemen-lloyd-2-bedroom-furnished-baru-dan-bagus-apr3436244/,Tangerang,Banten,Alam Sutera,"The Lloyd Alam Sutera, Alam Sutera, Tangerang",Apartemen,8750000.0,87500.0,yearly,2,2,2 Bedroom,100.0,18.70668768121769,8.099566145914201,Stasiun KRL Rawabuntu (BSD),Tier 3: Outer Commuter Ring (15-28km),1,0,0,0,0,0,0,0,0,0,0,0,-6.25275993347168,106.65664672851562,listing,0,https://picture.rumah123.com/r123-images/360x210-crop/customer/1895105/0ab56b360b66cea32c2b053dc5b10b67.jpg,"Disewakan Apartemen Lloyd 2 Bedroom  - Luas 100 Mtr - Full Furnished - Siap Huni  - Bagus dan Rapi  Harga 90  Juta / tahun nego  Hub: Ricky...",9043541.0,-293541.0,-0.033,3.2,-0.1,Fair Market Price,Disewakan Apartemen Lloyd 2 Bedroom Furnished Baru dan Bagus,The Lloyd Alam Sutera,exact
LST-00403,Elevee Alam Sutera • 2BR Full Furnished (89 m²),https://www.rumah123.com/properti/tangerang-alam-sutera/apartemen-baru-elevee-alam-sutera-pet-friendly-apartment-fully-furnished-tinggal-bawa-koper-segudang-fasilitas-apr7815000/,Tangerang,Banten,Alam Sutera,"Elevee Penthouses & Residences Alam Sutera, Alam Sutera, Tangerang",Apartemen,6666666.666666667,74906.36704119851,yearly,2,2,2 Bedroom,89.0,18.70666064640257,8.09954934668883,Stasiun KRL Rawabuntu (BSD),Tier 3: Outer Commuter Ring (15-28km),1,0,0,0,0,0,0,0,0,0,0,0,-6.25276,106.656647,listing,0,https://picture.rumah123.com/r123-images/360x210-crop/customer/791227/13a74b112d21ebc2de2005119f5265a5.jpg,Apartemen Baru! Elevee Alam Sutera! Pet Friendly Apartment! Fully Furnished Tinggal Bawa Koper! Segudang Fasilitas!,9268455.0,-2601788.333333333,-0.3295,28.1,-1.01,Good Deal (Undervalued),Apartemen Baru! Elevee Alam Sutera! Pet Friendly Apartment! Fully Furnished Tinggal Bawa Koper! Segudang Fasilitas!,Elevee Alam Sutera,exact
LST-00404,The Lloyd Alam Sutera • Studio Full Furnished (128 m²),https://www.rumah123.com/properti/tangerang-alam-sutera/view-pool-lloyd-3-kamar-fully-furnished-tinggal-bawa-koper-apartemen-terbaik-alam-sutera-cocok-untuk-keluarga-apr7832181/,Tangerang,Banten,Alam Sutera,"The Lloyd Alam Sutera, Alam Sutera, Tangerang",Apartemen,13333333.333333334,104166.66666666669,yearly,0,0,Studio / 1BR,128.0,18.70666064640257,8.09954934668883,Stasiun KRL Rawabuntu (BSD),Tier 3: Outer Commuter Ring (15-28km),1,0,0,0,0,0,1,0,0,0,0,0,-6.25276,106.656647,listing,0,https://picture.rumah123.com/r123-images/360x210-crop/customer/791227/listing/apr7832181/enhanced/d0f1caed2fcf59dc293c50bf7feb1643.jpg,View Pool! Lloyd 3 Kamar Fully Furnished! Tinggal Bawa Koper! Apartemen Terbaik Alam Sutera! Cocok untuk Keluarga!,13128019.0,205314.33333333395,0.0155,-1.6,0.05,Fair Market Price,View Pool! Lloyd 3 Kamar Fully Furnished! Tinggal Bawa Koper! Apartemen Terbaik Alam Sutera! Cocok untuk Keluarga!,The Lloyd Alam Sutera,exact
LST-00405,Paddington Heights • 2BR Full Furnished (77 m²),https://www.rumah123.com/properti/tangerang-alam-sutera/langsung-bawa-koper-fully-furnished-apartment-di-paddington-alam-sutera-tipe-2-kamar-fasilitas-lengkap-free-parking-apr7771337/,Tangerang,Banten,Alam Sutera,"Paddington Heights Alam Sutera, Alam Sutera, Tangerang",Apartemen,7083333.333333333,91991.341991342,yearly,2,2,2 Bedroom,77.0,18.70666064640257,8.09954934668883,Stasiun KRL Rawabuntu (BSD),Tier 3: Outer Commuter Ring (15-28km),1,0,0,0,0,0,0,0,0,0,0,1,-6.25276,106.656647,listing,0,https://picture.rumah123.com/r123-images/360x210-crop/customer/791227/listing/apr7771337/enhanced/bbbe99ba-8235-4cfc-8f51-918131a0de6f.png,Langsung Bawa Koper! Fully Furnished Apartment di Paddington Alam Sutera Tipe 2 Kamar! Fasilitas Lengkap! Free Parking!,7987003.0,-903669.666666667,-0.1201,11.3,-0.37,Fair Market Price,Langsung Bawa Koper! Fully Furnished Apartment di Paddington Alam Sutera Tipe 2 Kamar! Fasilitas Lengkap! Free Parking!,Paddington Heights,exact
LST-00406,The Lloyd Alam Sutera • 2BR Furnished (99 m²),https://www.rumah123.com/properti/tangerang-alam-sutera/tinggal-bawa-koper-serasa-di-new-york-lloyd-apartment-alam-sutera-area-eksklusif-udara-sejuk-apr7770144/,Tangerang,Banten,Alam Sutera,"The Lloyd Alam Sutera, Alam Sutera, Tangerang",Apartemen,8750000.0,88383.83838383839,yearly,2,2,2 Bedroom,99.0,18.70666064640257,8.09954934668883,Stasiun KRL Rawabuntu (BSD),Tier 3: Outer Commuter Ring (15-28km),0,0,0,0,0,0,0,0,0,0,0,0,-6.25276,106.656647,listing,0,https://picture.rumah123.com/r123-images/360x210-crop/customer/791227/64dacc064d03f8a56b9977b3218c3888.jpg,Tinggal Bawa Koper! Serasa di New York! Lloyd Apartment Alam Sutera! Area Eksklusif Udara Sejuk!,8962411.0,-212411.0,-0.024,2.4,-0.07,Fair Market Price,Tinggal Bawa Koper! Serasa di New York! Lloyd Apartment Alam Sutera! Area Eksklusif Udara Sejuk!,The Lloyd Alam Sutera,exact
LST-00407,Midtown Residence Serpong • 1BR Full Furnished (41 m²),https://www.rumah123.com/properti/tangerang-gading-serpong/apartemen-m-town-signature-gading-serpong-full-furnished-persis-depan-mall-sms-apr3051549/,Tangerang,Banten,Gading Serpong,"M-Town Signature Gading Serpong, Gading Serpong, Tangerang",Apartemen,4583333.333333333,111788.61788617884,yearly,1,1,Studio / 1BR,41.0,20.371621719416744,5.1115596333950215,Stasiun KRL Tangerang,Tier 3: Outer Commuter Ring (15-28km),1,0,0,1,0,0,0,0,0,0,1,0,-6.22255,106.63623,listing,0,https://picture.rumah123.com/r123-images/360x210-crop/customer/163509/fe5d44677b716a983722063ebbc0b671.jpg,- 1 Bed Room - City View - full interior design - Luas 41 m2 - FURNISHED - 2 AC - 1 Unit TV - 1 Unit Water Hiter - 1 Unit Kulkas - Kitchen Set - Ti...,4041099.0,542234.333333333,0.1259,-13.4,0.39,Fair Market Price,Apartemen M Town Signature Gading Serpong Full Furnished Persis Depan Mall Sms,Midtown Residence Serpong,exact
LST-00408,Brooklyn Alam Sutera • 1BR Furnished (35 m²),https://www.rumah123.com/properti/tangerang-alam-sutera/flexible-jangka-waktu-sewa-brooklyn-alam-sutera-furnished-mewah-view-bagus-apr2948824/,Tangerang,Banten,Alam Sutera,"Brooklyn Apartment Alam Sutera, Alam Sutera, Tangerang",Apartemen,4170000.0,119142.85714285714,daily,1,1,Studio / 1BR,35.0,18.706340553825594,8.099440972466178,Stasiun KRL Rawabuntu (BSD),Tier 3: Outer Commuter Ring (15-28km),0,0,0,0,0,0,0,0,0,0,0,0,-6.25276,106.65665,listing,0,https://picture.rumah123.com/r123-images/360x210-crop/customer/1746902/2023-07-12-02-47-59-04d6f517-979b-4d65-abbc-fe2a0318ca1c.jpg,"DIJUAL / DISEWA BISA SEWA MINGGUAN, BULANAN, TAHUNAN   Apartment Brooklyn Alam Sutera  Luas 35sqm City View cakep  Lokasi strategis dekat Mall Livi...",3883320.0,286680.0,0.0712,-7.4,0.22,Fair Market Price,Flexible Jangka Waktu Sewa Mingguan Bulanan Tahunan Brooklyn Alam Sutera Furnished Mewah View Bagus,Brooklyn Alam Sutera,exact
LST-00409,Unresolved • BSD • 2BR Full Furnished (50 m²),https://www.rumah123.com/properti/tangerang-bsd/cantik-furnish-sudah-termasuk-biaya-ipl-apr7705509/,Tangerang,Banten,BSD,"Sky House BSD, BSD, Tangerang",Apartemen,5833333.333333333,116666.66666666666,yearly,2,1,2 Bedroom,50.0,17.014475657921245,4.4103487765652165,Stasiun KRL Rawabuntu (BSD),Tier 3: Outer Commuter Ring (15-28km),1,0,0,0,0,0,1,0,0,0,0,0,-6.28217,106.684921,listing,0,https://picture.rumah123.com/r123-images/360x210-crop/customer/432102/listing/apr7705509/enhanced/58e83a0738c82464cb1197e7e9d28433.jpg,"Disewakan Cepat Apt Skyhouse BSD 2 Bedroom   Lt 06 Tower Jervois 48,32 m2 view pool Full furnished Mewah  Disewakan 70 juta per tahun nego incl IPL...",5875489.0,-42155.66666666698,-0.0072,0.7,-0.02,Fair Market Price,Cantik Furnish Sudah Termasuk Biaya IPL,,unresolved
LST-00410,Pacific Garden Campus Town • 1BR Semi Furnished (24 m²),https://www.rumah123.com/properti/tangerang-alam-sutera/apartemen-pasific-garden-sebelah-binus-alam-sutera-apr7412460/,Tangerang,Banten,Alam Sutera,"Pacific Garden Campus Town Alam Sutera, Alam Sutera, Tangerang",Apartemen,2500000.0,104166.66666666669,yearly,1,1,Studio / 1BR,24.0,18.70666064640257,8.09954934668883,Stasiun KRL Rawabuntu (BSD),Tier 3: Outer Commuter Ring (15-28km),0,1,0,1,0,0,0,0,0,0,0,0,-6.25276,106.656647,listing,0,https://picture.rumah123.com/r123-images/360x210-crop/customer/929488/b15955fff6bae3568a9cc184b7d721a8.jpg,Tipe studio semi furnish dapet ac,2848079.0,-348079.0,-0.1304,12.2,-0.4,Fair Market Price,Apartemen Pasific Garden Sebelah Binus Alam Sutera,Pacific Garden Campus Town,fuzzy
LST-00411,Midtown Residence Serpong • 2BR Full Furnished (35 m²),https://www.rumah123.com/properti/tangerang-gading-serpong/disewakan-apartement-favorit-kamu-m-town-full-furnish-apr7847786/,Tangerang,Banten,Gading Serpong,"Midtown Residences Gading Serpong, Gading Serpong, Tangerang",Apartemen,4000000.0,114285.71428571428,yearly,2,1,2 Bedroom,35.0,20.371621719416744,5.1115596333950215,Stasiun KRL Tangerang,Tier 3: Outer Commuter Ring (15-28km),1,0,0,0,0,0,0,0,0,0,0,0,-6.22255,106.63623,listing,0,https://picture.rumah123.com/r123-images/360x210-crop/customer/340417/c903e9a67dccc3ef5fe51971a75899e1.jpg,"Kesempatan terbatas buat Anda dapatkan apartemen nyaman dengan return investasi tinggi di Gading Serpong, Tangerang.  Apartemen ini menawarkan kele...",3413150.0,586850.0,0.1587,-17.2,0.49,Fair Market Price,Disewakan Apartement Favorit Kamu M Town Full Furnish,Midtown Residence Serpong,exact
LST-00412,Scientia Residences • 1BR Furnished (34 m²),https://www.rumah123.com/properti/tangerang-gading-serpong/disewakan-apartemen-scientia-residence-deket-kampus-umn-apr7820190/,Tangerang,Banten,Gading Serpong,"Scientia Residences Gading Serpong, Gading Serpong, Tangerang",Apartemen,2500000.0,73529.41176470589,yearly,1,0,Studio / 1BR,34.0,20.371621719416744,5.1115596333950215,Stasiun KRL Tangerang,Tier 3: Outer Commuter Ring (15-28km),0,0,0,0,0,0,0,0,0,0,0,0,-6.22255,106.63623,listing,0,https://picture.rumah123.com/r123-images/360x210-crop/customer/340417/5fc53c16ff03919ebeef2c37e09cbe57.jpg,"Apartemen di Gading Serpong.  Dapatkan apartemen 1 lantai yang asri ini,  disewakan menawarkan lingkungan fasilitas yang lengkap, cocok untuk Anda ...",3228809.0,-728809.0,-0.2558,22.6,-0.78,Good Deal (Undervalued),Disewakan Apartemen Scientia Residence Deket Kampus Umn,Scientia Residences,exact
LST-00413,U Residence Karawaci Tower 2 • Studio Furnished (35 m²),https://www.rumah123.com/properti/tangerang-lippo-karawaci/siap-huni-studio-apartemen-u-recidence-tower-2-dekat-dengan-uph-dan-supermal-karawaci-apr7850087/,Tangerang,Banten,Lippo Karawaci,"U Residence Karawaci, Lippo Karawaci, Tangerang",Apartemen,3333333.333333333,95238.09523809524,yearly,0,1,Studio / 1BR,35.0,23.314168810356414,6.136740871239539,Stasiun KRL Tangerang,Tier 3: Outer Commuter Ring (15-28km),0,0,0,0,0,0,0,0,0,0,0,0,-6.22692,106.609879,listing,0,https://picture.rumah123.com/r123-images/360x210-crop/customer/52025/f3c2420b719ba6b7496c6005482a8299.jpg,"Lokasi yang sangat strategis, berada di jantung Lippo Karawaci. Connecting dengan Supermal Karawaci, lain dari pada yang lain, lokasi Smart City. I...",3677391.0,-344057.666666667,-0.0982,9.4,-0.3,Fair Market Price,Siap Huni Studio Apartemen U Recidence Tower 2 Dekat dengan Uph dan Supermal Karawaci,U Residence Karawaci,fuzzy
LST-00414,Carstensz Residence • Studio Full Furnished (43 m²),https://www.rumah123.com/properti/tangerang-gading-serpong/disewakan-apartemen-carstensz-studio-full-furnish-apr7803878/,Tangerang,Banten,Gading Serpong,"Carstensz Residence Gading Serpong, Gading Serpong, Tangerang",Apartemen,5833333.333333333,135658.91472868217,yearly,1,1,Studio / 1BR,43.0,21.993137995263336,7.964938116090967,Stasiun KRL Rawabuntu (BSD),Tier 3: Outer Commuter Ring (15-28km),1,0,0,0,0,0,0,0,0,0,0,0,-6.269868576895182,106.63075369111928,listing,0,https://picture.rumah123.com/r123-images/360x210-crop/customer/669115/6c3650aaaaeb407bd5bcde1bf2c99fcf.jpg,"Apartemen di Gading Serpong.  Dapatkan apartemen 1 lantai yang asri ini,  disewakan menawarkan lingkungan fasilitas yang lengkap, cocok untuk Anda ...",5212959.0,620374.333333333,0.1124,-11.9,0.34,Fair Market Price,Disewakan Apartemen Carstensz Studio Full Furnish,Carstensz Residence,exact
LST-00415,Carstensz Residence • 1BR Furnished (36 m²),https://www.rumah123.com/properti/tangerang-gading-serpong/disewakan-apartemen-carstenz-1-bedroom-furnish-nego-apr7803880/,Tangerang,Banten,Gading Serpong,"Carstensz Residence Gading Serpong, Gading Serpong, Tangerang",Apartemen,5416666.666666667,150462.96296296298,yearly,1,1,Studio / 1BR,36.0,21.993137995263336,7.964938116090967,Stasiun KRL Rawabuntu (BSD),Tier 3: Outer Commuter Ring (15-28km),0,0,0,0,0,0,0,0,0,0,0,0,-6.269868576895182,106.63075369111928,listing,0,https://picture.rumah123.com/r123-images/360x210-crop/customer/669115/141cad3b5afa0c5bd8ca53a4f9b1f573.jpg,"Apartemen di Gading Serpong.  Miliki apartemen 1 lantai yang nyaman ini,  disewakan menawarkan lingkungan fasilitas yang lengkap, cocok untuk Anda ...",4015120.0,1401546.666666667,0.2994,-34.9,0.92,Premium / High Price,Disewakan Apartemen Carstenz 1 Bedroom Furnish Nego,Carstensz Residence,exact
LST-00416,U Residence Karawaci Tower 2 • 2BR Full Furnished (96 m²),https://www.rumah123.com/properti/tangerang-karawaci/disewakan-u-residence-tower-2-full-furnished-bagus-connecting-supermal-karawaci-apr7791847/,Tangerang,Banten,Karawaci,"U Residence Karawaci, Karawaci, Tangerang",Apartemen,10416666.666666666,108506.94444444444,yearly,2,2,2 Bedroom,96.0,20.986488050046308,3.0234957415640764,Stasiun KRL Tangerang,Tier 3: Outer Commuter Ring (15-28km),1,0,0,0,0,0,0,0,0,0,0,0,-6.20376,106.630219,listing,0,https://picture.rumah123.com/r123-images/360x210-crop/customer/68627/da191d68482b058e9a381e7984253501.jpg,Disewakan u residence tower 2 full furnished 2 bedroom connecting supermal karawwci.,9501060.0,915606.666666666,0.092,-9.6,0.28,Fair Market Price,Disewakan U Residence Tower 2 Full Furnished Bagus Connecting Supermal Karawaci,U Residence Karawaci,fuzzy
LST-00417,U Residence Karawaci • 1BR Furnished (60 m²),https://www.rumah123.com/properti/tangerang-karawaci/disewakan-bizloft-u-residence-supermal-karawaci-apr7612276/,Tangerang,Banten,Karawaci,"U Residence Karawaci, Karawaci, Tangerang",Apartemen,3333333.333333333,55555.55555555556,yearly,1,1,Studio / 1BR,60.0,20.986488050046308,3.0234957415640764,Stasiun KRL Tangerang,Tier 3: Outer Commuter Ring (15-28km),0,0,1,0,0,0,0,0,0,0,0,0,-6.20376,106.630219,listing,0,https://picture.rumah123.com/r123-images/360x210-crop/customer/68627/7b75b2630c885e2a490860072b812050.jpg,U Residence Bizlofts Supermal Karawaci Luas 60m Lantai 25 Unfurnished,6901264.0,-3567930.666666667,-0.7277,51.7,-2.23,Deep Value Deal (Rare Find),Disewakan Bizloft U Residence Supermal Karawaci,U Residence Karawaci,exact
LST-00418,Midtown Residence Serpong Tower Franklin Pool View • 2BR Semi Furnished (45 m²),https://www.rumah123.com/properti/tangerang-gading-serpong/disewakan-2br-apartemen-mtown-tower-franklin-pool-view-apr7779093/,Tangerang,Banten,Gading Serpong,"Midtown Residences Gading Serpong, Gading Serpong, Tangerang",Apartemen,3750000.0,83333.33333333333,yearly,2,1,2 Bedroom,45.0,21.0573495920598,0.2048137033228905,Stasiun KRL Tangerang,Tier 3: Outer Commuter Ring (15-28km),0,1,0,1,0,0,1,0,0,0,0,0,-6.17831,106.632,listing,0,https://picture.rumah123.com/r123-images/360x210-crop/customer/4463427/95d9c60933d98ff4c29d6b139533ca18.jpg,Disewakan Apartemen M-Town Tower Franklin Pool View Lantai 29  2BR Semi Furnished 3 unit AC  Harga 45juta/th Deposit 5juta (imelda),4042491.0,-292491.0,-0.0751,7.2,-0.23,Fair Market Price,Disewakan 2Br Apartemen M-Town Tower Franklin Pool View,Midtown Residence Serpong,exact
LST-00419,Paddington Heights • 3BR Furnished (94 m²),https://www.rumah123.com/properti/tangerang-alam-sutera/disewa-cepat-apartemen-paddington-heightalam-sutera-apr7790637/,Tangerang,Banten,Alam Sutera,"Paddington Heights Alam Sutera, Alam Sutera, Tangerang",Apartemen,10000000.0,106382.97872340426,yearly,3,1,3 Bedroom,94.0,21.0573495920598,0.2048137033228905,Stasiun KRL Tangerang,Tier 3: Outer Commuter Ring (15-28km),0,0,0,0,0,0,0,0,0,0,0,0,-6.17831,106.632,listing,0,https://picture.rumah123.com/r123-images/360x210-crop/customer/4463427/a42606097e295248ba5cedc4741eeb42.jpg,DISEWA CEPAT  Apartemen Paddington Height Alam Sutera  ▪️Tower South ▪️Type 2 BR+1 ▪️Lantai : 20 ▪️Luas : 94.5 meter (semigross) �...,9836638.0,163362.0,0.0165,-1.7,0.05,Fair Market Price,Disewa Cepat Apartemen Paddington Heightalam Sutera,Paddington Heights,exact
LST-00420,Unresolved • Alam Sutera • 1BR Full Furnished (45 m²),https://www.rumah123.com/properti/tangerang-alam-sutera/di-sewakan-cep-apt-1br-silk-wood-alam-sutera-apr7790616/,Tangerang,Banten,Alam Sutera,"Silkwood Residences Alam Sutera, Alam Sutera, Tangerang",Apartemen,3750000.0,83333.33333333333,yearly,1,1,Studio / 1BR,45.0,21.0573495920598,0.2048137033228905,Stasiun KRL Tangerang,Tier 3: Outer Commuter Ring (15-28km),1,0,0,0,0,0,0,0,0,0,0,0,-6.17831,106.632,listing,0,https://picture.rumah123.com/r123-images/360x210-crop/customer/4463427/c63653c9ab07cb5fb3478c12470c554c.jpg,"Di sewakan cepat Apt 1Br silk wood Tower oak Lantai 3 View danau Full furnished IPL 1jt/bulan Luaa 45m² Harga sewa 45juta/tahun Deposit 7,5jt  (iw...",5272060.0,-1522060.0,-0.3407,28.9,-1.04,Good Deal (Undervalued),Di Sewakan Apt 1Br Silk Wood Alam Sutera,,unresolved
LST-00421,Scientia Residences • 1BR Semi Furnished (41 m²),https://www.rumah123.com/properti/tangerang-gading-serpong/disewakan-apartement-1br-scientia-gading-serpong-apr7808118/,Tangerang,Banten,Gading Serpong,"Scientia Residences Gading Serpong, Gading Serpong, Tangerang",Apartemen,3166666.6666666665,77235.77235772357,yearly,1,1,Studio / 1BR,41.0,21.0573495920598,0.2048137033228905,Stasiun KRL Tangerang,Tier 3: Outer Commuter Ring (15-28km),0,1,0,1,0,0,1,1,0,0,0,0,-6.17831,106.632,listing,0,https://picture.rumah123.com/r123-images/360x210-crop/customer/4463427/ec41be58d69972e00277633061c06f5b.jpg,"DiSEWAKAN APARTEMENT SCIENTIA  Tower D LANTAI 5 Se-Lantai dengan Swimming Pool + Joggging track + Gym  1 BR + 1 bathroom Semi furnish :  2 AC, Kulk...",3112391.0,54275.66666666651,0.0173,-1.7,0.05,Fair Market Price,Disewakan Apartement 1Br Scientia Gading Serpong,Scientia Residences,exact
LST-00422,Residence 8 Senopati • Studio Furnished (21 m²),https://www.rumah123.com/properti/tangerang-gading-serpong/disewakan-studio-apartmen-mtown-residence-gading-serpong-apr7813396/,Tangerang,Banten,Gading Serpong,"Midtown Residences Gading Serpong, Gading Serpong, Tangerang",Apartemen,1833333.3333333333,87301.5873015873,yearly,0,1,Studio / 1BR,21.0,21.0573495920598,0.2048137033228905,Stasiun KRL Tangerang,Tier 3: Outer Commuter Ring (15-28km),0,0,1,1,0,0,0,0,0,0,0,0,-6.17831,106.632,listing,0,https://picture.rumah123.com/r123-images/360x210-crop/customer/4463427/e09721f8a38fcf5bc1e58a07e99a67c2.jpg,Disewakan Apartmen : Mtown residence Gading serpong Lantai 30 Tower Dakota Tipe Studio Kosongan (tanpa ac) Harga sewa 22juta/th  More info : BELIND...,1848990.0,-15656.666666666744,-0.0085,0.8,-0.03,Fair Market Price,Disewakan Studio Apartmen Mtown Residence Gading Serpong,Residence 8 Senopati,fuzzy
LST-00423,Brooklyn Alam Sutera • Studio Full Furnished (35 m²),https://www.rumah123.com/properti/tangerang-alam-sutera/disewakan-apt-brooklyn-studio-alam-sutera-apr7838846/,Tangerang,Banten,Alam Sutera,"Brooklyn Apartment Alam Sutera, Alam Sutera, Tangerang",Apartemen,4166666.6666666665,119047.61904761904,yearly,0,1,Studio / 1BR,35.0,21.0573495920598,0.2048137033228905,Stasiun KRL Tangerang,Tier 3: Outer Commuter Ring (15-28km),1,0,0,1,0,1,0,0,0,0,1,0,-6.17831,106.632,listing,0,https://picture.rumah123.com/r123-images/360x210-crop/customer/4463427/0977ebb318af7d065fe440a3aca44817.jpg,DISEWAKAN  Apt Brooklyn - Studio @alam sutera Full Furnished View Living World Bed set Lemari pakaian Meja rias AC Water Heater TV Kompor Listrik K...,3787229.0,379437.6666666665,0.0955,-10.0,0.29,Fair Market Price,Disewakan Apt Brooklyn Studio Alam Sutera,Brooklyn Alam Sutera,exact
LST-00424,Scientia Residences • 1BR Furnished (34 m²),https://www.rumah123.com/properti/tangerang-gading-serpong/disewakan-apartemen-scientia-residence-gading-serpong-apr7761464/,Tangerang,Banten,Gading Serpong,"Scientia Residences Gading Serpong, Gading Serpong, Tangerang",Apartemen,3333333.333333333,98039.21568627452,yearly,1,1,Studio / 1BR,34.0,21.0573495920598,0.2048137033228905,Stasiun KRL Tangerang,Tier 3: Outer Commuter Ring (15-28km),0,0,0,0,0,0,0,0,0,0,0,0,-6.17831,106.632,listing,0,https://picture.rumah123.com/r123-images/360x210-crop/customer/4463427/e3b4a648f1cd3651b19aad0f8511a844.jpg,"DISEWAKAN Apartemen Scientia Residences Tower C, Lantai 1027 Gading Serpong Selangkah ke Kampus UMN  - Luas 34,57 m² - 1 Bedroom - 1 Bathroom - Fu...",3106519.0,226814.33333333305,0.0705,-7.3,0.22,Fair Market Price,Disewakan Apartemen Scientia Residence Gading Serpong,Scientia Residences,exact
LST-00425,The Branz BSD • 2BR Full Furnished (62 m²),https://www.rumah123.com/properti/tangerang-bsd-city/for-rent-apt-branz-bsd-2br-fully-furnished-mewah-dan-premium-apr7415676/,Tangerang,Banten,BSD City,"The Branz BSD, BSD City, Tangerang",Apartemen,7500000.0,120967.74193548386,yearly,2,1,2 Bedroom,62.0,22.09993369572312,5.249134148322959,Stasiun KRL Rawabuntu (BSD),Tier 3: Outer Commuter Ring (15-28km),1,0,0,0,0,0,0,0,0,0,0,0,-6.29632,106.64049,listing,0,https://picture.rumah123.com/r123-images/360x210-crop/customer/1108714/d138c58416f18996f0139621c2371286.jpg,"Apartemen di Branz BSD City.  Temukan apartemen yang asri ini,  disewakan menawarkan lingkungan fasilitas yang lengkap, cocok untuk Anda yang mengi...",6194631.0,1305369.0,0.1912,-21.1,0.59,Fair Market Price,For Rent Apt Branz BSD 2Br Fully Furnished Mewah dan Premium.,The Branz BSD,exact
LST-00426,Midtown Residence Serpong • 2BR Furnished (62 m²),https://www.rumah123.com/properti/tangerang-gading-serpong/disewakan-2br-apartment-m-town-signature-apr7752949/,Tangerang,Banten,Gading Serpong,"M-Town Signature Gading Serpong, Gading Serpong, Tangerang",Apartemen,6250000.0,100806.45161290324,yearly,2,1,2 Bedroom,62.0,21.0573495920598,0.2048137033228905,Stasiun KRL Tangerang,Tier 3: Outer Commuter Ring (15-28km),0,0,0,1,0,0,0,0,0,0,0,0,-6.17831,106.632,listing,0,https://picture.rumah123.com/r123-images/360x210-crop/customer/4463427/listing/apr7752949/enhanced/f8c5e9a62882a8e6d04fa0c40691d065.jpg,"DISEWAKAN CEPAT : Apartment M Town Signature Tower Herald Type 2 BR Luas bangunan : 62,36 m2 ( netto ) Hook , Hadap Timur Selatan. PLN 3500W AC 3 u...",5950805.0,299195.0,0.0491,-5.0,0.15,Fair Market Price,Disewakan 2Br Apartment M Town Signature,Midtown Residence Serpong,exact
LST-00427,Unresolved • Alam Sutera • Studio Furnished (20 m²),https://www.rumah123.com/properti/tangerang-alam-sutera/disewakan-cepat-apartemen-silktown-alam-sutera-tipe-studio-termurah-dan-strategis-apr7789418/,Tangerang,Banten,Alam Sutera,"Silktown Residences Alam Sutera, Alam Sutera, Tangerang",Apartemen,1916666.6666666667,95833.33333333334,yearly,1,1,Studio / 1BR,20.0,18.70666064640257,8.09954934668883,Stasiun KRL Rawabuntu (BSD),Tier 3: Outer Commuter Ring (15-28km),0,0,0,0,0,0,0,0,0,0,0,0,-6.25276,106.656647,listing,0,https://picture.rumah123.com/r123-images/360x210-crop/customer/738176/9a39a096b310348feee3d605395fd7e9.jpg,Disewakan cepat unit apartemen siap huni di Silktown Alam Sutera dengan penawaran harga terbaik di kelasnya. Hunian vertikal yang sangat ideal bagi...,2854386.0,-937719.3333333333,-0.3983,32.9,-1.22,Good Deal (Undervalued),Disewakan Cepat Apartemen Silktown Alam Sutera Tipe Studio Termurah dan Strategis,,unresolved
LST-00428,Silkwood Residences Tower Oak • Studio Furnished (33 m²),https://www.rumah123.com/properti/tangerang-alam-sutera/disewakan-studio-furnished-luas-33m-apartemen-silkwood-tower-oak-samping-binus-apr7814778/,Tangerang,Banten,Alam Sutera,"Silkwood Residences Alam Sutera, Alam Sutera, Tangerang",Apartemen,3166666.6666666665,95959.59595959596,yearly,1,1,Studio / 1BR,33.0,18.70666064640257,8.09954934668883,Stasiun KRL Rawabuntu (BSD),Tier 3: Outer Commuter Ring (15-28km),0,0,0,0,0,0,0,0,0,0,0,0,-6.25276,106.656647,listing,0,https://picture.rumah123.com/r123-images/360x210-crop/customer/738176/e8c574809023701244ead18938dfd614.jpg,Menemukan hunian sewa yang sangat strategis dan nyaman di kawasan penyangga kampus kini semakin mudah. Disewakan unit siap huni di Apartemen Silkwo...,3935361.0,-768694.3333333335,-0.2173,19.5,-0.67,Fair Market Price,Disewakan Studio Furnished Luas 33M² Apartemen Silkwood Tower Oak Samping Binus,Silkwood Residences,exact
LST-00429,The Lloyd Alam Sutera • Studio Furnished (128 m²),https://www.rumah123.com/properti/tangerang-alam-sutera/disewakan-apartemen-mewah-lloyd-alam-sutera-3-br-luas-128m-view-taman-siap-huni-apr7743554/,Tangerang,Banten,Alam Sutera,"The Lloyd Alam Sutera, Alam Sutera, Tangerang",Apartemen,11250000.0,87890.625,yearly,0,0,Studio / 1BR,128.0,18.70666064640257,8.09954934668883,Stasiun KRL Rawabuntu (BSD),Tier 3: Outer Commuter Ring (15-28km),0,0,0,0,0,0,0,0,0,0,0,0,-6.25276,106.656647,listing,0,https://picture.rumah123.com/r123-images/360x210-crop/customer/738176/listing/apr7743554/enhanced/d4b7e0613c230d77a3b4496273bed2e7.png,"Disewakan segera unit hunian premium di Lloyd Alam Sutera. Apartemen ini menawarkan konsep hunian yang mewah, asri, dan sangat homy dengan view lan...",13574845.0,-2324845.0,-0.1879,17.1,-0.58,Fair Market Price,"Disewakan Apartemen Mewah Lloyd Alam Sutera - 3 BR, Luas 128M², View Taman, Siap Huni!",The Lloyd Alam Sutera,exact
LST-00430,The Branz BSD • 2BR Furnished (65 m²),https://www.rumah123.com/properti/tangerang-bsd/apartemen-the-branz-bsd-serpong-2br-furnished-apr3057730/,Tangerang,Banten,BSD,"The Branz BSD, BSD, Tangerang",Apartemen,11666666.666666666,179487.17948717947,yearly,2,1,2 Bedroom,65.0,17.01457265731179,4.410336810066898,Stasiun KRL Rawabuntu (BSD),Tier 3: Outer Commuter Ring (15-28km),0,0,0,0,0,0,0,0,0,0,0,0,-6.28217,106.68492,listing,0,https://picture.rumah123.com/r123-images/360x210-crop/customer/1295099/2023-10-18-15-45-16-2e122c69-7b05-4cb4-be1b-0acaa0440d60.jpg,DISEWAKAN Apartemen Branz BSD  2 BR Tower C Luas 65m  Furnished lantai 23 Harga Sudah Termasuk IPL / Service Charge,7179086.0,4487580.666666666,0.4856,-62.5,1.49,Premium / High Price,Apartemen The Branz BSD Serpong 2Br Furnished,The Branz BSD,exact
LST-00431,U Residence Karawaci • Studio Full Furnished (35 m²),https://www.rumah123.com/properti/tangerang-karawaci/apartemen-u-residence-type-studio-fully-furnished-apr7816314/,Tangerang,Banten,Karawaci,"U Residence Karawaci, Karawaci, Tangerang",Apartemen,3750000.0,107142.85714285714,yearly,0,1,Studio / 1BR,35.0,20.986488050046308,3.0234957415640764,Stasiun KRL Tangerang,Tier 3: Outer Commuter Ring (15-28km),1,0,0,1,1,0,0,0,0,0,0,0,-6.20376,106.630219,listing,0,https://picture.rumah123.com/r123-images/360x210-crop/customer/1295099/77685805c512c6e0ea0ce4af08b11555.jpg,Disewakan Apartemen Type Studio di U Residence Karawaci  Luas 35m Fully Furnished Type Studio Highlights: High Speed Internet Access  AC Heating Mi...,4115740.0,-365740.0,-0.0931,8.9,-0.29,Fair Market Price,Apartemen U Residence Type Studio Fully Furnished,U Residence Karawaci,fuzzy
LST-00432,Midtown Residence Serpong • Studio Furnished (25 m²),https://www.rumah123.com/properti/tangerang-gading-serpong/disewakan-apartemen-studio-midtown-residence-gading-serpong-furnished-siap-huni-apr7730195/,Tangerang,Banten,Gading Serpong,"Midtown Residences Gading Serpong, Gading Serpong, Tangerang",Apartemen,2166666.6666666665,86666.66666666666,yearly,1,1,Studio / 1BR,25.0,20.371621719416744,5.1115596333950215,Stasiun KRL Tangerang,Tier 3: Outer Commuter Ring (15-28km),0,0,0,0,0,0,0,0,0,0,0,0,-6.22255,106.63623,listing,0,https://picture.rumah123.com/r123-images/360x210-crop/customer/59677/listing/apr7730195/enhanced/ae6c79dbc06ae8971dd08c82e525e380.png,"Disewakan unit studio di Tower Franklin, Midtown Residence Gading Serpong. Hunian dengan lokasi sangat strategis, ideal bagi eksekutif muda maupun ...",3408243.0,-1241576.3333333335,-0.453,36.4,-1.39,Good Deal (Undervalued),"Disewakan Apartemen Studio Midtown Residence Gading Serpong - Furnished, Siap Huni!",Midtown Residence Serpong,exact
LST-00433,Unresolved • Gading Serpong • 3BR Full Furnished (105 m²),https://www.rumah123.com/properti/tangerang-gading-serpong/rainbow-spring-condovilla-3-br-full-furnished-di-gading-serpong-apr7450739/,Tangerang,Banten,Gading Serpong,"Rainbow Springs Condovillas Gading Serpong, Gading Serpong, Tangerang",Apartemen,10416666.666666666,99206.3492063492,yearly,3,2,3 Bedroom,105.0,20.371621719416744,5.1115596333950215,Stasiun KRL Tangerang,Tier 3: Outer Commuter Ring (15-28km),1,0,0,0,0,0,0,0,0,0,0,0,-6.22255,106.63623,listing,0,https://picture.rumah123.com/r123-images/360x210-crop/customer/49248/2b29e3394a182520b2fa9aa0063a5f7e.jpg,Apartemen konsep Rumah Rumah konsep Apartemen paduan antara rumah dan apartemen Rainbow Springs CondoVillas Summarecon Serpong  Dijual Apartemen Ra...,9504674.0,911992.666666666,0.0916,-9.6,0.28,Fair Market Price,Rainbow Spring Condovilla 3 Br Full Furnished di Gading Serpong,,unresolved
LST-00434,The Branz BSD • 1BR Furnished (58 m²),https://www.rumah123.com/properti/tangerang-bsd-city/disewakan-apartemen-cantik-branz-bsd-city-apr7838342/,Tangerang,Banten,BSD City,"The Branz BSD, BSD City, Tangerang",Apartemen,6666666.666666667,114942.5287356322,yearly,1,1,Studio / 1BR,58.0,17.014475657921245,4.4103487765652165,Stasiun KRL Rawabuntu (BSD),Tier 3: Outer Commuter Ring (15-28km),0,0,0,0,0,0,0,0,0,0,0,0,-6.28217,106.684921,listing,0,https://picture.rumah123.com/r123-images/360x210-crop/customer/1644514/8af9d4c5ccfee13cf0853af74c33c9d3.jpg,"Disewakan APARTEMEN BRANZ BSD *HIGH END Apartemen 1BR - B, The BRANZ BSD CITY* * Lantai 35 * Luas semigross 58.64m2 * TOWER B ( lobby terbesar ).  ...",6063735.0,602931.666666667,0.0948,-9.9,0.29,Fair Market Price,Disewakan Apartemen Cantik Branz BSD City,The Branz BSD,exact
LST-00435,Sky House BSD • 2BR Furnished (48 m²),https://www.rumah123.com/properti/tangerang-bsd/apartment-sky-house-bsd-2-bedroom-for-rent-furnish-apr7799665/,Tangerang,Banten,BSD,"Sky House BSD, BSD, Tangerang",Apartemen,6250000.0,130208.33333333331,yearly,2,1,2 Bedroom,48.0,17.014475657921245,4.4103487765652165,Stasiun KRL Rawabuntu (BSD),Tier 3: Outer Commuter Ring (15-28km),0,0,0,0,0,0,1,0,0,0,0,0,-6.28217,106.684921,listing,0,https://picture.rumah123.com/r123-images/360x210-crop/customer/1224633/395497f4db06c75bf597a8ac90dc772b.jpg,"For Rent Apartment Sky House BSD view : pool luas : 48.32m² 2 Bedroom, 1 kamar mandi tower : Jervois  Harga sewa : 6.5juta/bulan (exc IPL) min sew...",5266072.0,983928.0,0.1713,-18.7,0.52,Fair Market Price,Apartment Sky House BSD 2 Bedroom For Rent Furnish,Sky House BSD,exact
LST-00436,Unresolved • Alam Sutera • Studio Full Furnished (32 m²),https://www.rumah123.com/properti/tangerang-alam-sutera/disewakan-apartemen-studio-32m2-fullyfurnish-harga-45jt-th-apr7838894/,Tangerang,Banten,Alam Sutera,"Brooklyn Apartment Alam Sutera, Alam Sutera, Tangerang",Apartemen,3750000.0,117187.5,yearly,0,1,Studio / 1BR,32.0,18.70666064640257,8.09954934668883,Stasiun KRL Rawabuntu (BSD),Tier 3: Outer Commuter Ring (15-28km),1,0,0,0,0,0,0,0,0,0,0,0,-6.25276,106.656647,listing,0,https://picture.rumah123.com/r123-images/360x210-crop/customer/718810/e05f956278a5b5702565a9536bbc675e.jpg,"Apartment Name: BROOKLYN Alam Sutera, Serpong Tangerang Location: Serpong Tangerang Tower/Floor/View: A/27O Size: 30 m2 Studio Bedroom: 1 Bathroom:...",4333160.0,-583160.0,-0.1445,13.5,-0.44,Fair Market Price,Disewakan Apartemen Studio 32M2 Fullyfurnish Harga 45Jt /Th,,unresolved
LST-00437,Sky House BSD • 2BR Full Furnished (48 m²),https://www.rumah123.com/properti/tangerang-bsd-city/disewakan-apartemen-skyhouse-bsd-2-bedroom-full-furnished-apr7845713/,Tangerang,Banten,BSD City,"Sky House BSD, BSD City, Tangerang",Apartemen,6500000.0,135416.66666666666,yearly,2,1,2 Bedroom,48.0,17.014475657921245,4.4103487765652165,Stasiun KRL Rawabuntu (BSD),Tier 3: Outer Commuter Ring (15-28km),1,0,0,0,0,0,1,0,0,0,0,0,-6.28217,106.684921,listing,0,https://picture.rumah123.com/r123-images/360x210-crop/customer/4397052/5de1759e8a7ff87d456dbc54b68aab44.jpg,DISEWAKAN  Apartemen Skyhouse BSD Tower : Jervouis 1 Lantai 19  Luas Bangunan : 48.42 2 Bedroom   Full Furnished  Hadap : Norh west (kolam renang) ...,5632026.0,867974.0,0.1433,-15.4,0.44,Fair Market Price,Disewakan Apartemen Skyhouse BSD 2 Bedroom Full Furnished,Sky House BSD,exact
LST-00438,The Branz BSD • 1BR Full Furnished (58 m²),https://www.rumah123.com/properti/tangerang-bsd-city/disewakan-apartemen-mewah-premium-1-kamar-tidur-fully-furnished-branz-bsd-city-apr7846793/,Tangerang,Banten,BSD City,"The Branz BSD, BSD City, Tangerang",Apartemen,7500000.0,129310.3448275862,yearly,1,1,Studio / 1BR,58.0,17.014475657921245,4.4103487765652165,Stasiun KRL Rawabuntu (BSD),Tier 3: Outer Commuter Ring (15-28km),1,0,0,0,0,0,0,0,0,0,0,0,-6.28217,106.684921,listing,0,https://picture.rumah123.com/r123-images/360x210-crop/customer/4397052/a0ccdd4f7fa6a53d46b1be8bf11099dd.jpg,DISEWAKAN   BRANZ BSD CITY | Apartemen MEWAH Premium 1 Kamar Tidur berperabot lengkap (fully furnished)  Tower B  Detail properti :  - 1 Kamar Tidu...,6337129.0,1162871.0,0.1685,-18.4,0.52,Fair Market Price,Disewakan Apartemen Mewah Premium 1 Kamar Tidur Fully Furnished Branz BSD City,The Branz BSD,exact
LST-00439,Saumata • 2BR Full Furnished (128 m²),https://www.rumah123.com/properti/tangerang-alam-sutera/disewakan-apartemen-saumata-2bedrooms-apr7752855/,Tangerang,Banten,Alam Sutera,"Saumata Suites Alam Sutera, Alam Sutera, Tangerang",Apartemen,15000000.0,117187.5,yearly,2,2,2 Bedroom,128.0,18.70666064640257,8.09954934668883,Stasiun KRL Rawabuntu (BSD),Tier 3: Outer Commuter Ring (15-28km),1,0,0,0,0,0,0,0,0,0,0,0,-6.25276,106.656647,listing,0,https://picture.rumah123.com/r123-images/360x210-crop/customer/4461890/listing/apr7752855/enhanced/3870eb7d0bcd23e7c1ce94a657f6c9f9.jpg,DISEWAKAN  ✨ Apartemen Full Furnished  Luas: 128 m²  2 Bedroom  Full Furnished  Listrik 8.800 Watt  IPL Rp10 juta / 3 bulan       Harga: Rp 180J...,13249277.0,1750723.0,0.1241,-13.2,0.38,Fair Market Price,Disewakan Apartemen Saumata 2.Bed.rooms,Saumata,exact
LST-00440,U Residence Karawaci • 1BR Furnished (60 m²),https://www.rumah123.com/properti/tangerang-lippo-karawaci/apart-u-residences-1-sp-deal-furnished-bagus-apr3432402/,Tangerang,Banten,Lippo Karawaci,"U Residence Karawaci, Lippo Karawaci, Tangerang",Apartemen,5500000.0,91666.66666666669,yearly,1,1,Studio / 1BR,60.0,23.314058683139592,6.136695030649507,Stasiun KRL Tangerang,Tier 3: Outer Commuter Ring (15-28km),0,0,0,1,0,1,0,0,0,0,0,0,-6.22692,106.60988,listing,0,https://picture.rumah123.com/r123-images/360x210-crop/customer/1241458/6fc89dcbd8c39eb891cc794c4ce9fa92.jpg,"Terawat, bersih, nyaman Lantai tengah Cocok buat keluarga muda, dosen, guru, pegawai, mahasiswa Water heater yang bagus Ac dingin",5320999.0,179001.0,0.0331,-3.4,0.1,Fair Market Price,"Apart. U Residences 1, Sp. Deal, Furnished, Bagus",U Residence Karawaci,fuzzy
LST-00441,U Residence Karawaci Golf View • 1BR Furnished (61 m²),https://www.rumah123.com/properti/tangerang-lippo-karawaci/u-residence-1-sp-deal-golf-view-bagus-siap-huni-furnished-apr3415025/,Tangerang,Banten,Lippo Karawaci,"U Residence Karawaci, Lippo Karawaci, Tangerang",Apartemen,5500000.0,90163.9344262295,yearly,1,1,Studio / 1BR,61.0,23.314058683139592,6.136695030649507,Stasiun KRL Tangerang,Tier 3: Outer Commuter Ring (15-28km),0,0,0,0,0,0,1,1,0,0,0,0,-6.22692,106.60988,listing,0,https://picture.rumah123.com/r123-images/360x210-crop/customer/1241458/f7525d3877492f4ff09780b68afead7d.jpg,"Semua lengkap, posisi lantai baik, View : Golf, Swimming Pool, Serpong City , Fitness, tempat main anak, Ruang serba guna Langsung Supermall, Lanta...",5885933.0,-385933.0,-0.0678,6.6,-0.21,Fair Market Price,"U Residence 1, Sp Deal, Golf View, Bagus Siap Huni Furnished",U Residence Karawaci,fuzzy
LST-00442,U Residence Karawaci Golf View • 1BR Furnished (60 m²),https://www.rumah123.com/properti/tangerang-gading-serpong/u-residences-lippo-karawaci-bagus-view-golf-menarik-apr3456901/,Tangerang,Banten,Gading Serpong,"U Residence Karawaci, Gading Serpong, Tangerang",Apartemen,5416666.666666667,90277.77777777778,yearly,1,1,Studio / 1BR,60.0,20.371621719416744,5.1115596333950215,Stasiun KRL Tangerang,Tier 3: Outer Commuter Ring (15-28km),0,0,0,0,0,0,0,0,0,0,0,0,-6.22255,106.63623,listing,0,https://picture.rumah123.com/r123-images/360x210-crop/customer/1241458/4de5a30311d765d521d2def8874ef540.jpg,"Menarik, tenang, siap hujini, bersih terawat View menawan bagus Unit baru jarang di pakai Cocok buat keluarga muda, mahasiswa",5160948.0,255718.6666666669,0.0484,-5.0,0.15,Fair Market Price,"U Residences Lippo Karawaci, Bagus, View Golf, Menarik",U Residence Karawaci,fuzzy
LST-00443,U Residence Karawaci • 1BR Furnished (60 m²),https://www.rumah123.com/properti/tangerang-lippo-karawaci/apart-u-residences-1-sp-deal-furnished-1bed-apr3449577/,Tangerang,Banten,Lippo Karawaci,"U Residence Karawaci, Lippo Karawaci, Tangerang",Apartemen,5666666.666666667,94444.44444444444,yearly,1,1,Studio / 1BR,60.0,23.314058683139592,6.136695030649507,Stasiun KRL Tangerang,Tier 3: Outer Commuter Ring (15-28km),0,0,0,0,0,0,0,0,0,0,0,0,-6.22692,106.60988,listing,0,https://picture.rumah123.com/r123-images/360x210-crop/customer/1241458/c64967fe4dc2fd6738db0ab7c8283ad3.jpg,"Viewnya bagus, Golf segar hijau, Air panas deal drop bagus aman, cepat panas Design renovasi, layout beda dg std. 1 bed, dg sirkulasi layout yang n...",5457011.0,209655.6666666669,0.0377,-3.8,0.12,Fair Market Price,"Apart U Residences 1, Sp. Deal, Furnished 1bed",U Residence Karawaci,fuzzy
LST-00444,U Residence Karawaci • 1BR Furnished (60 m²),https://www.rumah123.com/properti/tangerang-karawaci/apart-u-residences-1-sp-deal-1bed-furnished-apr3449561/,Tangerang,Banten,Karawaci,"U Residence Karawaci, Karawaci, Tangerang",Apartemen,5500000.0,91666.66666666669,yearly,1,1,Studio / 1BR,60.0,20.98637754624333,3.023484907337409,Stasiun KRL Tangerang,Tier 3: Outer Commuter Ring (15-28km),0,0,0,0,0,0,1,0,0,0,0,0,-6.20376,106.63022,listing,0,https://picture.rumah123.com/r123-images/360x210-crop/customer/1241458/080c99b98875b61a7e4b31b80439fb0a.jpg,"View : Swimming Pool, Golf, City Bagus, bersih siap huni. Deal harga sampai jadi Lay outnya khusus sdh direnovasi dari std.",5258469.0,241531.0,0.0449,-4.6,0.14,Fair Market Price,"Apart U Residences 1, Sp. Deal, 1bed Furnished",U Residence Karawaci,fuzzy
LST-00445,U Residence Karawaci • 1BR Furnished (60 m²),https://www.rumah123.com/properti/tangerang-lippo-karawaci/u-residences-1-sp-deal-furnished-view-ok-bagus-apr3456886/,Tangerang,Banten,Lippo Karawaci,"U Residence Karawaci, Lippo Karawaci, Tangerang",Apartemen,5750000.0,95833.33333333331,yearly,1,1,Studio / 1BR,60.0,23.314058683139592,6.136695030649507,Stasiun KRL Tangerang,Tier 3: Outer Commuter Ring (15-28km),0,0,0,0,0,0,0,0,0,0,0,0,-6.22692,106.60988,listing,0,https://picture.rumah123.com/r123-images/360x210-crop/customer/1241458/080c99b98875b61a7e4b31b80439fb0a.jpg,"Unit bersih, siapa  pakai, bagus Lantai 11 tengah, tidak dari lift Nyaman, tenang, menarik Layout 1 Bed yang beda dengan unit lain Tertata dengan b...",5465564.0,284436.0,0.0507,-5.2,0.16,Fair Market Price,"U Residences 1, Sp Deal, Furnished, View Ok Bagus",U Residence Karawaci,fuzzy
LST-00446,Embarcadero Bintaro • Studio Furnished (110 m²),https://www.rumah123.com/properti/tangerang-selatan-bintaro/disewakan-apartemen-embarcadero-bintaro-apr7843556/,Tangerang Selatan,Banten,Bintaro,"Embarcadero Suites Bintaro, Bintaro, Tangerang Selatan",Apartemen,15000000.0,136363.63636363635,yearly,0,0,Studio / 1BR,110.0,14.635311908981269,1.88077029974464,Stasiun KRL Jurang Mangu (Bintaro),Tier 2: Inner Ring Metro (7-15km),0,0,0,0,0,0,0,0,0,0,0,0,-6.28352,106.711,listing,0,https://picture.rumah123.com/r123-images/360x210-crop/customer/68/9a37aa9e60fdea662ba6b77b913f2882.jpg,APARTEMEN EMBARCADERO BINTARO TANGERANG SELATAN *FORT SALE & FOR RENT*.  Lb 110.5 m2 Kt 3 Kamar Mandi 2 Listrik 11.000 Full Furnised FOR RENT  Harg...,13100547.0,1899453.0,0.1354,-14.5,0.41,Fair Market Price,Disewakan Apartemen Embarcadero Bintaro,Embarcadero Bintaro,exact
LST-00447,Embarcadero Bintaro • 2BR Furnished (64 m²),https://www.rumah123.com/properti/tangerang-selatan-bintaro/eastern-wing-embarcadero-suites-2-bdr-minimalist-unit-apr2702593/,Tangerang Selatan,Banten,Bintaro,"Embarcadero Suites Bintaro, Bintaro, Tangerang Selatan",Apartemen,7916666.666666667,123697.91666666669,yearly,2,2,2 Bedroom,64.0,13.196618892687576,0.8997197178715167,Stasiun KRL Jurang Mangu (Bintaro),Tier 2: Inner Ring Metro (7-15km),0,0,0,0,0,0,0,0,0,0,0,0,-6.28241,106.72635,listing,0,https://picture.rumah123.com/r123-images/360x210-crop/customer/25897/2022-09-08-07-13-27-65f0ac50-7b90-4aa9-bafc-ff9d03936d92.jpg,Unit minimalist dan sangat bagus untuk disewakan serta tinggal membawa koper saja.  1 kamar tidur digunakan sebagai kamar kerja namun bisa menjadi ...,8713158.0,-796491.333333333,-0.0959,9.1,-0.29,Fair Market Price,"Eastern Wing Embarcadero Suites, 2 Bdr Minimalist Unit",Embarcadero Bintaro,exact
LST-00448,Unresolved • Pondok Aren • 2BR Full Furnished (82 m²),https://www.rumah123.com/properti/tangerang-selatan-pondok-aren/sewa-apartemen-bintaro-2-kamar-bedroom-at-the-accent-apartment-full-furnished-apr7308509/,Tangerang Selatan,Banten,Pondok Aren,"Bintaro Plaza Residences, Pondok Aren, Tangerang Selatan",Apartemen,10416666.666666666,127032.52032520324,yearly,2,1,2 Bedroom,82.0,12.910691973578643,1.8481696449718144,Stasiun KRL Jurang Mangu (Bintaro),Tier 2: Inner Ring Metro (7-15km),1,0,0,1,0,1,0,0,0,1,0,0,-6.274156,106.72346,listing,0,https://picture.rumah123.com/r123-images/360x210-crop/customer/398698/580af50e554f1e7143e88d674d206e03.jpg,"Fasilitas: Existing 2 Kamar Tidur 1 Kamar Mandi Luas sewa 60 m2 Balkon TV + Sofa 2 AC Water heater Mesin cuci front load Kulkas Microwave...",9981813.0,434853.6666666661,0.0426,-4.4,0.13,Fair Market Price,Sewa Apartemen Bintaro 2 Kamar Bedroom At The Accent Apartment Full Furnished,,unresolved
LST-00449,Unresolved • Bintaro • 2BR Furnished (38 m²),https://www.rumah123.com/properti/tangerang-selatan-bintaro/apartemen-baru-2-kamar-siap-huni-dekat-pusat-perbelanjaan-apr7845955/,Tangerang Selatan,Banten,Bintaro,"Bintaro Plaza Residences, Bintaro, Tangerang Selatan",Apartemen,4583333.333333333,120614.03508771928,yearly,2,1,2 Bedroom,38.0,13.19670559789285,0.8997217613026535,Stasiun KRL Jurang Mangu (Bintaro),Tier 2: Inner Ring Metro (7-15km),0,0,0,1,0,0,1,0,0,0,0,0,-6.28241,106.726349,subdistrict_centroid,1,https://picture.rumah123.com/r123-images/360x210-crop/customer/4540713/listing/apr7845955/enhanced/fcebf643d0b7aa7a99c053e8d5d80eac.jpg,"Apartemen baru 2 kamar dilengkapi 3 unit AC, lokasi strategis dekat pusat perbelanjaan dan akses tol. Dilengkapi dengan fasilitas kolam renang dan ...",3318225.0,1265108.333333333,0.323,-38.1,0.99,Premium / High Price,Apartemen Baru 2 Kamar Siap Huni Dekat Pusat Perbelanjaan,,unresolved
LST-00450,The Kensington • 2BR Full Furnished (52 m²),https://www.rumah123.com/properti/tangerang-selatan-bsd/apartemen-sky-house-2br-bsd-unit-baru-view-pool-lantai-rendah-tower-kensington-tower-terbaru-samping-aeon-mall-1-menit-apr7845770/,Tangerang Selatan,Banten,BSD,"The H Tower Rasuna, BSD, Tangerang Selatan",Apartemen,6500000.0,125000.0,yearly,2,1,2 Bedroom,52.0,21.48631528818929,4.036088118866406,Stasiun KRL Rawabuntu (BSD),Tier 3: Outer Commuter Ring (15-28km),1,0,0,0,0,0,1,0,0,0,0,1,-6.302121939955861,106.64978466615926,subdistrict_centroid,1,https://picture.rumah123.com/r123-images/360x210-crop/customer/1089766/460e9470799a268e5cd5444cbb33a4b0.jpg,"Harga sd termasuk IPL, tapi belum termasuk Listrik, Air, Parkir. Unit & Furniture Baru, Tower terbaru, Unit di lantai rendah, view pool (sangat jel...",6685242.0,-185242.0,-0.0281,2.8,-0.09,Fair Market Price,"Apartemen, BSD, Sky House, Full Furnished, 2Br, Lantai 6, Pasar Modern, Universitas Prasetya Mulia, Universitas Atmajaya BSD, Perkantoran",The Kensington,exact
LST-00451,Sky House BSD • 3BR Furnished (69 m²),https://www.rumah123.com/properti/tangerang-selatan-bsd/sky-house-bsd-duxton-3br-luas-69m-city-view-apr7822536/,Tangerang Selatan,Banten,BSD,"Sky House BSD, BSD, Tangerang Selatan",Apartemen,10416666.666666666,150966.18357487922,yearly,3,2,3 Bedroom,69.0,21.48631528818929,4.036088118866406,Stasiun KRL Rawabuntu (BSD),Tier 3: Outer Commuter Ring (15-28km),0,0,0,0,0,0,0,0,0,0,0,0,-6.302121939955861,106.64978466615926,subdistrict_centroid,1,https://picture.rumah123.com/r123-images/360x210-crop/customer/1993164/50d99e8bd66f278c1d09e468d4669041.jpg,"DISEWAKAN Apartemen Sky House BSD - Tower Duxton  Type 3BR, luas 69 m², lantai 32 dengan city view. Lokasi strategis di BSD, nyaman untuk hunian. ...",8934042.0,1482624.666666666,0.1535,-16.6,0.47,Fair Market Price,"Sky House BSD Duxton - 3Br Luas 69M², City View",Sky House BSD,exact
LST-00452,Sky House BSD • 1BR Full Furnished (69 m²),https://www.rumah123.com/properti/tangerang-selatan-bsd/apartemen-sky-house-bsd-3bedroom-full-funished-brand-new-luas-69-meter-apr7823492/,Tangerang Selatan,Banten,BSD,"Sky House BSD, BSD, Tangerang Selatan",Apartemen,10000000.0,144927.53623188406,yearly,1,2,Studio / 1BR,69.0,21.48631528818929,4.036088118866406,Stasiun KRL Rawabuntu (BSD),Tier 3: Outer Commuter Ring (15-28km),1,0,0,0,0,0,0,0,0,0,0,0,-6.302121939955861,106.64978466615926,subdistrict_centroid,1,https://picture.rumah123.com/r123-images/360x210-crop/customer/2106896/3b6d5a36c4f85dac2b4961ae70889f74.jpg,Disewakan  Apartemen Sky House BSD Tower duxton Lantai : 32 Harga : 120jt ( include IPL ) Type  : 3BR luas : 69Meter View City Full Furnished   Unt...,9502030.0,497970.0,0.0511,-5.2,0.16,Fair Market Price,Apartemen Sky House BSD 3Bedroom Full Funished Brand New Luas 69 Meter,Sky House BSD,exact
LST-00453,Embarcadero Bintaro • 3BR Furnished (110 m²),https://www.rumah123.com/properti/tangerang-selatan-bintaro/disewakan-apartemen-embarcadero-bintaro-bagus-apr3305032/,Tangerang Selatan,Banten,Bintaro,"Embarcadero Suites Bintaro, Bintaro, Tangerang Selatan",Apartemen,15000000.0,136363.63636363635,yearly,3,2,3 Bedroom,110.0,13.196618892687576,0.8997197178715167,Stasiun KRL Jurang Mangu (Bintaro),Tier 2: Inner Ring Metro (7-15km),0,0,0,0,0,0,0,0,0,0,0,0,-6.28241,106.72635,listing,0,https://picture.rumah123.com/r123-images/360x210-crop/customer/68/2024-05-18-04-43-40-74446abc-dfce-4f28-8724-a9ffd0c764e0.jpg,For Rent Apartemen Embarcadero Lb 110.5 m2 Kt 3 Kamar Mandi 2 Listrik 11.000 Full Furnised Harga 180jt/th Nego minimal sewa 2 th,12326416.0,2673584.0,0.1963,-21.7,0.6,Fair Market Price,Disewakan Apartemen Embarcadero Bintaro Bagus,Embarcadero Bintaro,exact
LST-00454,Embarcadero Bintaro • 1BR Unfurnished (32 m²),https://www.rumah123.com/properti/tangerang-selatan-bintaro/apartment-1-br-embarcadero-bintaro-bagus-furnished-apr3592271/,Tangerang Selatan,Banten,Bintaro,"Embarcadero Suites Bintaro, Bintaro, Tangerang Selatan",Apartemen,3333333.333333333,104166.66666666669,yearly,1,1,Studio / 1BR,32.0,13.196618892687576,0.8997197178715167,Stasiun KRL Jurang Mangu (Bintaro),Tier 2: Inner Ring Metro (7-15km),0,0,1,1,0,1,0,0,0,0,0,0,-6.28241,106.72635,listing,0,https://picture.rumah123.com/r123-images/360x210-crop/customer/2138995/e4b55c6b50a9550302de3ec958a3cf55.jpg,Spesifikasi Kamar Tidur : 1 Kamar Mandi : 1 Kondisi Perabotan: Unfurnished Terpasang AC dan Waterheater  Sudah lengkap dengan fasilitas digedung Ko...,3883167.0,-549833.666666667,-0.1527,14.2,-0.47,Fair Market Price,1 Br Unfurnished Sewa Tahunan Pondok Aren,Embarcadero Bintaro,exact
LST-00455,Unresolved • BSD • 2BR Furnished (134 m²),https://www.rumah123.com/properti/tangerang-selatan-bsd/disewakan-unit-hook-apartemen-soho-upper-west-bsd-dengan-city-view-apr7460032/,Tangerang Selatan,Banten,BSD,"The H Tower Rasuna, BSD, Tangerang Selatan",Apartemen,15000000.0,111940.29850746268,yearly,2,2,2 Bedroom,134.0,21.48631528818929,4.036088118866406,Stasiun KRL Rawabuntu (BSD),Tier 3: Outer Commuter Ring (15-28km),0,0,0,0,0,0,0,0,0,0,0,0,-6.302121939955861,106.64978466615926,subdistrict_centroid,1,https://picture.rumah123.com/r123-images/360x210-crop/customer/1948803/f6fafd73a4224a181dc00e63236ccc0b.jpg,"Disewakan Brand New SOHO Upper West BSD Unit Hook ‼️  North Tower | Lantai 12 Tipe 2 BR | 2 KT, 2 KM LB  134.09m² (semigross) / 117.88m²  (ne...",14210385.0,789615.0,0.0541,-5.6,0.17,Fair Market Price,Disewakan Unit Hook Apartemen SOHO Upper West BSD dengan City View,,unresolved
LST-00456,Sky House BSD Tower Jervois • 2BR Full Furnished (48 m²),https://www.rumah123.com/properti/tangerang-selatan-bsd/dijual-disewa-apartemen-sky-house-bsd-tower-jervois-2br-full-furnished-lt-8-rp105-m-rp68-jt-per-tahun-apr7828221/,Tangerang Selatan,Banten,BSD,"Sky House BSD, BSD, Tangerang Selatan",Apartemen,5666666.666666667,118055.55555555556,yearly,2,1,2 Bedroom,48.0,21.67590145998228,4.064059267090162,Stasiun KRL Rawabuntu (BSD),Tier 3: Outer Commuter Ring (15-28km),1,0,0,0,0,0,0,0,0,0,0,0,-6.30355517267256,106.64862229883472,listing,0,https://picture.rumah123.com/r123-images/360x210-crop/customer/4353950/13b83b4ef8ec2c364e58de70b64dd46e.jpg,"DIJUAL / DISEWA APARTEMEN SKY HOUSE BSD TOWER JERVOIS 2BR FULL FURNISHED LT 8 - Rp1,05 M / Rp68 JT PER TAHUN  Apartemen Sky House BSD Tower Jervois...",6022229.0,-355562.333333333,-0.0609,5.9,-0.19,Fair Market Price,"Dijual / Disewa Apartemen Sky House BSD Tower Jervois 2Br Full Furnished LT 8 - Rp1,05 M / Rp68 Jt Per Tahun",Sky House BSD,exact
LST-00457,The Branz BSD • 1BR Full Furnished (56 m²),https://www.rumah123.com/properti/tangerang-selatan-bsd/disewa-apartemen-branz-bsd-1-bedroom-fully-furnished-view-aeon-apr7847586/,Tangerang Selatan,Banten,BSD,"The Branz BSD, BSD, Tangerang Selatan",Apartemen,7083333.333333333,126488.09523809524,yearly,1,1,Studio / 1BR,56.0,22.0758306305582,4.7615830610337255,Stasiun KRL Rawabuntu (BSD),Tier 3: Outer Commuter Ring (15-28km),1,0,0,0,0,0,0,0,0,0,0,0,-6.30073,106.64298,listing,0,https://picture.rumah123.com/r123-images/360x210-crop/customer/4353950/ef3968f0b9f76bae1d063133c931521f.jpg,"**SEWA APARTEMEN BRANZ BSD 1 BEDROOM FULLY FURNISHED VIEW AEON**  Apartemen **Branz BSD** 1 Bedroom dengan luas **56 m²**, fully furnished, interi...",6880135.0,203198.33333333305,0.0291,-3.0,0.09,Fair Market Price,Disewa Apartemen Branz BSD 1 Bedroom Fully Furnished View Aeon,The Branz BSD,exact
LST-00458,B-Residence BSD • Studio Full Furnished (19 m²),https://www.rumah123.com/properti/tangerang-selatan-bsd/disewakan-murah-unit-studio-full-furnished-apartment-b-residence-bsd-apr7539842/,Tangerang Selatan,Banten,BSD,"B Residence BSD, BSD, Tangerang Selatan",Apartemen,2416666.6666666665,127192.98245614034,yearly,1,1,Studio / 1BR,19.0,21.48631528818929,4.036088118866406,Stasiun KRL Rawabuntu (BSD),Tier 3: Outer Commuter Ring (15-28km),1,0,0,0,0,0,0,0,0,0,0,0,-6.302121939955861,106.64978466615926,subdistrict_centroid,1,https://picture.rumah123.com/r123-images/360x210-crop/customer/1620824/7b3f4b9d9336b65d8f08fd62d5f7d794.jpg,Disewa Apartment B - Residence BSD  - Tower Rosa - Studio 19.9m2  - Lantai 28 - Fully Furnished - Harga sewa 45jt/tahun turun 29 nett - Uang jamina...,2497576.0,-80909.33333333349,-0.0329,3.2,-0.1,Fair Market Price,Disewakan Murah Unit Studio Full Furnished Apartment B - Residence BSD,B-Residence BSD,exact
LST-00459,Sky House BSD • 3BR Furnished (90 m²),https://www.rumah123.com/properti/tangerang-selatan-bsd/disewakan-apartemen-skyhouse-bsd-3br-dekat-ice-bsd-apr7467990/,Tangerang Selatan,Banten,BSD,"Sky House BSD, BSD, Tangerang Selatan",Apartemen,10416666.666666666,115740.74074074072,yearly,3,2,3 Bedroom,90.0,21.48631528818929,4.036088118866406,Stasiun KRL Rawabuntu (BSD),Tier 3: Outer Commuter Ring (15-28km),0,0,0,0,0,0,0,0,0,0,0,0,-6.302121939955861,106.64978466615926,subdistrict_centroid,1,https://picture.rumah123.com/r123-images/360x210-crop/customer/2007639/8316d78317051403ce39b40029e2192e.jpg,"Apartemen SkyHouse Tower Claymore, BSD. Kamar Tidur 4, Kamar Mandi 2, Lantai 8.  Apartemen SkyHouse, BSD siap huni. Apartemen ini dilengkapi dengan...",11490777.0,-1074110.333333334,-0.0981,9.3,-0.3,Fair Market Price,"Disewakan Apartemen Skyhouse Claymore BSD. 3Br , Dekat Aeon",Sky House BSD,exact
LST-00460,Sky View BSD • 2BR Full Furnished (31 m²),https://www.rumah123.com/properti/tangerang-selatan-bsd/disewakan-apartemen-sky-view-bsd-cozy-2-bedroom-full-furnished-apr7561471/,Tangerang Selatan,Banten,BSD,"Sky View Apartment BSD, BSD, Tangerang Selatan",Apartemen,1800000.0,58064.51612903226,monthly,2,1,2 Bedroom,31.0,21.48631528818929,4.036088118866406,Stasiun KRL Rawabuntu (BSD),Tier 3: Outer Commuter Ring (15-28km),1,0,0,0,0,0,1,0,0,0,0,0,-6.302121939955861,106.64978466615926,subdistrict_centroid,1,https://picture.rumah123.com/r123-images/360x210-crop/customer/22565/858c7821cb8d8fab63cc416ce24bb520.jpg,"Apartemen di CBD BSD, Tangerang Selatan.   - Kondisi Perabotan: Full Furnished  Sudah lengkap dengan fasilitas:    - Masjid.   - Kolam Renang. - mi...",4082877.0,-2282877.0,-0.819,55.9,-2.51,Deep Value Deal (Rare Find),Disewakan Apartemen Sky View BSD Cozy 2 Bedroom Full Furnished,Sky View BSD,exact
LST-00461,Akasa Pure Living BSD • Studio Full Furnished (22 m²),https://www.rumah123.com/properti/tangerang-selatan-bsd/disewakan-apartemen-akasa-bsd-cozy-studio-full-furnished-apr7779806/,Tangerang Selatan,Banten,BSD,"Akasa Pure Living BSD, BSD, Tangerang Selatan",Apartemen,2400000.0,109090.90909090907,monthly,1,1,Studio / 1BR,22.0,21.48631528818929,4.036088118866406,Stasiun KRL Rawabuntu (BSD),Tier 3: Outer Commuter Ring (15-28km),1,0,0,0,0,0,0,0,0,0,0,0,-6.302121939955861,106.64978466615926,subdistrict_centroid,1,https://picture.rumah123.com/r123-images/360x210-crop/customer/22565/2f04297c284345169cbd6471bec0ee88.jpg,"Apartemen di BSD.  Cek segera apartemen baru yang modern ini,  disewakan menawarkan lingkungan fasilitas yang lengkap, cocok untuk Anda yang mengin...",2201518.0,198482.0,0.0863,-9.0,0.26,Fair Market Price,Disewakan Apartemen Akasa BSD Cozy Studio Full Furnished,Akasa Pure Living BSD,exact
LST-00462,Casa De Parco BSD • Studio Semi Furnished (26 m²),https://www.rumah123.com/properti/tangerang-selatan-bsd/disewakan-atau-dijual-apart-casa-de-parco-apr7708189/,Tangerang Selatan,Banten,BSD,"Casa De Parco BSD, BSD, Tangerang Selatan",Apartemen,1666666.6666666667,64102.56410256411,yearly,0,0,Studio / 1BR,26.0,21.48631528818929,4.036088118866406,Stasiun KRL Rawabuntu (BSD),Tier 3: Outer Commuter Ring (15-28km),0,1,0,0,0,0,0,0,0,0,0,0,-6.302121939955861,106.64978466615926,subdistrict_centroid,1,https://picture.rumah123.com/r123-images/360x210-crop/customer/2156945/listing/apr7708189/enhanced/afa149e81d4de5f0a1b5d63e53700093.jpg,"Di sewakan or di jual Murah bgt ini..  Casa de Parco apt  Tower magnolia Lt5  Type studio semi furnish Luas semigross +-26,30m Luas netto : +-22,15...",2957541.0,-1290874.3333333333,-0.5735,43.6,-1.76,Deep Value Deal (Rare Find),Disewakan atau Dijual Apart Casa De Parco,Casa De Parco BSD,exact
LST-00463,Sky House BSD Tower Duxton • 3BR Furnished (68 m²),https://www.rumah123.com/properti/tangerang-selatan-bsd/dijualdisewakan-apartemen-sky-house-bsd-tower-duxton-apr7838017/,Tangerang Selatan,Banten,BSD,"Sky House BSD, BSD, Tangerang Selatan",Apartemen,7916666.666666667,116421.56862745098,yearly,3,1,3 Bedroom,68.0,21.48631528818929,4.036088118866406,Stasiun KRL Rawabuntu (BSD),Tier 3: Outer Commuter Ring (15-28km),0,0,0,0,0,0,0,0,0,0,0,0,-6.302121939955861,106.64978466615926,subdistrict_centroid,1,https://picture.rumah123.com/r123-images/360x210-crop/customer/2156945/77d96394f36ba7dc6409f0f974d89c31.jpg,DIJUAL/DISEWA - SKY HOUSE BSD  Tower Duxton | Lantai 18 | Sebelah AEON Mall (1 menit jalan kaki)  Apartemen siap huni dengan posisi lantai ideal da...,9469105.0,-1552438.333333333,-0.1791,16.4,-0.55,Fair Market Price,Dijual/Disewakan Apartemen Sky House BSD Tower Duxton,Sky House BSD,exact
LST-00464,Sky View BSD • Studio Furnished (22 m²),https://www.rumah123.com/properti/tangerang-selatan-bsd/disewakan-apartemen-sky-view-bsd-cozy-studio-furnished-apr7742581/,Tangerang Selatan,Banten,BSD,"Sky View Apartment BSD, BSD, Tangerang Selatan",Apartemen,1500000.0,68181.81818181818,monthly,1,1,Studio / 1BR,22.0,21.48631528818929,4.036088118866406,Stasiun KRL Rawabuntu (BSD),Tier 3: Outer Commuter Ring (15-28km),0,0,0,0,0,0,0,0,0,0,0,0,-6.302121939955861,106.64978466615926,subdistrict_centroid,1,https://picture.rumah123.com/r123-images/360x210-crop/customer/22565/listing/apr7742581/enhanced/8f5b4ca67e25fdf3ad45f82675da8cf3.jpg,"Strategis di pusat kota BSD City, dekat Autoparts Bsd, mall ITC BSD, Teras kota dsb",2347114.0,-847114.0,-0.4477,36.1,-1.37,Good Deal (Undervalued),Disewakan Apartemen Sky View BSD Cozy Studio Furnished,Sky View BSD,exact
LST-00465,Sky View BSD • Studio Full Furnished (21 m²),https://www.rumah123.com/properti/tangerang-selatan-bsd/disewakan-apartemen-sky-view-bsd-cozy-studio-full-furnished-apr7835514/,Tangerang Selatan,Banten,BSD,"Sky View Apartment BSD, BSD, Tangerang Selatan",Apartemen,1500000.0,71428.57142857143,monthly,1,1,Studio / 1BR,21.0,21.48631528818929,4.036088118866406,Stasiun KRL Rawabuntu (BSD),Tier 3: Outer Commuter Ring (15-28km),1,0,0,0,0,0,0,0,0,0,0,0,-6.302121939955861,106.64978466615926,subdistrict_centroid,1,https://picture.rumah123.com/r123-images/360x210-crop/customer/22565/4b453d9c65a0d2bd4f1408f21d9aa3c6.jpg,"Lokasi sangat strategis di CBD Bsd City, unit sangat bagus dan nyaman..",2436912.0,-936912.0,-0.4853,38.4,-1.49,Good Deal (Undervalued),Disewakan Apartemen Sky View BSD Cozy Studio Full Furnished,Sky View BSD,exact
LST-00466,Sky House BSD • 2BR Full Furnished (48 m²),https://www.rumah123.com/properti/tangerang-selatan-bsd/disewakan-murah-sky-house-bsd-dekat-aeon-kampus-dan-perkantoran-apr7847397/,Tangerang Selatan,Banten,BSD,"Sky House BSD, BSD, Tangerang Selatan",Apartemen,6250000.0,130208.33333333331,yearly,2,1,2 Bedroom,48.0,21.48631528818929,4.036088118866406,Stasiun KRL Rawabuntu (BSD),Tier 3: Outer Commuter Ring (15-28km),1,0,0,0,0,0,1,0,0,0,0,0,-6.302121939955861,106.64978466615926,subdistrict_centroid,1,https://picture.rumah123.com/r123-images/360x210-crop/customer/4512287/7e4517bf6db7fac409b9aa3d1925bc1b.jpg,*Dijual/ Disewakan Skyhouse BSD CITY* Tower Jervois Lt.10 ( Hadap taman dan kolam renang )* - Luas 48 m2 - ⁠2 kamar Tidur - ⁠Fully Furnish mewa...,6021796.0,228204.0,0.0372,-3.8,0.11,Fair Market Price,"Disewakan Murah Sky House BSD Dekat Aeon, Kampus, dan Perkantoran",Sky House BSD,exact
LST-00467,Sky House BSD • Studio Furnished (23 m²),https://www.rumah123.com/properti/tangerang-selatan-bsd/include-ipl-disewakan-apartemen-sky-house-bsd-studio-furnish-apr7803893/,Tangerang Selatan,Banten,BSD,"Sky House BSD, BSD, Tangerang Selatan",Apartemen,3750000.0,163043.47826086957,yearly,1,1,Studio / 1BR,23.0,21.5959212765597,4.013713446944842,Stasiun KRL Rawabuntu (BSD),Tier 3: Outer Commuter Ring (15-28km),0,0,0,0,0,0,0,0,0,0,0,0,-6.303290631557886,106.64930233422764,listing,0,https://picture.rumah123.com/r123-images/360x210-crop/customer/669115/26ac5336faf5b23d95dba7ac18818d52.jpg,"Apartemen 22 lantai di BSD, Tangerang Selatan.  Disewakan di wilayah yang asri. Dengan spesifikasinya adalah sebagai berikut:   - Kamar Tidur: 1   ...",2315769.0,1434231.0,0.482,-61.9,1.48,Premium / High Price,Include IPL Disewakan Apartemen Sky House BSD Studio Furnish,Sky House BSD,exact
LST-00468,Marigold Nava Park • Studio Furnished (91 m²),https://www.rumah123.com/properti/tangerang-selatan-bsd/comfortable-living-marigold-apartment-navapark-apr7760273/,Tangerang Selatan,Banten,BSD,"Marigold NavaPark BSD, BSD, Tangerang Selatan",Apartemen,14166666.666666666,155677.65567765568,yearly,0,0,Studio / 1BR,91.0,21.48631528818929,4.036088118866406,Stasiun KRL Rawabuntu (BSD),Tier 3: Outer Commuter Ring (15-28km),0,0,0,0,0,0,0,0,0,0,0,0,-6.302121939955861,106.64978466615926,subdistrict_centroid,1,https://picture.rumah123.com/r123-images/360x210-crop/customer/7223/listing/apr7760273/enhanced/c7f5c5f21d84c67b421b62fba5230158.jpg,Elegant & Move-in Ready Apartment with Park View  Experience comfortable living in this beautifully maintained apartment featuring 2 spacious bedro...,10793744.0,3372922.666666666,0.2719,-31.2,0.83,Premium / High Price,Comfortable Living @Marigold Apartment Navapark,Marigold Nava Park,exact
LST-00469,The Branz BSD • 2BR Furnished (80 m²),https://www.rumah123.com/properti/tangerang-selatan-bsd/apartemen-branz-bsd-2-bedroom-furnished-siap-huni-apr7746484/,Tangerang Selatan,Banten,BSD,"The Branz BSD, BSD, Tangerang Selatan",Apartemen,9166666.666666666,114583.33333333331,yearly,2,2,2 Bedroom,80.0,21.48631528818929,4.036088118866406,Stasiun KRL Rawabuntu (BSD),Tier 3: Outer Commuter Ring (15-28km),0,0,0,0,0,0,0,0,0,0,0,0,-6.302121939955861,106.64978466615926,subdistrict_centroid,1,https://picture.rumah123.com/r123-images/360x210-crop/customer/1402871/listing/apr7746484/enhanced/2b533b9ef1d2165a9fd17516c42f47f1.jpg,Apartemen Branz 2 Bedroom Furnished  siap huni  110juta per tahun   Nathalia 0821xxxxxxxx,11239842.0,-2073175.333333334,-0.2039,18.4,-0.62,Fair Market Price,"Apartemen Branz BSD 2 Bedroom Murah, Furnished Siap Huni",The Branz BSD,exact
LST-00470,The Branz BSD • 1BR Furnished (48 m²),https://www.rumah123.com/properti/tangerang-selatan-bsd/apartemen-bsd-furnished-siap-huni-cakep-lokasi-dekat-pintu-tol-bsd-aeon-mal-prasmul-atmajaya-pasar-apr7839012/,Tangerang Selatan,Banten,BSD,"The Branz BSD, BSD, Tangerang Selatan",Apartemen,6666666.666666667,138888.8888888889,yearly,1,1,Studio / 1BR,48.0,21.48631528818929,4.036088118866406,Stasiun KRL Rawabuntu (BSD),Tier 3: Outer Commuter Ring (15-28km),0,0,0,0,0,0,0,0,1,0,0,0,-6.302121939955861,106.64978466615926,subdistrict_centroid,1,https://picture.rumah123.com/r123-images/360x210-crop/customer/1402871/0769c9d82e29acef993a222fe470f562.jpg,*Apartemen Branz BSD siap huni furnished  *) Branz 1BR Tower B Luas : 48m2 Kamar mandi : 1 Furnished cakep Rp 80jt / thn,5995238.0,671428.666666667,0.1062,-11.2,0.33,Fair Market Price,"Apartemen BSD Branz Furnished Siap Huni Cakep.. Lokasi Dekat Pintu Tol BSD,. Aeon Mal, Prasmul, Atmajaya. Pasar Intermoda,..Stasiun.kereta Cisauk",The Branz BSD,exact
LST-00471,The Branz BSD Tower B • 1BR Furnished (41 m²),https://www.rumah123.com/properti/tangerang-selatan-bsd/apartemen-branz-bsd-1-bedroom-furnished-siap-huni-tower-b-apr7622578/,Tangerang Selatan,Banten,BSD,"The Branz BSD, BSD, Tangerang Selatan",Apartemen,6250000.0,152439.0243902439,yearly,1,1,Studio / 1BR,41.0,21.48631528818929,4.036088118866406,Stasiun KRL Rawabuntu (BSD),Tier 3: Outer Commuter Ring (15-28km),0,0,0,1,0,0,0,0,0,0,1,0,-6.302121939955861,106.64978466615926,subdistrict_centroid,1,https://picture.rumah123.com/r123-images/360x210-crop/customer/1402871/6f2627f997c34ae3c5e2046136bb7271.jpg,Dijual / Disewa Apt Branz BSD 1 bedroom tower B   Unit Apartemen sudah di lengkapi dengan 2 unit AC Bed and Side Table Sofabed Kitchen set (Kompor ...,4308512.0,1941488.0,0.372,-45.1,1.14,Premium / High Price,Apartemen Branz BSD 1 Bedroom Furnished Siap Huni Tower B,The Branz BSD,exact
LST-00472,Casa De Parco BSD • 1BR Semi Furnished (40 m²),https://www.rumah123.com/properti/tangerang-selatan-bsd/sewa-1br-apartemen-casa-de-parco-bsd-apr7754286/,Tangerang Selatan,Banten,BSD,"Casa De Parco BSD, BSD, Tangerang Selatan",Apartemen,3750000.0,93750.0,yearly,1,1,Studio / 1BR,40.0,14.635311908981269,1.88077029974464,Stasiun KRL Jurang Mangu (Bintaro),Tier 2: Inner Ring Metro (7-15km),0,1,0,0,0,0,0,0,0,0,0,0,-6.28352,106.711,listing,0,https://picture.rumah123.com/r123-images/360x210-crop/customer/4463427/listing/apr7754286/enhanced/3e871f06054ef32bce9c47cb060d890d.jpg,DISEWA/DIJUAL ‼️  APARTEMEN CASA DE PARCO TOWER MAGNOLIA 1 BR  LB 40.25m2 IPL 1.1jt/bulan Listrik -+1300 watt semifurnish Lantai 8  Harga sewa ...,3711229.0,38771.0,0.0104,-1.0,0.03,Fair Market Price,Sewa 1Br Apartemen Casa De Parco BSD,Casa De Parco BSD,exact
LST-00473,Embarcadero Bintaro • 2BR Furnished (68 m²),https://www.rumah123.com/properti/tangerang-selatan-bintaro/disewakan-apartemen-embarcadero-suite2br-kosong-apr3566114/,Tangerang Selatan,Banten,Bintaro,"Embarcadero Suites Bintaro, Bintaro, Tangerang Selatan",Apartemen,6500000.0,95588.23529411764,monthly,2,1,2 Bedroom,68.0,13.196618892687576,0.8997197178715167,Stasiun KRL Jurang Mangu (Bintaro),Tier 2: Inner Ring Metro (7-15km),0,0,1,1,0,0,0,0,0,0,0,0,-6.28241,106.72635,listing,0,https://picture.rumah123.com/r123-images/360x210-crop/customer/2130510/e12a700ef252cfbcc6189f4e30b5389c.jpg,"Disewakan apartemen embarcadero 2 kamar ,2 kamar mandi (Bathup) unit kosong/unfurnished akan dipasang Ac disetiap ruangan dan akan dipasang water h...",8080756.0,-1580756.0,-0.2177,19.6,-0.67,Fair Market Price,Disewakan Apartemen Embarcadero Suite2br Kosong,Embarcadero Bintaro,exact
LST-00474,Embarcadero Bintaro • 1BR Furnished (32 m²),https://www.rumah123.com/properti/tangerang-selatan-bintaro/di-sewakan-apartemen-embarcadero-bintaro-1-kamar-tidur-apr7298727/,Tangerang Selatan,Banten,Bintaro,"Embarcadero Suites Bintaro, Bintaro, Tangerang Selatan",Apartemen,3000000.0,93750.0,yearly,1,1,Studio / 1BR,32.0,13.19670559789285,0.8997217613026535,Stasiun KRL Jurang Mangu (Bintaro),Tier 2: Inner Ring Metro (7-15km),0,0,0,1,0,1,0,0,0,0,0,0,-6.28241,106.726349,listing,0,https://picture.rumah123.com/r123-images/360x210-crop/customer/2130510/2ff0c0476ec7f4ffa224b96daf496ef1.jpg,Di sewakan apaetemen embarcadero bintaro 1 kamar luas 32M² view city minimal sewa 6 bulan unit sudah terpasang Ac dan water Heater,4193091.0,-1193091.0,-0.3348,28.5,-1.02,Good Deal (Undervalued),Di Sewakan Apartemen Embarcadero Bintaro 1 Kamar Tidur,Embarcadero Bintaro,exact
LST-00475,Embarcadero Bintaro • 2BR Furnished (68 m²),https://www.rumah123.com/properti/tangerang-selatan-bintaro/disewakan-apartemen-embarcadero-2-kamar-tidur-apr7540764/,Tangerang Selatan,Banten,Bintaro,"Embarcadero Suites Bintaro, Bintaro, Tangerang Selatan",Apartemen,7750000.0,113970.58823529413,monthly,2,1,2 Bedroom,68.0,13.19670559789285,0.8997217613026535,Stasiun KRL Jurang Mangu (Bintaro),Tier 2: Inner Ring Metro (7-15km),0,0,0,0,0,0,0,0,0,0,0,0,-6.28241,106.726349,listing,0,https://picture.rumah123.com/r123-images/360x210-crop/customer/2130510/c6f56e0ec95affd61de39c0ea446cd3d.jpg,"Apartemen Embarcadero di Bintaro  Disewakan apartemen Embarcadero  yang nyaman ini,  disewakan menghadirkan lingkungan fasilitas yang lengkap, coco...",8475376.0,-725376.0,-0.0895,8.6,-0.27,Fair Market Price,Disewakan Apartemen Embarcadero Bintaro2 Kamar Tidur,Embarcadero Bintaro,fuzzy
LST-00476,Sky House BSD • 2BR Full Furnished (48 m²),https://www.rumah123.com/properti/tangerang-selatan-bsd/disewakan-apartemen-skyhouse-furnish-2br-bsd-apr7616283/,Tangerang Selatan,Banten,BSD,"Sky House BSD, BSD, Tangerang Selatan",Apartemen,5000000.0,104166.66666666669,yearly,2,1,2 Bedroom,48.0,21.48631528818929,4.036088118866406,Stasiun KRL Rawabuntu (BSD),Tier 3: Outer Commuter Ring (15-28km),1,0,0,0,0,0,0,0,0,0,0,0,-6.302121939955861,106.64978466615926,subdistrict_centroid,1,https://picture.rumah123.com/r123-images/360x210-crop/customer/1361666/461f52b8673af7bc5e42841a4d7ab5fc.jpg,"Siap huni Apartemen Fully Furnish 2 BR, SKY HOUSE, BSD TOWER JERVOIS - Tangerang View City Listrik 220 Deposit 6 juta,  IPL per 3 bulan sekitar kur...",6148394.0,-1148394.0,-0.2068,18.7,-0.63,Fair Market Price,"Disewakan Apartemen Skyhouse Furnish 2Br, BSD",Sky House BSD,exact
LST-00477,Unresolved • BSD • 2BR Full Furnished (42 m²),https://www.rumah123.com/properti/tangerang-selatan-bsd/disewakan-apartemen-mewah-full-furnished-dekat-aeon-mall-apr7768951/,Tangerang Selatan,Banten,BSD,"Roseville SOHO & Suites BSD, BSD, Tangerang Selatan",Apartemen,5833333.333333333,138888.88888888888,yearly,2,1,2 Bedroom,42.0,21.48631528818929,4.036088118866406,Stasiun KRL Rawabuntu (BSD),Tier 3: Outer Commuter Ring (15-28km),1,0,0,0,0,0,0,0,0,0,0,0,-6.302121939955861,106.64978466615926,subdistrict_centroid,1,https://picture.rumah123.com/r123-images/360x210-crop/customer/1948803/076a078dc8976eec006477efe281826f.jpg,"Disewakan apartemen mewah di Roseville Soho & Suites Full Furnished di BSD ‼️  Akses sangat strategis, hanya:  3 menit menuju Teras Kota BSD  5...",5435760.0,397573.333333333,0.0706,-7.3,0.22,Fair Market Price,Disewakan Apartemen Mewah Full Furnished Dekat Aeon Mall,,unresolved
LST-00478,Marigold Nava Park Tower 1 • 2BR Furnished (98 m²),https://www.rumah123.com/properti/tangerang-selatan-bsd/apartemen-marigold-2br-tower-1-apr7696292/,Tangerang Selatan,Banten,BSD,"Marigold NavaPark BSD, BSD, Tangerang Selatan",Apartemen,12083333.333333334,123299.31972789115,yearly,2,2,2 Bedroom,98.0,21.167499221930964,4.330141909075083,Stasiun KRL Rawabuntu (BSD),Tier 3: Outer Commuter Ring (15-28km),0,0,0,0,0,0,0,0,0,0,0,0,-6.296952634484654,106.6502669980909,listing,0,https://picture.rumah123.com/r123-images/360x210-crop/customer/1187377/listing/apr7696292/enhanced/806e3206adb720b2e66579bfdccb67cd.jpg,"Apartemen Marigold NavaPark Tower 1 berlokasi di kawasan premium CBD BSD City, Tangerang. Dikembangkan oleh Hongkong Land & Sinarmas Land, Tower 1 ...",10736316.0,1347017.333333334,0.1182,-12.5,0.36,Fair Market Price,Apartemen Marigold 2Br Tower 1,Marigold Nava Park,exact
LST-00479,The Breeze Bintaro • 1BR Furnished (35 m²),https://www.rumah123.com/properti/tangerang-selatan-bintaro/apartemen-breeze-full-furniesd-apr7844798/,Tangerang Selatan,Banten,Bintaro,"Bintaro Plaza Residences, Bintaro, Tangerang Selatan",Apartemen,6000000.0,171428.57142857142,monthly,1,1,Studio / 1BR,35.0,13.19670559789285,0.8997217613026535,Stasiun KRL Jurang Mangu (Bintaro),Tier 2: Inner Ring Metro (7-15km),0,0,0,0,1,0,0,0,0,0,0,0,-6.28241,106.726349,listing,0,https://picture.rumah123.com/r123-images/360x210-crop/customer/1834853/f3792fafc4bb6eb49cdb708d2f49aca2.jpg,Apartemen Breeze Full Furnied tinggal bawa koper aja   harga sewa belum termasuk pemakaian listrik air dan indihome  harga sewa sudah termasuk IPL,3730854.0,2269146.0,0.4751,-60.8,1.45,Premium / High Price,Apartemen Breeze Full Furniesd,The Breeze Bintaro,exact
LST-00480,B-Residence BSD Tower Lotus • 1BR Full Furnished (32 m²),https://www.rumah123.com/properti/tangerang-selatan-bsd/apartement-b-residence-full-furnished-tower-lotus-luas-32-apr7529735/,Tangerang Selatan,Banten,BSD,"B Residence BSD, BSD, Tangerang Selatan",Apartemen,4000000.0,125000.0,yearly,1,1,Studio / 1BR,32.0,21.48631528818929,4.036088118866406,Stasiun KRL Rawabuntu (BSD),Tier 3: Outer Commuter Ring (15-28km),1,0,0,0,0,0,0,0,0,0,0,0,-6.302121939955861,106.64978466615926,subdistrict_centroid,1,https://picture.rumah123.com/r123-images/360x210-crop/customer/1060051/c09f2c747da4b7694282371382e5ffb2.jpg,"✨ DISEWAKAN CEPAT | APARTEMENT B RESIDENCE - TOWER LOTUS ✨  Hunian nyaman & praktis, FULL FURNISHED, siap langsung huni! Cocok untuk profesiona...",4141027.0,-141027.0,-0.0346,3.4,-0.11,Fair Market Price,Apartement B Residence Full Furnished Tower Lotus Luas 32,B-Residence BSD,exact
LST-00481,Embarcadero Bintaro • 2BR Full Furnished (67 m²),https://www.rumah123.com/properti/tangerang-selatan-bintaro/disewa-apartemen-embarcadero-bintaro-tangerang-selatan-2-bedroom-apr7812279/,Tangerang Selatan,Banten,Bintaro,"Embarcadero Suites Bintaro, Bintaro, Tangerang Selatan",Apartemen,7500000.0,111940.29850746268,monthly,2,1,2 Bedroom,67.0,13.19670559789285,0.8997217613026535,Stasiun KRL Jurang Mangu (Bintaro),Tier 2: Inner Ring Metro (7-15km),1,0,0,0,0,0,0,0,0,0,0,0,-6.28241,106.726349,listing,0,https://picture.rumah123.com/r123-images/360x210-crop/customer/28560/26193aadd1ab062aeaabed0a37b83c2e.jpg,Disewa Apartemen Embarcadero Bintaro Tangerang Selatan  Type 2 Bedroom  Unit Terawat Full Furnished  Bisa sewa min per 3 bulan Rp 23 juta  Pembayar...,9242973.0,-1742973.0,-0.209,18.9,-0.64,Fair Market Price,Disewa Turun Harga Apartemen Embarcadero Bintaro Tangerang Selatan 2 Bedroom Furnished bisa Sewa Per Bulan,Embarcadero Bintaro,exact
LST-00482,B-Residence BSD Tower Rose • Studio Full Furnished (23 m²),https://www.rumah123.com/properti/tangerang-selatan-bsd/apartemen-b-residence-bsd-tower-rose-dekat-universitas-prasetya-mulya-full-furnished-city-view-apr7785816/,Tangerang Selatan,Banten,BSD,"B Residence BSD, BSD, Tangerang Selatan",Apartemen,3166666.6666666665,137681.15942028986,yearly,0,1,Studio / 1BR,23.0,21.48631528818929,4.036088118866406,Stasiun KRL Rawabuntu (BSD),Tier 3: Outer Commuter Ring (15-28km),1,0,0,0,0,0,0,0,0,0,0,0,-6.302121939955861,106.64978466615926,subdistrict_centroid,1,https://picture.rumah123.com/r123-images/360x210-crop/customer/4492909/3128fe45f826c638b7c1139fd32e6721.jpg,"B Residence BSD menawarkan unit studio yang sepenuhnya dilengkapi dengan luas 23m2, cocok untuk profesional muda dan mahasiswa yang menginginkan hu...",2499566.0,667100.6666666665,0.2366,-26.7,0.72,Fair Market Price,Disewakn Apartemen B Residence BSD Tower Rose (Direct Owner) Full Furnished City View,B-Residence BSD,exact
LST-00483,The Branz BSD • 1BR Full Furnished (45 m²),https://www.rumah123.com/properti/tangerang-selatan-bsd/disewa-apartemen-branz-bsd-1-bed-room-fully-furnished-apr7848514/,Tangerang Selatan,Banten,BSD,"The Branz BSD, BSD, Tangerang Selatan",Apartemen,7083333.333333333,157407.4074074074,yearly,1,1,Studio / 1BR,45.0,21.48631528818929,4.036088118866406,Stasiun KRL Rawabuntu (BSD),Tier 3: Outer Commuter Ring (15-28km),1,0,0,0,0,0,0,0,0,0,0,0,-6.302121939955861,106.64978466615926,subdistrict_centroid,1,https://picture.rumah123.com/r123-images/360x210-crop/customer/1966454/f8b46a959bd1525b273eccf690e89f7c.jpg,"Disewa  Apartemen Branz BSD Tangerang Selatan   Lantai 5   Tower B  1 Bed room   Luas 45 m²  Fully Furnished interior design, Cozy, dan Mewah.   L...",6228993.0,854340.333333333,0.1285,-13.7,0.39,Fair Market Price,Disewa Apartemen Branz BSD 1 Bed Room Fully Furnished,The Branz BSD,exact
LST-00484,The Branz BSD • 2BR Full Furnished (63 m²),https://www.rumah123.com/properti/tangerang-selatan-bsd/disewakan-apartment-the-branz-bsd-city-luxury-full-furnished-apr7845688/,Tangerang Selatan,Banten,BSD,"The Branz BSD, BSD, Tangerang Selatan",Apartemen,11666666.666666666,185185.1851851852,yearly,2,1,2 Bedroom,63.0,21.48631528818929,4.036088118866406,Stasiun KRL Rawabuntu (BSD),Tier 3: Outer Commuter Ring (15-28km),1,0,0,0,0,0,0,0,0,0,0,0,-6.302121939955861,106.64978466615926,subdistrict_centroid,1,https://picture.rumah123.com/r123-images/360x210-crop/customer/4478180/043c5e04ac0aee12881424e48da186b4.jpg,DISEWAKAN  APARTMENT THE BRANZ BSD CITY  Tower A Luas : 63m² KT : 2 KM : 1 LUXURY FURNISHED  Fasilitas Premium: *️Drinkable tap water (air keran...,8298935.0,3367731.666666666,0.3406,-40.6,1.04,Premium / High Price,Disewakan Apartment The Branz BSD City Luxury Full Furnished,The Branz BSD,exact
LST-00485,Marigold Nava Park • Studio Full Furnished (50 m²),https://www.rumah123.com/properti/tangerang-selatan-bsd/disewakan-apartemen-marigold-nava-park-bsd-apr7782244/,Tangerang Selatan,Banten,BSD,"Marigold NavaPark BSD, BSD, Tangerang Selatan",Apartemen,7500000.0,150000.0,yearly,0,0,Studio / 1BR,50.0,21.48631528818929,4.036088118866406,Stasiun KRL Rawabuntu (BSD),Tier 3: Outer Commuter Ring (15-28km),1,0,0,0,0,0,0,0,0,0,0,0,-6.302121939955861,106.64978466615926,subdistrict_centroid,1,https://picture.rumah123.com/r123-images/360x210-crop/customer/2166869/b40ffd5fa444932cffe829b2db0fe731.jpg,"DISEWAKAN*   Apartemen Marigold, Nava Park, BSD. 1 Bedroom (50 m2).  Tower 7, 15th floor.  Full furnished  ▪️King bed size, wardrobe, cabinet �...",6419517.0,1080483.0,0.1556,-16.8,0.48,Fair Market Price,"Disewakan Apartemen Marigold, Nava Park, Bsd.‼️",Marigold Nava Park,exact
LST-00486,The Branz BSD Tower C • 2BR Full Furnished (80 m²),https://www.rumah123.com/properti/tangerang-selatan-bsd/apartemen-the-branz-bsd-2-bedroom-1-bathroom-tower-c-view-pool-full-furnish-interior-cakep-brand-new-belum-pernah-apr7761741/,Tangerang Selatan,Banten,BSD,"The Branz BSD, BSD, Tangerang Selatan",Apartemen,12500000.0,156250.0,yearly,2,1,2 Bedroom,80.0,21.48631528818929,4.036088118866406,Stasiun KRL Rawabuntu (BSD),Tier 3: Outer Commuter Ring (15-28km),1,0,0,0,0,0,1,0,0,0,0,0,-6.302121939955861,106.64978466615926,subdistrict_centroid,1,https://picture.rumah123.com/r123-images/360x210-crop/customer/1402871/2e6f3e57908cc76ad598ec6626c9b206.jpg,*APARTEMEN THE BRANZ - BSD* Unit cakep brand new belum pernah dihuni   ▪︎ 2 bedroom ▪︎ 1 bathroom ▪︎ Tower C ▪︎washing machine  ▪...,11393486.0,1106514.0,0.0927,-9.7,0.28,Fair Market Price,Apartemen The Branz - BSD ▪︎ 2 Bedroom▪︎ 1 Bathroom▪︎ Tower C- View Pool▪︎ Full Furnish Interior Cakep. Brand New ( Belum Pernah Dihuni ),The Branz BSD,exact
LST-00487,Sky House BSD • 3BR Furnished (120 m²),https://www.rumah123.com/properti/tangerang-selatan-bsd/disewa-apartemen-3br-furnish-lantai-10-skyhouse-dekat-aeon-bsd-apr7428484/,Tangerang Selatan,Banten,BSD,"Sky House BSD, BSD, Tangerang Selatan",Apartemen,16000000.0,133333.33333333334,yearly,3,2,3 Bedroom,120.0,21.89569423474768,4.561151730340554,Stasiun KRL Rawabuntu (BSD),Tier 3: Outer Commuter Ring (15-28km),0,0,0,0,0,0,0,0,0,0,0,0,-6.300953248353837,106.6449394845348,listing,0,https://picture.rumah123.com/r123-images/360x210-crop/customer/1634191/f263f5a2a6396578af72fd1765865998.jpg,"Apartemen lantai 10 di BSD, Tangerang Selatan.  For rent di wilayah yang asri. Dengan kategorinya adalah sebagai berikut:   - Kamar Tidur: 3   - Ka...",11545225.0,4454775.0,0.3263,-38.6,1.0,Premium / High Price,Disewa Apartemen 3BR Furnish Lantai 10 SkyHouse Dekat Aeon BSD,Sky House BSD,exact
LST-00488,Marigold Nava Park • 2BR Full Furnished (98 m²),https://www.rumah123.com/properti/tangerang-selatan-bsd/disewakan-appartemen-bsd-view-asri-taman-marigold-navapark-2-kamar-furnished-cakep-apr7596308/,Tangerang Selatan,Banten,BSD,"Marigold NavaPark BSD, BSD, Tangerang Selatan",Apartemen,11250000.0,114795.91836734694,yearly,2,2,2 Bedroom,98.0,21.48631528818929,4.036088118866406,Stasiun KRL Rawabuntu (BSD),Tier 3: Outer Commuter Ring (15-28km),1,0,0,0,0,0,0,0,0,0,0,0,-6.302121939955861,106.64978466615926,subdistrict_centroid,1,https://picture.rumah123.com/r123-images/360x210-crop/customer/1908198/8b79ff17d8eeac5be726a7d0c04b1215.jpg,"APT. MARIGOLD NAVAPARK Tower 1, Lantai 2(2C) BSD - Tangerang  Luas : 98 m2  KT : 2 , KM : 2 ( 1 bathtub )  Kondisi : fullfurnished   Note : saat in...",11670974.0,-420974.0,-0.0367,3.6,-0.11,Fair Market Price,Disewakan Appartemen BSD View Asri Taman Marigold Navapark 2 Kamar Furnished Cakep,Marigold Nava Park,exact
LST-00489,Sky House BSD • 3BR Furnished (75 m²),https://www.rumah123.com/properti/tangerang-selatan-bsd/for-rent-3bedroom-skyhouse-duxton-bsd-pet-friendly-5star-airbnb-rating-apr7793950/,Tangerang Selatan,Banten,BSD,"Sky House BSD, BSD, Tangerang Selatan",Apartemen,12000000.0,160000.0,yearly,3,1,3 Bedroom,75.0,22.059362138697328,4.392437132518148,Stasiun KRL Rawabuntu (BSD),Tier 3: Outer Commuter Ring (15-28km),0,0,0,0,0,0,0,0,0,0,0,0,-6.30410719,106.64496613,listing,0,https://picture.rumah123.com/r123-images/360x210-crop/customer/336636/306cb8946393e01c146f4d5f94334167.jpg,"MINIMUM 3-MONTH RENTAL - SKYHOUSE BSD, TOWER DUXTON 2 | PET FRIENDLY  Professionally managed by Home by Mathilda, with responsive guest support and...",10403463.0,1596537.0,0.1428,-15.3,0.44,Fair Market Price,"For Rent - 3Br Skyhouse Duxton BSD, Pet Friendly, 5-Star Airbnb, Incl. IPL",Sky House BSD,exact
LST-00490,Unresolved • Bintaro • 2BR Furnished (68 m²),https://www.rumah123.com/properti/tangerang-selatan-bintaro/apartemen-2-bedrooms-furnished-siap-huni-di-bintaro-apr7846268/,Tangerang Selatan,Banten,Bintaro,"Bintaro Plaza Residences, Bintaro, Tangerang Selatan",Apartemen,9166666.666666666,134803.92156862744,yearly,2,1,2 Bedroom,68.0,13.19670559789285,0.8997217613026535,Stasiun KRL Jurang Mangu (Bintaro),Tier 2: Inner Ring Metro (7-15km),0,0,0,1,0,0,0,0,0,0,0,0,-6.28241,106.726349,subdistrict_centroid,1,https://picture.rumah123.com/r123-images/360x210-crop/customer/1939198/2da387bc2491a2401b0bf8c65d6e76e4.jpg,Apartment Breeze 2 BR . Furnished  Spesifikasi: Luas Grooscom: 68 M2 Listrik 3500 Watt Ac 3 Unit Air Pam PPJB,7045160.0,2121506.666666666,0.2632,-30.1,0.81,Premium / High Price,"Apartemen 2 Bedrooms, Furnished Nyaman Siap Huni di Bintaro",,unresolved
LST-00491,Akasa Pure Living BSD Tower Kalyana • Studio Full Furnished (22 m²),https://www.rumah123.com/properti/tangerang-selatan-bsd/disewakan-apartemen-akasa-bsd-tipe-studio-full-furnish-tower-kalyana-lantai-08-apr7694368/,Tangerang Selatan,Banten,BSD,"The H Tower Rasuna, BSD, Tangerang Selatan",Apartemen,1666666.6666666667,75757.57575757576,yearly,1,1,Studio / 1BR,22.0,21.48631528818929,4.036088118866406,Stasiun KRL Rawabuntu (BSD),Tier 3: Outer Commuter Ring (15-28km),1,0,0,0,0,0,0,0,0,0,0,0,-6.302121939955861,106.64978466615926,subdistrict_centroid,1,https://picture.rumah123.com/r123-images/360x210-crop/customer/1113886/listing/apr7694368/enhanced/2f479ada93f4cce81fb04a2e52b0d649.jpg,Dijual dan Disewakan Apartemen Akasa BSD Tipe Studio Full Furnish Tower Kalyana Lantai 08  Tipe Studio Luas 22m2 Full Furnished Tower Kalyana Lanta...,2473820.0,-807153.3333333333,-0.3949,32.6,-1.21,Good Deal (Undervalued),Disewakan Apartemen Akasa BSD Tipe Studio Full Furnish Tower Kalyana Lantai 08,Akasa Pure Living BSD,exact
LST-00492,Marigold Nava Park • 2BR Full Furnished (91 m²),https://www.rumah123.com/properti/tangerang-selatan-bsd/apartemen-marigold-navapark-bsd-luas-91m2-full-furnished-apr7603678/,Tangerang Selatan,Banten,BSD,"Marigold NavaPark BSD, BSD, Tangerang Selatan",Apartemen,14583333.333333334,160256.41025641025,yearly,2,2,2 Bedroom,91.0,21.48631528818929,4.036088118866406,Stasiun KRL Rawabuntu (BSD),Tier 3: Outer Commuter Ring (15-28km),1,0,0,0,0,0,0,0,0,0,0,0,-6.302121939955861,106.64978466615926,subdistrict_centroid,1,https://picture.rumah123.com/r123-images/360x210-crop/customer/65423/3d776ea98c994a8dfb63fcb7873ff967.png,DiSewakan Cepat : Apartemen Marigold Navapark - BSD City Tower : 7 Luas : 91m2 Lantai : 15 Kamar Tidur : 2+1 Kamar Mandi : 2+1 View : Taman Botanic...,11164862.0,3418471.333333334,0.2671,-30.6,0.82,Premium / High Price,"Apartemen Marigold Navapark BSD, Luas 91M2, Full Furnished",Marigold Nava Park,exact
LST-00493,Asatti BSD • 1BR Full Furnished (33 m²),https://www.rumah123.com/properti/tangerang-selatan-bsd/disewakan-apartemen-asatti-agate-red-vanya-park-bsd-1br-full-furnished-view-taman-rp45-jutatahun-apr7800093/,Tangerang Selatan,Banten,BSD,"Assati Garden House Vanya Park BSD, BSD, Tangerang Selatan",Apartemen,3750000.0,113636.36363636365,yearly,1,2,Studio / 1BR,33.0,22.0793464204348,3.233489786919362,Stasiun KRL Rawabuntu (BSD),Tier 3: Outer Commuter Ring (15-28km),1,0,0,0,0,0,0,0,0,0,0,0,-6.316040767151,106.6518824,listing,0,https://picture.rumah123.com/r123-images/360x210-crop/customer/1707813/b3905532f86dce939863b943a85dc30d.jpg,"DISEWAKAN APARTEMEN ASATTI AGATE RED VANYA PARK BSD - 1 BR FULL FURNISHED, VIEW TAMAN  Hunian nyaman dan praktis di kawasan Vanya Park BSD City. Un...",3871475.0,-121475.0,-0.0319,3.1,-0.1,Fair Market Price,Disewakan Apartemen Asatti Agate Red Vanya Park BSD 1Br Full Furnished View Taman Rp45 Juta/Tahun,Asatti BSD,exact
LST-00494,Sky House BSD • 3BR Full Furnished (60 m²),https://www.rumah123.com/properti/tangerang-selatan-bsd/disewakan-apartemen-sky-house-bsd-apr7659265/,Tangerang Selatan,Banten,BSD,"Sky House BSD, BSD, Tangerang Selatan",Apartemen,9583333.333333334,159722.22222222222,yearly,3,1,3 Bedroom,60.0,21.48631528818929,4.036088118866406,Stasiun KRL Rawabuntu (BSD),Tier 3: Outer Commuter Ring (15-28km),1,0,0,0,0,0,0,0,0,0,0,0,-6.302121939955861,106.64978466615926,subdistrict_centroid,1,https://picture.rumah123.com/r123-images/360x210-crop/customer/2156945/6acc82b8c87e1c175e9747373c3a2665.jpg,"*DISEWAKAN*  *APARTM SKY HOUSE* BSD  Tower Duxton   Lantai 8  Luas 68m2 3 BR  KM 1  view jalan tol IPL : 5,790,546 /3 bulan full furnish : Kulkas, ...",7720106.0,1863227.333333334,0.2162,-24.1,0.66,Fair Market Price,Disewakan Apartemen Sky House BSD,Sky House BSD,exact
LST-00495,Unresolved • BSD • 1BR Semi Furnished (78 m²),https://www.rumah123.com/properti/tangerang-selatan-bsd/sewa-cepat-bisa-nego-soho-apartemen-upperwest-bsd-apr7803644/,Tangerang Selatan,Banten,BSD,"Upper West SOHO BSD, BSD, Tangerang Selatan",Apartemen,9166666.666666666,117521.36752136752,yearly,1,2,Studio / 1BR,78.0,21.48631528818929,4.036088118866406,Stasiun KRL Rawabuntu (BSD),Tier 3: Outer Commuter Ring (15-28km),0,1,0,0,0,0,0,0,0,0,0,0,-6.302121939955861,106.64978466615926,subdistrict_centroid,1,https://picture.rumah123.com/r123-images/360x210-crop/customer/781215/030ffcb87cdc037325cc52cd082f8928.jpg,✨ Disewakan SOHO Eksklusif di Upperwest BSD! ✨ Unit Type G - Lantai 9 No. 03  Lokasi Strategis | Semi Furnished | Siap Pakai   Luas Gross   : 7...,8827834.0,338832.66666666605,0.0377,-3.8,0.12,Fair Market Price,Sewa Cepat bisa Nego Soho Apartemen Upperwest BSD,,unresolved
LST-00496,The Branz BSD • 2BR Furnished (68 m²),https://www.rumah123.com/properti/tangerang-selatan-bsd/branz-bsd-2-br-unit-terrawat-dan-bersih-apr7805672/,Tangerang Selatan,Banten,BSD,"The Branz BSD, BSD, Tangerang Selatan",Apartemen,11666666.666666666,171568.6274509804,yearly,2,1,2 Bedroom,68.0,21.48631528818929,4.036088118866406,Stasiun KRL Rawabuntu (BSD),Tier 3: Outer Commuter Ring (15-28km),0,0,0,0,0,0,0,0,0,0,0,0,-6.302121939955861,106.64978466615926,subdistrict_centroid,1,https://picture.rumah123.com/r123-images/360x210-crop/customer/4378553/c270d988dda32d8b55a96902ad9d2770.jpg,Branz BSD 2BR  Detail Properti ini adalah:   - Kamar Tidur: 2   - Kamar Mandi: 1   - Sertifikat: Strata   - Kondisi Perabotan: Furnished Harga sewa...,8957279.0,2709387.666666666,0.2643,-30.2,0.81,Premium / High Price,Branz BSD 2 Br Unit Terrawat dan Bersih,The Branz BSD,exact
LST-00497,Unresolved • BSD • 1BR Furnished (78 m²),https://www.rumah123.com/properti/tangerang-selatan-bsd/sewa-soho-di-kawasan-cbd-bsd-apr7803934/,Tangerang Selatan,Banten,BSD,"Sky House BSD, BSD, Tangerang Selatan",Apartemen,10000000.0,128205.1282051282,yearly,1,2,Studio / 1BR,78.0,22.0793464204348,3.233489786919362,Stasiun KRL Rawabuntu (BSD),Tier 3: Outer Commuter Ring (15-28km),0,0,0,0,0,0,0,0,0,0,0,0,-6.316040767151,106.6518824,listing,0,https://picture.rumah123.com/r123-images/360x210-crop/customer/4496895/1a11b1b00a7b9ef7cb72dbe84a0c7d26.jpg,"Kerja dan tinggal di satu tempat mewah? Unit SOHO 2 lantai ini jawaban pas buat kamu profesional, kreator, dan pengusaha startup!  ✨ Spesifikasi ...",10696097.0,-696097.0,-0.0673,6.5,-0.21,Fair Market Price,Sewa Soho di Kawasan Cbd BSD,,unresolved
LST-00498,Yukata Suites • 2BR Furnished (115 m²),https://www.rumah123.com/properti/tangerang-selatan-serpong-utara/disewakan-apartemen-yukata-per-tahun-apr7843433/,Tangerang Selatan,Banten,Serpong Utara,"Yukata Suites Alam Sutera, Serpong Utara, Tangerang Selatan",Apartemen,8083333.333333333,70289.85507246376,yearly,2,2,2 Bedroom,115.0,18.198561845096897,7.382509394038287,Stasiun KRL Tangerang,Tier 3: Outer Commuter Ring (15-28km),0,0,1,0,0,0,0,0,0,0,0,0,-6.238206610902594,106.65804545416307,listing,0,https://picture.rumah123.com/r123-images/360x210-crop/customer/4529517/listing/apr7843433/enhanced/9ca3e43c-8c45-4f8f-b723-988432a4cfda.png,"Disewakan  Apartemen Yukata Suites, Serpong Utara - Tangerang Selatan Lokasi sangat strategis, dekat pusat perbelanjaan, keamanan 24 jam dan fasili...",12530571.0,-4447237.666666667,-0.4384,35.5,-1.34,Good Deal (Undervalued),Disewakan Apartemen Yukata Lantai 9 View Timur Non Furnished,Yukata Suites,exact
LST-00499,Unresolved • Serpong • 1BR Furnished (32 m²),https://www.rumah123.com/properti/tangerang-selatan-serpong/dijualdisewakan-luxury-living-apartemen-collins-boulevard-in-the-heart-serpong-apr3431411/,Tangerang Selatan,Banten,Serpong,"The Collins Boulevard Serpong, Serpong, Tangerang Selatan",Apartemen,4166666.6666666665,130208.33333333331,yearly,1,1,Studio / 1BR,32.0,19.86152019319157,0.4229011327115131,Stasiun KRL Rawabuntu (BSD),Tier 3: Outer Commuter Ring (15-28km),0,0,0,0,0,0,0,0,0,0,0,0,-6.31859016418457,106.67826080322266,listing,0,https://picture.rumah123.com/r123-images/360x210-crop/customer/2007297/f6f39b9f229972e47bc0c03a0b88ef5e.jpg,"Dijalan Besar Jl. Mh.Thamrin Serpong Tangerang. 8 Mnt Ke Alam Sutera Strategis Lokasi 5-8 Mnt Dekat Dengan Universitas Binus ,mall SMS Dan Sekitarn...",3293929.0,872737.6666666665,0.235,-26.5,0.72,Fair Market Price,Dijual/Disewakan Luxury Living Apartemen Collins Boulevard In The Heart Serpong,,unresolved
LST-00500,Unresolved • Bintaro • 2BR Full Furnished (36 m²),https://www.rumah123.com/properti/tangerang-selatan-bintaro/apt-emerald-bintaro-2-br-dkt-tol-fress-market48jt-perbln-apr7620288/,Tangerang Selatan,Banten,Bintaro,"Emerald Bintaro Apartment, Bintaro, Tangerang Selatan",Apartemen,4800000.0,133333.33333333334,monthly,2,1,2 Bedroom,36.0,13.19670559789285,0.8997217613026535,Stasiun KRL Jurang Mangu (Bintaro),Tier 2: Inner Ring Metro (7-15km),1,0,0,0,0,0,0,0,0,0,0,0,-6.28241,106.726349,listing,0,https://picture.rumah123.com/r123-images/360x210-crop/customer/4403269/d91b72d18488912bf0ec9da5bb58e67d.jpg,"Disewa cpt apartemen emerald bintaro 2 br fully furnished 4,8 jt perbln minimal sewa 3 bln",3977329.0,822671.0,0.188,-20.7,0.58,Fair Market Price,"Apt Emerald Bintaro 2 Br Dkt Tol/ Fress Market4,8Jt Perbln",,unresolved
LST-00501,Urbantown Serpong • Studio Full Furnished (23 m²),https://www.rumah123.com/properti/tangerang-selatan-serpong/sewa-apartemen-full-furnished-bulanan-bagus-hemat-serpong-apr7605867/,Tangerang Selatan,Banten,Serpong,"Urbantown Serpong, Serpong, Tangerang Selatan",Apartemen,2290000.0,99565.21739130437,monthly,1,1,Studio / 1BR,23.0,16.86914885670267,3.301036183489165,Stasiun KRL Jurang Mangu (Bintaro),Tier 3: Outer Commuter Ring (15-28km),1,0,0,0,0,0,0,0,0,0,0,0,-6.316984571627685,106.71300642862909,listing,0,https://picture.rumah123.com/r123-images/360x210-crop/customer/2162063/dfc25f35652e66ff89b4301890fdc000.jpg,"SEWA SYARIAH TENANG, HEMAT & BIAYA PASTI Anda ingin yg benar2 nyaman, bukan hanya hemat? Happyhome Perintis Pengelola syariah Tangsel. Terbukti nya...",3522462.0,-1232462.0,-0.4306,35.0,-1.32,Good Deal (Undervalued),Sewa Apartemen Studio Executive Full Furnished Murah Urbantown Serpong,Urbantown Serpong,exact
LST-00502,Unresolved • BSD • 1BR Furnished (98 m²),https://www.rumah123.com/properti/tangerang-selatan-bsd/apartment-cocok-utk-professional-tempat-usaha-soho-roseville-suites-bsd-city-representative-elite-apr7850427/,Tangerang Selatan,Banten,BSD,"Roseville SOHO & Suites BSD, BSD, Tangerang Selatan",Apartemen,8333333.333333333,85034.01360544217,yearly,1,2,Studio / 1BR,98.0,21.48631528818929,4.036088118866406,Stasiun KRL Rawabuntu (BSD),Tier 3: Outer Commuter Ring (15-28km),0,0,0,0,0,0,0,0,0,0,0,0,-6.302121939955861,106.64978466615926,subdistrict_centroid,1,https://picture.rumah123.com/r123-images/360x210-crop/customer/14329/90f6f8c5b9068c3696a29342505ce7c9.jpg,"Apartment & Tempat Usaha  Loaft System SOHO ( Small Office Home Office ) 1,5 lantai , lantai satu untuk kegiatan usaha , lantai 2 untuk hunian - Ko...",11893346.0,-3560012.666666667,-0.3557,29.9,-1.09,Good Deal (Undervalued),"Apartment Cocok Utk Professional & Tempat Usaha - Soho Roseville Suites - BSD City - Representative & Elite - Loaft System ( 1,5 Lantai )",,unresolved
LST-00503,The Branz BSD • 1BR Full Furnished (41 m²),https://www.rumah123.com/properti/tangerang-selatan-bsd/disewakan-apartemen-branz-japan-bsd-city-full-furnished-tangerang-selatan-apr7831849/,Tangerang Selatan,Banten,BSD,"The Branz BSD, BSD, Tangerang Selatan",Apartemen,7083333.333333333,172764.2276422764,yearly,1,1,Studio / 1BR,41.0,21.48631528818929,4.036088118866406,Stasiun KRL Rawabuntu (BSD),Tier 3: Outer Commuter Ring (15-28km),1,0,0,0,0,0,0,0,0,0,0,0,-6.302121939955861,106.64978466615926,subdistrict_centroid,1,https://picture.rumah123.com/r123-images/360x210-crop/customer/4473322/e939cbe9e26d7f488c866ceb985e138e.jpg,Disewakan Apartemen Branz Japan BSD City  Fully Furnished Siap Huni Lokasi Nyaman Sangat Strategis  Tower: A Tipe: 1 bedroomy Luas: 41 m2 Hoek  Lan...,4880656.0,2202677.333333333,0.3725,-45.1,1.14,Premium / High Price,Disewakan Apartemen Branz Japan BSD City Full Furnished Tangerang Selatan,The Branz BSD,exact
LST-00504,Unresolved • Serpong • 1BR Furnished (24 m²),https://www.rumah123.com/properti/tangerang-selatan-serpong/apartemen-mahesta-mahata-serpong-tangerang-selatan-apr7468311/,Tangerang Selatan,Banten,Serpong,"Samesta Mahata Serpong, Serpong, Tangerang Selatan",Apartemen,2800000.0,116666.66666666669,monthly,1,1,Studio / 1BR,24.0,19.861491817360143,0.4229022869575566,Stasiun KRL Rawabuntu (BSD),Tier 3: Outer Commuter Ring (15-28km),0,0,0,0,0,0,0,0,1,0,0,0,-6.31859,106.678261,listing,0,https://picture.rumah123.com/r123-images/360x210-crop/customer/1409923/listing/apr7468311/enhanced/07dc30a513452b5de65d78157d165281.jpg,Disewakan Apartemen Sebelah Stasiun Rawa Buntu - Apt Mahesta Mahata Serpong Tangsel  ✨ Spesifikasi Unit: - Tipe: Studio - Lantai: Atas (City View...,3433035.0,-633035.0,-0.2038,18.4,-0.62,Fair Market Price,Apartemen Mahesta Mahata Serpong Tangerang Selatan,,unresolved
LST-00505,Unresolved • BSD • Studio Unfurnished (21 m²),https://www.rumah123.com/properti/tangerang-selatan-bsd/disewakan-apartemen-bsd-studio-unfurnish-di-sky-house-by-rumah-chinida-dw-apr7843296/,Tangerang Selatan,Banten,BSD,"Sky House BSD, BSD, Tangerang Selatan",Apartemen,2500000.0,119047.61904761904,monthly,1,1,Studio / 1BR,21.0,21.48631528818929,4.036088118866406,Stasiun KRL Rawabuntu (BSD),Tier 3: Outer Commuter Ring (15-28km),0,0,1,0,0,0,0,0,0,0,0,0,-6.302121939955861,106.64978466615926,subdistrict_centroid,1,https://picture.rumah123.com/r123-images/360x210-crop/customer/1800428/1f4347aafd7065b6f99645583d614d0b.jpg,"DISEWAKAN APARTEMEN TIPE STUDIO UNFURNISHED SIAP HUNI DI BSD (DW260926)  Lokasi di Apartemen Sky House BSD, Tangerang  Spesifikasi Unit : 1. LB -/+...",1873363.0,626637.0,0.2886,-33.4,0.88,Premium / High Price,Disewakan Apartemen BSD Studio Unfurnish di Sky House By Rumah Chinida (Dw),,unresolved
LST-00506,The Branz BSD • 1BR Furnished (43 m²),https://www.rumah123.com/properti/tangerang-selatan-bsd/sewa-apartment-1-bedroom-branz-bsd-city-apr7831596/,Tangerang Selatan,Banten,BSD,"The Branz BSD, BSD, Tangerang Selatan",Apartemen,6666666.666666667,155038.75968992247,yearly,1,1,Studio / 1BR,43.0,21.48631528818929,4.036088118866406,Stasiun KRL Rawabuntu (BSD),Tier 3: Outer Commuter Ring (15-28km),0,0,0,0,0,0,0,0,0,0,0,0,-6.302121939955861,106.64978466615926,subdistrict_centroid,1,https://picture.rumah123.com/r123-images/360x210-crop/customer/4500647/55eb8679fd7b3b7e55a382c9e3051bce.jpg,SEWA APARTEMEN THE BRANZ BSD   The Branz BSD City (Tower B / Lt. 17) Luas: 43 m²  Spesifikasi: 1 Bedroom | 1 Bathroom | Furnished  ✨ Fasilitas P...,5234991.0,1431675.666666667,0.2418,-27.3,0.74,Fair Market Price,Sewa Apartment 1 Bedroom Branz BSD City,The Branz BSD,exact
LST-00507,The Branz BSD • 2BR Full Furnished (68 m²),https://www.rumah123.com/properti/tangerang-selatan-bsd/disewakan-apartemen-cantik-branz-2br-tinggal-bawa-koper-apr7420413/,Tangerang Selatan,Banten,BSD,"The Branz BSD, BSD, Tangerang Selatan",Apartemen,9583333.333333334,140931.3725490196,yearly,2,1,2 Bedroom,68.0,21.48631528818929,4.036088118866406,Stasiun KRL Rawabuntu (BSD),Tier 3: Outer Commuter Ring (15-28km),1,0,0,0,0,0,0,0,0,0,0,0,-6.302121939955861,106.64978466615926,subdistrict_centroid,1,https://picture.rumah123.com/r123-images/360x210-crop/customer/4378553/411542fd9fcfbcfc33924505e75e2b8d.jpg,"Type 2 bed room luas 68m2 1 bath room Lantai 31, city view Fully Furnished Sewa :Rp 115jt / thn Jual : Rp 2M",9605749.0,-22415.66666666605,-0.0023,0.2,-0.01,Fair Market Price,Disewakan Apartemen Cantik Branz 2Br Tinggal Bawa Koper,The Branz BSD,exact
LST-00508,The Branz BSD • 2BR Furnished (89 m²),https://www.rumah123.com/properti/tangerang-selatan-bsd/disewakan-apartement-branz-pusat-bsd-apr7832035/,Tangerang Selatan,Banten,BSD,"The Branz BSD, BSD, Tangerang Selatan",Apartemen,10000000.0,112359.55056179776,yearly,2,1,2 Bedroom,89.0,21.48631528818929,4.036088118866406,Stasiun KRL Rawabuntu (BSD),Tier 3: Outer Commuter Ring (15-28km),0,0,0,0,0,0,0,0,0,0,0,0,-6.302121939955861,106.64978466615926,subdistrict_centroid,1,https://picture.rumah123.com/r123-images/360x210-crop/customer/1411492/6eb65a70564ac76c564587b6f1cb02ee.jpg,:fire: HOT PROPERTY :fire: FOR SALE / RENT APT BRANZ BSD CITY Tower : C Lantai : 29 Luas nett : 66 sqm Luas gross : 89 sqm Kamar Tidur : 2BR Kamar ...,11626489.0,-1626489.0,-0.1507,14.0,-0.46,Fair Market Price,Disewakan Apartement Branz Pusat BSD,The Branz BSD,exact
LST-00509,The Branz BSD • 2BR Full Furnished (62 m²),https://www.rumah123.com/properti/tangerang-selatan-bsd/disewakan-apart-branz-aeon-bsd-apr7832018/,Tangerang Selatan,Banten,BSD,"The Branz BSD, BSD, Tangerang Selatan",Apartemen,11666666.666666666,188172.04301075268,yearly,2,1,2 Bedroom,62.0,21.48631528818929,4.036088118866406,Stasiun KRL Rawabuntu (BSD),Tier 3: Outer Commuter Ring (15-28km),1,0,0,0,0,0,0,0,0,1,0,0,-6.302121939955861,106.64978466615926,subdistrict_centroid,1,https://picture.rumah123.com/r123-images/360x210-crop/customer/1411492/fd23c47d0fd56fd843aa3632e261f9a4.jpg,:fire: HOT PROPERTY:fire: APARTEMENT  BRANZ BSD CITY  FOR SALE / RENT ↪️ TYPE 2BR Luas 62m² nett full furnish Lantai 23 tower east (C)  Balkon...,7666353.0,4000313.666666666,0.4199,-52.2,1.29,Premium / High Price,Disewakan Apart Branz Aeon BSD,The Branz BSD,exact
LST-00510,Marigold Nava Park Tower 1 • 2BR Full Furnished (98 m²),https://www.rumah123.com/properti/tangerang-selatan-bsd/disewakan-apartemen-marigold-2brtower-1-dita-apr7695786/,Tangerang Selatan,Banten,BSD,"Marigold NavaPark BSD, BSD, Tangerang Selatan",Apartemen,12083333.333333334,123299.31972789115,yearly,2,1,2 Bedroom,98.0,21.48631528818929,4.036088118866406,Stasiun KRL Rawabuntu (BSD),Tier 3: Outer Commuter Ring (15-28km),1,0,0,0,0,0,0,0,0,0,0,0,-6.302121939955861,106.64978466615926,subdistrict_centroid,1,https://picture.rumah123.com/r123-images/360x210-crop/customer/1848840/listing/apr7695786/enhanced/30665b244641ad59f78bf13f00b8f06b.jpg,Lokasi strategis  Fullfurnished,12014148.0,69185.33333333395,0.0057,-0.6,0.02,Fair Market Price,"Disewakan Apartemen Marigold 2Br,Tower 1 (Dita)",Marigold Nava Park,exact
LST-00511,Unresolved • BSD • Studio Full Furnished (23 m²),https://www.rumah123.com/properti/tangerang-selatan-bsd/di-sewa-apartemen-sky-house-dekat-kampus-dan-aeon-bsd-apr7822872/,Tangerang Selatan,Banten,BSD,"Sky House BSD, BSD, Tangerang Selatan",Apartemen,2750000.0,119565.21739130437,yearly,0,0,Studio / 1BR,23.0,21.48631528818929,4.036088118866406,Stasiun KRL Rawabuntu (BSD),Tier 3: Outer Commuter Ring (15-28km),1,0,0,0,0,0,0,0,0,0,0,0,-6.302121939955861,106.64978466615926,subdistrict_centroid,1,https://picture.rumah123.com/r123-images/360x210-crop/customer/4461012/27c921bb37d318d1a4268bc104ecb9b8.jpg,*DISEWAKAN CEPAT APT MTOWN STUDIO FULL FURNISHED TOWER CARMEL LT.23*  Tower Carmel  Lantai 23 Luas 23 sqm Full furnished Listrik 2200 watt Ada sofa...,2542340.0,207660.0,0.0785,-8.2,0.24,Fair Market Price,Di Sewa Apartemen Sky House Dekat Kampus dan Aeon BSD,,unresolved
LST-00512,Sky House BSD • 3BR Furnished (68 m²),https://www.rumah123.com/properti/tangerang-selatan-bsd/3br-city-view-sky-house-bsd-duxton-lt-15-120-jt-include-ipl-apr7822533/,Tangerang Selatan,Banten,BSD,"Sky House BSD, BSD, Tangerang Selatan",Apartemen,10000000.0,147058.82352941178,yearly,3,2,3 Bedroom,68.0,21.48631528818929,4.036088118866406,Stasiun KRL Rawabuntu (BSD),Tier 3: Outer Commuter Ring (15-28km),0,0,0,0,0,0,0,0,0,0,0,0,-6.302121939955861,106.64978466615926,subdistrict_centroid,1,https://picture.rumah123.com/r123-images/360x210-crop/customer/1993164/11c77277edc4115eeb4db78c7e1de084.jpg,"DISEWAKAN Apartemen Sky House BSD - Tower Duxton  Type 3BR, luas 68 m², lantai 15 dengan city view. Lokasi strategis di BSD, nyaman untuk hunian. ...",8702303.0,1297697.0,0.139,-14.9,0.43,Fair Market Price,3Br City View | Sky House BSD Duxton - LT 15 | 120 Jt Include IPL,Sky House BSD,exact
LST-00513,Unresolved • BSD • 3BR Full Furnished (128 m²),https://www.rumah123.com/properti/tangerang-selatan-bsd/apartemen-furnish-3-br-sky-house-dekat-mall-aeon-apr7800329/,Tangerang Selatan,Banten,BSD,"Sky House BSD, BSD, Tangerang Selatan",Apartemen,16666666.666666666,130208.33333333331,yearly,3,2,3 Bedroom,128.0,21.48631528818929,4.036088118866406,Stasiun KRL Rawabuntu (BSD),Tier 3: Outer Commuter Ring (15-28km),1,0,0,0,0,0,0,0,0,0,0,0,-6.302121939955861,106.64978466615926,subdistrict_centroid,1,https://picture.rumah123.com/r123-images/360x210-crop/customer/1096559/c487eb84b881143e96e584691576fced.jpg,Apartemen sky house 3 BR 2 KM+1 Luas 128 3+ kamar tidur 2+ 1 kamar mandi full furnish  dekat aeon dekat swa,14637142.0,2029524.666666666,0.1298,-13.9,0.4,Fair Market Price,"Apartemen Furnish 3 Br, Sky House, Dekat Mall Aeon",,unresolved
LST-00514,Sky House BSD • 3BR Furnished (68 m²),https://www.rumah123.com/properti/tangerang-selatan-bsd/disewakan-apartemen-sky-house-bsd-murah-sudah-include-ipl-apr7822420/,Tangerang Selatan,Banten,BSD,"Sky House BSD, BSD, Tangerang Selatan",Apartemen,10000000.0,147058.82352941178,yearly,3,1,3 Bedroom,68.0,21.48631528818929,4.036088118866406,Stasiun KRL Rawabuntu (BSD),Tier 3: Outer Commuter Ring (15-28km),0,0,0,0,0,0,0,0,0,0,0,0,-6.302121939955861,106.64978466615926,subdistrict_centroid,1,https://picture.rumah123.com/r123-images/360x210-crop/customer/1196724/36ef2cea09aae65d15d132a1283a2d06.jpg,"""Disewakan  Apartemen Sky House BSD Tower duxton Harga : 120jt ( include IPL ) Type  : 3BR luas : 68Meter View City""   Untuk info detil & janji sur...",8872950.0,1127050.0,0.1196,-12.7,0.37,Fair Market Price,Disewakan Apartemen Sky House BSD Murah Sudah Include IPL,Sky House BSD,exact
LST-00515,The Breeze Bintaro • Studio Furnished (28 m²),https://www.rumah123.com/properti/tangerang-selatan-bintaro/ready-apartemen-breeze-type-studio-lantai-rendah-apr7813953/,Tangerang Selatan,Banten,Bintaro,"Bintaro Plaza Residences, Bintaro, Tangerang Selatan",Apartemen,4500000.0,160714.2857142857,monthly,0,0,Studio / 1BR,28.0,13.19670559789285,0.8997217613026535,Stasiun KRL Jurang Mangu (Bintaro),Tier 2: Inner Ring Metro (7-15km),0,0,0,0,0,0,0,0,0,0,0,0,-6.28241,106.726349,listing,0,https://picture.rumah123.com/r123-images/360x210-crop/customer/1834853/a8a58a37f577e75f08d9c8a250f55ee6.jpg,Aparlemen Breeze type studio lantai full furniesd tinggal bawa koper aja   harga sewa sudah termasuk IPL harga sewa belum termasuk pemakaian listri...,3904616.0,595384.0,0.1419,-15.2,0.43,Fair Market Price,Ready Apartemen Breeze Type Studio Lantai Rendah,The Breeze Bintaro,exact
LST-00516,Unresolved • BSD • Studio Full Furnished (27 m²),https://www.rumah123.com/properti/tangerang-selatan-bsd/sewa-apt-murah-full-furnish-studio-di-intermark-bsd-apr7581036/,Tangerang Selatan,Banten,BSD,"Intermark BSD Tuscany Residence, BSD, Tangerang Selatan",Apartemen,3333333.333333333,123456.7901234568,yearly,0,1,Studio / 1BR,27.0,21.48631528818929,4.036088118866406,Stasiun KRL Rawabuntu (BSD),Tier 3: Outer Commuter Ring (15-28km),1,0,0,0,0,0,0,0,0,0,0,0,-6.302121939955861,106.64978466615926,subdistrict_centroid,1,https://picture.rumah123.com/r123-images/360x210-crop/customer/4386808/fe6428e017810613e1beca7a016409cb.jpg,Apartemen Intermark BSD furnish mewah!   Tipe Studio Luas 27 m2 Lantai 12 Full furnish mewah senilai 130jt-an    Contact Tina 0813130xxxx Great Har...,3830900.0,-497566.666666667,-0.1391,13.0,-0.43,Fair Market Price,Sewa Apt Murah Full Furnish Studio di Intermark BSD,,unresolved
LST-00517,Marigold Nava Park • 2BR Full Furnished (77 m²),https://www.rumah123.com/properti/tangerang-selatan-bsd/disewakan-apartemen-marigold-navapark-bsd-apr7806205/,Tangerang Selatan,Banten,BSD,"Marigold NavaPark BSD, BSD, Tangerang Selatan",Apartemen,13750000.0,178571.42857142858,yearly,2,1,2 Bedroom,77.0,21.48631528818929,4.036088118866406,Stasiun KRL Rawabuntu (BSD),Tier 3: Outer Commuter Ring (15-28km),1,0,0,0,0,0,0,0,0,0,0,0,-6.302121939955861,106.64978466615926,subdistrict_centroid,1,https://picture.rumah123.com/r123-images/360x210-crop/customer/4345041/52ca5888c236f05a0d639281840ab5a0.jpg,"EXCLUSIVE APARTMENT FOR RENT  MARIGOLD NAVAPARK BSD  Nikmati kenyamanan hunian premium di kawasan eksklusif BSD. Unit fully furnished yang elegan, ...",10654162.0,3095838.0,0.2551,-29.1,0.78,Premium / High Price,Disewakan Apartemen Marigold Navapark BSD,Marigold Nava Park,exact
LST-00518,Unresolved • BSD • 1BR Furnished (113 m²),https://www.rumah123.com/properti/tangerang-selatan-bsd/kantor-dan-apartement-soho-113m2-lokasi-strategis-roseville-bsd-apr7690191/,Tangerang Selatan,Banten,BSD,"Roseville SOHO & Suites BSD, BSD, Tangerang Selatan",Apartemen,8333333.333333333,73746.31268436578,yearly,1,2,Studio / 1BR,113.0,19.44028661628376,5.777445500621159,Stasiun KRL Rawabuntu (BSD),Tier 3: Outer Commuter Ring (15-28km),0,0,1,1,0,0,0,0,0,0,0,0,-6.275106,106.657266,listing,0,https://picture.rumah123.com/r123-images/360x210-crop/customer/2170690/ba0604acac572f06faec401c88d5657b.jpg,"Disewakan  SOHO Roseville, BSD  - Lantai 10 - Luas 113,66m2 - Mezanine Km tidur : 1 - Kamar mandi: 2  - AC: 2 - Unfurnished - Pantry  - Listrik 320...",12226784.0,-3893450.666666667,-0.3834,31.8,-1.17,Good Deal (Undervalued),"Kantor dan Apartement Soho, 113M2, Lokasi Strategis , Roseville BSD",,unresolved
LST-00519,Embarcadero Bintaro • 2BR Furnished (68 m²),https://www.rumah123.com/properti/tangerang-selatan-sektor-9-bintaro/embarcadero-suites-bintaro-unit-2br-lantai-7-dengan-fasilitas-modern-akses-mudah-apr7806110/,Tangerang Selatan,Banten,Sektor 9-Bintaro,"Embarcadero Suites Bintaro, Sektor 9-Bintaro, Tangerang Selatan",Apartemen,8250000.0,121323.5294117647,yearly,2,1,2 Bedroom,68.0,14.717797052057955,1.9818924510380205,Stasiun KRL Jurang Mangu (Bintaro),Tier 2: Inner Ring Metro (7-15km),0,0,0,0,0,0,0,0,0,0,0,0,-6.283436,106.710037,listing,0,https://picture.rumah123.com/r123-images/360x210-crop/customer/1658737/2c129b9a5fcc6765a6b0fc4a3b937ba0.jpg,Hunian modern di Embarcadero Suites Bintaro menawarkan kenyamanan premium dengan fasilitas lengkap dan lokasi yang sangat strategis di Bintaro Sekt...,9132465.0,-882465.0,-0.1016,9.7,-0.31,Fair Market Price,Embarcadero Suites Bintaro - Unit 2Br Lantai 7 dengan Fasilitas Modern & Akses Mudah,Embarcadero Bintaro,exact
LST-00520,Unresolved • BSD • 2BR Full Furnished (41 m²),https://www.rumah123.com/properti/tangerang-selatan-bsd/apartemen-disewakan-apartemen-assati-vanya-park-bsd-2-kamar-tidur-full-furnished-apr7789042/,Tangerang Selatan,Banten,BSD,"Assati Garden House Vanya Park BSD, BSD, Tangerang Selatan",Apartemen,2916666.6666666665,71138.21138211382,yearly,2,1,2 Bedroom,41.0,21.48631528818929,4.036088118866406,Stasiun KRL Rawabuntu (BSD),Tier 3: Outer Commuter Ring (15-28km),1,0,0,0,0,0,0,0,0,0,0,0,-6.302121939955861,106.64978466615926,subdistrict_centroid,1,https://picture.rumah123.com/r123-images/360x210-crop/customer/1659428/827c116508f4a52c0448c76af160b00b.jpg,● APARTEMEN DISEWAKAN ●   - APARTEMEN ASSATI - Vanya Park - BSD CITY  ● Tipe 2 BR ● Tower AGATE YELLOW ● Lantai 2 ● LB 41 m2 ● KT 2 �...,5316041.0,-2399374.333333333,-0.6003,45.1,-1.84,Deep Value Deal (Rare Find),Apartemen Disewakan - Apartemen Assati - Vanya Park - BSD - 2 Kamar Tidur- Full Furnished,,unresolved
LST-00521,Sky House BSD • Studio Full Furnished (20 m²),https://www.rumah123.com/properti/tangerang-selatan-bsd/disewakan-apartemen-studio-bsd-twr-leoni-di-skyhouse-by-rumah-chinida-dw-apr7806020/,Tangerang Selatan,Banten,BSD,"The H Tower Rasuna, BSD, Tangerang Selatan",Apartemen,2916666.6666666665,145833.3333333333,yearly,1,1,Studio / 1BR,20.0,21.48631528818929,4.036088118866406,Stasiun KRL Rawabuntu (BSD),Tier 3: Outer Commuter Ring (15-28km),1,0,0,0,0,0,0,0,0,0,0,0,-6.302121939955861,106.64978466615926,subdistrict_centroid,1,https://picture.rumah123.com/r123-images/360x210-crop/customer/1800428/214d598ad1b12976eaa4e080b26fe076.jpg,"DISEWAKAN/DIJUAL APARTEMEN STUDIO FULL FURNISH TOWER LEONI DI BSD (DW290826)  Lokasi di Apartemen Sky House BSD, Tangerang  Spesifikasi Unit : 1. L...",2170975.0,745691.6666666665,0.2953,-34.3,0.9,Premium / High Price,Disewakan Apartemen Studio BSD Twr Leoni di Skyhouse By Rumah Chinida (Dw),Sky House BSD,exact
LST-00522,Unresolved • Ciputat • 2BR Full Furnished (36 m²),https://www.rumah123.com/properti/tangerang-selatan-ciputat/disewakan-apartemen-siap-huni-full-furnished-di-ciputat-apr7799225/,Tangerang Selatan,Banten,Ciputat,"Green Lake View Ciputat, Ciputat, Tangerang Selatan",Apartemen,2916666.6666666665,81018.51851851851,yearly,2,1,2 Bedroom,36.0,14.635311908981269,1.88077029974464,Stasiun KRL Jurang Mangu (Bintaro),Tier 2: Inner Ring Metro (7-15km),1,0,0,0,0,0,0,0,0,0,0,0,-6.28352,106.711,listing,0,https://picture.rumah123.com/r123-images/360x210-crop/customer/683035/c9214ba2c9ab21b6e472b3df66aa61d0.jpg,"Spesifikasi :  - Luas Tanah : 36m² - Kamar Tidur : 2 - Kamar Mandi : 1 - Full Furnished : Tempat Tidur, Sofa, Kulkas, Mesin Cuci, TV,   Harga : 35...",4796915.0,-1880248.3333333333,-0.4975,39.2,-1.52,Deep Value Deal (Rare Find),Disewakan Apartemen Siap Huni Full Furnished di Ciputat,,unresolved
LST-00523,The Branz BSD • 1BR Full Furnished (62 m²),https://www.rumah123.com/properti/tangerang-selatan-bsd/disewakan-apartemen-the-branz-bsd-city-full-furnish-apr7796813/,Tangerang Selatan,Banten,BSD,"The Branz BSD, BSD, Tangerang Selatan",Apartemen,6250000.0,100806.45161290324,yearly,1,1,Studio / 1BR,62.0,21.48631528818929,4.036088118866406,Stasiun KRL Rawabuntu (BSD),Tier 3: Outer Commuter Ring (15-28km),1,0,0,0,0,0,0,0,0,0,0,0,-6.302121939955861,106.64978466615926,subdistrict_centroid,1,https://picture.rumah123.com/r123-images/360x210-crop/customer/4372979/722d8a74d0f22fe10f0f52175c928194.jpg,"Apartemen di BSD.  Miliki apartemen 28 lantai yang modern ini,  disewakan menghadirkan lingkungan fasilitas yang lengkap, cocok untuk Anda yang men...",9014311.0,-2764311.0,-0.3662,30.7,-1.12,Good Deal (Undervalued),Disewakan Apartemen The Branz BSD City Full Furnish,The Branz BSD,exact
LST-00524,Unresolved • Cibubur • Studio Furnished (22 m²),https://www.rumah123.com/properti/depok-cibubur/apartemen-trans-park-per-tahun-apr7659142/,Depok,Jawa Barat,Cibubur,"Transpark Cibubur, Cibubur, Depok",Apartemen,2083333.3333333333,94696.9696969697,yearly,0,1,Studio / 1BR,22.0,18.36377962780643,8.982117676463927,Stasiun KRL Depok Baru,Tier 3: Outer Commuter Ring (15-28km),0,0,0,1,0,0,0,0,0,0,0,0,-6.35611,106.895111,listing,0,https://picture.rumah123.com/r123-images/360x210-crop/customer/44450/5bd154905d61a36ebaf1ae4dee9c0918.jpg,Tipe studio Ada 1 unit AC Harga Nego Tanpa Perabot Fasilitas lengkap Lokasi dekat dari exit tol Cibubur  Ada Trans Studio dan TransMall Dekat stasi...,2413651.0,-330317.66666666674,-0.1472,13.7,-0.45,Fair Market Price,Apartemen Trans Park Per Tahun,,unresolved
LST-00525,Taman Melati Margonda Tower C • 1BR Furnished (27 m²),https://www.rumah123.com/properti/depok-margonda/disewakan-apartemen-grand-taman-melati-2-tower-c-apr7803904/,Depok,Jawa Barat,Margonda,"Grand Taman Melati Margonda, Margonda, Depok",Apartemen,3800000.0,140740.74074074073,monthly,1,1,Studio / 1BR,27.0,16.903913696813504,3.656819086512658,Stasiun KRL Depok Baru,Tier 3: Outer Commuter Ring (15-28km),0,0,0,0,0,0,0,0,0,0,0,0,-6.360260408094277,106.8331169209905,listing,0,https://picture.rumah123.com/r123-images/360x210-crop/customer/4492635/9087e8fbe42341afe5aeacad81c90609.jpg,DISEWAKAN Apartemen dekat Kampus UI  Unit Studio Grand Taman Melati 2 Tower C Lantai 9  Lokasi strategis: Dekat kampus UI Dekat kampus Gunadarma Ak...,3846019.0,-46019.0,-0.012,1.2,-0.04,Fair Market Price,Disewakan! Apartemen Grand Taman Melati 2 Tower C,Taman Melati Margonda,exact
LST-00526,Green Lake View Depok • 1BR Full Furnished (20 m²),https://www.rumah123.com/properti/depok-cimanggis/apartemen-bagus-full-furnished-paket-mahasiswa-16-juta-di-green-lakeview-depok-apr3080083/,Depok,Jawa Barat,Cimanggis,"Green Lake View Ciputat, Cimanggis, Depok",Apartemen,1600000.0,80000.0,monthly,1,1,Studio / 1BR,20.0,21.813966346473965,7.594326991898986,Stasiun KRL Depok Baru,Tier 3: Outer Commuter Ring (15-28km),1,0,0,0,1,0,0,0,0,0,0,1,-6.39199,106.89062,listing,0,https://picture.rumah123.com/r123-images/360x210-crop/customer/1760512/2024-02-23-08-48-58-4c978477-add8-4900-ac57-15e0933f10e9.jpg,"Paket mahasiswa: 1.6 jt Per Bulan  Paket umum : 1.8- 2.5 jt Per Bulan Deposit 1jt Free parkirÂ danÂ freeÂ wifi",3125783.0,-1525783.0,-0.6697,48.8,-2.05,Deep Value Deal (Rare Find),"Apartemen Bagus Full Furnished Paket Mahasiswa 1,6 Juta di Green Lakeview Depok",Green Lake View Depok,exact
LST-00527,Unresolved • Depok II • 2BR Furnished (52 m²),https://www.rumah123.com/properti/depok-depok-ii/dekat-universitas-di-depok-apr7782722/,Depok,Jawa Barat,Depok II,"Margonda Residence, Depok II, Depok",Apartemen,6000000.0,115384.6153846154,monthly,2,1,2 Bedroom,52.0,20.17881143743289,0.9049734048211204,Stasiun KRL Depok Baru,Tier 3: Outer Commuter Ring (15-28km),0,0,0,0,0,0,0,0,0,0,0,0,-6.39,106.83,listing,0,https://picture.rumah123.com/r123-images/360x210-crop/customer/1738656/3d3c44ca52222460df340443c05ed1cf.jpg,Disewakan apartement Semesta Mahata 500 meter ke UI fakultas kedokteran. Tepat di Stadiun kereta pondok cina Depok luas 50 m2  Kamar Tidur 2 Kamar ...,5279642.0,720358.0,0.1279,-13.6,0.39,Fair Market Price,Disewakan Apartement 2 Kamar. Lokasi 500 Meter Dari Universitas Indonesia,,unresolved
LST-00528,Unresolved • Margonda • 1BR Furnished (49 m²),https://www.rumah123.com/properti/depok-margonda/apartemen-siap-huni-modern-dan-cozy-apr7826284/,Depok,Jawa Barat,Margonda,"Margonda Residence, Margonda, Depok",Apartemen,4300000.0,87755.10204081633,monthly,1,1,Studio / 1BR,49.0,19.117689833962416,1.545535782398491,Stasiun KRL Depok Baru,Tier 3: Outer Commuter Ring (15-28km),0,0,0,1,0,1,0,0,0,0,1,0,-6.3804,106.830704,listing,0,https://picture.rumah123.com/r123-images/360x210-crop/customer/397291/bd4254ce1399fe14327bd45f97e2c8a9.jpg,"Apartemen 1 BR dengan luas gross 49 m2, lantai parkit, 2 AC, water heater, springbed queen, sofa bed, dining table, kitchen set kering dan basah. h...",6477810.0,-2177810.0,-0.4098,33.6,-1.25,Good Deal (Undervalued),"Apartemen Siap Huni, Modern dan Cozy",,unresolved
LST-00529,Podomoro Golf View • 2BR Full Furnished (50 m²),https://www.rumah123.com/properti/depok-cimanggis/disewakan-apartemen-di-podomoro-golf-view-apr7819083/,Depok,Jawa Barat,Cimanggis,"Podomoro Golf View Cimanggis, Cimanggis, Depok",Apartemen,3750000.0,75000.0,yearly,2,1,2 Bedroom,50.0,21.813847711201102,7.593995502776035,Stasiun KRL Depok Baru,Tier 3: Outer Commuter Ring (15-28km),1,0,0,0,0,0,0,0,0,0,0,0,-6.39199,106.890617,listing,0,https://picture.rumah123.com/r123-images/360x210-crop/customer/1710612/464bdc28a88ab6c1f5742bc3531b2260.jpg,Disewakan apartemen di Podomoro Golf View   2 bedroom  Full furnished  Harga sewa 45 JT  Deposit 5 JT   IPL bayar per 3 bulan Rp 1.296.000,6232776.0,-2482776.0,-0.5081,39.8,-1.56,Deep Value Deal (Rare Find),Disewakan Apartemen di Podomoro Golf View,Podomoro Golf View,exact
LST-00530,Margonda Residence • Studio Furnished (20 m²),https://www.rumah123.com/properti/depok-margonda/margonda-residence-1-mares-1-dekat-ui-apr7413070/,Depok,Jawa Barat,Margonda,"Margonda Residence 1, Margonda, Depok",Apartemen,1500000.0,75000.0,monthly,0,1,Studio / 1BR,20.0,19.117689833962416,1.545535782398491,Stasiun KRL Depok Baru,Tier 3: Outer Commuter Ring (15-28km),0,0,0,0,0,0,0,0,0,0,0,0,-6.3804,106.830704,listing,0,https://picture.rumah123.com/r123-images/360x210-crop/customer/1854562/019109fcf1a5eef4613952061ccf49b5.jpg,"Disewakan Unit Apartemen Margonda Residence 1 *Harga Sewa 1,5 Juta/bln* (AO) Jl.Margonda Raya, Depok. Dekat Kampus UI Depok, Univ.Gunadarma, Mall M...",1928592.0,-428592.0,-0.2513,22.2,-0.77,Good Deal (Undervalued),Margonda Residence 1 Mares 1 Dekat Ui,Margonda Residence,exact
LST-00531,Margonda Residence • Studio Furnished (24 m²),https://www.rumah123.com/properti/depok-margonda/margonda-residence-2-1-tahun-furnished-apr3307707/,Depok,Jawa Barat,Margonda,"Margonda Residence 2, Margonda, Depok",Apartemen,2000000.0,83333.33333333333,yearly,0,1,Studio / 1BR,24.0,19.117689833962416,1.545535782398491,Stasiun KRL Depok Baru,Tier 3: Outer Commuter Ring (15-28km),0,0,0,0,0,0,0,0,0,0,0,0,-6.3804,106.830704,listing,0,https://picture.rumah123.com/r123-images/360x210-crop/customer/1854562/caebee060f302ce9c0c4831256d1dc77.jpg,"Disewakan unit Apartemen Margonda Residence 2 *Harga Sewa 24 Juta/thn* Jl.Margonda Raya kav 462 Depok. Dekat Kampus UI, Univ.Gunadarma dan akses st...",3907180.0,-1907180.0,-0.6697,48.8,-2.05,Deep Value Deal (Rare Find),Margonda Residence 2 1 Tahun Furnished,Margonda Residence,exact
LST-00532,Unresolved • Margonda • Studio Furnished (25 m²),https://www.rumah123.com/properti/depok-margonda/disewakan-unit-studio-lokasi-dekat-kampus-ui-strategis-apr7357056/,Depok,Jawa Barat,Margonda,"Margonda Residence, Margonda, Depok",Apartemen,4000000.0,160000.0,monthly,1,1,Studio / 1BR,25.0,19.117689833962416,1.545535782398491,Stasiun KRL Depok Baru,Tier 3: Outer Commuter Ring (15-28km),0,0,0,0,0,0,0,0,0,0,0,0,-6.3804,106.830704,listing,0,https://picture.rumah123.com/r123-images/360x210-crop/customer/1870971/00b9f5d5f3b21a9851964214484b78ac.jpg,"Apartemen di Margonda, Depok.  For rent di wilayah yang tenang. Dengan spesifikasinya adalah sebagai berikut:   - Kamar Tidur: 1   - Kamar Mandi: 1...",7200858.0,-3200858.0,-0.5879,44.5,-1.8,Deep Value Deal (Rare Find),Disewakan Unit Studio Lokasi Dekat Kampus Ui Strategis ,,unresolved
LST-00533,Samesta Mahata Margonda • 1BR Full Furnished (36 m²),https://www.rumah123.com/properti/depok-margonda/disewakan-apartment-1bedroom-fully-furnished-samesta-mahata-margonda-depok-apr7842566/,Depok,Jawa Barat,Margonda,"Samesta Mahata Margonda Depok, Margonda, Depok",Apartemen,3916666.6666666665,108796.29629629628,yearly,1,1,Studio / 1BR,36.0,18.454229924783714,2.2200289577268,Stasiun KRL Depok Baru,Tier 3: Outer Commuter Ring (15-28km),1,0,0,0,0,0,0,0,0,0,0,0,-6.374291,106.832582,listing,0,https://picture.rumah123.com/r123-images/360x210-crop/customer/1296291/75be17f57616c078af5db2c91f84b5c8.jpg,"For Rent  Apartemen Samesta Mahata margonda Depok, Jawa Barat  Detail: Tower P Level 18 Size 36 m2 1 Bedroom & 1 Bathroom Brand New Furnished  Full...",6187811.0,-2271144.333333333,-0.4573,36.7,-1.4,Good Deal (Undervalued),Disewakan Apartment 1Bedroom Fully Furnished Samesta Mahata Margonda Depok,Samesta Mahata Margonda,exact
LST-00534,Unresolved • Kukusan • Studio Furnished (22 m²),https://www.rumah123.com/properti/depok-kukusan/dave-apartement-dekat-ui-apr7743195/,Depok,Jawa Barat,Kukusan,"Dave Apartment Kukusan Depok, Kukusan, Depok",Apartemen,1700000.0,77272.72727272728,monthly,0,1,Studio / 1BR,22.0,17.130980562557518,3.152389513761235,Stasiun KRL Depok Baru,Tier 3: Outer Commuter Ring (15-28km),0,0,0,0,0,0,0,0,0,0,0,0,-6.36285,106.821983,listing,0,https://picture.rumah123.com/r123-images/360x210-crop/customer/4486561/listing/apr7743195/enhanced/a449808fedf6757569b4a789322376a0.jpg,"Apartemen 6 lantai di Kukusan, Depok.  For rent di wilayah yang tenang. Dengan spesifikasinya adalah sebagai berikut:   - Kamar Mandi: 1   - Sertif...",2702010.0,-1002010.0,-0.4634,37.1,-1.42,Good Deal (Undervalued),Dave Apartement Dekat Ui,,unresolved
LST-00535,Margonda Residence • Studio Furnished (21 m²),https://www.rumah123.com/properti/depok-margonda/apartemen-margonda-residence-4-studio-furnished-bagus-apr3204710/,Depok,Jawa Barat,Margonda,"Margonda Residence 4, Margonda, Depok",Apartemen,1700000.0,80952.38095238095,monthly,1,1,Studio / 1BR,21.0,19.11766248082608,1.5452575771045955,Stasiun KRL Depok Baru,Tier 3: Outer Commuter Ring (15-28km),0,0,0,0,0,0,0,0,0,0,0,0,-6.3804,106.8307,listing,0,https://picture.rumah123.com/r123-images/360x210-crop/customer/14065/6a98dc10ac9a7d71e5c95d5e9434a44f.jpg,"Disewakan 1 unit kamar di  apartment Margonda Residence 4 Jl. Margonda, Depok   Apartemen berada di kawasan mall D'MALL.  Mall yang lengkap deng...",2072655.0,-372655.0,-0.1982,18.0,-0.61,Fair Market Price,"Apartemen Margonda Residence 4, Studio, Furnished Bagus",Margonda Residence,exact
LST-00536,Unresolved • Cimanggis • Studio Furnished (20 m²),https://www.rumah123.com/properti/depok-cimanggis/sewa-bulanan-apartemen-gratis-lake-view-cimanggis-depok-apr7794335/,Depok,Jawa Barat,Cimanggis,"Green Lake View Ciputat, Cimanggis, Depok",Apartemen,1500000.0,75000.0,monthly,0,1,Studio / 1BR,20.0,21.813847711201102,7.593995502776035,Stasiun KRL Depok Baru,Tier 3: Outer Commuter Ring (15-28km),0,0,0,0,0,0,0,0,0,0,0,0,-6.39199,106.890617,listing,0,https://picture.rumah123.com/r123-images/360x210-crop/customer/1969139/dfd8861a4a4e78afab0c77d21556e032.jpg,"APARTEMEN GREEN LAKE VIEW DEPOK   HARGA PROMO UNTUK MAHASISWA 1.5jt perbulan (deposit 1,5jt ) Belum include IPL, listrik dan air listrik dan air se...",1964575.0,-464575.0,-0.2698,23.6,-0.83,Good Deal (Undervalued),Sewa Bulanan Apartemen Gratis Lake View Cimanggis Depok,,unresolved
LST-00537,Cinere Resort • Studio Full Furnished (21 m²),https://www.rumah123.com/properti/depok-cinere/unit-sewa-studio-full-furnished-cinere-resort-apr7751632/,Depok,Jawa Barat,Cinere,"Cinere Resort Apartment, Cinere, Depok",Apartemen,2500000.0,119047.61904761904,yearly,0,1,Studio / 1BR,21.0,20.17881143743289,0.9049734048211204,Stasiun KRL Depok Baru,Tier 3: Outer Commuter Ring (15-28km),1,0,0,0,0,0,0,0,0,0,0,0,-6.39,106.83,listing,0,https://picture.rumah123.com/r123-images/360x210-crop/customer/1966165/listing/apr7751632/enhanced/5d8ea0b0021b6a312b34df82d6a247b7.jpg,Disewakan Apartemen Cinere Resort Full Furnish  Lokasi strategis. 7 menit Pintu Tol Brigif. 1 menit ke Superindo. Dekat KEMENKUMHAM Corporate Unive...,3262148.0,-762148.0,-0.2661,23.4,-0.81,Good Deal (Undervalued),Unit Sewa Studio Full Furnished Cinere Resort,Cinere Resort,exact
LST-00538,Unresolved • Beji • Studio Full Furnished (25 m²),https://www.rumah123.com/properti/depok-beji/disewakan-unit-apstudio-dekat-uii-depok-apr3590787/,Depok,Jawa Barat,Beji,"Taman Melati Margonda, Beji, Depok",Apartemen,4000000.0,160000.0,monthly,1,0,Studio / 1BR,25.0,17.972235569283374,2.360967230794268,Stasiun KRL Depok Baru,Tier 3: Outer Commuter Ring (15-28km),1,0,0,0,0,0,0,0,0,0,0,0,-6.37041,106.81756,listing,0,https://picture.rumah123.com/r123-images/360x210-crop/customer/1870971/963d581db15767a5cd1fcee25585f2e5.jpg,Disewakan minum 3 bulan unit studio fully furnished  200 m dari Universitas Indonesia 1 km dari Margocity mall 1 km dari Universitas Gunadarma 200 ...,11828866.0,-7828866.0,-1.0842,66.2,-3.32,Deep Value Deal (Rare Find),Disewakan Unit Apstudio Dekat Uii Depok,,unresolved
LST-00539,Unresolved • Cinere • 2BR Furnished (41 m²),https://www.rumah123.com/properti/depok-cinere/sewa-apartemen-2-bedroom-dekat-mrt-lebak-bulus-apr7741213/,Depok,Jawa Barat,Cinere,"Cinere Bellevue Suites, Cinere, Depok",Apartemen,3500000.0,85365.85365853658,yearly,2,1,2 Bedroom,41.0,20.17881143743289,0.9049734048211204,Stasiun KRL Depok Baru,Tier 3: Outer Commuter Ring (15-28km),0,0,0,0,0,0,0,0,1,0,0,0,-6.39,106.83,listing,0,https://picture.rumah123.com/r123-images/360x210-crop/customer/1966165/listing/apr7741213/enhanced/4b99c398b4433f445dcf4b66b791350e.jpg,DISEWAKAN UNIT 2 BEDROOM APARTEMEN CINERE BELLEVUE SUITES  Lokasi sangat strategis. 15 menit MRT Lebak Bulus. 1 menit ke RS Jantung Diagram Siloam ...,3844025.0,-344025.0,-0.0938,8.9,-0.29,Fair Market Price,Sewa Apartemen 2 Bedroom Dekat MRT Lebak Bulus,,unresolved
LST-00540,Park View Depok • Studio Furnished (32 m²),https://www.rumah123.com/properti/depok-margonda/apartemen-bagus-di-park-view-detos-margonda-depok-furnished-bagus-apr7811057/,Depok,Jawa Barat,Margonda,"Park View Condominium Detos Margonda, Margonda, Depok",Apartemen,3400000.0,106250.0,monthly,0,1,Studio / 1BR,32.0,19.117689833962416,1.545535782398491,Stasiun KRL Depok Baru,Tier 3: Outer Commuter Ring (15-28km),0,0,0,0,0,0,0,0,0,0,0,0,-6.3804,106.830704,listing,0,https://picture.rumah123.com/r123-images/360x210-crop/customer/14065/69f763af806f82dc1cb5424ad102c275.jpg,"Disewakan 1 unit kamar di apartemen  Parkview DETOS, jln. Margonda, Depok.  Type: studio  Lantai: 12 View : hadap jl Margonda Depok/ Margocity  Lua...",3447749.0,-47749.0,-0.0139,1.4,-0.04,Fair Market Price,"Apartemen Bagus di Park View Detos Margonda Depok, Furnished Bagus",Park View Depok,exact
LST-00541,Transpark Cibubur • 2BR Furnished (45 m²),https://www.rumah123.com/properti/depok-cimanggis/1-unit-apartemen-di-transpark-cibubur-cimanggis-depok-apr7805931/,Depok,Jawa Barat,Cimanggis,"Transpark Cibubur, Cimanggis, Depok",Apartemen,5833333.333333333,129629.62962962962,yearly,2,1,2 Bedroom,45.0,20.637045695477685,9.163046361125671,Stasiun KRL Depok Baru,Tier 3: Outer Commuter Ring (15-28km),0,0,0,0,0,0,0,0,0,0,0,0,-6.374954,106.9031919,listing,0,https://picture.rumah123.com/r123-images/360x210-crop/customer/2151158/cfacdf9a8b094721234496a3daf59d76.jpg,Disewakan 1 Unit Apartemen Di Transpark Cibubur Cimanggis Depok  Luas Bangunan = 45 m2 Kamar Tidur = 2 Kamar Mandi = 1 Lantai Unit = 26 Orientasi/H...,5239612.0,593721.333333333,0.1073,-11.3,0.33,Fair Market Price,Disewakan 1 Unit Apartemen di Transpark Cibubur Cimanggis Depok,Transpark Cibubur,exact
LST-00542,Cinere Bellevue • Studio Full Furnished (41 m²),https://www.rumah123.com/properti/depok-cinere/disewakan-unit-apartment-cinere-bellevue-fully-furnished-apr7711650/,Depok,Jawa Barat,Cinere,"Cinere Bellevue Suites, Cinere, Depok",Apartemen,4500000.0,109756.0975609756,monthly,0,0,Studio / 1BR,41.0,20.17881143743289,0.9049734048211204,Stasiun KRL Depok Baru,Tier 3: Outer Commuter Ring (15-28km),1,0,0,0,0,0,0,0,0,0,0,0,-6.39,106.83,listing,0,https://picture.rumah123.com/r123-images/360x210-crop/customer/2002794/fad9f4199d434a2324dcf0c778cd801d.jpg,DISEWAKAN - APARTEMEN Cinere Bellevue Suites - Tower A  Diperuntukan bagi mereka yg menyukai ruangan yg luas dan nyaman  Spec : - Luas 41 sqm  - 2B...,5043537.0,-543537.0,-0.114,10.8,-0.35,Fair Market Price,Disewakan Unit Apartment Cinere Bellevue Fully Furnished,Cinere Bellevue,exact
LST-00543,Transpark Cibubur • 2BR Furnished (48 m²),https://www.rumah123.com/properti/depok-cimanggis/apartemen-di-hoek-2-kamar-tidur-furnished-bagus-transpark-cibubur-apr7305190/,Depok,Jawa Barat,Cimanggis,"Transpark Cibubur, Cimanggis, Depok",Apartemen,4166666.6666666665,86805.55555555555,yearly,2,1,2 Bedroom,48.0,21.813847711201102,7.593995502776035,Stasiun KRL Depok Baru,Tier 3: Outer Commuter Ring (15-28km),0,0,0,0,0,0,0,0,0,0,0,0,-6.39199,106.890617,listing,0,https://picture.rumah123.com/r123-images/360x210-crop/customer/2091017/a20be3edce29ae5f6fd9dd1b1abb4564.jpg,"Kesempatan terbatas buat Anda dapatkan apartemen strategis dengan return investasi tinggi di Cimanggis, Depok.  Apartemen ini menawarkan kelengkapa...",5359059.0,-1192392.3333333335,-0.2517,22.3,-0.77,Good Deal (Undervalued),Apartemen di Hoek 2 Kamar Tidur Furnished Bagus Transpark Cibubur,Transpark Cibubur,exact
LST-00544,Unresolved • Margonda • 1BR Full Furnished (24 m²),https://www.rumah123.com/properti/depok-margonda/apartemen-full-furnish-sangat-cocok-untuk-generasi-milenial-dan-cocok-untuk-investasi-apr3598780/,Depok,Jawa Barat,Margonda,"Margonda Residence, Margonda, Depok",Apartemen,24166666.666666668,1006944.4444444444,yearly,1,1,Studio / 1BR,24.0,19.117689833962416,1.545535782398491,Stasiun KRL Depok Baru,Tier 3: Outer Commuter Ring (15-28km),1,0,0,0,0,0,0,0,0,0,0,0,-6.3804,106.830704,subdistrict_centroid,1,https://picture.rumah123.com/r123-images/360x210-crop/customer/1556223/68ccf93944047c29cd4686cf12e8507f.jpg,"Apartment For Rent Depok MARGONDA RESIDENCE Full Furnish Sangat Cocok Untuk generasi Milenial Dan Cocok Untuk Investasi Lokasi Sangat Strategis Se...",13681124.0,10485542.666666668,0.569,-76.6,1.74,Overpriced / Luxury Tag,APARTEMEN FULL FURNISH SANGAT COCOK UNTUK GENERASI MILENIAL DAN COCOK UNTUK INVESTASI,,unresolved
LST-00545,Unresolved • Cimanggis • 1BR Furnished (21 m²),https://www.rumah123.com/properti/depok-cimanggis/apartemen-furnished-murah-nempel-gerbang-tol-cimanggis-apr3497829/,Depok,Jawa Barat,Cimanggis,"Podomoro Golf View Cimanggis, Cimanggis, Depok",Apartemen,2500000.0,119047.61904761904,yearly,1,1,Studio / 1BR,21.0,21.813966346473965,7.594326991898986,Stasiun KRL Depok Baru,Tier 3: Outer Commuter Ring (15-28km),0,0,0,0,0,0,0,0,0,0,0,0,-6.39199,106.89062,listing,0,https://picture.rumah123.com/r123-images/360x210-crop/customer/1143311/ce9ecc5d6609aa6e18f5a678cf55e318.jpg,Lokasinya yang strategis dan nyaman lingkungan dekat dengan areal komersial lengkap fasilitasnya dekat gerbang tol Cimanggis dan langsung ada stasi...,2162905.0,337095.0,0.1448,-15.6,0.44,Fair Market Price,Apartemen Furnished Murah Nempel Gerbang Tol Cimanggis ,,unresolved
LST-00546,Cinere Bellevue Tower A • 1BR Furnished (42 m²),https://www.rumah123.com/properti/depok-cinere/disewakan-apartemen-cinere-bellevue-tower-a-lantai-9-apr7385962/,Depok,Jawa Barat,Cinere,"Cinere Bellevue Suites, Cinere, Depok",Apartemen,5000000.0,119047.61904761904,yearly,1,1,Studio / 1BR,42.0,14.553202015811204,4.909428178482895,Stasiun MRT Lebak Bulus,Tier 2: Inner Ring Metro (7-15km),0,0,0,0,0,0,0,0,0,0,0,0,-6.33298,106.778412,listing,0,https://picture.rumah123.com/r123-images/360x210-crop/customer/1425980/9f6cd1a2dcf20a2540c3f7192567e6d2.jpg,"Apartemen Cinere Bellevue adalah apartemen dengan lokasi terdepan di cinere, hanya 3 menit menuju lebak bulus jakarta selatan. Bagi anda yang sedan...",6172990.0,-1172990.0,-0.2107,19.0,-0.65,Fair Market Price,Disewakan Apartemen Cinere Bellevue Tower A Lantai 9,Cinere Bellevue,exact
LST-00547,Green Lake View Depok • Studio Furnished (20 m²),https://www.rumah123.com/properti/depok-margonda/sewa-bulanan-apartemen-green-lake-view-cimanggis-depok-apr7783172/,Depok,Jawa Barat,Margonda,"Green Lake View Ciputat, Margonda, Depok",Apartemen,1600000.0,80000.0,monthly,0,1,Studio / 1BR,20.0,19.117689833962416,1.545535782398491,Stasiun KRL Depok Baru,Tier 3: Outer Commuter Ring (15-28km),0,0,0,0,0,0,0,0,0,0,0,0,-6.3804,106.830704,listing,0,https://picture.rumah123.com/r123-images/360x210-crop/customer/1969139/7665f8ffc98ed8de598c4d4379368e4c.jpg,"APARTEMEN GREEN LAKE VIEW DEPOK   HARGA PROMO UNTUK MAHASISWA 1.5jt perbulan (deposit 1,5jt ) Belum include IPL, listrik dan air listrik dan air se...",1762648.0,-162648.0,-0.0968,9.2,-0.3,Fair Market Price,Sewa Bulanan Apartemen Green Lake View Cimanggis Depok,Green Lake View Depok,exact
LST-00548,Unresolved • Cimanggis Tower Balsa Golf View • 2BR Furnished (36 m²),https://www.rumah123.com/properti/depok-cimanggis/disewakan-apartemen-2-bedroom-furnishedpodomoro-golf-view-cimanggis-tower-balsa-apr7813826/,Depok,Jawa Barat,Cimanggis,"Podomoro Golf View Cimanggis, Cimanggis, Depok",Apartemen,4166666.6666666665,115740.74074074072,yearly,2,1,2 Bedroom,36.0,21.813847711201102,7.593995502776035,Stasiun KRL Depok Baru,Tier 3: Outer Commuter Ring (15-28km),0,0,0,0,0,0,0,0,0,0,0,0,-6.39199,106.890617,listing,0,https://picture.rumah123.com/r123-images/360x210-crop/customer/4435506/897d98928c8ce75c387be9399979ad3f.jpg,030-71 / PGV  Disewakan Apartemen 2 Bedroom Furnished podomoro golf view cimanggis  Tower Balsa   Spek :  Luas 36 M² KT 2 KM 1 Lt  10 View Bouleva...,3759903.0,406763.6666666665,0.1027,-10.8,0.31,Fair Market Price,Disewakan Apartemen 2 Bedroom Furnishedpodomoro Golf View Cimanggis Tower Balsa,,unresolved
LST-00549,Park View Depok • 1BR Furnished (38 m²),https://www.rumah123.com/properti/depok-margonda/apartemen-park-view-depok-bagus-furnished-apr3405768/,Depok,Jawa Barat,Margonda,"Park View Condominium Detos Margonda, Margonda, Depok",Apartemen,3300000.0,86842.1052631579,monthly,1,1,Studio / 1BR,38.0,19.11766248082608,1.5452575771045955,Stasiun KRL Depok Baru,Tier 3: Outer Commuter Ring (15-28km),0,0,0,0,0,0,0,0,0,0,0,0,-6.3804,106.8307,listing,0,https://picture.rumah123.com/r123-images/360x210-crop/customer/14065/2496dad7ac631ddbb9c82a0d0b580b0c.jpg,"Disewakan 1 unit kamar di apartemen  Parkview DETOS, jln. Margonda, Depok.  Type: studio  Luas : 38 m2 Hrg sewa Rp. 3.300.000/bulan Deposit : 3 jt....",3716518.0,-416518.0,-0.1189,11.2,-0.36,Fair Market Price,Apartemen Park View Depok Bagus Furnished,Park View Depok,exact
LST-00550,Evenciio Margonda • 1BR Full Furnished (25 m²),https://www.rumah123.com/properti/depok-margonda/apartemen-evencio-margonda-depok-full-furnished-apr7723214/,Depok,Jawa Barat,Margonda,"Evenciio Margonda Apartment, Margonda, Depok",Apartemen,45000000.0,1800000.0,yearly,1,1,Studio / 1BR,25.0,19.117689833962416,1.545535782398491,Stasiun KRL Depok Baru,Tier 3: Outer Commuter Ring (15-28km),1,0,0,0,0,0,0,0,0,0,0,0,-6.3804,106.830704,subdistrict_centroid,1,https://picture.rumah123.com/r123-images/360x210-crop/customer/1865967/494d86242b5abff9665d825dcfeff8d0.jpg,"Disewakan Hunian modern dengan tipe Studio yang nyaman dan siap huni, berlokasi strategis di kawasan Margonda, Depok. Cocok untuk mahasiswa, profes...",10555327.0,34444673.0,1.45,-326.3,4.44,Overpriced / Luxury Tag,"Apartemen Evencio Margonda, Depok Full Furnished",Evenciio Margonda,fuzzy
LST-00551,Unresolved • Cinere • 1BR Furnished (21 m²),https://www.rumah123.com/properti/depok-cinere/apartement-nyaman-dan-tenang-diatas-mall-apr3221986/,Depok,Jawa Barat,Cinere,"Cinere Bellevue Suites, Cinere, Depok",Apartemen,9000000.0,428571.4285714286,daily,1,1,Studio / 1BR,21.0,14.55327184000032,4.90940871691047,Stasiun MRT Lebak Bulus,Tier 2: Inner Ring Metro (7-15km),0,0,0,0,0,0,0,0,0,0,0,0,-6.33298,106.77841,listing,0,https://picture.rumah123.com/r123-images/360x210-crop/customer/50195/2024-03-01-13-11-20-2bfb62aa-0961-44b8-8834-6be5728b8935.jpg,Disewakan/dijual  Apartement cinere bellevue  Luas 21 m2  Unit studio  Lantai 2  View taman  sewa harian 300 ribu  Disewakan 3 juta/bulan exclude l...,2449389.0,6550611.0,1.3014,-267.4,3.98,Overpriced / Luxury Tag,Apartement nyaman dan tenang diatas mall,,unresolved
LST-00552,Unresolved • Margonda • Studio Furnished (24 m²),https://www.rumah123.com/properti/depok-margonda/apartemen-bagus-dekat-universitas-indonesia-depok-apr7690031/,Depok,Jawa Barat,Margonda,"Margonda Residence, Margonda, Depok",Apartemen,3000000.0,125000.0,yearly,0,1,Studio / 1BR,24.0,20.17881143743289,0.9049734048211204,Stasiun KRL Depok Baru,Tier 3: Outer Commuter Ring (15-28km),0,0,0,0,0,0,0,0,0,0,0,0,-6.39,106.83,listing,0,https://picture.rumah123.com/r123-images/360x210-crop/customer/986272/listing/apr7690031/enhanced/775a88bf2e022b1d89493e9ca9b46032.jpg,DISEWAKAN APARTMENT BAGUS STRATEGIS DEKAT UNIVERSITAS INDONESIA   SELLING POINT  - Hanya 10 Menit kestasiun Pondok China  -Hanya 3 menit ke Depok T...,2866413.0,133587.0,0.0456,-4.7,0.14,Fair Market Price,Apartemen Bagus Dekat Universitas Indonesia Depok,,unresolved
LST-00553,Unresolved • Cimanggis • Studio Full Furnished (22 m²),https://www.rumah123.com/properti/depok-cimanggis/disewa-apartemen-full-furnish-siap-huni-dekat-akses-tol-apr7673833/,Depok,Jawa Barat,Cimanggis,"Podomoro Golf View Cimanggis, Cimanggis, Depok",Apartemen,2916666.6666666665,132575.75757575757,yearly,0,1,Studio / 1BR,22.0,21.813847711201102,7.593995502776035,Stasiun KRL Depok Baru,Tier 3: Outer Commuter Ring (15-28km),1,0,0,1,0,0,0,0,0,0,0,0,-6.39199,106.890617,listing,0,https://picture.rumah123.com/r123-images/360x210-crop/customer/1485060/listing/apr7673833/enhanced/438e4629ca8dc1584d3f81bfd3d1f911.jpg,"Disewa cepat Apartemen cozy, Full Furnish , dekat akses tol Cimanggis. Spesifikasi * LB : 22 m2 * Type : Studio * Kamar mandi : 1 * AC : 1 * Full F...",2396427.0,520239.6666666665,0.1965,-21.7,0.6,Fair Market Price,"Disewa Apartemen Full Furnish, Siap Huni, Dekat Akses Tol",,unresolved
LST-00554,Margonda Residence • Studio Furnished (25 m²),https://www.rumah123.com/properti/depok-margonda/disewakan-apartemen-margonda-residence-3-dekat-stasiun-depok-dan-universitas-indonesia-apr7665643/,Depok,Jawa Barat,Margonda,"Margonda Residence 3, Margonda, Depok",Apartemen,2500000.0,100000.0,yearly,0,1,Studio / 1BR,25.0,19.117689833962416,1.545535782398491,Stasiun KRL Depok Baru,Tier 3: Outer Commuter Ring (15-28km),0,0,0,0,0,0,0,0,1,0,0,0,-6.3804,106.830704,listing,0,https://picture.rumah123.com/r123-images/360x210-crop/customer/4357074/listing/apr7665643/enhanced/dab75ef7be686a8dca21418959e298e7.jpg,Apartemen  margonda residence  3 Dmall   lt 15 Jalan Margonda Raya Depok   Spesifikasi: type studio  luas 25 m2  Shmrs  Furnished   Harga jual  300...,4517536.0,-2017536.0,-0.5917,44.7,-1.81,Deep Value Deal (Rare Find),Disewakan Apartemen Margonda Residence 3 Dekat Stasiun Depok dan Universitas Indonesia,Margonda Residence,exact
LST-00555,Samesta Mahata Margonda • 1BR Full Furnished (36 m²),https://www.rumah123.com/properti/depok-margonda/apartemen-1br-full-furnish-di-mahata-margonda-depok-apr7658408/,Depok,Jawa Barat,Margonda,"Samesta Mahata Margonda Depok, Margonda, Depok",Apartemen,7000000.0,194444.44444444444,monthly,1,1,Studio / 1BR,36.0,19.117689833962416,1.545535782398491,Stasiun KRL Depok Baru,Tier 3: Outer Commuter Ring (15-28km),1,0,0,0,0,1,0,0,0,0,0,0,-6.3804,106.830704,listing,0,https://picture.rumah123.com/r123-images/360x210-crop/customer/1726478/c1c9a9152ea0102e576d16b44492fb16.jpg,APARTEMEN DI MAHATA MARGONDA DEPOK  Type 1BR Lantai granit motif marmer ukuran 120 x 60 Sewa 7jt/bln include IPL  full furnish: -Waterheater (Arist...,9839172.0,-2839172.0,-0.3405,28.9,-1.04,Good Deal (Undervalued),Apartemen 1Br Full Furnish di Mahata Margonda Depok,Samesta Mahata Margonda,exact
LST-00556,Unresolved • Cimanggis • 1BR Furnished (21 m²),https://www.rumah123.com/properti/depok-cimanggis/disewakan-apartemen-pgv-cimanggis-apr7651357/,Depok,Jawa Barat,Cimanggis,"Podomoro Golf View Cimanggis, Cimanggis, Depok",Apartemen,2000000.0,95238.09523809524,yearly,1,1,Studio / 1BR,21.0,21.813847711201102,7.593995502776035,Stasiun KRL Depok Baru,Tier 3: Outer Commuter Ring (15-28km),0,0,0,0,0,0,1,0,0,0,0,0,-6.39199,106.890617,subdistrict_centroid,1,https://picture.rumah123.com/r123-images/360x210-crop/customer/2104358/4691cfff45ea63a530816623ef9307fa.jpg,Disewakan Apartemen PGV Cimanggis  - Tower Dahoma - LT 8 - Type Studio - LB 21m - Listrik 1300kw   FASILITAS LENGKAP - Kolam renang - Area komersia...,2273025.0,-273025.0,-0.128,12.0,-0.39,Fair Market Price,Disewakan Apartemen Pgv Cimanggis,,unresolved
LST-00557,Cinere Resort • Studio Full Furnished (22 m²),https://www.rumah123.com/properti/depok-gandul/disewa-kan-apartement-cinere-resort-type-studio-5-menit-dari-sekolah-kemenkumham-gandul-murah-full-furnished-minimal-apr2960354/,Depok,Jawa Barat,Gandul,"Cinere Resort Apartment, Gandul, Depok",Apartemen,3700000.0,168181.81818181818,monthly,1,1,Studio / 1BR,22.0,14.233201589717488,5.429103781144382,Stasiun MRT Lebak Bulus,Tier 2: Inner Ring Metro (7-15km),1,0,0,0,0,0,0,0,0,0,0,0,-6.33405,106.79344,listing,0,https://picture.rumah123.com/r123-images/360x210-crop/customer/143247/2023-07-25-07-44-49-6cb8e907-37b2-4479-8d61-67ba8d025031.jpg,"Disewa kan apartemen cinere resort type studio,hanya tiga juta tujuh ratus ribu rupiah.akses dekat kemana mana pintu tol brigif hanya 1 km,dan ke c...",4903334.0,-1203334.0,-0.2816,24.5,-0.86,Good Deal (Undervalued),Disewa kan apartement cinere resort type studio 5 menit dari sekolah kemenkumham gandul murah full furnished minimal sewa 6 bulan,Cinere Resort,exact
LST-00558,Unresolved • Beji • Studio Furnished (25 m²),https://www.rumah123.com/properti/depok-beji/disewakan-dan-dijual-studio-apartemen-dekat-ui-full-funiture-apr7282125/,Depok,Jawa Barat,Beji,"Taman Melati Margonda, Beji, Depok",Apartemen,4000000.0,160000.0,monthly,0,0,Studio / 1BR,25.0,17.972235569283374,2.360967230794268,Stasiun KRL Depok Baru,Tier 3: Outer Commuter Ring (15-28km),0,0,0,0,0,0,0,0,0,0,0,0,-6.37041,106.81756,listing,0,https://picture.rumah123.com/r123-images/360x210-crop/customer/1870971/948e794ded9bc476454956b768457056.jpg,"Apartemen di Beji.  Temukan apartemen yang nyaman ini,  disewakan menghadirkan lingkungan fasilitas yang lengkap, cocok untuk Anda yang menginginka...",2937454.0,1062546.0,0.3088,-36.2,0.95,Premium / High Price,Disewakan Dan Dijual Studio Apartemen Dekat Ui Full Funiture,,unresolved
LST-00559,Unresolved • Cimanggis Tower Baru • 2BR Full Furnished (36 m²),https://www.rumah123.com/properti/depok-cimanggis/sewa-apartemen-2-br-furnished-siap-masuk-tower-baru-view-boulevard-apr7806808/,Depok,Jawa Barat,Cimanggis,"Podomoro Golf View Cimanggis, Cimanggis, Depok",Apartemen,5833333.333333333,162037.03703703702,yearly,2,1,2 Bedroom,36.0,21.813847711201102,7.593995502776035,Stasiun KRL Depok Baru,Tier 3: Outer Commuter Ring (15-28km),1,0,0,0,0,0,0,0,0,0,0,0,-6.39199,106.890617,listing,0,https://picture.rumah123.com/r123-images/360x210-crop/customer/1896109/3f5b04da5893156d811c84dd32a27e8b.jpg,018-124 /podomoro  Dijual /sewa  Apartemen 2 Bedroom Fully Furnish  New Ekki tower at podomoro golf view cimanggis  Akses exit tol Cimanggis  ada a...,4250251.0,1583082.333333333,0.3166,-37.2,0.97,Premium / High Price,Sewa Apartemen 2 Br Furnished Siap Masuk Tower Baru View Boulevard,,unresolved
LST-00560,Podomoro Golf View • Studio Furnished (21 m²),https://www.rumah123.com/properti/depok-cimanggis/apartemen-podomoro-golf-view-studio-lt-21-di-cimanggis-bogor-apr7387675/,Depok,Jawa Barat,Cimanggis,"Podomoro Golf View Cimanggis, Cimanggis, Depok",Apartemen,1458333.3333333333,69444.44444444444,yearly,0,1,Studio / 1BR,21.0,21.813847711201102,7.593995502776035,Stasiun KRL Depok Baru,Tier 3: Outer Commuter Ring (15-28km),0,0,0,0,0,0,0,0,0,0,0,0,-6.39199,106.890617,listing,0,https://picture.rumah123.com/r123-images/360x210-crop/customer/28999/a0d5fa07bdc7bd426b2d76a48d17f196.jpg,"Apartemen di Cimanggis.  Temukan apartemen 21 lantai yang modern ini,  disewakan menawarkan lingkungan fasilitas yang lengkap, cocok untuk Anda yan...",2084346.0,-626012.6666666667,-0.3572,30.0,-1.09,Good Deal (Undervalued),Apartemen Podomoro Golf View Studio LT 21 di Cimanggis Bogor,Podomoro Golf View,exact
LST-00561,Unresolved • Margonda • Studio Furnished (30 m²),https://www.rumah123.com/properti/depok-margonda/disewakan-lantai-rendah-apartement-dekat-rsui-pocin-apr7812724/,Depok,Jawa Barat,Margonda,"Margonda Residence, Margonda, Depok",Apartemen,3083333.333333333,102777.77777777778,yearly,0,1,Studio / 1BR,30.0,19.117689833962416,1.545535782398491,Stasiun KRL Depok Baru,Tier 3: Outer Commuter Ring (15-28km),0,0,0,0,0,0,0,0,0,0,0,0,-6.3804,106.830704,listing,0,https://picture.rumah123.com/r123-images/360x210-crop/customer/1946150/ed2731df2cd15e8ef7b6b125bd9c4ae9.jpg,Unit studio Luas 30m² Lantai 3 Hadap margo  Harga sewa 37 juta / th,3344661.0,-261327.6666666669,-0.0814,7.8,-0.25,Fair Market Price,Disewakan Lantai Rendah Apartement Dekat Rsui Pocin,,unresolved
LST-00562,Unresolved • Cimanggis Tower Dahoma • 2BR Furnished (35 m²),https://www.rumah123.com/properti/depok-cimanggis/free-ipl-2-bedrooms-di-tower-dahoma-lt-20-19-apartemen-pgv-cimanggis-apr7812163/,Depok,Jawa Barat,Cimanggis,"Podomoro Golf View Cimanggis, Cimanggis, Depok",Apartemen,3333333.333333333,95238.09523809524,yearly,2,1,2 Bedroom,35.0,21.813847711201102,7.593995502776035,Stasiun KRL Depok Baru,Tier 3: Outer Commuter Ring (15-28km),0,0,0,0,0,0,0,0,0,0,0,0,-6.39199,106.890617,subdistrict_centroid,1,https://picture.rumah123.com/r123-images/360x210-crop/customer/866076/b1b394249843443361ed9a08bc87dcb5.jpg,"Di sewakan apartemen 2 Bed Rooms di Tower Dahoma Lt 20 #19, luas semi gross 35m2, listrik 1300 kva.  Konsep lagoon leisure terobosan dari pengemb...",3823259.0,-489925.666666667,-0.1371,12.8,-0.42,Fair Market Price,Free IPL!! 2 Bedrooms di Tower Dahoma LT 20 #19 Apartemen Pgv Cimanggis,,unresolved
LST-00563,Podomoro Golf View • 2BR Furnished (36 m²),https://www.rumah123.com/properti/depok-cimanggis/sewa-apartemen-2-bedroom-full-furrnish-di-podomoro-golf-view-cimanggis-apr7811839/,Depok,Jawa Barat,Cimanggis,"Podomoro Golf View Cimanggis, Cimanggis, Depok",Apartemen,3958333.3333333335,109953.70370370372,yearly,2,1,2 Bedroom,36.0,21.813847711201102,7.593995502776035,Stasiun KRL Depok Baru,Tier 3: Outer Commuter Ring (15-28km),0,0,0,0,0,0,0,0,0,0,0,0,-6.39199,106.890617,listing,0,https://picture.rumah123.com/r123-images/360x210-crop/customer/1896109/1fbaeb2134e9f2d7f70c9682433d8929.jpg,030-71 / PGV   Disewakan Apartemen 2 Bedroom Furnished podomoro golf view cimanggis  Tower Balsa   Spek :  Luas 36 M² KT 2 KM 1 Lt  10 View Boulev...,3968180.0,-9846.666666666511,-0.0025,0.2,-0.01,Fair Market Price,Sewa Apartemen 2 Bedroom Full Furrnish di Podomoro Golf View Cimanggis,Podomoro Golf View,exact
LST-00564,Transpark Cibubur • 2BR Furnished (45 m²),https://www.rumah123.com/properti/depok-cimanggis/1-unit-apartemen-di-transpark-cibubur-cimanggis-depok-apr7251233/,Depok,Jawa Barat,Cimanggis,"Transpark Cibubur, Cimanggis, Depok",Apartemen,5416666.666666667,120370.37037037038,yearly,2,1,2 Bedroom,45.0,20.759875514995663,9.278936203303603,Stasiun KRL Depok Baru,Tier 3: Outer Commuter Ring (15-28km),0,0,0,0,0,0,0,0,0,0,0,0,-6.375595000000001,106.9043868,listing,0,https://picture.rumah123.com/r123-images/360x210-crop/customer/1934565/9edbe858f6d06d4a6c731c540cfe1a63.jpg,"Disewakan 1 unit apartemen di transpark cibubur cimanggis depok  Luas Bangunan = 45 m2 Kamar Tidur = 2 Kamar Mandi = 1 Lantai = 21 Air = Pam...",5244819.0,171847.66666666698,0.0322,-3.3,0.1,Fair Market Price,1 UNIT APARTEMEN DI TRANSPARK CIBUBUR CIMANGGIS DEPOK,Transpark Cibubur,exact
LST-00565,Unresolved • Cimanggis • Studio Full Furnished (21 m²),https://www.rumah123.com/properti/depok-cimanggis/apartemen-full-furnish-siap-huni-dekat-tol-cimanggis-apr7803918/,Depok,Jawa Barat,Cimanggis,"Podomoro Golf View Cimanggis, Cimanggis, Depok",Apartemen,2666666.6666666665,126984.12698412698,yearly,0,1,Studio / 1BR,21.0,21.813847711201102,7.593995502776035,Stasiun KRL Depok Baru,Tier 3: Outer Commuter Ring (15-28km),1,0,0,1,0,0,0,0,0,0,0,0,-6.39199,106.890617,listing,0,https://picture.rumah123.com/r123-images/360x210-crop/customer/1485060/fadc0f99144d0929933be56a80679a14.jpg,"Sewa Cepat Apartemen Cantik, Full Furnish,  Lokasi Strategis, di Podomoro Golf View Spesifikasi : * LT : 21 m2 * Type : Studio * KM : 1 * AC : 1 un...",2612950.0,53716.66666666651,0.0203,-2.1,0.06,Fair Market Price,"Apartemen Full Furnish, Siap Huni, Dekat Tol Cimanggis",,unresolved
LST-00566,Podomoro Golf View • 1BR Furnished (21 m²),https://www.rumah123.com/properti/depok-cimanggis/disewakan-apartemen-podomoro-golf-view-cimanggis-apr7803210/,Depok,Jawa Barat,Cimanggis,"Podomoro Golf View Cimanggis, Cimanggis, Depok",Apartemen,3000000.0,142857.14285714287,monthly,1,1,Studio / 1BR,21.0,21.813847711201102,7.593995502776035,Stasiun KRL Depok Baru,Tier 3: Outer Commuter Ring (15-28km),0,0,0,0,0,0,0,0,0,0,0,1,-6.39199,106.890617,listing,0,https://picture.rumah123.com/r123-images/360x210-crop/customer/4401842/facb0922f026ab2c3e3f2f3b6514eef1.jpg,"Apartemen Podomoro Golf View   Jl. Moch Thohir, Cimanggis  - 1 Kamar Tidur - 1 Kamar Mandi - Luas 21 m² - Hadap parkiran - Furnished - SHMRSS, pro...",1778892.0,1221108.0,0.5226,-68.6,1.6,Overpriced / Luxury Tag,"Disewakan Apartemen Podomoro Golf View, Cimanggis",Podomoro Golf View,exact
LST-00567,Taman Melati Margonda • Studio Furnished (23 m²),https://www.rumah123.com/properti/depok-depok-i/apartemen-grand-taman-melati-depok-jabar-apr7654290/,Depok,Jawa Barat,Depok I,"Grand Taman Melati Margonda, Depok I, Depok",Apartemen,2500000.0,108695.65217391304,yearly,0,1,Studio / 1BR,23.0,20.00557372954168,0.5327180613396044,Stasiun KRL Depok Baru,Tier 3: Outer Commuter Ring (15-28km),0,0,0,0,0,0,0,0,0,0,0,0,-6.388701,106.817787,listing,0,https://picture.rumah123.com/r123-images/360x210-crop/customer/1813487/06aa717345419e8b0105abdf1d0f4274.jpg,"Apartemen di Depok I.  Cek segera apartemen 9 lantai yang asri ini,  disewakan menawarkan lingkungan fasilitas yang lengkap, cocok untuk Anda yang ...",1943392.0,556608.0,0.2519,-28.6,0.77,Premium / High Price,Apartemen Grand Taman Melati Depok Jabar,Taman Melati Margonda,exact
LST-00568,Evenciio Margonda • Studio Furnished (25 m²),https://www.rumah123.com/properti/depok-depok-i/apartemen-evencio-margonda-depok-apr7680532/,Depok,Jawa Barat,Depok I,"Evenciio Margonda Apartment, Depok I, Depok",Apartemen,2166666.6666666665,86666.66666666666,yearly,0,0,Studio / 1BR,25.0,20.00557372954168,0.5327180613396044,Stasiun KRL Depok Baru,Tier 3: Outer Commuter Ring (15-28km),0,0,0,0,0,0,0,0,0,0,0,0,-6.388701,106.817787,listing,0,https://picture.rumah123.com/r123-images/360x210-crop/customer/692887/listing/apr7680532/enhanced/16206b47b1829eebc16ce95d851af7d5.jpg,Disewakan Apartemen Evenciio Margonda  di Depok Luas 25 meter studio 1 kmr mandi unfurnish Harga sewa 26jt/thn,3123934.0,-957267.3333333336,-0.3659,30.6,-1.12,Good Deal (Undervalued),Apartemen Evencio Margonda Depok,Evenciio Margonda,fuzzy
LST-00569,Samesta Mahata Margonda • 1BR Furnished (40 m²),https://www.rumah123.com/properti/depok-margonda/apartemen-samesta-mahata-margonda-depok-1br-view-ui-apr7559469/,Depok,Jawa Barat,Margonda,"Samesta Mahata Margonda Depok, Margonda, Depok",Apartemen,6000000.0,150000.0,yearly,1,1,Studio / 1BR,40.0,20.17881143743289,0.9049734048211204,Stasiun KRL Depok Baru,Tier 3: Outer Commuter Ring (15-28km),0,0,0,0,0,0,0,0,0,0,0,0,-6.39,106.83,listing,0,https://picture.rumah123.com/r123-images/360x210-crop/customer/52894/55f7a724686f3ded0ecafe2fe7dd3378.jpg,For Rent  Samesta Mahata Margonda Apartment in Depok  Details: Galileo Tower High Level Size 40 sqm 1 Bedroom 1 Bathroom Smart door lock Water Heat...,3494723.0,2505277.0,0.5405,-71.7,1.65,Overpriced / Luxury Tag,Apartemen Samesta Mahata Margonda Depok 1Br View Ui,Samesta Mahata Margonda,exact
LST-00570,Podomoro Golf View • 2BR Furnished (35 m²),https://www.rumah123.com/properti/depok-cimanggis/apartemen-podomoro-golf-view-cimanggis-apr2290759/,Depok,Jawa Barat,Cimanggis,"Podomoro Golf View Cimanggis, Cimanggis, Depok",Apartemen,4166666.6666666665,119047.61904761904,yearly,2,1,2 Bedroom,35.0,21.81570272179882,7.59525060194574,Stasiun KRL Depok Baru,Tier 3: Outer Commuter Ring (15-28km),0,0,0,0,0,0,0,0,0,0,0,0,-6.3920036,106.8906282,listing,0,https://pic.rumah123.com/r123/360x210-crop/apartment/ap22/2290759/original/apr2290759-apartemen-di-sewa-di-cimanggis-depok-15962178599662.jpg,SEWA APARTEMEN Apartemen Podomoro Golf View Cimanggis Lantai 12 Kamar Tidur : 2 Kamar Mandi : 1 Harga Sewa :50 Jt / Tahun,3808006.0,358660.6666666665,0.09,-9.4,0.28,Fair Market Price,Apartemen Podomoro Golf View Cimanggis,Podomoro Golf View,exact
LST-00571,Unresolved • Cibubur • 1BR Furnished (22 m²),https://www.rumah123.com/properti/depok-cibubur/disewakan-apartemen-pinggir-jalan-alternatif-trans-park-cibubur-hanya-3-menit-ke-lrt-harjamukti-apr3563780/,Depok,Jawa Barat,Cibubur,"Transpark Cibubur, Cibubur, Depok",Apartemen,2916666.6666666665,132575.75757575757,yearly,1,1,Studio / 1BR,22.0,18.36377962780643,8.982117676463927,Stasiun KRL Depok Baru,Tier 3: Outer Commuter Ring (15-28km),0,0,0,0,0,0,0,0,1,0,0,0,-6.35611,106.895111,subdistrict_centroid,1,https://picture.rumah123.com/r123-images/360x210-crop/customer/1143311/b568cd26274c14692ab83f550d0e1749.jpg,"lokasinya yang strategis dan nyaman lingkungan nempel mall Trans park Cibubur, tol Cibubur, rumah sakit, Cibubur junction,  areal komersial lengkap...",2667249.0,249417.6666666665,0.0894,-9.4,0.27,Fair Market Price,Disewakan apartemen pinggir jalan Alternatif trans Park Cibubur hanya 3 menit ke LRT Harjamukti,,unresolved
LST-00572,Unresolved • Cibubur • 3BR Furnished (70 m²),https://www.rumah123.com/properti/depok-cibubur/disewa-apartemen-alternatif-trans-park-cibubur-hanya-3-menit-ke-lrt-harjamukti-apr3563758/,Depok,Jawa Barat,Cibubur,"Transpark Cibubur, Cibubur, Depok",Apartemen,5416666.666666667,77380.95238095238,yearly,3,2,3 Bedroom,70.0,18.36377962780643,8.982117676463927,Stasiun KRL Depok Baru,Tier 3: Outer Commuter Ring (15-28km),0,0,0,0,0,0,0,0,1,0,0,0,-6.35611,106.895111,subdistrict_centroid,1,https://picture.rumah123.com/r123-images/360x210-crop/customer/1143311/86b1081b900b3871e0ba6611f7bb7b2e.jpg,"lokasinya yang strategis dekat dengan areal komersial nempel mall Trans park Cibubur, dekat gerbang tol Cibubur, rumah sakit, LRT Harjamukti, mall ...",6627315.0,-1210648.333333333,-0.2017,18.3,-0.62,Fair Market Price,Disewa Apartemen alternatif Trans Park Cibubur hanya 3 menit ke LRT Harjamukti,,unresolved
LST-00573,Park View Depok • Studio Full Furnished (30 m²),https://www.rumah123.com/properti/depok-margonda/disewakan-apartemen-park-view-condominium-type-studio-full-furnish-apr3533382/,Depok,Jawa Barat,Margonda,"Park View Condominium Detos Margonda, Margonda, Depok",Apartemen,3000000.0,100000.0,monthly,1,1,Studio / 1BR,30.0,19.11766248082608,1.5452575771045955,Stasiun KRL Depok Baru,Tier 3: Outer Commuter Ring (15-28km),1,0,0,0,0,0,0,0,0,0,0,0,-6.3804,106.8307,listing,0,https://picture.rumah123.com/r123-images/360x210-crop/customer/2090819/b7e02f266ce4f61e3014a59d203f5d02.jpg,Detail unit :  1 Kamar Tidur yang nyaman dan fungsional 1 Kamar Mandi Kondisi: Full Furnish Harga Sewa: 3bulan : 10.625.000 6bulan : 18.750.000 12b...,8423785.0,-5423785.0,-1.0324,64.4,-3.16,Deep Value Deal (Rare Find),"Disewakan Apartemen Park View Condominium, Type Studio, Full Furnish",Park View Depok,exact
LST-00574,Margonda Residence • Studio Unfurnished (16 m²),https://www.rumah123.com/properti/depok-beji/studio-furnished-and-unfurnished-apartemen-margonda-residence-3-apr3455295/,Depok,Jawa Barat,Beji,"Margonda Residence 3, Beji, Depok",Apartemen,2000000.0,125000.0,monthly,1,1,Studio / 1BR,16.0,19.807363534804395,0.7238455265934781,Stasiun KRL Depok Baru,Tier 3: Outer Commuter Ring (15-28km),0,0,1,1,0,0,0,0,0,0,1,0,-6.386806134537719,106.82673315483092,listing,0,https://picture.rumah123.com/r123-images/360x210-crop/customer/1228541/5cb84607ddd3333384bc9f9c37dfa95f.jpg,"Size: - Studio: 16 - 25 sqm Bedroom: Studio Bathroom: 1 Room Facilities (Furnished): Bed, AC, TV, Kitchen Set, Refrigerator, Toilet, Shower Buildin...",1979610.0,20390.0,0.0102,-1.0,0.03,Fair Market Price,Studio Furnished And Unfurnished Apartemen Margonda Residence 3,Margonda Residence,exact
LST-00575,Margonda Residence • Studio Furnished (17 m²),https://www.rumah123.com/properti/depok-beji/studio-1br-furnished-apartemen-margonda-residence-2-apr3454764/,Depok,Jawa Barat,Beji,"Margonda Residence 2, Beji, Depok",Apartemen,2800000.0,164705.88235294115,monthly,1,1,Studio / 1BR,17.0,17.31939799784917,3.349856421092199,Stasiun KRL Depok Baru,Tier 3: Outer Commuter Ring (15-28km),0,0,0,1,0,0,0,0,0,0,1,0,-6.3638737911533925,106.83466176467894,listing,0,https://picture.rumah123.com/r123-images/360x210-crop/customer/1228541/a0585f6eed4d07793bd3ba8ca45f707a.jpg,"Size: - Studio: 17 - 26 sqm - 1BR: 40 sqm Bedroom: Studio, 1BR Bathroom: 1 Room Facilities (Furnished): Bed, AC, TV, Kitchen Set, Refrigerator, Toi...",2768671.0,31329.0,0.0113,-1.1,0.03,Fair Market Price,Studio 1Br Furnished Apartemen Margonda Residence 2,Margonda Residence,exact
LST-00576,Margonda Residence • Studio Furnished (21 m²),https://www.rumah123.com/properti/depok-margonda/disewakan-apartemen-unit-studio-di-margonda-residence-4-depok-belakang-dmall-depok-dengan-fasilitas-lengkap-harga-18-apr7827142/,Depok,Jawa Barat,Margonda,"Margonda Residence 4, Margonda, Depok",Apartemen,1400000.0,66666.66666666667,monthly,1,0,Studio / 1BR,21.0,19.681393998740315,0.7129658807043339,Stasiun KRL Depok Baru,Tier 3: Outer Commuter Ring (15-28km),0,0,0,0,0,0,0,0,0,0,0,0,-6.3857220001,106.825253,listing,0,https://picture.rumah123.com/r123-images/360x210-crop/customer/4372276/f0babe454954132ea2050d13288a0588.jpg,Luas Bangunan  : 21.25 m2  Berada di lantai 19  Sertifikasi : HGB ( Hak Guna Bangunan )  View : Town / Hadap Utara / UI Depok  Kota : Depok kota  F...,2219765.0,-819765.0,-0.4609,36.9,-1.41,Good Deal (Undervalued),"Disewakan Apartemen Unit Studio di Margonda Residence 4 - Depok ( Belakang Dmall Depok ) dengan Fasilitas Lengkap, Harga 1.5 Jt",Margonda Residence,exact
LST-00577,Samesta Mahata Margonda • Studio Furnished (24 m²),https://www.rumah123.com/properti/depok-margonda/apartemen-studio-furnished-mahata-margonda-depok-apr7809977/,Depok,Jawa Barat,Margonda,"Samesta Mahata Margonda Depok, Margonda, Depok",Apartemen,3750000.0,156250.0,yearly,0,1,Studio / 1BR,24.0,19.117689833962416,1.545535782398491,Stasiun KRL Depok Baru,Tier 3: Outer Commuter Ring (15-28km),0,0,0,0,0,0,0,0,0,0,0,0,-6.3804,106.830704,listing,0,https://picture.rumah123.com/r123-images/360x210-crop/customer/1726478/883f93558958defce4eac0ec13e5ea83.jpg,"Apartemen Mahata Margonda Studio  ✨ Studio Nyaman & Strategis di Margonda Cocok untuk hunian pribadi maupun investasi, dengan lokasi strategis di...",3097335.0,652665.0,0.1912,-21.1,0.59,Fair Market Price,Apartemen Studio Furnished Mahata Margonda Depok,Samesta Mahata Margonda,exact
LST-00578,Samesta Mahata Margonda • 1BR Furnished (37 m²),https://www.rumah123.com/properti/depok-margonda/apartemen-1br-mahata-margonda-depok-apr7809976/,Depok,Jawa Barat,Margonda,"Samesta Mahata Margonda Depok, Margonda, Depok",Apartemen,4583333.333333333,123873.87387387386,yearly,1,1,Studio / 1BR,37.0,19.117689833962416,1.545535782398491,Stasiun KRL Depok Baru,Tier 3: Outer Commuter Ring (15-28km),0,0,0,0,0,0,0,0,1,0,0,0,-6.3804,106.830704,listing,0,https://picture.rumah123.com/r123-images/360x210-crop/customer/1726478/56f4945a8a60cf085e8b309529565233.jpg,"APARTEMEN 1BR NEMPEL KAMPUS UI MAHATA MARGONDA DEPOK  Lokasi premium di margonda Depok, nempel kampus dan stasiun,  Type 1BR furnised Luas 36,34 Ha...",4426146.0,157187.33333333302,0.0349,-3.6,0.11,Fair Market Price,Apartemen 1Br Mahata Margonda Depok,Samesta Mahata Margonda,exact
LST-00579,Transpark Cibubur • Studio Furnished (22 m²),https://www.rumah123.com/properti/depok-cimanggis/1-unit-apartemen-type-studio-di-transpark-cibubur-cimanggis-depok-apr7802190/,Depok,Jawa Barat,Cimanggis,"Transpark Cibubur, Cimanggis, Depok",Apartemen,4000000.0,181818.18181818185,monthly,1,0,Studio / 1BR,22.0,20.637045695477685,9.163046361125671,Stasiun KRL Depok Baru,Tier 3: Outer Commuter Ring (15-28km),0,0,0,0,0,0,0,0,0,0,0,0,-6.374954,106.9031919,listing,0,https://picture.rumah123.com/r123-images/360x210-crop/customer/2151158/c7611bb819646bd59ec9b17ec132a137.jpg,Disewakan 1 Unit Apartemen Type Studio Di Transpark Cibubur Cimanggis Depok  Luas Bangunan = 22.75 m2 Kamar Tidur  = Type Studio Kamar Mandi = 1 La...,2055134.0,1944866.0,0.666,-94.6,2.04,Overpriced / Luxury Tag,Disewakan 1 Unit Apartemen Type Studio di Transpark Cibubur Cimanggis Depok,Transpark Cibubur,exact
LST-00580,Unresolved • Sukmajaya • 1BR Furnished (48 m²),https://www.rumah123.com/properti/depok-sukmajaya/marrakech-pesona-city-depok-apr7773424/,Depok,Jawa Barat,Sukmajaya,"Marrakech Suites Pesona City Depok, Sukmajaya, Depok",Apartemen,5000000.0,104166.66666666669,yearly,1,1,Studio / 1BR,48.0,21.085527324119525,2.52380217278592,Stasiun KRL Depok Baru,Tier 3: Outer Commuter Ring (15-28km),0,0,0,0,0,0,0,0,0,0,0,0,-6.39692,106.844002,listing,0,https://picture.rumah123.com/r123-images/360x210-crop/customer/1854562/3b4111387b7d517d1508b75ef084cfe3.jpg,"Disewakan Unit Apartemen 1 BR Pesona Square, Marrakech Suites  *Harga Sewa 5 Juta/bln (AO) Minimal 6  bulan. Jl.Ir.H.Juanda no 99, Kota Depok Fasil...",5984534.0,-984534.0,-0.1797,16.5,-0.55,Fair Market Price,Marrakech Pesona City Depok,,unresolved
LST-00581,Park View Depok Tower 2 • 1BR Furnished (23 m²),https://www.rumah123.com/properti/depok-depok-i/disewakandijual-aprt-park-view-depok-town-square-tower-2-margonda-depok-jawa-barat-apr7758585/,Depok,Jawa Barat,Depok I,"Park View Condominium Detos Margonda, Depok I, Depok",Apartemen,3083333.333333333,134057.97101449277,yearly,1,1,Studio / 1BR,23.0,19.812134887065863,0.7244628220827126,Stasiun KRL Depok Baru,Tier 3: Outer Commuter Ring (15-28km),0,0,0,0,0,0,0,0,0,0,0,0,-6.386847381993205,106.82677830865534,listing,0,https://picture.rumah123.com/r123-images/360x210-crop/customer/4440839/660ed7d7908430591e69fe4f4f94c714.jpg,"Apartemen Park View Depok Town Square.  Dapatkan Apartemen Park View Depok Town Square lantai 12 yang modern ini,  disewakan menghadirkan lingkunga...",2466876.0,616457.333333333,0.2231,-25.0,0.68,Fair Market Price,"Disewakan/Dijual Aprt Park View Depok Town Square Tower 2, Margonda, Depok, Jawa Barat",Park View Depok,exact
LST-00582,Transpark Cibubur • 2BR Full Furnished (40 m²),https://www.rumah123.com/properti/depok-cimanggis/1-unit-apartemen-transpark-cibubur-apr7757883/,Depok,Jawa Barat,Cimanggis,"Transpark Cibubur, Cimanggis, Depok",Apartemen,5833333.333333333,145833.3333333333,yearly,2,1,2 Bedroom,40.0,20.65325468637969,9.138819110805851,Stasiun KRL Depok Baru,Tier 3: Outer Commuter Ring (15-28km),1,0,0,0,0,0,0,0,0,0,0,0,-6.375202499999999,106.9030183,listing,0,https://picture.rumah123.com/r123-images/360x210-crop/customer/1798100/58a485be870a1dc473c3099f17d42f14.jpg,"Disewakan 1 Unit Apartemen Transpark Cibubur  Luas Bangunan : 40 m2 Kamar Tidur : 2 Kamar Mandi : 1 Hadap : Jalan Raya & Mall Full Furnish P...",4529019.0,1304314.333333333,0.2531,-28.8,0.77,Premium / High Price,1 Unit Apartemen Transpark Cibubur,Transpark Cibubur,exact
LST-00583,Park View Depok • Studio Furnished (30 m²),https://www.rumah123.com/properti/depok-margonda/park-view-dekat-fkuidetos-mall-apr7699956/,Depok,Jawa Barat,Margonda,"Park View Condominium Detos Margonda, Margonda, Depok",Apartemen,2750000.0,91666.66666666669,yearly,0,1,Studio / 1BR,30.0,19.117689833962416,1.545535782398491,Stasiun KRL Depok Baru,Tier 3: Outer Commuter Ring (15-28km),0,0,0,0,0,0,0,0,0,0,0,0,-6.3804,106.830704,listing,0,https://picture.rumah123.com/r123-images/360x210-crop/customer/1854562/listing/apr7699956/enhanced/b484989ab91cd1fc0f1440aa54024863.jpg,"Disewakan Unit Apartemen Park View Margonda Kawasan Detos Mall Margonda Raya. *Harga Sewa 33 Juta/thn* (AO) Deposit 2,5 Juta (Harga sewa tidak term...",3641916.0,-891916.0,-0.2809,24.5,-0.86,Good Deal (Undervalued),Park View Dekat Fkui.detos Mall,Park View Depok,exact
LST-00584,Podomoro Golf View Tower Basla • 2BR Furnished (32 m²),https://www.rumah123.com/properti/depok-cimanggis/apartemen-podomoro-golf-view-2br-tower-basla-apr7738339/,Depok,Jawa Barat,Cimanggis,"Podomoro Golf View Cimanggis, Cimanggis, Depok",Apartemen,3000000.0,93750.0,yearly,2,1,2 Bedroom,32.0,20.17881143743289,0.9049734048211204,Stasiun KRL Depok Baru,Tier 3: Outer Commuter Ring (15-28km),0,0,0,0,0,0,0,0,0,0,0,0,-6.39,106.83,listing,0,https://picture.rumah123.com/r123-images/360x210-crop/customer/2120204/listing/apr7738339/enhanced/43d18c92107f85f0f7f87e21e09b8892.jpg,"Apartemen Podomoro Golf View, Tower Basla lantai 11  IPL per 3 bln 1,2jt  Fasilitas - One gate system - Security 24 jam - View Mesjid At-Thohir - F...",3277691.0,-277691.0,-0.0885,8.5,-0.27,Fair Market Price,Apartemen Podomoro Golf View 2Br Tower Basla,Podomoro Golf View,exact
LST-00585,Taman Melati Margonda • 1BR Furnished (29 m²),https://www.rumah123.com/properti/depok-margonda/sewa-cepat-apartement-furnish-strategis-di-taman-melati-margonda-apr7729608/,Depok,Jawa Barat,Margonda,"Taman Melati Margonda, Margonda, Depok",Apartemen,3333333.333333333,114942.5287356322,yearly,1,1,Studio / 1BR,29.0,19.117689833962416,1.545535782398491,Stasiun KRL Depok Baru,Tier 3: Outer Commuter Ring (15-28km),0,0,0,0,0,0,0,0,0,0,0,0,-6.3804,106.830704,listing,0,https://picture.rumah123.com/r123-images/360x210-crop/customer/4340479/listing/apr7729608/enhanced/67b3dc065ed6dd91aa316f59165a7416.jpg,"Disewakan Cepat Apartement Furnish Taman Melati di Margonda, Depok.  For rent di wilayah yang nyaman. Dengan rinciannya adalah sebagai berikut:   -...",5275201.0,-1941867.666666667,-0.459,36.8,-1.41,Good Deal (Undervalued),Sewa Cepat Apartement Furnish Strategis di Taman Melati Margonda,Taman Melati Margonda,exact
LST-00586,Margonda Residence • 1BR Furnished (25 m²),https://www.rumah123.com/properti/depok-margonda/dijual-cepat-apartemen-margonda-residence-2-depok-apr7509025/,Depok,Jawa Barat,Margonda,"Margonda Residence 2, Margonda, Depok",Apartemen,20833333.33333333,833333.3333333333,yearly,1,1,Studio / 1BR,25.0,19.117689833962416,1.545535782398491,Stasiun KRL Depok Baru,Tier 3: Outer Commuter Ring (15-28km),0,0,0,0,0,0,0,0,0,0,0,0,-6.3804,106.830704,listing,0,https://picture.rumah123.com/r123-images/360x210-crop/customer/244/7535390692651bd591b899b44b513b54.jpg,"Dijual Cepat Apartemen Margonda Residence 2, Depok  Type : Studio Luas : 25 m2 Rp.250 juta  Furnish  LC",3997693.0,16835640.33333333,1.6508,-421.1,5.05,Overpriced / Luxury Tag,"Dijual Cepat Apartemen Margonda Residence 2, Depok",Margonda Residence,exact
LST-00587,Unresolved • Cibubur • 2BR Furnished (42 m²),https://www.rumah123.com/properti/depok-cibubur/apartemen-jakarta-living-star-dekat-dengan-universitas-indonesia-apr7470905/,Depok,Jawa Barat,Cibubur,"Jakarta Living Star Ciracas, Cibubur, Depok",Apartemen,5000000.0,119047.61904761904,monthly,2,1,2 Bedroom,42.0,18.36377962780643,8.982117676463927,Stasiun KRL Depok Baru,Tier 3: Outer Commuter Ring (15-28km),0,0,0,0,0,0,0,0,0,0,0,0,-6.35611,106.895111,listing,0,https://picture.rumah123.com/r123-images/360x210-crop/customer/4409478/6e43615f669de024d02ba9dd6b5a7df5.jpg,UK. 42M  2 KAMAR TIDUR 1 KAMAR MANDI,4579395.0,420605.0,0.0879,-9.2,0.27,Fair Market Price,APARTEMEN JAKARTA LIVING STAR DEKAT DENGAN UNIVERSITAS INDONESIA,,unresolved
LST-00588,Cinere Bellevue • 2BR Furnished (41 m²),https://www.rumah123.com/properti/depok-pangkalan-jati/disewakan-apartemen-2br-furnished-di-cinere-bellevue-apr7353118/,Depok,Jawa Barat,Pangkalan Jati,"Cinere Bellevue Suites, Pangkalan Jati, Depok",Apartemen,5000000.0,121951.21951219512,monthly,2,1,2 Bedroom,41.0,12.84801988760632,4.311162416884762,Stasiun MRT Lebak Bulus,Tier 2: Inner Ring Metro (7-15km),0,0,0,0,0,0,0,0,0,0,0,0,-6.32173,106.79541,listing,0,https://picture.rumah123.com/r123-images/360x210-crop/customer/3338/c1882790cc04eae0d2bfb37ccfad2fe0.jpg,"Apartemen di Pangkalan Jati.  Cek segera apartemen yang nyaman ini,  disewakan menghadirkan lingkungan fasilitas yang lengkap dengan view Gunung Sa...",3919854.0,1080146.0,0.2434,-27.6,0.75,Premium / High Price,Disewakan Apartemen 2BR Furnished di Cinere Bellevue,Cinere Bellevue,exact
LST-00589,Samesta Mahata Margonda • Studio Furnished (30 m²),https://www.rumah123.com/properti/depok-margonda/di-sewakan-samesta-mahata-margonda-apartment-studio-furnished-apr7291012/,Depok,Jawa Barat,Margonda,"Samesta Mahata Margonda Depok, Margonda, Depok",Apartemen,6500000.0,216666.66666666663,monthly,1,1,Studio / 1BR,30.0,19.117689833962416,1.545535782398491,Stasiun KRL Depok Baru,Tier 3: Outer Commuter Ring (15-28km),0,0,0,0,0,0,0,0,0,0,0,0,-6.3804,106.830704,listing,0,https://picture.rumah123.com/r123-images/360x210-crop/customer/2090819/91bd411235636675c8ac20dee696341e.jpg,"Detail unit :  1 Kamar Tidur yang nyaman dan fungsional 1 Kamar Mandi  Harga Sewa: 70juta/tahun  6,5juta/bulan  Incl IPL Negotiable  Kelengkapan un...",4007624.0,2492376.0,0.4836,-62.2,1.48,Premium / High Price,"Di Sewakan Samesta Mahata Margonda Apartment, Studio, furnished",Samesta Mahata Margonda,exact
LST-00590,Saladin Mansion • 1BR Furnished (17 m²),https://www.rumah123.com/properti/depok-margonda/apartement-saladdin-mansion-depok-margonda-1-br-furnished-bagus-apr3553090/,Depok,Jawa Barat,Margonda,"Saladdin Mansion Margonda, Margonda, Depok",Apartemen,1666666.6666666667,98039.21568627452,yearly,1,1,Studio / 1BR,17.0,19.11766248082608,1.5452575771045955,Stasiun KRL Depok Baru,Tier 3: Outer Commuter Ring (15-28km),0,0,0,0,0,0,0,0,0,0,0,0,-6.3804,106.8307,listing,0,https://picture.rumah123.com/r123-images/360x210-crop/customer/772429/c53662926865b62e0a123f445d9c0003.jpg,LOKASI APARTEMEN SALADIN DEPOK KEREN,2003265.0,-336598.33333333326,-0.184,16.8,-0.56,Fair Market Price,Apartement Saladdin Mansion Depok Margonda 1 BR Furnished Bagus,Saladin Mansion,fuzzy
LST-00591,Podomoro Golf View • 2BR Furnished (35 m²),https://www.rumah123.com/properti/depok-cimanggis/apartment-podomoro-golf-view-cimanggis-apr2748421/,Depok,Jawa Barat,Cimanggis,"Podomoro Golf View Cimanggis, Cimanggis, Depok",Apartemen,4083333.3333333335,116666.66666666669,yearly,2,1,2 Bedroom,35.0,21.813966346473965,7.594326991898986,Stasiun KRL Depok Baru,Tier 3: Outer Commuter Ring (15-28km),0,0,0,0,0,0,0,0,0,0,0,0,-6.39199,106.89062,listing,0,https://picture.rumah123.com/r123-images/360x210-crop/customer/52052/2022-11-02-15-03-00-0f7d12a5-0dcb-4445-a2ac-0fb1697d2818.jpg,"Apartment Name: Podomoro Golf View Location: Blok Kampung Palinggi, Jl. Desa Leuwi Nanggung Blok Kampung Palinggi No.7, Leuwinanggung, Kec. Tapos, ...",3799177.0,284156.3333333335,0.0721,-7.5,0.22,Fair Market Price,"Apartment Podomoro Golf View, Cimanggis",Podomoro Golf View,exact
LST-00592,Unresolved • Sukmajaya • 1BR Furnished (25 m²),https://www.rumah123.com/properti/depok-sukmajaya/apartemen-siap-huni-sewa-nyaman-fasilitas-lengkap-connecting-pesona-mall-apr7824625/,Depok,Jawa Barat,Sukmajaya,"Marrakech Suites Pesona City Depok, Sukmajaya, Depok",Apartemen,4000000.0,160000.0,monthly,1,1,Studio / 1BR,25.0,19.95795131095914,5.019515082072803,Stasiun KRL Depok Baru,Tier 3: Outer Commuter Ring (15-28km),0,0,0,0,0,0,0,0,0,0,0,0,-6.3822536,106.8664225,listing,0,https://picture.rumah123.com/r123-images/360x210-crop/customer/4431041/543924305eee52ccdc96af3da7c9f24e.jpg,":fire: **SEWA MARRAKECH SUITES - BISA MULAI 1 BULAN!**  Butuh apartemen **siap huni di lokasi strategis Depok?**   Marrakech Suites, Pesona City ha...",3567986.0,432014.0,0.1143,-12.1,0.35,Fair Market Price,Apartemen Siap Huni Sewa Nyaman Fasilitas Lengkap Connecting Pesona Mall,,unresolved
LST-00593,Grand Kamala Lagoon • Studio Full Furnished (26 m²),https://www.rumah123.com/properti/bekasi-pekayon/sewa-cepat-unit-murah-dan-bagus-full-furnishaprtn-kamala-lagoon-apr7842763/,Bekasi,Jawa Barat,Pekayon,"Grand Kamala Lagoon Bekasi, Pekayon, Bekasi",Apartemen,3200000.0,123076.92307692308,monthly,0,0,Studio / 1BR,26.0,18.740944918338013,2.522593550761932,Stasiun KRL Bekasi,Tier 3: Outer Commuter Ring (15-28km),1,0,0,1,0,0,0,0,0,0,1,0,-6.25251,106.983742,listing,0,https://picture.rumah123.com/r123-images/360x210-crop/customer/655121/30b3daed924ba0bafd3898f17d579ca6.jpg,"Sewa cepat ,apart Kamala Lagoon, diatas Mal,pemandangan jalan tol cantik  murah, nyaman,bagus. TV, kulkas 2 pintu , AC, full kitchen set, Queen bed...",3973060.0,-773060.0,-0.2164,19.5,-0.66,Fair Market Price,"Sewa Cepat Unit Murah dan Bagus, Full Furnishaprtn Kamala Lagoon",Grand Kamala Lagoon,exact
LST-00594,The Springlake Summarecon • 3BR Furnished (47 m²),https://www.rumah123.com/properti/bekasi-summarecon-bekasi/hot-hot-disewa-apartment-view-pool-springlake-di-summarecon-bekasi-twr-azollalantai-20-3br-semifurnish-apr3590818/,Bekasi,Jawa Barat,Summarecon Bekasi,"The Springlake Summarecon Bekasi, Summarecon Bekasi, Bekasi",Apartemen,3333333.333333333,70921.98581560283,yearly,3,1,3 Bedroom,47.0,20.1088627629564,1.1224879902885003,Stasiun KRL Bekasi,Tier 3: Outer Commuter Ring (15-28km),0,0,0,0,0,0,0,0,0,0,0,0,-6.2261276,107.0010764,listing,0,https://picture.rumah123.com/r123-images/360x210-crop/customer/44469/25f07e52bc8ca3ef1156339eba39af53.jpg,"HOT HOT DISEWA  *Apartment Springlake di Summarecon Bekasi* *Tower AZOLLA,Lantai 20, No 32*(LAL)  *3 Bed Room* LT 47,8 m2 semi gross 1 kamar...",4268821.0,-935487.666666667,-0.2474,21.9,-0.76,Good Deal (Undervalued),Disewa 3Br Dekat Binus Summarecon Bekasi,The Springlake Summarecon,exact
LST-00595,Orange County Cikarang • 1BR Full Furnished (35 m²),https://www.rumah123.com/properti/bekasi-cikarang-selatan/disewakan-cepat-apartemen-orange-county-newport-full-furnish-lippo-cikarang-apr7775371/,Bekasi,Jawa Barat,Cikarang Selatan,"Orange County Cikarang, Cikarang Selatan, Bekasi",Apartemen,3250000.0,92857.14285714286,yearly,1,1,Studio / 1BR,35.0,43.06117851430047,23.733149490434528,Stasiun KRL Bekasi,Tier 4: Greater Satellite Periphery (>28km),1,0,0,0,0,0,0,0,0,0,0,0,-6.34254,107.185623,listing,0,https://picture.rumah123.com/r123-images/360x210-crop/customer/4489674/ec835c977d62016defd173e820829f50.jpg,"Disewakan Murah Apartemen Orange County Furnished, Lippo Cikarang   Luas bangunan 35 m2  Tower - Newport  Tipe - Studio Full furnish  Fasilitas apa...",4901792.0,-1651792.0,-0.4109,33.7,-1.26,Good Deal (Undervalued),"Disewakan Cepat Apartemen Orange County, Newport, Full Furnish, Lippo Cikarang",Orange County Cikarang,exact
LST-00596,Meikarta Cikarang • 2BR Furnished (42 m²),https://www.rumah123.com/properti/bekasi-cikarang-selatan/disewakan-apartement-meikarta-cikarang-furnished-apr7515117/,Bekasi,Jawa Barat,Cikarang Selatan,"Meikarta Cikarang, Cikarang Selatan, Bekasi",Apartemen,4000000.0,95238.09523809524,monthly,2,1,2 Bedroom,42.0,40.910437643944014,21.68754804068561,Stasiun KRL Bekasi,Tier 4: Greater Satellite Periphery (>28km),0,0,0,0,0,0,0,0,0,0,0,0,-6.339037150559733,107.16616747083664,listing,0,https://picture.rumah123.com/r123-images/360x210-crop/customer/1966238/d12dcb0fbf68b24be0162176f292c31c.jpg,"Facility:  Security System: 24-hours with CCTV and Access Card 24-Hour Customer Service Water Sprinkler, Fire Alarm, Hydrant System for building pr...",3716072.0,283928.0,0.0736,-7.6,0.23,Fair Market Price,Disewakan Apartement Meikarta Cikarang Furnished,Meikarta Cikarang,exact
LST-00597,Meikarta Cikarang Tower Marbella • 1BR Full Furnished (63 m²),https://www.rumah123.com/properti/bekasi-cikarang/apartement-marbella-meikarta-21-br-furnished-bagusgrand-new-di-lippo-cikarang-apr7555135/,Bekasi,Jawa Barat,Cikarang,"Meikarta Cikarang, Cikarang, Bekasi",Apartemen,3750000.0,59523.80952380953,yearly,2,1,2 Bedroom,63.0,39.584790780749294,20.401777410853967,Stasiun KRL Bekasi,Tier 4: Greater Satellite Periphery (>28km),1,0,0,0,0,0,0,0,0,1,0,0,-6.335364,107.1547404,listing,0,https://picture.rumah123.com/r123-images/360x210-crop/customer/4385453/e09da2b719ddf842bd2e51474d9365b8.png,"Disewakan Unit Marbella Meikarta - Full Furnished Lokasi: Lippo Cikarang - 2+1 Kamar Tidur - 63,81 m2  -Ada balkon pribadi -Ruang tamu, ruang m...",5407086.0,-1657086.0,-0.366,30.6,-1.12,Good Deal (Undervalued),"Apartement Marbella Meikarta 2+1 BR Furnished Bagus, Brand New ,Di Lippo Cikarang",Meikarta Cikarang,exact
LST-00598,Unresolved • Cikarang Selatan • Studio Full Furnished (44 m²),https://www.rumah123.com/properti/bekasi-cikarang-selatan/sewa-apartemen-full-furnished-type-studio-cikarang-selatan-bekasi-030-apr7431973/,Bekasi,Jawa Barat,Cikarang Selatan,"Orange County Cikarang, Cikarang Selatan, Bekasi",Apartemen,4166666.6666666665,94696.9696969697,yearly,1,1,Studio / 1BR,44.0,43.06117851430047,23.733149490434528,Stasiun KRL Bekasi,Tier 4: Greater Satellite Periphery (>28km),1,0,0,0,0,0,0,0,0,0,0,0,-6.34254,107.185623,listing,0,https://picture.rumah123.com/r123-images/360x210-crop/customer/1111324/984ed48041de57b3e024dc3bb1c607b7.jpg,"Disewakan unit studio eksklusif full furnished lengkap, cocok untuk kamu yang butuh tempat tinggal nyaman dan praktis!  Tipe: Studio Luas bangunan:...",5328380.0,-1161713.3333333335,-0.2459,21.8,-0.75,Good Deal (Undervalued),"Sewa Apartemen Full Furnished Type Studio, Cikarang Selatan, Bekasi, 030",,unresolved
LST-00599,Trivium Terrace Cikarang • Studio Full Furnished (35 m²),https://www.rumah123.com/properti/bekasi-cikarang-selatan/disewakan-apartemen-trivium-terrace-type-studio-fully-furnished-apr7788717/,Bekasi,Jawa Barat,Cikarang Selatan,"Trivium Terrace Cikarang, Cikarang Selatan, Bekasi",Apartemen,5416666.666666667,154761.90476190476,yearly,1,1,Studio / 1BR,35.0,43.06117851430047,23.733149490434528,Stasiun KRL Bekasi,Tier 4: Greater Satellite Periphery (>28km),1,0,0,0,0,0,0,0,0,0,0,0,-6.34254,107.185623,listing,0,https://picture.rumah123.com/r123-images/360x210-crop/customer/4368659/800c373f090c3e8732291cf8c4c0d7bb.jpg,"Apartment Name: Trivium Terrace Location: Lippo Cikarang, Jl. Bekasi Raya, Sukaresmi, Cikarang Selatan, Kabupaten Bekasi, Jawa Barat 17530 Tower / ...",3769631.0,1647035.666666667,0.3625,-43.7,1.11,Premium / High Price,Disewakan Apartemen Trivium Terrace - Type Studio Fully Furnished,Trivium Terrace Cikarang,exact
LST-00600,Grand Kamala Lagoon • 2BR Furnished (58 m²),https://www.rumah123.com/properti/bekasi-bekasi-selatan/disewakan-unit-apartemen-2-br-yang-masih-baru-apartemen-berdekatan-dengan-mall-apr7311631/,Bekasi,Jawa Barat,Bekasi Selatan,"Grand Kamala Lagoon Bekasi, Bekasi Selatan, Bekasi",Apartemen,4500000.0,77586.20689655172,monthly,2,1,2 Bedroom,58.0,18.825440729694463,1.2582690983098996,Stasiun KRL Bekasi,Tier 3: Outer Commuter Ring (15-28km),0,0,0,1,1,0,0,0,0,0,0,1,-6.23583,106.98812,listing,0,https://picture.rumah123.com/r123-images/360x210-crop/customer/1970115/c2abaf29dfb5663060072fda0741396e.jpg,"Luas Unit 58 meter 2 Kamar Tidur 1 Kamar Mandi  3 AC  Deposit 5 juta. Harga Sewa belum termasuk tagihan IPL Listrik, Air, Parkir dan Wifi.  Fasilit...",9366213.0,-4866213.0,-0.733,52.0,-2.24,Deep Value Deal (Rare Find),Apartemen dan Mall Grand Kamala Lagoon Bekasi di Satu Gedung,Grand Kamala Lagoon,exact
LST-00601,Vasanta Innopark Cibitung • Studio Furnished (26 m²),https://www.rumah123.com/properti/bekasi-cibitung/disewakan-apartemen-studio-vasantacibitung-apr7769092/,Bekasi,Jawa Barat,Cibitung,"Vasanta Innopark Cibitung, Cibitung, Bekasi",Apartemen,3750000.0,144230.76923076922,yearly,0,1,Studio / 1BR,26.0,32.689728391181525,12.652821109296736,Stasiun KRL Bekasi,Tier 4: Greater Satellite Periphery (>28km),0,0,0,0,0,0,0,0,0,0,0,0,-6.2424,107.113792,listing,0,https://picture.rumah123.com/r123-images/360x210-crop/customer/1888563/ffdc6d1a6d316627fc661436ce3ae8c8.jpg,"Kesempatan terbatas buat Anda dapatkan apartemen strategis dengan return investasi tinggi di Cibitung, Bekasi.  Apartemen ini menawarkan lokasi yan...",3199878.0,550122.0,0.1586,-17.2,0.49,Fair Market Price,Disewakan Apartemen Studio Vasanta-Cibitung,Vasanta Innopark Cibitung,exact
LST-00602,Orange County Cikarang • 1BR Full Furnished (45 m²),https://www.rumah123.com/properti/bekasi-cikarang-selatan/disewakan-apartemen-orange-county-1br-bagus-di-lippo-cikarang-apr3371528/,Bekasi,Jawa Barat,Cikarang Selatan,"Orange County Cikarang, Cikarang Selatan, Bekasi",Apartemen,5000000.0,111111.11111111112,yearly,1,1,Studio / 1BR,45.0,43.06086733003063,23.73286208738612,Stasiun KRL Bekasi,Tier 4: Greater Satellite Periphery (>28km),1,0,0,0,0,0,1,0,0,0,0,0,-6.34254,107.18562,listing,0,https://picture.rumah123.com/r123-images/360x210-crop/customer/1860511/2024-07-12-14-12-48-1a5a49fc-e97f-4ebf-976d-aaa715a18cd1.jpg,Disewakan Apartemen アパートの貸室 こんにちわ!    Name: Apartemen Orange County   Condition: Full furnished   Facility: Swimming pool F...,5218299.0,-218299.0,-0.0427,4.2,-0.13,Fair Market Price,Disewakan Apartemen Orange County 1Br Bagus di Lippo Cikarang,Orange County Cikarang,exact
LST-00603,Vasanta Innopark Cibitung • 1BR Furnished (34 m²),https://www.rumah123.com/properti/bekasi-cibitung/vasanta-innopark-apr3085384/,Bekasi,Jawa Barat,Cibitung,"Vasanta Innopark Cibitung, Cibitung, Bekasi",Apartemen,3333333.333333333,98039.21568627452,yearly,1,1,Studio / 1BR,34.0,32.68950876153119,12.652600375810753,Stasiun KRL Bekasi,Tier 4: Greater Satellite Periphery (>28km),0,0,0,0,0,0,0,0,0,0,0,0,-6.2424,107.11379,listing,0,https://picture.rumah123.com/r123-images/360x210-crop/customer/875918/2023-11-08-04-04-13-44565e27-ba72-488c-be51-c506d373ad95.jpg,1 BR Lt 18 Luas 34.4  Tower botan,4809530.0,-1476196.666666667,-0.3666,30.7,-1.12,Good Deal (Undervalued),Vasanta Innopark,Vasanta Innopark Cibitung,exact
LST-00604,The Springlake Summarecon • 2BR Furnished (17 m²),https://www.rumah123.com/properti/bekasi-summarecon-bekasi/apartemen-furnish-siap-huni-bebas-banjir-strategis-di-springlake-summarecon-bekasi-apr7811523/,Bekasi,Jawa Barat,Summarecon Bekasi,"The Springlake Summarecon Bekasi, Summarecon Bekasi, Bekasi",Apartemen,3833333.3333333335,225490.19607843136,yearly,2,1,2 Bedroom,17.0,19.92892811046984,1.4659836139712654,Stasiun KRL Bekasi,Tier 3: Outer Commuter Ring (15-28km),0,0,0,1,0,0,0,0,0,0,0,0,-6.222917987326952,106.99972483528654,listing,0,https://picture.rumah123.com/r123-images/360x210-crop/customer/1906431/280d32d0181965c9a5600871ae0b9862.jpg,Disewakan Apartemen 2 BR tower caldesia Springlake Summarecon Bekasi   lantai 5 2 KT 1KM AC 3 Tersedia Water Heather Mesin cuci elektrolux  microwa...,1593165.0,2240168.333333333,0.878,-140.6,2.69,Overpriced / Luxury Tag,Apartemen Furnish Siap Huni Bebas Banjir Strategis di Springlake Summarecon Bekasi,The Springlake Summarecon,exact
LST-00605,The Springlake Summarecon • 1BR Full Furnished (21 m²),https://www.rumah123.com/properti/bekasi-summarecon-bekasi/apartement-murah-nyaman-siap-huni-ada-kolam-renang-di-springlake-summarecon-bekasi-apr7772659/,Bekasi,Jawa Barat,Summarecon Bekasi,"The Springlake Summarecon Bekasi, Summarecon Bekasi, Bekasi",Apartemen,2083333.3333333333,99206.3492063492,yearly,1,1,Studio / 1BR,21.0,20.085893785942144,1.564138718079228,Stasiun KRL Bekasi,Tier 3: Outer Commuter Ring (15-28km),1,0,0,1,0,0,1,0,0,0,0,0,-6.222136332044656,107.0012089914008,listing,0,https://picture.rumah123.com/r123-images/360x210-crop/customer/1906431/0ece08d413092ab0a391d3d482f4bc41.jpg,Disewakan Apartment springlake Summarecon Bekasi  Tower davalia LB 21 Lantai 28 Tipe Studio Full furnish Ac 1 1300 watt view kolam renang  Harga se...,2609784.0,-526450.6666666667,-0.2253,20.2,-0.69,Fair Market Price,Apartement Murah Nyaman Siap Huni Ada Kolam Renang di Springlake Summarecon Bekasi,The Springlake Summarecon,exact
LST-00606,Pakuwon Residence Bekasi Tower Amor • Studio Full Furnished (20 m²),https://www.rumah123.com/properti/bekasi-pekayon/disewakan-apartemen-pakuwon-bekasi-tower-amor-apr7809400/,Bekasi,Jawa Barat,Pekayon,"Pakuwon Residence Bekasi, Pekayon, Bekasi",Apartemen,5000000.0,250000.0,yearly,0,1,Studio / 1BR,20.0,18.740944918338013,2.522593550761932,Stasiun KRL Bekasi,Tier 3: Outer Commuter Ring (15-28km),1,0,0,0,0,0,0,0,0,0,0,0,-6.25251,106.983742,listing,0,https://picture.rumah123.com/r123-images/360x210-crop/customer/4427193/listing/apr7671253/enhanced/755ff56bddcd7e0a87ee215de0876b84.jpg,"✨ Disewa Apartemen Pakuwon Bekasi - Tower Amor ✨   Tower Amor, Lt. 30  Luas 20,5 m² | View City   Full Furnish & Siap Huni!  ✅ Smart Door Lo...",2525101.0,2474899.0,0.6832,-98.0,2.09,Overpriced / Luxury Tag,Disewakan Apartemen Pakuwon Bekasi Tower Amor,Pakuwon Residence Bekasi,exact
LST-00607,Pakuwon Residence Bekasi • 2BR Furnished (42 m²),https://www.rumah123.com/properti/bekasi-pekayon/disewakan-apartemen-pakuwon-2-br-pekayon-bekasi-apr7809388/,Bekasi,Jawa Barat,Pekayon,"Pakuwon Residence Bekasi, Pekayon, Bekasi",Apartemen,10000000.0,238095.2380952381,yearly,2,1,2 Bedroom,42.0,18.740944918338013,2.522593550761932,Stasiun KRL Bekasi,Tier 3: Outer Commuter Ring (15-28km),0,0,0,0,0,0,0,0,0,0,0,0,-6.25251,106.983742,listing,0,https://picture.rumah123.com/r123-images/360x210-crop/customer/4427193/05f347472a3cfc7e3576c5f7bb44654a.jpg,Disewakan Apartemen Pakuwon 2BR Pekayon Bekasi   Spesifikasi :  PPJB  Luas bangunan : 42m² Type : 2BR Tower : Bella Lantai : 7 Listrik : 1300watt ...,6744885.0,3255115.0,0.3938,-48.3,1.21,Premium / High Price,Disewakan Apartemen Pakuwon 2 Br Pekayon Bekasi,Pakuwon Residence Bekasi,exact
LST-00608,Pakuwon Residence Bekasi • 2BR Furnished (42 m²),https://www.rumah123.com/properti/bekasi-pekayon/disewakan-apartemen-pakuwon-2-br-pekayon-bekasi-apr7809398/,Bekasi,Jawa Barat,Pekayon,"Pakuwon Residence Bekasi, Pekayon, Bekasi",Apartemen,12916666.666666666,307539.68253968254,yearly,2,1,2 Bedroom,42.0,18.740944918338013,2.522593550761932,Stasiun KRL Bekasi,Tier 3: Outer Commuter Ring (15-28km),0,0,0,0,0,0,0,0,0,0,0,0,-6.25251,106.983742,listing,0,https://picture.rumah123.com/r123-images/360x210-crop/customer/4427193/listing/apr7734116/enhanced/f4be8667a8f204a57ddb0f17b7942dcb.jpg,Disewakan Apartemen Pakuwon 2BR Pekayon Bekasi   Spesifikasi :  PPJB  Luas bangunan : 42m² Type : 2BR Tower : Amor  Lantai : 7 Listrik : 1300watt ...,5727930.0,7188736.666666666,0.8132,-125.5,2.49,Overpriced / Luxury Tag,Disewakan Apartemen Pakuwon 2 Br Pekayon Bekasi,Pakuwon Residence Bekasi,exact
LST-00609,Meikarta Cikarang • 3BR Furnished (73 m²),https://www.rumah123.com/properti/bekasi-cikarang/disewakan-cepat-apartemen-meikarta-3-br-furnished-siap-huni-di-cikarang-apr7758556/,Bekasi,Jawa Barat,Cikarang,"Meikarta Cikarang, Cikarang, Bekasi",Apartemen,3083333.333333333,42237.44292237443,yearly,3,2,3 Bedroom,73.0,38.56637506297416,18.510971419363152,Stasiun KRL Bekasi,Tier 4: Greater Satellite Periphery (>28km),0,0,0,0,0,0,0,0,0,0,0,0,-6.2513,107.166267,listing,0,https://picture.rumah123.com/r123-images/360x210-crop/customer/49248/listing/apr7758556/enhanced/441705034ede616e836aee428c25f25e.jpg,"Apartemen Meikarta, Oakview Tower di Cibatu, Cikarang Selatan, Bekasi.  Disewakan di wilayah yang asri. Dengan kategorinya adalah sebagai berikut: ...",4962432.0,-1879098.666666667,-0.4759,37.9,-1.46,Good Deal (Undervalued),Disewakan Cepat Apartemen Meikarta 3 Br Furnished Siap Huni di Cikarang,Meikarta Cikarang,exact
LST-00610,Primrose Condovilla • Studio Full Furnished (137 m²),https://www.rumah123.com/properti/bekasi-summarecon-bekasi/apartemen-nyaman-siap-huni-lokasi-strategis-di-the-primrose-summarecon-bekasi-apr7785046/,Bekasi,Jawa Barat,Summarecon Bekasi,"The Primrose Condovilla Summarecon, Summarecon Bekasi, Bekasi",Apartemen,7916666.666666667,57785.88807785889,yearly,0,4,Studio / 1BR,137.0,20.1088230041982,1.1224371882548043,Stasiun KRL Bekasi,Tier 3: Outer Commuter Ring (15-28km),1,0,0,0,0,0,0,0,0,0,0,0,-6.226128,107.001076,listing,0,https://picture.rumah123.com/r123-images/360x210-crop/customer/1971822/83fd99069a852e2d11ac9c38d061bb24.jpg,Disewakan Condovilla 4 kamar fully furnished di The Primrose Summarecon Bekasi  Luas bangunan : 137 m2 Kamar tidur : 4 + 1 ( 1 kamar master room + ...,21233677.0,-13317010.333333332,-0.9866,62.7,-3.02,Deep Value Deal (Rare Find),Apartemen Nyaman Siap Huni Lokasi Strategis di The Primrose Summarecon Bekasi,Primrose Condovilla,exact
LST-00611,The Springlake Summarecon • 1BR Full Furnished (20 m²),https://www.rumah123.com/properti/bekasi-summarecon-bekasi/apartemen-furnishd-siap-huni-nyaman-di-springlake-summarecon-bekasi-apr7781131/,Bekasi,Jawa Barat,Summarecon Bekasi,"The Springlake Summarecon Bekasi, Summarecon Bekasi, Bekasi",Apartemen,2166666.6666666665,108333.33333333331,yearly,1,1,Studio / 1BR,20.0,20.1088230041982,1.1224371882548043,Stasiun KRL Bekasi,Tier 3: Outer Commuter Ring (15-28km),1,0,0,0,0,0,1,0,0,0,0,0,-6.226128,107.001076,listing,0,https://picture.rumah123.com/r123-images/360x210-crop/customer/1971822/006cd5abeec31fa6050c1eb507cb2fe3.jpg,Disewakan Apartemen Studio Full Furnished di Springlake Summarecon Bekasi  Luas 20m² Tower Azolla Lantai 18  View Kolam Renang  Harga Sewa 26jt/th...,2510557.0,-343890.3333333335,-0.1473,13.7,-0.45,Fair Market Price,Apartemen Furnishd Siap Huni Nyaman di Springlake Summarecon Bekasi,The Springlake Summarecon,exact
LST-00612,Pakuwon Residence Bekasi Tower Bella • Studio Full Furnished (26 m²),https://www.rumah123.com/properti/bekasi-pekayon/disewakan-apartemen-pakuwon-residence-free-ipl-tower-bella-tipe-studio-full-furnish-bekasi-apr7739397/,Bekasi,Jawa Barat,Pekayon,"Pakuwon Residence Bekasi, Pekayon, Bekasi",Apartemen,4583333.333333333,176282.05128205128,yearly,0,1,Studio / 1BR,26.0,18.740944918338013,2.522593550761932,Stasiun KRL Bekasi,Tier 3: Outer Commuter Ring (15-28km),1,0,0,0,0,0,0,0,0,0,0,0,-6.25251,106.983742,listing,0,https://picture.rumah123.com/r123-images/360x210-crop/customer/4437635/listing/apr7739397/enhanced/391884f1114c69b5a6bfcc1325b3d421.jpg,Disewakan Apartement Baru Pakuwon Residence Free IPL Tower Bellas Tipe Studio Full Furnish Bekasi   Tower : Bellas  Lantai : 22  1. Type : Studio L...,4381359.0,201974.33333333305,0.0451,-4.6,0.14,Fair Market Price,Disewakan Apartemen Pakuwon Residence Free IPL Tower Bella Tipe Studio Full Furnish Bekasi,Pakuwon Residence Bekasi,exact
LST-00613,Pakuwon Residence Bekasi • Studio Full Furnished (27 m²),https://www.rumah123.com/properti/bekasi-pekayon/disewakan-apartemen-pakuwon-residence-free-ipl-tipe-studio-full-furnish-bekasi-apr7748839/,Bekasi,Jawa Barat,Pekayon,"Pakuwon Residence Bekasi, Pekayon, Bekasi",Apartemen,4000000.0,148148.14814814815,yearly,0,1,Studio / 1BR,27.0,18.740944918338013,2.522593550761932,Stasiun KRL Bekasi,Tier 3: Outer Commuter Ring (15-28km),1,0,0,0,0,0,0,0,0,0,0,0,-6.25251,106.983742,listing,0,https://picture.rumah123.com/r123-images/360x210-crop/customer/4437635/listing/apr7748839/enhanced/82bc2bc1acd124419cfd8da2cf284f37.jpg,Disewakan Apartemen Pakuwon Residence ( Unit Baru) Free IPL Tipe Studio Full Furnished Bekasi  Tower : Amor Tipe : Studio Lantai : 9 LB : 27 m² Li...,4698930.0,-698930.0,-0.161,14.9,-0.49,Fair Market Price,Disewakan Apartemen Pakuwon Residence Unit Baru Free IPL Tipe Studio Full Furnish Bekasi,Pakuwon Residence Bekasi,exact
LST-00614,Orange County Cikarang • 2BR Furnished (90 m²),https://www.rumah123.com/properti/bekasi-cikarang-selatan/disewakan-apartemen-orange-county-cikarang-furnished-apr7531500/,Bekasi,Jawa Barat,Cikarang Selatan,"Orange County Cikarang, Cikarang Selatan, Bekasi",Apartemen,9583333.333333334,106481.48148148147,yearly,2,2,2 Bedroom,90.0,40.54444836614449,21.20714926431744,Stasiun KRL Bekasi,Tier 4: Greater Satellite Periphery (>28km),0,0,0,0,0,0,0,0,0,0,0,0,-6.33247071,107.16507621,listing,0,https://picture.rumah123.com/r123-images/360x210-crop/customer/1966238/48ecaa7bccc1c422d716b671e95b935b.jpg,"Facility:  Security System: 24-hours with CCTV and Access Card 24-Hour Customer Service Water Sprinkler, Fire Alarm, Hydrant System for building pr...",9150338.0,432995.333333334,0.0462,-4.7,0.14,Fair Market Price,Disewakan Apartemen Orange County Cikarang Furnished,Orange County Cikarang,exact
LST-00615,Orange County Cikarang • Studio Furnished (41 m²),https://www.rumah123.com/properti/bekasi-cikarang-selatan/disewakan-apartemen-orange-county-cikarang-selatan-studio-apr7614956/,Bekasi,Jawa Barat,Cikarang Selatan,"Orange County Cikarang, Cikarang Selatan, Bekasi",Apartemen,3333333.333333333,81300.81300813009,yearly,1,1,Studio / 1BR,41.0,40.477420916280096,21.114836987490023,Stasiun KRL Bekasi,Tier 4: Greater Satellite Periphery (>28km),0,0,0,0,0,0,0,0,0,0,0,0,-6.331036394055914,107.16494884146567,listing,0,https://picture.rumah123.com/r123-images/360x210-crop/customer/1966238/8420427603dcd4fdd2952526abc1ba0b.jpg,"Security System: 24-hours with CCTV and Access Card  24-Hour Customer Service  Water Sprinkler, Fire Alarm, Hydrant System for building protection ...",3861343.0,-528009.666666667,-0.147,13.7,-0.45,Fair Market Price,Disewakan Apartemen Orange County Cikarang Selatan Studio,Orange County Cikarang,exact
LST-00616,Meikarta Cikarang • 2BR Furnished (42 m²),https://www.rumah123.com/properti/bekasi-cikarang-selatan/disewakan-apartement-meikarta-cikarang-furnished-apr7515144/,Bekasi,Jawa Barat,Cikarang Selatan,"Meikarta Cikarang, Cikarang Selatan, Bekasi",Apartemen,3500000.0,83333.33333333333,monthly,2,1,2 Bedroom,42.0,41.04508700458722,21.805875766862403,Stasiun KRL Bekasi,Tier 4: Greater Satellite Periphery (>28km),0,0,0,0,0,0,0,0,0,0,0,0,-6.338857945,107.1675376,listing,0,https://picture.rumah123.com/r123-images/360x210-crop/customer/1966238/501f91e15e2cb9ed33e1facb9dacc99d.jpg,"Facility:  Security System: 24-hours with CCTV and Access Card 24-Hour Customer Service Water Sprinkler, Fire Alarm, Hydrant System for building pr...",3859412.0,-359412.0,-0.0978,9.3,-0.3,Fair Market Price,Disewakan Apartement Meikarta Cikarang Furnished,Meikarta Cikarang,exact
LST-00617,Vasanta Innopark Cibitung Tower Botan • 1BR Furnished (34 m²),https://www.rumah123.com/properti/bekasi-cikarang-barat/disewakan-apartemen-vasanta-tower-botan-furnished-apr7314787/,Bekasi,Jawa Barat,Cikarang Barat,"Vasanta Innopark Cibitung, Cikarang Barat, Bekasi",Apartemen,3500000.0,102941.17647058824,yearly,1,1,Studio / 1BR,34.0,30.743282787868942,11.299092502520214,Stasiun KRL Bekasi,Tier 4: Greater Satellite Periphery (>28km),0,0,0,0,0,0,0,0,0,0,0,0,-6.290892449546448,107.08559096394106,listing,0,https://picture.rumah123.com/r123-images/360x210-crop/customer/1966238/20193c9d008bdf5588ea677897278b3c.jpg,"Apartemen di Cikarang Barat, Bekasi.  For rent di wilayah yang nyaman. Dengan kategorinya adalah sebagai berikut: - Kamar Tidur: 1 - Kamar Mandi: 1...",4444134.0,-944134.0,-0.2388,21.2,-0.73,Fair Market Price,Disewakan Apartemen Vasanta Tower Botan Furnished,Vasanta Innopark Cibitung,exact
LST-00618,Vasanta Innopark Cibitung Tower Aoki • 1BR Furnished (34 m²),https://www.rumah123.com/properti/bekasi-cikarang-barat/disewakan-apartement-vasanta-tower-aoki-furnished-apr7291739/,Bekasi,Jawa Barat,Cikarang Barat,"Vasanta Innopark Cibitung, Cikarang Barat, Bekasi",Apartemen,4583333.333333333,134803.92156862744,yearly,1,1,Studio / 1BR,34.0,30.743282787868942,11.299092502520214,Stasiun KRL Bekasi,Tier 4: Greater Satellite Periphery (>28km),0,0,0,0,0,0,0,0,0,0,0,0,-6.290892449546448,107.08559096394106,listing,0,https://picture.rumah123.com/r123-images/360x210-crop/customer/1966238/13fce24c47a6b8e01c3fb81489178adc.jpg,"Apartemen di Cikarang Barat, Bekasi.  For rent di wilayah yang nyaman. Dengan kategorinya adalah sebagai berikut: - Kamar Tidur: 1 - Kamar Mandi: 1...",4193281.0,390052.333333333,0.0889,-9.3,0.27,Fair Market Price,Disewakan Apartement Vasanta - Tower Aoki Furnished -,Vasanta Innopark Cibitung,exact
LST-00619,Orange County Cikarang • 1BR Furnished (50 m²),https://www.rumah123.com/properti/bekasi-cikarang-selatan/disewakan-apartement-orange-county-cikarang-furnished-apr7306922/,Bekasi,Jawa Barat,Cikarang Selatan,"Orange County Cikarang, Cikarang Selatan, Bekasi",Apartemen,5416666.666666667,108333.33333333334,yearly,1,1,Studio / 1BR,50.0,40.4721635597822,21.11741041383491,Stasiun KRL Bekasi,Tier 4: Greater Satellite Periphery (>28km),0,0,0,0,0,0,0,0,0,0,0,0,-6.331383399357811,107.16477379202844,listing,0,https://picture.rumah123.com/r123-images/360x210-crop/customer/1966238/a14e6748e463ef9af2c01f994f348d70.jpg,"Facility:  Security System: 24-hours with CCTV and Access Card 24-Hour Customer Service Water Sprinkler, Fire Alarm, Hydrant System for building pr...",4357521.0,1059145.666666667,0.2176,-24.3,0.67,Fair Market Price,Disewakan Apartement Orange County Cikarang Furnished,Orange County Cikarang,exact
LST-00620,Orange County Cikarang • 2BR Furnished (96 m²),https://www.rumah123.com/properti/bekasi-cikarang-selatan/disewakan-apartement-orange-county-cikarang-furnished-apr7711664/,Bekasi,Jawa Barat,Cikarang Selatan,"Orange County Cikarang, Cikarang Selatan, Bekasi",Apartemen,7916666.666666667,82465.27777777778,yearly,2,2,2 Bedroom,96.0,40.421538738880784,21.04946282497661,Stasiun KRL Bekasi,Tier 4: Greater Satellite Periphery (>28km),0,0,0,0,0,0,0,0,0,0,0,0,-6.330378041467228,107.16464758626194,listing,0,https://picture.rumah123.com/r123-images/360x210-crop/customer/1966238/listing/apr7711664/enhanced/9a575e598e84ec695865deecae2d8f9f.jpg,"Apartemen 36 lantai di Cikarang Selatan, Bekasi.  For rent di wilayah yang asri. Dengan spesifikasinya adalah sebagai berikut: - Kamar Tidur: 2 - K...",9136357.0,-1219690.333333333,-0.1433,13.3,-0.44,Fair Market Price,Disewakan Apartement 2 BR - Orange County Cikarang Furnished,Orange County Cikarang,exact
LST-00621,Orange County Cikarang • 2BR Furnished (85 m²),https://www.rumah123.com/properti/bekasi-cikarang-selatan/disewakan-apartement-orange-county-cikarang-furnished-apr7800265/,Bekasi,Jawa Barat,Cikarang Selatan,"Orange County Cikarang, Cikarang Selatan, Bekasi",Apartemen,8333333.333333333,98039.2156862745,yearly,2,1,2 Bedroom,85.0,40.48810933193914,21.13358649002164,Stasiun KRL Bekasi,Tier 4: Greater Satellite Periphery (>28km),0,0,0,0,0,0,0,0,0,0,0,0,-6.331454756961364,107.16490135539313,listing,0,https://picture.rumah123.com/r123-images/360x210-crop/customer/1966238/d561b10be6afdd899a3b621b3959537e.jpg,"Facility:  Security System: 24-hours with CCTV and Access Card 24-Hour Customer Service Water Sprinkler, Fire Alarm, Hydrant System for building pr...",8605896.0,-272562.666666667,-0.0322,3.2,-0.1,Fair Market Price,Disewakan Apartement Orange County Cikarang Furnished,Orange County Cikarang,exact
LST-00622,Orange County Cikarang Tower Irvine • 2BR Furnished (82 m²),https://www.rumah123.com/properti/bekasi-cikarang-selatan/apartemen-orange-county-tower-irvine-2br-furnished-murah-apr7786634/,Bekasi,Jawa Barat,Cikarang Selatan,"Orange County Cikarang, Cikarang Selatan, Bekasi",Apartemen,8333333.333333333,101626.0162601626,yearly,2,1,2 Bedroom,82.0,40.538096726790215,21.19749681459516,Stasiun KRL Bekasi,Tier 4: Greater Satellite Periphery (>28km),0,0,0,0,0,0,0,0,0,0,0,0,-6.3322935,107.1650793,listing,0,https://picture.rumah123.com/r123-images/360x210-crop/customer/4385453/cd3d1ae571f9b7409a2bd51b80c412d6.jpg,"Hunian Praktis & Modern Apartemen ini menawarkan gaya hidup yang praktis dengan lingkungan yang terus berkembang. Cocok bagi Anda yang menginginka...",8751462.0,-418128.666666667,-0.049,4.8,-0.15,Fair Market Price,"Apartemen Orange County Tower Irvine 2Br Furnished Bagus , Lippo Cikarang, Cikarang",Orange County Cikarang,exact
LST-00623,Orange County Cikarang • 2BR Full Furnished (70 m²),https://www.rumah123.com/properti/bekasi-cikarang-selatan/disewakan-apartemen-orange-county-bebas-banjir-lokasi-strategis-apr3600176/,Bekasi,Jawa Barat,Cikarang Selatan,"Orange County Cikarang, Cikarang Selatan, Bekasi",Apartemen,8333333.333333333,119047.61904761904,yearly,2,1,2 Bedroom,70.0,43.06086733003063,23.73286208738612,Stasiun KRL Bekasi,Tier 4: Greater Satellite Periphery (>28km),1,0,0,0,0,0,1,1,0,0,0,0,-6.34254,107.18562,listing,0,https://picture.rumah123.com/r123-images/360x210-crop/customer/58361/9392836d80303570f2f4427b02f6bd6c.jpg,Disewakan Apartemen アパートの貸室 こんにちわ!  Name: Orange County  Condition: Full furnished  Facility: Swimming pool Fitness center ...,6326297.0,2007036.333333333,0.2755,-31.7,0.84,Premium / High Price,Disewakan Apartemen Orange County Bebas Banjir Lokasi Strategis,Orange County Cikarang,exact
LST-00624,Trivium Terrace Cikarang • 2BR Full Furnished (75 m²),https://www.rumah123.com/properti/bekasi-cikarang-selatan/disewakan-apartemen-trivium-2br-north-new-interior-di-lippo-cikarang-apr3363908/,Bekasi,Jawa Barat,Cikarang Selatan,"Trivium Terrace Cikarang, Cikarang Selatan, Bekasi",Apartemen,8750000.0,116666.66666666669,yearly,2,2,2 Bedroom,75.0,43.06086733003063,23.73286208738612,Stasiun KRL Bekasi,Tier 4: Greater Satellite Periphery (>28km),1,0,0,0,0,0,1,0,0,0,0,0,-6.34254,107.18562,listing,0,https://picture.rumah123.com/r123-images/360x210-crop/customer/58361/2024-07-07-02-43-17-5d80abe5-8665-4125-9626-74d5142321db.jpg,Disewakan Apartemen アパートの貸室 こんにちわ!  Name: Trivium Terrace Apartment  Condition: Full furnished  Facility: Swimming pool Fit...,9643217.0,-893217.0,-0.0972,9.3,-0.3,Fair Market Price,Disewakan Apartemen Trivium 2Br North New Interior di Lippo Cikarang,Trivium Terrace Cikarang,exact
LST-00625,Unresolved • Cikarang Selatan • 2BR Full Furnished (56 m²),https://www.rumah123.com/properti/bekasi-cikarang-selatan/luxury-2br-56sqm-full-furnished-modern-elegant-living-in-prime-area-apr7634908/,Bekasi,Jawa Barat,Cikarang Selatan,"Trivium Terrace Cikarang, Cikarang Selatan, Bekasi",Apartemen,6416666.666666667,114583.33333333334,yearly,2,1,2 Bedroom,56.0,43.06117851430047,23.733149490434528,Stasiun KRL Bekasi,Tier 4: Greater Satellite Periphery (>28km),1,0,0,0,0,0,1,1,0,0,0,0,-6.34254,107.185623,listing,0,https://picture.rumah123.com/r123-images/360x210-crop/customer/1860511/2b451ac867988fb082c79350b3a5bf08.jpg,Disewakan Apartemen アパートの貸室 こんにちわ!  Name: Trivium Terrace  Condition: Full furnished  Facility: Swimming pool Fitness cente...,6047624.0,369042.666666667,0.0592,-6.1,0.18,Fair Market Price,Luxury 2Br 56Sqm Full Furnished - Modern Elegant Living In Prime Area,,unresolved
LST-00626,Unresolved • Summarecon Bekasi • 2BR Full Furnished (35 m²),https://www.rumah123.com/properti/bekasi-summarecon-bekasi/disewakan-apartemen-2br-fully-furnished-di-summarecon-bekasi-tinggal-bawa-koper-apr7603758/,Bekasi,Jawa Barat,Summarecon Bekasi,"The Springlake Summarecon Bekasi, Summarecon Bekasi, Bekasi",Apartemen,3750000.0,107142.85714285714,yearly,2,1,2 Bedroom,35.0,20.1088230041982,1.1224371882548043,Stasiun KRL Bekasi,Tier 3: Outer Commuter Ring (15-28km),1,0,0,0,0,0,0,0,0,0,0,0,-6.226128,107.001076,listing,0,https://picture.rumah123.com/r123-images/360x210-crop/customer/1876744/7f295ba10ed65c0004b40131c098b745.jpg,"DISEWAKAN APARTEMEN 2BR FULLY FURNISHED - TOWER CALDESIA, THE SPRINGLAKE, SUMMARECON BEKASI. Tinggal bawa koper saja.   Cari hunian praktis, nyaman...",3567575.0,182425.0,0.0499,-5.1,0.15,Fair Market Price,Disewakan Apt 2Br Fully Furnished di Summarecon Bekasi. Siap Huni,,unresolved
LST-00627,Grand Kamala Lagoon • Studio Full Furnished (26 m²),https://www.rumah123.com/properti/bekasi-bekasi-selatan/disewakan-studio-apartemen-full-furnish-grand-kamala-lagoon-apr7816941/,Bekasi,Jawa Barat,Bekasi Selatan,"Grand Kamala Lagoon Bekasi, Bekasi Selatan, Bekasi",Apartemen,3500000.0,134615.38461538462,monthly,0,1,Studio / 1BR,26.0,18.8255498516288,1.2581585927972738,Stasiun KRL Bekasi,Tier 3: Outer Commuter Ring (15-28km),1,0,0,0,0,0,0,0,0,0,0,0,-6.23583,106.988121,listing,0,https://picture.rumah123.com/r123-images/360x210-crop/customer/1881424/b32bef90fa87c66031660a4f79a3d421.jpg,"DISEWAKAN APARTEMEN GRAND KAMALA LAGOON - STUDIO FULL FURNISHED  ✨ Unit studio nyaman, modern & siap huni di kawasan strategis Bekasi!  Detail Un...",8665356.0,-5165356.0,-0.9066,59.6,-2.78,Deep Value Deal (Rare Find),Disewakan Studio Apartemen Full Furnish Grand Kamala Lagoon,Grand Kamala Lagoon,exact
LST-00628,Pakuwon Residence Bekasi • 2BR Furnished (65 m²),https://www.rumah123.com/properti/bekasi-bekasi-selatan/disewakan-apartemen-pakuwon-residence-bekasi-conecting-pool-apr7846484/,Bekasi,Jawa Barat,Bekasi Selatan,"Pakuwon Residence Bekasi, Bekasi Selatan, Bekasi",Apartemen,15000000.0,230769.2307692308,monthly,2,1,2 Bedroom,65.0,18.8255498516288,1.2581585927972738,Stasiun KRL Bekasi,Tier 3: Outer Commuter Ring (15-28km),0,0,0,0,0,0,1,0,0,0,0,0,-6.23583,106.988121,listing,0,https://picture.rumah123.com/r123-images/360x210-crop/customer/1881424/681af6383eb532658c84e199e0ff5a4a.jpg,FOR RENT - PAKUWON RESIDENCE BEKASI  ✨ 2 Bedrooms | 65 m² | Lantai 1  Direct Connecting to Pool  Nikmati hunian yang nyaman dengan akses yang su...,7765236.0,7234764.0,0.6584,-93.2,2.02,Overpriced / Luxury Tag,Disewakan Apartemen Pakuwon Residence Bekasi Conecting Pool!,Pakuwon Residence Bekasi,exact
LST-00629,The Springlake Summarecon • Studio Full Furnished (21 m²),https://www.rumah123.com/properti/bekasi-summarecon-bekasi/disewakan-apartemen-studio-furnish-springlake-summarecon-bekasi-apr7817147/,Bekasi,Jawa Barat,Summarecon Bekasi,"The Springlake Summarecon Bekasi, Summarecon Bekasi, Bekasi",Apartemen,2375000.0,113095.23809523808,yearly,1,1,Studio / 1BR,21.0,20.1088230041982,1.1224371882548043,Stasiun KRL Bekasi,Tier 3: Outer Commuter Ring (15-28km),1,0,0,0,0,0,1,0,0,0,0,0,-6.226128,107.001076,listing,0,https://picture.rumah123.com/r123-images/360x210-crop/customer/1971808/132254186d8176b716a627732e67c997.jpg,*Disewakan Apartemen Studio Full Furnish Springlake Summarecon Bekasi*  Tower Davalia  Lantai 3 View Kolam Renang  Luas 21 m² Full Furnished  Kasu...,2349665.0,25335.0,0.0107,-1.1,0.03,Fair Market Price,Disewakan Apartemen Studio Furnish Springlake Summarecon Bekasi,The Springlake Summarecon,exact
LST-00630,Meikarta Cikarang • 3BR Furnished (108 m²),https://www.rumah123.com/properti/bekasi-cikarang/meikarta-lantai-6-apr7839753/,Bekasi,Jawa Barat,Cikarang,"Meikarta Cikarang, Cikarang, Bekasi",Apartemen,6250000.0,57870.37037037037,yearly,3,1,3 Bedroom,108.0,38.56637506297416,18.510971419363152,Stasiun KRL Bekasi,Tier 4: Greater Satellite Periphery (>28km),0,0,0,0,0,0,0,0,0,0,0,0,-6.2513,107.166267,listing,0,https://picture.rumah123.com/r123-images/360x210-crop/customer/943116/023887357219f0ef9569ea9aeea30445.jpg,Detail properti : - Memiliki 2 Pintu masuk (1 pintu samping lift) - Ceiling 6 meter (Bisa dibuat meizanine jadi 2 lantai) - Kamar Tidur - Kamar Man...,6537087.0,-287087.0,-0.0449,4.4,-0.14,Fair Market Price,Meikarta Lantai 6,Meikarta Cikarang,exact
LST-00631,The Springlake View Tower Elodea • Studio Furnished (25 m²),https://www.rumah123.com/properti/bekasi-summarecon-bekasi/disewakan-apartemen-the-springlake-view-sewa-tipe-studio-furnished-di-menara-elodea-dekat-summarecon-mal-bekasi-apr7252524/,Bekasi,Jawa Barat,Summarecon Bekasi,"The Springlake Summarecon Bekasi, Summarecon Bekasi, Bekasi",Apartemen,2083333.3333333333,83333.33333333333,yearly,1,1,Studio / 1BR,25.0,20.1088627629564,1.1224879902885003,Stasiun KRL Bekasi,Tier 3: Outer Commuter Ring (15-28km),0,0,0,0,0,0,0,0,0,0,0,0,-6.2261276,107.0010764,listing,0,https://picture.rumah123.com/r123-images/360x210-crop/customer/1907015/d9e51a10b3cdf082c8ecba375eb8528f.jpg,"Apartemen The Springlake merupakan apartemen dengan konsep mixed use yang terintegrasi dengan fungsi komersial seluas 8 ha, berada di tepi danau ya...",3119427.0,-1036093.6666666667,-0.4037,33.2,-1.24,Good Deal (Undervalued),Disewakan Apartemen The Springlake View Sewa Tipe Studio Furnished Di Menara Elodea Dekat Summarecon Mal Bekasi,The Springlake View,exact
LST-00632,Trivium Terrace Cikarang • 2BR Full Furnished (58 m²),https://www.rumah123.com/properti/bekasi-cikarang-selatan/disewakan-apartemen-trivium-north-2br-bagus-dan-nyaman-apr3320055/,Bekasi,Jawa Barat,Cikarang Selatan,"Trivium Terrace Cikarang, Cikarang Selatan, Bekasi",Apartemen,6500000.0,112068.96551724138,yearly,2,1,2 Bedroom,58.0,43.06086733003063,23.73286208738612,Stasiun KRL Bekasi,Tier 4: Greater Satellite Periphery (>28km),1,0,0,0,0,0,1,0,0,0,0,0,-6.34254,107.18562,listing,0,https://picture.rumah123.com/r123-images/360x210-crop/customer/58361/2024-05-31-01-58-56-14544fb2-0ab1-480c-a72e-c8f05a8253f8.jpg,Disewakan Apartemen アパートの貸室 こんにちわ!  Name: Trivium Terrace Apartment  Condition: Full furnished  Facility: Swimming pool Fit...,5617365.0,882635.0,0.1459,-15.7,0.45,Fair Market Price,Disewakan Apartemen Trivium North 2Br Bagus dan Nyaman,Trivium Terrace Cikarang,exact
LST-00633,Chadstone Cikarang Tower D • Studio Furnished (26 m²),https://www.rumah123.com/properti/bekasi-cikarang/murah-apartemen-chadstone-tower-d-type-studio-luas-26m2-apr7680288/,Bekasi,Jawa Barat,Cikarang,"Pollux Chadstone Cikarang, Cikarang, Bekasi",Apartemen,1500000.0,57692.307692307695,yearly,1,1,Studio / 1BR,26.0,38.56637506297416,18.510971419363152,Stasiun KRL Bekasi,Tier 4: Greater Satellite Periphery (>28km),0,0,0,0,0,0,0,0,0,0,0,0,-6.2513,107.166267,listing,0,https://picture.rumah123.com/r123-images/360x210-crop/customer/438/listing/apr7680288/enhanced/9f4202af-c76a-423b-8a41-44c52c00fde5.jpg,KEUNGGULANNYA : 1. Lokasi exit tol Cikarang 2. Dekat dengan kawasan pemukiman dan industri di Cikarang 3. Menyatu dengan Pollux Mall 4. Tersedia Re...,2903627.0,-1403627.0,-0.6605,48.3,-2.02,Deep Value Deal (Rare Find),Murah dan Free IPL Apartemen Chadstone Tower D Type Studio Luas 26M2,Chadstone Cikarang,exact
LST-00634,The Springlake Summarecon • 3BR Furnished (49 m²),https://www.rumah123.com/properti/bekasi-summarecon-bekasi/di-sewakan-apatemnt-3-br-diower-basela-springlake-summarecon-bekasi-apr7800950/,Bekasi,Jawa Barat,Summarecon Bekasi,"The Springlake Summarecon Bekasi, Summarecon Bekasi, Bekasi",Apartemen,4000000.0,81632.6530612245,yearly,3,1,3 Bedroom,49.0,19.812446095261755,1.5243363630689244,Stasiun KRL Bekasi,Tier 3: Outer Commuter Ring (15-28km),0,0,0,0,0,0,0,0,0,0,0,0,-6.222413982755967,106.99870727702069,listing,0,https://picture.rumah123.com/r123-images/360x210-crop/customer/46500/49149914d23dc0b7a3f3c19da07d9909.jpg,"Apartemen di Summarecon Bekasi.  Temukan apartemen 18 lantai yang asri ini,  disewakan menghadirkan lingkungan fasilitas yang lengkap, cocok untuk ...",5043930.0,-1043930.0,-0.2319,20.7,-0.71,Fair Market Price,Di Sewakan Apatemnt 3 BR Diower Basela Springlake Summarecon Bekasi,The Springlake Summarecon,exact
LST-00635,The Springlake Summarecon Tower Caldesia • 2BR Furnished (40 m²),https://www.rumah123.com/properti/bekasi-summarecon-bekasi/di-sewakan-apartemen-2br-di-tower-caldesia-spring-lake-summarecon-bekasi-apr7833011/,Bekasi,Jawa Barat,Summarecon Bekasi,"The Springlake Summarecon Bekasi, Summarecon Bekasi, Bekasi",Apartemen,3166666.6666666665,79166.66666666666,yearly,2,1,2 Bedroom,40.0,19.92892811046984,1.4659836139712654,Stasiun KRL Bekasi,Tier 3: Outer Commuter Ring (15-28km),0,0,0,0,0,0,0,0,0,0,0,0,-6.222917987326952,106.99972483528654,listing,0,https://picture.rumah123.com/r123-images/360x210-crop/customer/46500/listing/apr7833011/enhanced/0bd7663b-1a88-4bca-8178-af43ba01a33d.png,"Kesempatan terbatas buat Anda dapatkan apartemen strategis dengan return investasi tinggi di Summarecon Bekasi, Bekasi.  Apartemen ini menawarkan l...",3769444.0,-602777.3333333335,-0.1742,16.0,-0.53,Fair Market Price,Di Sewakan Apartemen 2Br di Tower Caldesia Spring Lake Summarecon Bekasi,The Springlake Summarecon,exact
LST-00636,Unresolved • Summarecon Bekasi • Studio Furnished (24 m²),https://www.rumah123.com/properti/bekasi-summarecon-bekasi/sewastudio-siap-huni-apr7826341/,Bekasi,Jawa Barat,Summarecon Bekasi,"The Springlake Summarecon Bekasi, Summarecon Bekasi, Bekasi",Apartemen,2083333.3333333333,86805.55555555555,yearly,1,0,Studio / 1BR,24.0,20.1088230041982,1.1224371882548043,Stasiun KRL Bekasi,Tier 3: Outer Commuter Ring (15-28km),0,0,0,0,0,0,0,0,0,0,0,0,-6.226128,107.001076,listing,0,https://picture.rumah123.com/r123-images/360x210-crop/customer/4478200/9c017b79c95dc7fbce8cb2de6869eab6.jpg,"Kesempatan terbatas buat Anda dapatkan apartemen strategis dengan return investasi tinggi di Summarecon Bekasi, Bekasi.  Apartemen ini menawarkan k...",2906198.0,-822864.6666666667,-0.3329,28.3,-1.02,Good Deal (Undervalued),Sewa Studio Siap Huni,,unresolved
LST-00637,Unresolved • Summarecon Bekasi • Studio Unfurnished (22 m²),https://www.rumah123.com/properti/bekasi-summarecon-bekasi/sewa-studio-unfurnish-murah-apr7843736/,Bekasi,Jawa Barat,Summarecon Bekasi,"The Springlake Summarecon Bekasi, Summarecon Bekasi, Bekasi",Apartemen,1500000.0,68181.81818181818,yearly,0,1,Studio / 1BR,22.0,20.1088230041982,1.1224371882548043,Stasiun KRL Bekasi,Tier 3: Outer Commuter Ring (15-28km),0,0,0,0,0,0,0,0,0,0,0,0,-6.226128,107.001076,listing,0,https://picture.rumah123.com/r123-images/360x210-crop/customer/4478200/438962433893c3954f2a4eb759ef0347.jpg,"Kesempatan terbatas buat Anda dapatkan apartemen nyaman dengan return investasi tinggi di Summarecon Bekasi, Bekasi.  Apartemen ini menawarkan kele...",1846969.0,-346969.0,-0.2081,18.8,-0.64,Fair Market Price,Sewa Studio Unfurnish Murah,,unresolved
LST-00638,Trivium Terrace Cikarang • 2BR Full Furnished (75 m²),https://www.rumah123.com/properti/bekasi-cikarang-selatan/apartemen-trivium-terrace-3br-renovasi-menjadi-2br-bagus-dan-nyaman-apr3320057/,Bekasi,Jawa Barat,Cikarang Selatan,"Trivium Terrace Cikarang, Cikarang Selatan, Bekasi",Apartemen,8833333.333333334,117777.77777777778,yearly,2,2,2 Bedroom,75.0,43.06086733003063,23.73286208738612,Stasiun KRL Bekasi,Tier 4: Greater Satellite Periphery (>28km),1,0,0,0,0,0,1,0,0,0,0,0,-6.34254,107.18562,listing,0,https://picture.rumah123.com/r123-images/360x210-crop/customer/58361/2024-05-31-02-01-15-c78f3e5c-3f45-44d0-bbba-5d31b90afda5.jpg,Disewakan Apartemen アパートの貸室 こんにちわ!  Name: Trivium Terrace Apartment  Condition: Full furnished  Facility: Swimming pool Fit...,10019771.0,-1186437.666666666,-0.126,11.8,-0.39,Fair Market Price,Apartemen Trivium Terrace 3Br Renovasi Menjadi 2Br Bagus dan Nyaman,Trivium Terrace Cikarang,exact
LST-00639,Trivium Terrace Cikarang • Studio Full Furnished (34 m²),https://www.rumah123.com/properti/bekasi-cikarang-selatan/disewakan-studio-trivium-cikarang-lokasi-strategis-apr7659563/,Bekasi,Jawa Barat,Cikarang Selatan,"Trivium Terrace Cikarang, Cikarang Selatan, Bekasi",Apartemen,3416666.6666666665,100490.19607843136,yearly,1,1,Studio / 1BR,34.0,43.06117851430047,23.733149490434528,Stasiun KRL Bekasi,Tier 4: Greater Satellite Periphery (>28km),1,0,0,0,0,0,1,1,0,0,0,0,-6.34254,107.185623,listing,0,https://picture.rumah123.com/r123-images/360x210-crop/customer/1860511/2272858840f6b411af74777d4289b09a.jpg,Disewakan Apartemen アパートの貸室 こんにちわ!  Name: Trivium Terrace  Condition: Full furnished  Facility: Swimming pool Fitness cente...,4560586.0,-1143919.3333333335,-0.2888,25.1,-0.88,Good Deal (Undervalued),"Disewakan Studio Trivium Cikarang, Lokasi Strategis",Trivium Terrace Cikarang,exact
LST-00640,Trivium Terrace Cikarang • 1BR Full Furnished (38 m²),https://www.rumah123.com/properti/bekasi-cikarang-selatan/disewakan-apartemen-trivium-1br-38sqm-space-nyaman-apr3592273/,Bekasi,Jawa Barat,Cikarang Selatan,"Trivium Terrace Cikarang, Cikarang Selatan, Bekasi",Apartemen,3916666.6666666665,103070.17543859647,yearly,1,1,Studio / 1BR,38.0,43.06086733003063,23.73286208738612,Stasiun KRL Bekasi,Tier 4: Greater Satellite Periphery (>28km),1,0,0,0,0,0,1,1,0,0,0,0,-6.34254,107.18562,listing,0,https://picture.rumah123.com/r123-images/360x210-crop/customer/58361/6429a1f1d2090b9c3dc85941b47fc92f.jpg,Disewakan Apartemen アパートの貸室 こんにちわ!  Name: Trivium Terrace  Condition: Full furnished  Facility: Swimming pool Fitness cente...,3970402.0,-53735.33333333349,-0.0136,1.4,-0.04,Fair Market Price,Disewakan Apartemen Trivium 1Br 38Sqm Space Nyaman,Trivium Terrace Cikarang,exact
LST-00641,Pakuwon Residence Bekasi Pool View • Studio Furnished (25 m²),https://www.rumah123.com/properti/bekasi-pekayon/disewakan-tipe-studio-furnished-mewah-lengkap-bagus-siap-huni-view-kolam-renang-apartemen-pakuwon-residence-lokasi-di-apr7438248/,Bekasi,Jawa Barat,Pekayon,"Pakuwon Residence Bekasi, Pekayon, Bekasi",Apartemen,5000000.0,200000.0,yearly,0,1,Studio / 1BR,25.0,18.740944918338013,2.522593550761932,Stasiun KRL Bekasi,Tier 3: Outer Commuter Ring (15-28km),0,0,0,0,0,0,1,0,0,0,0,0,-6.25251,106.983742,listing,0,https://picture.rumah123.com/r123-images/360x210-crop/customer/1907015/14453fcbdb135751b4cca4ae3fad0b5f.jpg,"PAKUWON RESIDENCES BEKASI | AMOR, BELLA & DOLCE TOWER. Setelah sukses dengan Kota Kasablanka dan Gandaria City di Jakarta, Pakuwon Group kembali me...",4009545.0,990455.0,0.2208,-24.7,0.68,Fair Market Price,Disewakan Tipe Studio Furnished Mewah Lengkap Bagus Siap Huni View Kolam Renang Apartemen Pakuwon Residence Lokasi Di Pakuwon Mal Bekasi,Pakuwon Residence Bekasi,exact
LST-00642,Grand Icon Caman • 2BR Full Furnished (39 m²),https://www.rumah123.com/properti/bekasi-jatibening/sewa-apartemen-grand-icon-caman-bekasi-2br-full-furnished-apr7822415/,Bekasi,Jawa Barat,Jatibening,"Grand Icon Caman Jatibening, Jatibening, Bekasi",Apartemen,4900000.0,125641.02564102564,monthly,2,1,2 Bedroom,39.0,15.433125354104016,5.522700373690288,Stasiun KRL Bekasi,Tier 3: Outer Commuter Ring (15-28km),1,0,0,0,0,0,0,0,0,0,0,0,-6.252758026123047,106.95243072509766,listing,0,https://picture.rumah123.com/r123-images/360x210-crop/customer/1710320/341f80b097b62ae4ebcd2ec19acc792b.jpg,"**SEWA APARTEMEN 2BR FULL FURNISHED - GRAND ICON CAMAN BEKASI**  Nikmati hunian nyaman dan praktis di **Grand Icon Caman, Bekasi**, dengan unit **2...",4547391.0,352609.0,0.0747,-7.8,0.23,Fair Market Price,Sewa Apartemen Grand Icon Caman Bekasi 2Br Full Furnished,Grand Icon Caman,exact
LST-00643,Grande Valore Jababeka • 1BR Full Furnished (45 m²),https://www.rumah123.com/properti/bekasi-jababeka/disewakan-apartemen-premium-quality-grande-valore-full-furnished-location-kawasan-industri-jababeka-cikarang-apr7649138/,Bekasi,Jawa Barat,Jababeka,"Grande Valore Jababeka Cikarang, Jababeka, Bekasi",Apartemen,3000000.0,66666.66666666667,monthly,1,1,Studio / 1BR,45.0,37.23753764414659,17.422968376762125,Stasiun KRL Bekasi,Tier 4: Greater Satellite Periphery (>28km),1,0,0,0,1,0,0,0,0,0,0,1,-6.295227363520098,107.14547625269957,listing,0,https://picture.rumah123.com/r123-images/360x210-crop/customer/4391459/172073b0c372eeb04e07fe12cbbc7d0e.jpg,"Harga sewa : Rp 4 juta per bulan. Bisa bayar bulanan.  Biaya sewa belum termasuk IPL, air dan listrik  Biaya belum termasuk parkir dan wifi.  Fully...",3486703.0,-486703.0,-0.1503,14.0,-0.46,Fair Market Price,"Disewakan Apartemen Premium Quality Grande Valore Full Furnished Location: Kawasan Industri Jababeka, Cikarang",Grande Valore Jababeka,exact
LST-00644,Sayana Harapan Indah • Studio Full Furnished (22 m²),https://www.rumah123.com/properti/bekasi-tarumajaya/disewakan-apartemen-sayana-tipe-studio-full-furnished-bagus-harapan-indah-bekasi-apr7850649/,Bekasi,Jawa Barat,Tarumajaya,"Sayana Apartments Kota Harapan Indah, Tarumajaya, Bekasi",Apartemen,2458333.333333333,111742.42424242424,yearly,1,1,Studio / 1BR,22.0,21.87710688814717,12.925004568264349,Stasiun KRL Bekasi,Tier 3: Outer Commuter Ring (15-28km),1,0,0,1,0,0,0,0,0,0,1,0,-6.1199,106.996536,listing,0,https://picture.rumah123.com/r123-images/360x210-crop/customer/1610201/38a01564b9bb0d1e759feb01da02d6cd.jpg,"Lantai : 1 Tipe : Studio Luas : 22 m² KT : 1 KM : 1 Sertifikat : PPJB siap AJB Listrik : 1300 W Air : Pam Full Furnished ( AC, Kitchen Set, Bed, K...",2456082.0,2251.333333333023,0.0009,-0.1,0.0,Fair Market Price,Disewakan Apartemen Sayana Tipe Studio Full Furnished Bagus Harapan Indah Bekasi,Sayana Harapan Indah,exact
LST-00645,Unresolved • Cibitung • Studio Furnished (23 m²),https://www.rumah123.com/properti/bekasi-cibitung/apartemen-strategismurah-nyaman-apr7850615/,Bekasi,Jawa Barat,Cibitung,"Vasanta Innopark Cibitung, Cibitung, Bekasi",Apartemen,3000000.0,130434.78260869563,yearly,0,1,Studio / 1BR,23.0,32.689728391181525,12.652821109296736,Stasiun KRL Bekasi,Tier 4: Greater Satellite Periphery (>28km),0,0,0,0,0,0,0,0,0,0,0,0,-6.2424,107.113792,listing,0,https://picture.rumah123.com/r123-images/360x210-crop/customer/1109234/5418cbd90016aa249e9509d4e1d35fee.jpg,"Apartemen 51 lantai di Cibitung, Bekasi.  Disewakan di wilayah yang tenang. Dengan spesifikasinya adalah sebagai berikut:   - Kamar Mandi: 1   - Se...",3086323.0,-86323.0,-0.0284,2.8,-0.09,Fair Market Price,Apartemen Strategis.murah Nyaman,,unresolved
LST-00646,Unresolved • Cikarang Selatan Tower Glendale • 1BR Furnished (55 m²),https://www.rumah123.com/properti/bekasi-cikarang-selatan/disewakan-apartemen-tower-glendale-view-bagus-di-lippo-cikarang-apr7850552/,Bekasi,Jawa Barat,Cikarang Selatan,"Orange County Cikarang, Cikarang Selatan, Bekasi",Apartemen,6250000.0,113636.36363636365,yearly,1,1,Studio / 1BR,55.0,43.06117851430047,23.733149490434528,Stasiun KRL Bekasi,Tier 4: Greater Satellite Periphery (>28km),0,0,0,0,0,0,0,0,0,0,0,0,-6.34254,107.185623,listing,0,https://picture.rumah123.com/r123-images/360x210-crop/customer/58361/95b0f9e7b9c52c5aa0ec6cc28a6c408a.jpg,Disewakan Apartemen Orange County Lippo Cikarang - アパートの貸室  Disewakan apartemen di Orange County Lippo Cikarang dengan kondisi full f...,6266716.0,-16716.0,-0.0027,0.3,-0.01,Fair Market Price,Disewakan Apartemen Tower Glendale View Bagus di Lippo Cikarang,,unresolved
LST-00647,Orange County Cikarang • 1BR Furnished (34 m²),https://www.rumah123.com/properti/bekasi-cikarang-selatan/disewakan-apartemen-orange-county-glendale-bagus-dan-nyaman-apr7703850/,Bekasi,Jawa Barat,Cikarang Selatan,"Orange County Cikarang, Cikarang Selatan, Bekasi",Apartemen,4583333.333333333,134803.92156862744,yearly,1,1,Studio / 1BR,34.0,43.06117851430047,23.733149490434528,Stasiun KRL Bekasi,Tier 4: Greater Satellite Periphery (>28km),0,0,0,0,0,0,0,0,0,0,0,0,-6.34254,107.185623,listing,0,https://picture.rumah123.com/r123-images/360x210-crop/customer/1860511/listing/apr7703850/enhanced/1593da83e59b41e02e6a8565a7509f89.jpg,Disewakan Apartemen Orange County Lippo Cikarang - アパートの貸室  Disewakan apartemen di Orange County Lippo Cikarang dengan kondisi full f...,3496551.0,1086782.333333333,0.2706,-31.1,0.83,Premium / High Price,Disewakan Apartemen Orange County Glendale Bagus dan Nyaman,Orange County Cikarang,exact
LST-00648,Orange County Cikarang • 2BR Full Furnished (90 m²),https://www.rumah123.com/properti/bekasi-cikarang-selatan/disewakan-apartemen-orange-country-2br-bagus-space-luas-dan-nyaman-apr3602651/,Bekasi,Jawa Barat,Cikarang Selatan,"Orange County Cikarang, Cikarang Selatan, Bekasi",Apartemen,9000000.0,100000.0,yearly,2,1,2 Bedroom,90.0,43.06086733003063,23.73286208738612,Stasiun KRL Bekasi,Tier 4: Greater Satellite Periphery (>28km),1,0,0,0,0,0,1,1,0,0,0,0,-6.34254,107.18562,listing,0,https://picture.rumah123.com/r123-images/360x210-crop/customer/58361/004ddf6b68ddb70888d5826821289142.png,Disewakan Apartemen アパートの貸室 こんにちわ!  Name: Orange County  Condition: Full furnished  Facility: Swimming pool Fitness center ...,10128369.0,-1128369.0,-0.1181,11.1,-0.36,Fair Market Price,Disewakan Apartemen Orange Country 2Br Bagus Space Luas dan Nyaman,Orange County Cikarang,fuzzy
LST-00649,Orange County Cikarang • 1BR Furnished (87 m²),https://www.rumah123.com/properti/bekasi-cikarang-selatan/exclusive-orange-county-3br-87-sqm-best-view-elegant-living-apr7832597/,Bekasi,Jawa Barat,Cikarang Selatan,"Orange County Cikarang, Cikarang Selatan, Bekasi",Apartemen,14000000.0,160919.54022988505,yearly,1,2,Studio / 1BR,87.0,43.06117851430047,23.733149490434528,Stasiun KRL Bekasi,Tier 4: Greater Satellite Periphery (>28km),0,0,0,0,0,0,0,0,0,0,0,0,-6.34254,107.185623,listing,0,https://picture.rumah123.com/r123-images/360x210-crop/customer/1860511/4b5deae119dc0373f77e4bbf50b38d0a.jpg,Disewakan Apartemen Orange County Lippo Cikarang - アパートの貸室  Disewakan apartemen di Orange County Lippo Cikarang dengan kondisi full f...,9272754.0,4727246.0,0.412,-51.0,1.26,Premium / High Price,Exclusive Orange County 3Br 87 Sqm | Best View & Elegant Living,Orange County Cikarang,exact
LST-00650,Grand Kamala Lagoon • 1BR Furnished (30 m²),https://www.rumah123.com/properti/bekasi-pekayon/disewakan-appartement-grand-kamala-lagoon-bekasi-highzone-apr7560468/,Bekasi,Jawa Barat,Pekayon,"Grand Kamala Lagoon Bekasi, Pekayon, Bekasi",Apartemen,4000000.0,133333.33333333334,monthly,1,1,Studio / 1BR,30.0,18.740944918338013,2.522593550761932,Stasiun KRL Bekasi,Tier 3: Outer Commuter Ring (15-28km),0,0,0,0,0,0,0,0,0,0,0,0,-6.25251,106.983742,listing,0,https://picture.rumah123.com/r123-images/360x210-crop/customer/1881424/listing/apr7560468/enhanced/0e75509f9af086aca99ccccdf60a9285.jpg,"Disewakan Grand Kamala Lagoon - Bulanan Grand Kamala Lagoon menawarkan hunian yang nyaman, strategis, dan praktis untuk berbagai kebutuhan. Cocok b...",5206300.0,-1206300.0,-0.2636,23.2,-0.81,Good Deal (Undervalued),Disewakan Appartement Grand Kamala Lagoon Bekasi Highzone,Grand Kamala Lagoon,exact
LST-00651,Pakuwon Residence Bekasi Tower Amor • Studio Full Furnished (30 m²),https://www.rumah123.com/properti/bekasi-bekasi-selatan/disewakan-apartemen-pakuwon-tower-amor-full-furnish-apr7764840/,Bekasi,Jawa Barat,Bekasi Selatan,"Pakuwon Residence Bekasi, Bekasi Selatan, Bekasi",Apartemen,16500000.0,550000.0,daily,0,1,Studio / 1BR,30.0,18.8255498516288,1.2581585927972738,Stasiun KRL Bekasi,Tier 3: Outer Commuter Ring (15-28km),1,0,0,0,0,0,0,0,0,0,0,0,-6.23583,106.988121,listing,0,https://picture.rumah123.com/r123-images/360x210-crop/customer/1881424/6abcc09d9491ad41ac0e3e32a7f43a29.jpg,Disewakan Apartemen Pakuwon Bekasi - Studio Full Furnished | Siap Huni  Nikmati pengalaman tinggal yang nyaman di Apartemen Pakuwon Bekasi dengan u...,3950523.0,12549477.0,1.4295,-317.7,4.38,Overpriced / Luxury Tag,Disewakan Apartemen Pakuwon Tower Amor Full Furnish,Pakuwon Residence Bekasi,exact
LST-00652,Grand Kamala Lagoon • 1BR Full Furnished (30 m²),https://www.rumah123.com/properti/bekasi-bekasi-selatan/disewakan-apartemen-full-furnish-tipe-1-br-grand-kamala-lagoon-apr7763546/,Bekasi,Jawa Barat,Bekasi Selatan,"Grand Kamala Lagoon Bekasi, Bekasi Selatan, Bekasi",Apartemen,5000000.0,166666.66666666666,monthly,1,1,Studio / 1BR,30.0,18.8255498516288,1.2581585927972738,Stasiun KRL Bekasi,Tier 3: Outer Commuter Ring (15-28km),1,0,0,0,0,0,0,0,0,0,0,0,-6.23583,106.988121,listing,0,https://picture.rumah123.com/r123-images/360x210-crop/customer/1881424/listing/apr7763546/enhanced/107daaaa1546a3c7675e892ea1e1eb55.jpg,Disewakan Apartemen Grand Kamala Lagoon - 1 bedroom Full Furnished | Siap Huni  Nikmati kenyamanan tinggal di Apartemen Grand Kamala Lagoon Bekasi ...,8616230.0,-3616230.0,-0.5442,42.0,-1.67,Deep Value Deal (Rare Find),Disewakan Apartemen Full Furnish Tipe 1 Br Grand Kamala Lagoon,Grand Kamala Lagoon,exact
LST-00653,Grand Kamala Lagoon • 1BR Full Furnished (26 m²),https://www.rumah123.com/properti/bekasi-pekayon/disewakan-apartement-grand-kamala-lagoon-full-furnish-apr7595749/,Bekasi,Jawa Barat,Pekayon,"Grand Kamala Lagoon Bekasi, Pekayon, Bekasi",Apartemen,4000000.0,153846.15384615384,monthly,1,1,Studio / 1BR,26.0,18.740944918338013,2.522593550761932,Stasiun KRL Bekasi,Tier 3: Outer Commuter Ring (15-28km),1,0,0,0,0,0,0,0,0,0,0,0,-6.25251,106.983742,listing,0,https://picture.rumah123.com/r123-images/360x210-crop/customer/1881424/83368d0fa9beae108f5e997b8829ea6e.jpg,More info langsung cek unit saja dlu TERIMA TITIP KUNCI JUAL BELI SEWA PROPERTY SELURUH INDONESIA  langsung konekting dengan mall Siap  huni dan ga...,4617531.0,-617531.0,-0.1436,13.4,-0.44,Fair Market Price,Disewakan Apartement Grand Kamala Lagoon Full Furnish,Grand Kamala Lagoon,exact
LST-00654,Primrose Condovilla • 3BR Full Furnished (98 m²),https://www.rumah123.com/properti/bekasi-summarecon-bekasi/for-rent-luxury-primrose-condovilla-3br1-apr7783326/,Bekasi,Jawa Barat,Summarecon Bekasi,"The Primrose Condovilla Summarecon, Summarecon Bekasi, Bekasi",Apartemen,10000000.0,102040.8163265306,yearly,3,2,3 Bedroom,98.0,20.1088230041982,1.1224371882548043,Stasiun KRL Bekasi,Tier 3: Outer Commuter Ring (15-28km),1,0,0,0,0,0,0,0,0,0,0,0,-6.226128,107.001076,listing,0,https://picture.rumah123.com/r123-images/360x210-crop/customer/1696493/ccf48c288298e4d2399f485de32e3f58.jpg,"low rise residential fully furnished. just bring your suitcase, ready to move in!  privacy is the main thing. designed with wide window openings to...",9811466.0,188534.0,0.019,-1.9,0.06,Fair Market Price,For Rent Luxury Primrose Condovilla 3Br+1,Primrose Condovilla,exact
LST-00655,The Springlake Summarecon • 3BR Furnished (49 m²),https://www.rumah123.com/properti/bekasi-summarecon-bekasi/di-sewakan-apartemen-3-br-di-sringlake-summarecon-bekasi-apr7822308/,Bekasi,Jawa Barat,Summarecon Bekasi,"The Springlake Summarecon Bekasi, Summarecon Bekasi, Bekasi",Apartemen,5000000.0,102040.8163265306,yearly,3,1,3 Bedroom,49.0,19.91030169194301,1.5363129496498835,Stasiun KRL Bekasi,Tier 3: Outer Commuter Ring (15-28km),0,0,0,0,0,0,0,0,0,0,0,0,-6.222284,106.999605,listing,0,https://picture.rumah123.com/r123-images/360x210-crop/customer/46500/a76f0b7ee7fbe84f16076910c78fe6e9.jpg,"Apartemen di Summarecon Bekasi.  Miliki apartemen 1 lantai yang modern ini,  disewakan menawarkan lingkungan fasilitas yang lengkap, cocok untuk An...",4338093.0,661907.0,0.142,-15.3,0.43,Fair Market Price,Di Sewakan Apartemen 3 BR di Sringlake Summarecon Bekasi,The Springlake Summarecon,fuzzy
LST-00656,Meikarta Cikarang Tower Marbella • 2BR Furnished (60 m²),https://www.rumah123.com/properti/bekasi-cikarang-selatan/apartemen-meikarta-tower-marbella-2br-siap-huni-di-cikarang-apr7822319/,Bekasi,Jawa Barat,Cikarang Selatan,"Meikarta Cikarang, Cikarang Selatan, Bekasi",Apartemen,2083333.3333333333,34722.22222222222,yearly,2,1,2 Bedroom,60.0,39.624025115266846,20.44889854871144,Stasiun KRL Bekasi,Tier 4: Greater Satellite Periphery (>28km),0,0,0,0,0,0,0,0,0,0,0,0,-6.335844100000001,107.1549364,listing,0,https://picture.rumah123.com/r123-images/360x210-crop/customer/1457341/2e7bb01b597ade2bc9dab867ab8f11a1.jpg,"Hunian Praktis & Modern Apartemen ini menawarkan gaya hidup yang praktis dengan lingkungan yang terus berkembang. Cocok bagi Anda yang menginginka...",4568226.0,-2484892.666666667,-0.7852,54.4,-2.4,Deep Value Deal (Rare Find),Apartemen Meikarta Tower Marbella 2Br Siap Huni di Cikarang,Meikarta Cikarang,exact
LST-00657,Unresolved • Summarecon Bekasi • 2BR Furnished (41 m²),https://www.rumah123.com/properti/bekasi-summarecon-bekasi/disewakanapartemensummarecon-bekasi-apr7822288/,Bekasi,Jawa Barat,Summarecon Bekasi,"The Springlake Summarecon Bekasi, Summarecon Bekasi, Bekasi",Apartemen,2916666.6666666665,71138.21138211382,yearly,2,1,2 Bedroom,41.0,20.08330870414361,0.3129293020460524,Stasiun KRL Bekasi,Tier 3: Outer Commuter Ring (15-28km),0,0,0,0,0,0,0,0,0,0,0,0,-6.23333,107.0,listing,0,https://picture.rumah123.com/r123-images/360x210-crop/customer/857909/28d52b320046729c867b6f36ee5d618e.jpg,"Apartemen ditower azolla.furnish,rapi bersih siap huni.lokasi sangat strategis",3823461.0,-906794.3333333336,-0.2707,23.7,-0.83,Good Deal (Undervalued),Disewakan.apartemen.summarecon Bekasi,,unresolved
LST-00658,Grand Kamala Lagoon • Studio Full Furnished (24 m²),https://www.rumah123.com/properti/bekasi-pekayon/for-rent-apartemen-grand-kamala-lagoon-studio-fully-furnished-apr7728721/,Bekasi,Jawa Barat,Pekayon,"Grand Kamala Lagoon Bekasi, Pekayon, Bekasi",Apartemen,5000000.0,208333.3333333333,monthly,1,1,Studio / 1BR,24.0,18.740944918338013,2.522593550761932,Stasiun KRL Bekasi,Tier 3: Outer Commuter Ring (15-28km),1,0,0,0,0,0,0,0,0,0,0,0,-6.25251,106.983742,listing,0,https://picture.rumah123.com/r123-images/360x210-crop/customer/4379802/listing/apr7728721/enhanced/aa56127f8a3a570c26ea56c0f88f167e.jpg,"Apartment Name: Grand Kamala Lagoon Location: Pekayon, Bekasi Selatan Tower / Floor / View: Barclay South / Middle Floor / City View Size: 24 m2 Be...",5586525.0,-586525.0,-0.1109,10.5,-0.34,Fair Market Price,For Rent Apartemen Grand Kamala Lagoon - Studio Fully Furnished,Grand Kamala Lagoon,exact
LST-00659,Trivium Terrace Cikarang • 2BR Full Furnished (75 m²),https://www.rumah123.com/properti/bekasi-cikarang-selatan/disewakan-apartemen-trivium-terrace-75sqm-luas-dan-nyaman-apr3385314/,Bekasi,Jawa Barat,Cikarang Selatan,"Trivium Terrace Cikarang, Cikarang Selatan, Bekasi",Apartemen,12500000.0,166666.66666666666,yearly,2,2,2 Bedroom,75.0,43.06086733003063,23.73286208738612,Stasiun KRL Bekasi,Tier 4: Greater Satellite Periphery (>28km),1,0,0,0,0,0,1,0,0,0,0,0,-6.34254,107.18562,listing,0,https://picture.rumah123.com/r123-images/360x210-crop/customer/58361/2024-07-24-02-28-38-67426cf5-4ec5-438a-b77d-1f55196b5c3e.jpg,Disewakan Apartemen アパートの貸室 こんにちわ!  Name: Trivium Terrace Apartment  Condition: Full furnished  Facility: Swimming pool Fit...,8545487.0,3954513.0,0.3803,-46.3,1.16,Premium / High Price,Disewakan Apartemen Trivium Terrace 75Sqm Luas dan Nyaman,Trivium Terrace Cikarang,exact
LST-00660,Meikarta Cikarang • 3BR Full Furnished (68 m²),https://www.rumah123.com/properti/bekasi-cikarang-selatan/apartemen-meikarta-full-furnish-siap-huni-nyaman-73902-rn-apr7814287/,Bekasi,Jawa Barat,Cikarang Selatan,"Meikarta Cikarang, Cikarang Selatan, Bekasi",Apartemen,5000000.0,73529.41176470589,yearly,3,1,3 Bedroom,68.0,40.89606348182277,21.6657918533788,Stasiun KRL Bekasi,Tier 4: Greater Satellite Periphery (>28km),1,0,0,0,0,0,0,0,0,0,0,0,-6.338657507421871,107.16617266362027,listing,0,https://picture.rumah123.com/r123-images/360x210-crop/customer/53426/7dc9e3cf5cc6ed1ede3875c70982f94e.jpg,"**APARTEMEN MEIKARTA FULL FURNISH - SIAP HUNI, NYAMAN & LENGKAP**  Hadirkan kenyamanan tinggal di **Apartemen Meikarta** dengan unit **full furnish...",6463296.0,-1463296.0,-0.2567,22.6,-0.79,Good Deal (Undervalued),"Apartemen Meikarta Full Furnish, Siap Huni & Nyaman 73902 Rn",Meikarta Cikarang,exact
LST-00661,Grand Kamala Lagoon • Studio Full Furnished (24 m²),https://www.rumah123.com/properti/bekasi-pekayon/for-rent-apartemen-grand-kamala-lagoon-studio-fully-furnished-apr7728723/,Bekasi,Jawa Barat,Pekayon,"Grand Kamala Lagoon Bekasi, Pekayon, Bekasi",Apartemen,4850000.0,202083.3333333333,monthly,1,1,Studio / 1BR,24.0,18.740944918338013,2.522593550761932,Stasiun KRL Bekasi,Tier 3: Outer Commuter Ring (15-28km),1,0,0,0,0,0,0,0,0,0,0,0,-6.25251,106.983742,listing,0,https://picture.rumah123.com/r123-images/360x210-crop/customer/4379802/listing/apr7728723/enhanced/5b692b7e6d01b3feee35499796b9b19f.jpg,"Apartment Name: Grand Kamala Lagoon Location: Pekayon, Bekasi Selatan Tower / Floor / View: Barclay South / Low Floor / City View Size: 24 m2 Bedro...",5872751.0,-1022751.0,-0.1913,17.4,-0.59,Fair Market Price,For Rent Apartemen Grand Kamala Lagoon - Studio Fully Furnished,Grand Kamala Lagoon,exact
LST-00662,Sentul Tower Apartment Tower 1 • 1BR Furnished (32 m²),https://www.rumah123.com/properti/bogor-sentul-city/disewakan-bulanan-apartemnt-sentul-tower-1-br-tower-a-apr7520457/,Bogor,Jawa Barat,Sentul City,"Sentul Tower Apartment, Sentul City, Bogor",Apartemen,6000000.0,187500.0,monthly,1,1,Studio / 1BR,32.0,42.40031528499605,0.7338428959882085,Stasiun KRL Bogor,Tier 4: Greater Satellite Periphery (>28km),0,0,0,0,0,0,0,0,0,0,0,0,-6.58917,106.793,listing,0,https://picture.rumah123.com/r123-images/360x210-crop/customer/1778978/9a091acdecec77baffdfed635bf732d8.jpg,Disewakan bulanan apartemnt sta tower a  lt 6 ukuran 32.5 1 br hrga 6 jt include bpl. bulanan.,4021923.0,1978077.0,0.4,-49.2,1.22,Premium / High Price,Disewakan Bulanan Apartemnt Sentul Tower 1 Br Tower A,Sentul Tower Apartment,fuzzy
LST-00663,Saffron Noble Sentul City • 1BR Full Furnished (52 m²),https://www.rumah123.com/properti/bogor-sentul-city/for-rent-1-bedroom-apartment-saffron-sentul-city-direct-access-aeon-mall-apr7824506/,Bogor,Jawa Barat,Sentul City,"Saffron Noble Sentul City, Sentul City, Bogor",Apartemen,8333333.333333333,160256.41025641025,yearly,1,1,Studio / 1BR,52.0,33.0904601567149,11.959029205217876,Stasiun KRL Bogor,Tier 4: Greater Satellite Periphery (>28km),0,0,0,0,0,0,0,0,0,0,0,0,-6.50497,106.849213,listing,0,https://picture.rumah123.com/r123-images/360x210-crop/customer/2009700/2d05da1510edc36727d4eaa23b94677e.jpg,"Apartemen 12 lantai di Sentul City, Bogor.  For rent di wilayah yang tenang. Dengan spesifikasinya adalah sebagai berikut:   - Kamar Tidur: 1   - K...",7938026.0,395307.333333333,0.0486,-5.0,0.15,Fair Market Price,For Rent 1 Bedroom Apartment Saffron Sentul City Direct Access Aeon Mall,Saffron Noble Sentul City,exact
LST-00664,Saffron Noble Sentul City • 2BR Full Furnished (66 m²),https://www.rumah123.com/properti/bogor-sentul-city/apartemen-saffron-noble-sentul-city-full-furnished-apr7845941/,Bogor,Jawa Barat,Sentul City,"Saffron Noble Sentul City, Sentul City, Bogor",Apartemen,12500000.0,189393.9393939394,yearly,2,1,2 Bedroom,66.0,39.9154010556203,7.9775932950939135,Stasiun KRL Bogor,Tier 4: Greater Satellite Periphery (>28km),1,0,0,0,0,0,0,0,0,0,0,0,-6.565955785018133,106.85624791361522,listing,0,https://picture.rumah123.com/r123-images/360x210-crop/customer/4434111/c69aa3ea519010e1ee1a47f84690afa5.jpg,"Tinggal bawa koper! Hunian nyaman, full furnished, dan strategis tepat di kawasan premium Sentul City, Babakan Madang. Sangat cocok untuk profesion...",8211639.0,4288361.0,0.4202,-52.2,1.29,Premium / High Price,Apartemen Saffron Noble Sentul City - Full Furnished,Saffron Noble Sentul City,exact
LST-00665,Sentul Tower Apartment • Studio Furnished (23 m²),https://www.rumah123.com/properti/bogor-sentul-city/di-sewa-kan-sentul-tower-apartemen-type-studio-apr2862019/,Bogor,Jawa Barat,Sentul City,"Sentul Tower Apartment, Sentul City, Bogor",Apartemen,4000000.0,173913.04347826086,monthly,1,1,Studio / 1BR,23.0,33.0904278134042,11.958848857665288,Stasiun KRL Bogor,Tier 4: Greater Satellite Periphery (>28km),0,0,0,0,0,1,0,0,0,0,0,0,-6.50497,106.84921,listing,0,https://picture.rumah123.com/r123-images/360x210-crop/customer/1781667/2024-01-16-03-35-45-dc8d9188-1aa3-4d56-a282-b784fc852cb0.jpg,"Tower A Lantai 6 Luas : 23 m Kamar Tidur : Studio (2 Tempat Tidur (King & Single) Kamar Mandi : 1 (Water Heater, Shower, Wastafel) View : Bukit Ham...",3504400.0,495600.0,0.1323,-14.1,0.41,Fair Market Price,Di Sewa Kan : Sentul Tower Apartemen – Type Studio,Sentul Tower Apartment,fuzzy
LST-00666,Unresolved • Bogor Tengah • 2BR Furnished (40 m²),https://www.rumah123.com/properti/bogor-bogor-tengah/apartemen-podomoro-cimanggisbaruamannyamanmurah-2-kamar-tidur-furnished-bagus-apr7591269/,Bogor,Jawa Barat,Bogor Tengah,"Podomoro Golf View Cimanggis, Bogor Tengah, Bogor",Apartemen,3333333.333333333,83333.33333333334,yearly,2,1,2 Bedroom,40.0,42.40031528499605,0.7338428959882085,Stasiun KRL Bogor,Tier 4: Greater Satellite Periphery (>28km),0,0,0,0,0,0,0,0,0,0,0,0,-6.58917,106.793,listing,0,https://picture.rumah123.com/r123-images/360x210-crop/customer/920701/a50666e4faac4de7c191de49b016d257.jpg,"Apartemen baru dengan furnished baru belum pernah dipakai, cocok untuk keluarga muda, dekat dgn tol. cimanggis, dekat dgn tempat ibadah, suasana ny...",4825755.0,-1492421.666666667,-0.37,30.9,-1.13,Good Deal (Undervalued),"Apartemen Podomoro Cimanggisbaru,Aman,Nyaman,Murah 2 Kamar Tidur Furnished Bagus",,unresolved
LST-00667,Sentul Tower Apartment Tower Untuk • 2BR Furnished (44 m²),https://www.rumah123.com/properti/bogor-sentul-city/disewakan-dan-dijual-cepat-apartmnt-sentul-tower-untuk-2br-tahunan-apr7309715/,Bogor,Jawa Barat,Sentul City,"Sentul Tower Apartment, Sentul City, Bogor",Apartemen,3750000.0,85227.27272727272,yearly,2,1,2 Bedroom,44.0,33.0904278134042,11.958848857665288,Stasiun KRL Bogor,Tier 4: Greater Satellite Periphery (>28km),0,0,0,0,0,0,0,0,0,0,0,0,-6.50497,106.84921,listing,0,https://picture.rumah123.com/r123-images/360x210-crop/customer/1778978/a636c98e8a26bfaf5cae6ec524c7da12.jpg,Disewakan dan dijual cepat apartmnt siap huni lt 44.5 mtr 2BR tower a lt 17 hrg 45 jt sthn. tdk disewakan bulanan atau harian furnished. dijual hrg...,5931168.0,-2181168.0,-0.4585,36.8,-1.4,Good Deal (Undervalued),Disewakan dan Dijual Cepat Apartmnt Sentul Tower untuk 2Br Tahunan.,Sentul Tower Apartment,fuzzy
LST-00668,Unresolved • Sentul City • Studio Furnished (20 m²),https://www.rumah123.com/properti/bogor-sentul-city/apartemen-siap-huni-furnish-dekat-aeonmall-sentul-city-bogor-apr7561477/,Bogor,Jawa Barat,Sentul City,"Saffron Noble Sentul City, Sentul City, Bogor",Apartemen,3500000.0,175000.0,monthly,0,1,Studio / 1BR,20.0,33.0904601567149,11.959029205217876,Stasiun KRL Bogor,Tier 4: Greater Satellite Periphery (>28km),0,0,0,0,0,0,0,0,0,0,0,0,-6.50497,106.849213,listing,0,https://picture.rumah123.com/r123-images/360x210-crop/customer/1160146/c29e6d83e2cbda4d01115214599e92a7.jpg,"Apartemen di Sentul City.  Miliki apartemen 2 lantai yang nyaman ini,  disewakan menawarkan lingkungan fasilitas yang lengkap, cocok untuk Anda yan...",3364748.0,135252.0,0.0394,-4.0,0.12,Fair Market Price,Apartemen Siap Huni Furnish Dekat Aeonmall Sentul City Bogor,,unresolved
LST-00669,Unresolved • Sentul City • Studio Furnished (20 m²),https://www.rumah123.com/properti/bogor-sentul-city/apartment-siap-huni-view-gunung-pancar-sentul-city-bogor-apr7788228/,Bogor,Jawa Barat,Sentul City,"Saffron Noble Sentul City, Sentul City, Bogor",Apartemen,3800000.0,190000.0,monthly,0,1,Studio / 1BR,20.0,33.0904601567149,11.959029205217876,Stasiun KRL Bogor,Tier 4: Greater Satellite Periphery (>28km),0,0,0,0,0,0,0,0,0,0,0,0,-6.50497,106.849213,listing,0,https://picture.rumah123.com/r123-images/360x210-crop/customer/1160146/a49fd6c36e0590057aad1431d89d61e4.jpg,"Kesempatan terbatas buat Anda dapatkan apartemen nyaman dengan return investasi tinggi di Sentul City, Bogor.  Apartemen ini menawarkan kelengkapan...",3357331.0,442669.0,0.1239,-13.2,0.38,Fair Market Price,Apartment Siap Huni View Gunung Pancar Sentul City Bogor,,unresolved
LST-00670,Transpark Cibubur • 2BR Full Furnished (48 m²),https://www.rumah123.com/properti/bogor-cibubur/disewakan-apartemen-di-transpark-cibubur-apr7561839/,Bogor,Jawa Barat,Cibubur,"Transpark Cibubur, Cibubur, Bogor",Apartemen,6250000.0,130208.33333333331,yearly,2,1,2 Bedroom,48.0,18.36377962780643,8.982117676463927,Stasiun KRL Depok Baru,Tier 3: Outer Commuter Ring (15-28km),1,0,0,0,0,0,1,0,0,1,0,0,-6.35611,106.895111,listing,0,https://picture.rumah123.com/r123-images/360x210-crop/customer/4433398/67326cacc8ea06d7a4c416ac77078289.jpg,Disewakan Apartemen Mewah di Transpark Cibubur  Luas 48 M KT 2 KM 1 Lt 17 Balkon Fully Furnished Tower Borealis view 2 sisi (kolam renang & jalan) ...,6340545.0,-90545.0,-0.0144,1.4,-0.04,Fair Market Price,Disewakan Apartemen di Transpark Cibubur,Transpark Cibubur,exact
LST-00671,Kemang Village • 2BR Furnished (95 m²),https://www.rumah123.com/properti/bogor-kemang/intercon-2br-kemang-village-residence-apr7730184/,Bogor,Jawa Barat,Kemang,"Kemang Village Apartment, Kemang, Bogor",Apartemen,17000000.0,178947.36842105264,monthly,2,2,2 Bedroom,95.0,32.39601773107594,12.323704437620895,Stasiun KRL Bogor,Tier 4: Greater Satellite Periphery (>28km),0,0,0,0,0,0,0,0,0,1,0,0,-6.49177,106.750221,listing,0,https://picture.rumah123.com/r123-images/360x210-crop/customer/4453467/listing/apr7730184/enhanced/b21f1836c9301009b2e73b2942e904ef.jpg,Sewa intercon. Kemang Village.. Luas 95m2. 2 bedroom 2 bathroom Furnish. Balcony. Harga 17juta perbulan. Minimal sewa 12 bulan. Lantai 11,10058338.0,6941662.0,0.5248,-69.0,1.61,Overpriced / Luxury Tag,Intercon 2Br @ Kemang Village Residence,Kemang Village,exact
LST-00672,Unresolved • Sentul City • 2BR Full Furnished (44 m²),https://www.rumah123.com/properti/bogor-sentul-city/apartemen-2-kamar-dengan-view-bukit-full-furnished-siap-hunidekat-mall-aeon-exit-tol-sentul-city-apr7764345/,Bogor,Jawa Barat,Sentul City,"Saffron Noble Sentul City, Sentul City, Bogor",Apartemen,6000000.0,136363.63636363635,monthly,2,1,2 Bedroom,44.0,33.0904601567149,11.959029205217876,Stasiun KRL Bogor,Tier 4: Greater Satellite Periphery (>28km),1,0,0,0,0,0,0,0,0,0,0,0,-6.50497,106.849213,listing,0,https://picture.rumah123.com/r123-images/360x210-crop/customer/1826189/d4f858c369e30a9993cb1c3ed6bf65bc.jpg,Beberapa alasan Why to choose property in sentul city areas : - Investasi menjanjikan pertahun. - Sertifikat terjamin. - Exit tol Sentul City langs...,6210484.0,-210484.0,-0.0345,3.4,-0.11,Fair Market Price,"Apartemen 2 Kamar dengan View Bukit. Full Furnished Siap Huni,Dekat Mall Aeon & Exit Tol Sentul City.",,unresolved
LST-00673,Unresolved • Sentul City • 1BR Furnished (33 m²),https://www.rumah123.com/properti/bogor-sentul-city/apartemen-bagus-bersih-siap-hunifurnsihed-dekat-mall-aeon-dan-exit-tol-sentul-city-apr7764327/,Bogor,Jawa Barat,Sentul City,"Saffron Noble Sentul City, Sentul City, Bogor",Apartemen,4500000.0,136363.63636363635,monthly,1,1,Studio / 1BR,33.0,33.0904601567149,11.959029205217876,Stasiun KRL Bogor,Tier 4: Greater Satellite Periphery (>28km),0,0,0,0,0,0,0,0,0,0,0,0,-6.50497,106.849213,listing,0,https://picture.rumah123.com/r123-images/360x210-crop/customer/1826189/22b9c04bfaf371071333ab0207cd2a53.jpg,Beberapa alasan Why to choose property in sentul city areas : - Investasi menjanjikan pertahun. - Sertifikat terjamin. - Exit tol Sentul City langs...,5796005.0,-1296005.0,-0.2531,22.4,-0.77,Good Deal (Undervalued),"Apartemen Bagus Bersih Siap Huni,Furnsihed .Dekat Mall Aeon dan Exit Tol Sentul City",,unresolved
LST-00674,Unresolved • Sentul City • 1BR Furnished (26 m²),https://www.rumah123.com/properti/bogor-sentul-city/apartemen-bagus-bersih-terawatsiap-huni-dekat-mall-aeon-dan-pasar-bersih-exit-tol-sentul-city-apr7764308/,Bogor,Jawa Barat,Sentul City,"Saffron Noble Sentul City, Sentul City, Bogor",Apartemen,4500000.0,173076.92307692306,monthly,1,1,Studio / 1BR,26.0,33.0904601567149,11.959029205217876,Stasiun KRL Bogor,Tier 4: Greater Satellite Periphery (>28km),0,0,0,0,0,0,0,0,0,0,0,0,-6.50497,106.849213,listing,0,https://picture.rumah123.com/r123-images/360x210-crop/customer/1826189/548f69b27fd51d10fb946c2268fbb8b9.jpg,Beberapa alasan Why to choose property in sentul city areas : - Investasi menjanjikan pertahun. - Sertifikat terjamin. - Exit tol Sentul City langs...,4281967.0,218033.0,0.0497,-5.1,0.15,Fair Market Price,"Apartemen Bagus Bersih Terawat,Siap Huni Dekat Mall Aeon dan Pasar Bersih & Exit Tol Sentul City",,unresolved
LST-00675,Saffron Noble Sentul City • Studio Full Furnished (66 m²),https://www.rumah123.com/properti/bogor-sentul-city/disewakan-apart-saffron-dengan-view-gn-salak-apr7764501/,Bogor,Jawa Barat,Sentul City,"Saffron Noble Sentul City, Sentul City, Bogor",Apartemen,10833333.333333334,164141.41414141416,yearly,0,0,Studio / 1BR,66.0,33.0904601567149,11.959029205217876,Stasiun KRL Bogor,Tier 4: Greater Satellite Periphery (>28km),0,0,0,0,0,0,0,0,0,0,0,0,-6.50497,106.849213,listing,0,https://picture.rumah123.com/r123-images/360x210-crop/customer/1485278/7c161572399efd3eabe6e486ac054504.jpg,"Apartemen  DiSentul City saffron, Akses Jalan Tol Sendiri,Didepan Ada Fasilitas,Pasar Ahpoong,Mall Belanova,IKEA,Aeon Mall,Pombensin,Trisakti,Insti...",9812408.0,1020925.333333334,0.099,-10.4,0.3,Fair Market Price,Disewakan Apart Saffron dengan View Gn Salak,Saffron Noble Sentul City,exact
LST-00676,Saffron Noble Sentul City • Studio Full Furnished (34 m²),https://www.rumah123.com/properti/bogor-sentul-city/saffron-akses-aeon-sentul-city-tipe-studio-ff-lantai-25-view-gunung-apr7744063/,Bogor,Jawa Barat,Sentul City,"Saffron Noble Sentul City, Sentul City, Bogor",Apartemen,5000000.0,147058.82352941178,yearly,1,1,Studio / 1BR,34.0,40.06143510614541,8.081025712611405,Stasiun KRL Bogor,Tier 4: Greater Satellite Periphery (>28km),0,0,0,0,0,0,0,0,0,0,0,0,-6.5671199861,106.8577750886,listing,0,https://picture.rumah123.com/r123-images/360x210-crop/customer/989349/listing/apr7744063/enhanced/edee523234817668b0520835ff1c9293.jpg,Video di IG YT Tiktk wisjnuagenproperti  Disewakan Apartemen Studio Saffron Sentul City - Lantai 25  Hunian modern di pusat Sentul City dengan pema...,6385997.0,-1385997.0,-0.2447,21.7,-0.75,Good Deal (Undervalued),Saffron Akses Aeon Sentul City Tipe Studio Ff Lantai 25 View Gunung,Saffron Noble Sentul City,exact
LST-00677,Saffron Noble Sentul City • 1BR Full Furnished (34 m²),https://www.rumah123.com/properti/bogor-sentul-city/apartemen-saffron-sentul-city-full-furnished-bagus-dan-terawardekat-mall-aeon-apr7734293/,Bogor,Jawa Barat,Sentul City,"Saffron Noble Sentul City, Sentul City, Bogor",Apartemen,7000000.0,205882.35294117648,monthly,1,1,Studio / 1BR,34.0,33.0904601567149,11.959029205217876,Stasiun KRL Bogor,Tier 4: Greater Satellite Periphery (>28km),1,0,0,0,0,0,0,0,0,0,0,0,-6.50497,106.849213,listing,0,https://picture.rumah123.com/r123-images/360x210-crop/customer/1826189/listing/apr7734293/enhanced/8a2392026cb5c0fdfeb308b7467e2c6b.jpg,Beberapa alasan Why to choose property in sentul city areas : - Investasi menjanjikan pertahun. - Sertifikat terjamin. - Exit tol Sentul City langs...,6548031.0,451969.0,0.0667,-6.9,0.2,Fair Market Price,"Apartemen Saffron Sentul City Full Furnished ,Bagus dan Terawar.dekat Mall Aeon .",Saffron Noble Sentul City,exact
LST-00678,Sentul Tower Apartment Tower Sentul • 1BR Furnished (23 m²),https://www.rumah123.com/properti/bogor-sentul-city/disewa-apartment-bulanan-di-sta-sentul-tower-sentul-city-ssr1108-apr7728103/,Bogor,Jawa Barat,Sentul City,"Sentul Tower Apartment, Sentul City, Bogor",Apartemen,3200000.0,139130.4347826087,monthly,1,1,Studio / 1BR,23.0,33.0904601567149,11.959029205217876,Stasiun KRL Bogor,Tier 4: Greater Satellite Periphery (>28km),0,0,0,0,0,0,0,0,0,0,0,0,-6.50497,106.849213,listing,0,https://picture.rumah123.com/r123-images/360x210-crop/customer/1265432/listing/apr7728103/enhanced/5e789d3b3a34a3312afa393304961d79.jpg,"Disewa Apartment di Sta Sentul Tower sentul, bogor. lokasi sangat   strategis karena sangat dengan aeon mall sentul, pasar bersih, pasar ah   poong...",3955485.0,-755485.0,-0.212,19.1,-0.65,Fair Market Price,Disewa Apartment Bulanan di Sta Sentul Tower Sentul City Ssr1108,Sentul Tower Apartment,exact
LST-00679,Saffron Noble Sentul City • 1BR Full Furnished (34 m²),https://www.rumah123.com/properti/bogor-sentul-city/sewa-apartemen-bogor-mewah-bulanan-saffron-noble-sentul-city-apr7699687/,Bogor,Jawa Barat,Sentul City,"Saffron Noble Sentul City, Sentul City, Bogor",Apartemen,8500000.0,250000.0,monthly,1,1,Studio / 1BR,34.0,40.06143510614541,8.081025712611405,Stasiun KRL Bogor,Tier 4: Greater Satellite Periphery (>28km),1,0,0,0,0,0,0,0,0,0,0,0,-6.5671199861,106.8577750886,listing,0,https://picture.rumah123.com/r123-images/360x210-crop/customer/1023993/listing/apr7699687/enhanced/3c91b2e603ad23bf935fec168d258ef5.jpg,"**Disewakan Bulanan Apartemen Saffron Noble Sentul City - Fully Furnished, Siap Huni!**   Sedang mencari hunian premium, nyaman, dan strategis di k...",5834354.0,2665646.0,0.3763,-45.7,1.15,Premium / High Price,Sewa Apartemen Bogor Mewah Bulanan: Saffron Noble Sentul City,Saffron Noble Sentul City,exact
LST-00680,Saffron Noble Sentul City • 1BR Full Furnished (34 m²),https://www.rumah123.com/properti/bogor-sentul-city/rekomendasi-sewa-apartemen-bogor-bulanan-saffron-noble-premium-suite-apr7699679/,Bogor,Jawa Barat,Sentul City,"Saffron Noble Sentul City, Sentul City, Bogor",Apartemen,7500000.0,220588.23529411765,monthly,1,1,Studio / 1BR,34.0,40.06143510614541,8.081025712611405,Stasiun KRL Bogor,Tier 4: Greater Satellite Periphery (>28km),1,0,0,0,0,0,0,0,0,0,0,0,-6.5671199861,106.8577750886,listing,0,https://picture.rumah123.com/r123-images/360x210-crop/customer/1023993/listing/apr7699679/enhanced/82fd0815de34689fcdc63c6f2860c980.jpg,"**Disewakan Bulanan Apartemen Saffron Noble Sentul City - Fully Furnished, Siap Huni!**   Sedang mencari hunian premium, nyaman, dan strategis di k...",5991600.0,1508400.0,0.2245,-25.2,0.69,Fair Market Price,Rekomendasi Sewa Apartemen Bogor Bulanan: Saffron Noble Premium Suite,Saffron Noble Sentul City,exact
LST-00681,Sentul Tower Apartment Tower Apartement • 2BR Full Furnished (60 m²),https://www.rumah123.com/properti/bogor-sentul-city/disewakan-apartement-tipe-2-bedroom-di-sentul-tower-apartement-tower-b-apr7540126/,Bogor,Jawa Barat,Sentul City,"Sentul Tower Apartment, Sentul City, Bogor",Apartemen,4583333.333333333,76388.88888888889,yearly,2,2,2 Bedroom,60.0,42.40031528499605,0.7338428959882085,Stasiun KRL Bogor,Tier 4: Greater Satellite Periphery (>28km),1,0,0,0,0,0,0,0,0,0,0,0,-6.58917,106.793,listing,0,https://picture.rumah123.com/r123-images/360x210-crop/customer/2067121/b0b914662c7f19a9340140894563b6a3.jpg,Di sewakan apartement two bedroom Full furnish view bukit hambalang di sentul city,7723041.0,-3139707.666666667,-0.5218,40.7,-1.6,Deep Value Deal (Rare Find),Disewakan Apartement Tipe 2 Bedroom di Sentul Tower Apartement Tower B,Sentul Tower Apartment,fuzzy
LST-00682,Podomoro Golf View • Studio Semi Furnished (21 m²),https://www.rumah123.com/properti/bogor-cibinong/apartemen-podomoro-golf-view-studio-for-rent-apr2642390/,Bogor,Jawa Barat,Cibinong,"Podomoro Golf View Cimanggis, Cibinong, Bogor",Apartemen,1250000.0,59523.80952380953,yearly,1,1,Studio / 1BR,21.0,29.9733352871099,10.071720945801948,Stasiun KRL Depok Baru,Tier 4: Greater Satellite Periphery (>28km),0,1,0,0,0,0,0,0,0,0,0,0,-6.47636,106.85295,listing,0,https://picture.rumah123.com/r123-images/360x210-crop/customer/1660459/2022-06-17-13-19-44-8e2d9264-2d2d-42f7-b7c3-b71105cc7233.jpg,"disewakan dalam keadaan kosong, bila ingin diisi bisa dikondisikan minimal sewa harus 2 tahun untuk semi furnished",2898307.0,-1648307.0,-0.841,56.9,-2.57,Deep Value Deal (Rare Find),Apartemen Podomoro Golf View studio for rent,Podomoro Golf View,exact
LST-00683,Sentul Tower Apartment • 1BR Furnished (30 m²),https://www.rumah123.com/properti/bogor-sentul-city/disewakan-sentul-tower-apartemen-sentul-city-minimal-3-bulan-tahunan-sentul-city-apr7308686/,Bogor,Jawa Barat,Sentul City,"Sentul Tower Apartment, Sentul City, Bogor",Apartemen,7500000.0,250000.0,monthly,1,1,Studio / 1BR,30.0,33.0904601567149,11.959029205217876,Stasiun KRL Bogor,Tier 4: Greater Satellite Periphery (>28km),0,0,0,0,0,0,0,0,0,0,0,0,-6.50497,106.849213,listing,0,https://picture.rumah123.com/r123-images/360x210-crop/customer/1023993/ee9b1447082515eb8c9c5c259747ed53.jpg,"Kesempatan terbatas buat Anda dapatkan apartemen strategis dengan return investasi tinggi di Sentul City, Bogor.  Apartemen ini menawarkan lokasi y...",4724627.0,2775373.0,0.4621,-58.7,1.41,Premium / High Price,Disewakan Sentul Tower Apartemen Sentul City Minimal 3 Bulan & Tahunan - Sentul City,Sentul Tower Apartment,fuzzy
LST-00684,Sentul Tower Apartment Tower 1 • 1BR Furnished (36 m²),https://www.rumah123.com/properti/bogor-sentul-city/apertemen-sentul-tower-1-bad-4-menit-dari-exsit-tol-apr7525725/,Bogor,Jawa Barat,Sentul City,"Sentul Tower Apartment, Sentul City, Bogor",Apartemen,4500000.0,125000.0,monthly,1,1,Studio / 1BR,36.0,33.0904601567149,11.959029205217876,Stasiun KRL Bogor,Tier 4: Greater Satellite Periphery (>28km),0,0,0,0,0,0,0,0,0,0,0,0,-6.50497,106.849213,listing,0,https://picture.rumah123.com/r123-images/360x210-crop/customer/1710793/805bd24db2c32b43ca5885826443efc7.jpg,"Apartemen 2 lantai di Sentul City, Bogor.  Disewakan di wilayah yang asri. Dengan spesifikasinya adalah sebagai berikut:   - Kamar Tidur: 1   - Kam...",6147076.0,-1647076.0,-0.3119,26.8,-0.95,Good Deal (Undervalued),Apertemen Sentul Tower 1 Bad 4 Menit Dari Exsit Tol,Sentul Tower Apartment,fuzzy
LST-00685,Sentul Tower Apartment • 2BR Furnished (44 m²),https://www.rumah123.com/properti/bogor-sentul-city/disewakan-apartemen-2br-di-sentul-tower-apartemen-sentul-city-apr7278133/,Bogor,Jawa Barat,Sentul City,"Sentul Tower Apartment, Sentul City, Bogor",Apartemen,8500000.0,193181.8181818181,monthly,2,1,2 Bedroom,44.0,39.9356817577078,8.42674765196873,Stasiun KRL Bogor,Tier 4: Greater Satellite Periphery (>28km),0,0,0,0,0,0,0,0,0,0,0,0,-6.5656810002,106.860561,listing,0,https://picture.rumah123.com/r123-images/360x210-crop/customer/1023993/706ffaea1beacbeb3ba3eee6e5a7aa72.jpg,"Disewakan Apartemen 2BR di Sentul Tower, Sentul City Disewakan unit apartemen dengan 2 kamar tidur di Sentul Tower, kawasan strategis Sentul City. ...",5363567.0,3136433.0,0.4604,-58.5,1.41,Premium / High Price,Disewakan apartemen 2BR di sentul tower apartemen sentul city,Sentul Tower Apartment,fuzzy
LST-00686,Sentul Tower Apartment • Studio Furnished (24 m²),https://www.rumah123.com/properti/bogor-sentul-city/apartemen-furnished-view-gunung-sentul-tower-apartment-apr7505482/,Bogor,Jawa Barat,Sentul City,"Sentul Tower Apartment, Sentul City, Bogor",Apartemen,5000000.0,208333.3333333333,monthly,0,1,Studio / 1BR,24.0,33.0904601567149,11.959029205217876,Stasiun KRL Bogor,Tier 4: Greater Satellite Periphery (>28km),0,0,0,0,0,0,0,0,0,0,0,0,-6.50497,106.849213,listing,0,https://picture.rumah123.com/r123-images/360x210-crop/customer/4348613/6424111c34a1b599a7d10b92c6e6009e.jpg,"Apartemen di Sentul City.  Miliki apartemen 1 lantai yang asri ini,  disewakan menghadirkan lingkungan fasilitas yang lengkap, cocok untuk Anda yan...",4132468.0,867532.0,0.1906,-21.0,0.58,Fair Market Price,Apartemen Furnished View Gunung Sentul Tower Apartment,Sentul Tower Apartment,fuzzy
LST-00687,Sentul Tower Apartment Tower 4 • 1BR Furnished (24 m²),https://www.rumah123.com/properti/bogor-sentul-city/sewa-apartemen-sentu-tower-4-menit-ke-exsit-tol-apr7505472/,Bogor,Jawa Barat,Sentul City,"Saffron Noble Sentul City, Sentul City, Bogor",Apartemen,4500000.0,187500.0,monthly,1,1,Studio / 1BR,24.0,33.0904601567149,11.959029205217876,Stasiun KRL Bogor,Tier 4: Greater Satellite Periphery (>28km),0,0,0,0,0,0,0,0,0,0,0,0,-6.50497,106.849213,listing,0,https://picture.rumah123.com/r123-images/360x210-crop/customer/1710793/5bd2993e3bbfadfa371b0cb6429cccab.jpg,"Apartemen di Sentul City.  Dapatkan apartemen 1 lantai yang modern ini,  disewakan menawarkan lingkungan fasilitas yang lengkap, cocok untuk Anda y...",4218593.0,281407.0,0.0646,-6.7,0.2,Fair Market Price,Sewa Apartemen Sentu Tower 4 Menit Ke Exsit Tol,Sentul Tower Apartment,fuzzy
LST-00688,Unresolved • Sentul City • Studio Furnished (20 m²),https://www.rumah123.com/properti/bogor-sentul-city/disewakan-bulanan-apartemen-type-studio-di-sentul-city-apr3576049/,Bogor,Jawa Barat,Sentul City,"Sentul Tower Apartment, Sentul City, Bogor",Apartemen,4200000.0,210000.0,monthly,1,1,Studio / 1BR,20.0,39.78291435035368,8.467354734600464,Stasiun KRL Bogor,Tier 4: Greater Satellite Periphery (>28km),0,0,0,0,0,0,1,0,0,0,0,0,-6.564320050986868,106.86036798950197,listing,0,https://picture.rumah123.com/r123-images/360x210-crop/customer/1023993/a9ee85f4bc68372de20f6762bf7c152a.jpg,"Disewakan Bulanan Sentul Tower Apartemen Tower B Lantai 9 Nomer 26 Luas 20,2 m2 View Kolam Renang Details TYPE	 : STUDIO Status	 : Disewakan Bulana...",3386098.0,813902.0,0.2154,-24.0,0.66,Fair Market Price,Disewakan Bulanan Apartemen Type Studio Di Sentul City,,unresolved
LST-00689,Unresolved • Sentul City • 2BR Furnished (52 m²),https://www.rumah123.com/properti/bogor-sentul-city/disewakan-apartemn-2-kamar-view-gunung-salak-apr7482108/,Bogor,Jawa Barat,Sentul City,"Saffron Noble Sentul City, Sentul City, Bogor",Apartemen,7500000.0,144230.76923076922,yearly,2,1,2 Bedroom,52.0,33.0904601567149,11.959029205217876,Stasiun KRL Bogor,Tier 4: Greater Satellite Periphery (>28km),0,0,0,0,0,0,0,0,0,0,0,0,-6.50497,106.849213,listing,0,https://picture.rumah123.com/r123-images/360x210-crop/customer/1485278/3e387ed8aa4479acd813db572c020839.jpg,"Apartemen DiSentul City , Akses Jalan Tol Sendiri,Didepan Ada Fasilitas,Pasar Ahpoong,Mall Belanova,IKEA,Aeon Mall,Pombensin,Trisakti,Institute Taz...",6900889.0,599111.0,0.0833,-8.7,0.26,Fair Market Price,Disewakan Apartemn 2 Kamar View Gunung Salak,,unresolved
LST-00690,Unresolved • Sentul City • Studio Furnished (34 m²),https://www.rumah123.com/properti/bogor-sentul-city/disewakan-bulanan-apartemen-apr7482107/,Bogor,Jawa Barat,Sentul City,"Saffron Noble Sentul City, Sentul City, Bogor",Apartemen,7500000.0,220588.23529411765,monthly,0,1,Studio / 1BR,34.0,33.0904601567149,11.959029205217876,Stasiun KRL Bogor,Tier 4: Greater Satellite Periphery (>28km),0,0,0,0,0,0,0,0,0,0,0,0,-6.50497,106.849213,listing,0,https://picture.rumah123.com/r123-images/360x210-crop/customer/1485278/03de087c32036942267ecbff541854b0.jpg,"Apartemen safron  DiSentul City , Akses Jalan Tol Sendiri,Didepan Ada Fasilitas,Pasar Ahpoong,Mall Belanova,IKEA,Aeon Mall,Pombensin,Trisakti,Insti...",5984880.0,1515120.0,0.2257,-25.3,0.69,Fair Market Price,Disewakan Bulanan Apartemen,,unresolved
LST-00691,Unresolved • Sentul City • Studio Furnished (23 m²),https://www.rumah123.com/properti/bogor-sentul-city/disewakan-apartmt-sta-type-studio-furnished-tahunan-apr7805390/,Bogor,Jawa Barat,Sentul City,"Saffron Noble Sentul City, Sentul City, Bogor",Apartemen,4583333.333333333,199275.3623188405,yearly,0,1,Studio / 1BR,23.0,42.40031528499605,0.7338428959882085,Stasiun KRL Bogor,Tier 4: Greater Satellite Periphery (>28km),0,0,0,0,0,0,0,0,0,0,0,0,-6.58917,106.793,listing,0,https://picture.rumah123.com/r123-images/360x210-crop/customer/1778978/2ba67da5223b0457ae81c36a2bf72e64.jpg,Disewakan apartment type studio lb 23 furnished hrg 55 jt sthn. tower A  lt 5 no 53,3225939.0,1357394.333333333,0.3512,-42.1,1.08,Premium / High Price,Disewakan Apartmt Sta Type Studio Furnished Tahunan,,unresolved
LST-00692,Unresolved • Sentul City • Studio Furnished (23 m²),https://www.rumah123.com/properti/bogor-sentul-city/apartment-view-bukit-hambalang-dekat-aeon-mall-sentul-city-apr7805015/,Bogor,Jawa Barat,Sentul City,"Saffron Noble Sentul City, Sentul City, Bogor",Apartemen,3333333.333333333,144927.53623188406,yearly,0,0,Studio / 1BR,23.0,33.0904601567149,11.959029205217876,Stasiun KRL Bogor,Tier 4: Greater Satellite Periphery (>28km),0,0,0,0,0,0,0,0,0,0,0,0,-6.50497,106.849213,listing,0,https://picture.rumah123.com/r123-images/360x210-crop/customer/685196/088ae6aae800f5b920dbece4045d7fa5.jpg,"Apartemen 5 lantai di Sentul City, Bogor.  Disewakan di wilayah yang tenang. Dengan spesifikasinya adalah sebagai berikut:   - Sertifikat: -   - Ko...",4139354.0,-806020.666666667,-0.2166,19.5,-0.66,Fair Market Price,Apartment View Bukit Hambalang Dekat Aeon Mall Sentul City,,unresolved
LST-00693,Unresolved • Sentul City • Studio Furnished (52 m²),https://www.rumah123.com/properti/bogor-sentul-city/apartment-terhubung-dengan-aeon-mall-sentul-city-apr7804984/,Bogor,Jawa Barat,Sentul City,"Saffron Noble Sentul City, Sentul City, Bogor",Apartemen,11000000.0,211538.4615384616,monthly,0,0,Studio / 1BR,52.0,33.0904601567149,11.959029205217876,Stasiun KRL Bogor,Tier 4: Greater Satellite Periphery (>28km),0,0,0,0,0,0,0,0,0,0,0,0,-6.50497,106.849213,listing,0,https://picture.rumah123.com/r123-images/360x210-crop/customer/685196/da142c935cb78db25a7f1e7d011d4afc.jpg,"Apartemen di Sentul City, Bogor.  For rent di wilayah yang asri. Dengan rinciannya adalah sebagai berikut:   - Sertifikat: -   - Kondisi Perabotan:...",7756309.0,3243691.0,0.3494,-41.8,1.07,Premium / High Price,Apartment Terhubung dengan Aeon Mall Sentul City,,unresolved
LST-00694,Unresolved • Sentul City • 2BR Furnished (52 m²),https://www.rumah123.com/properti/bogor-sentul-city/apartment-furnished-nyaman-dekat-aeon-mall-sentul-city-apr7773312/,Bogor,Jawa Barat,Sentul City,"Saffron Noble Sentul City, Sentul City, Bogor",Apartemen,5833333.333333333,112179.48717948716,yearly,2,1,2 Bedroom,52.0,33.0904601567149,11.959029205217876,Stasiun KRL Bogor,Tier 4: Greater Satellite Periphery (>28km),0,0,0,0,0,0,0,0,0,0,0,0,-6.50497,106.849213,listing,0,https://picture.rumah123.com/r123-images/360x210-crop/customer/685196/08f354da3ecabe9e67edbf4eb38d8a75.jpg,"Kesempatan terbatas buat Anda dapatkan apartemen strategis dengan return investasi tinggi di Sentul City, Bogor.  Apartemen ini menawarkan kelengka...",7574510.0,-1741176.666666667,-0.2612,23.0,-0.8,Good Deal (Undervalued),Apartment Furnished Nyaman Dekat Aeon Mall Sentul City,,unresolved
LST-00695,Unresolved • Sentul City • 1BR Furnished (30 m²),https://www.rumah123.com/properti/bogor-sentul-city/apartemen-dekat-aeon-mall-54-menit-dari-exsit-tol-apr7328419/,Bogor,Jawa Barat,Sentul City,"Saffron Noble Sentul City, Sentul City, Bogor",Apartemen,4500000.0,150000.0,monthly,1,1,Studio / 1BR,30.0,33.0904601567149,11.959029205217876,Stasiun KRL Bogor,Tier 4: Greater Satellite Periphery (>28km),0,0,0,0,0,0,0,0,0,0,0,0,-6.50497,106.849213,listing,0,https://picture.rumah123.com/r123-images/360x210-crop/customer/1710793/1843dbb53e12b58e4194fe3ae11aaabf.jpg,"Apartemen di Sentul City, Bogor.  For rent di wilayah yang asri. Dengan kategorinya adalah sebagai berikut:   - Kamar Tidur: 1   - Kamar Mandi: 1  ...",5226429.0,-726429.0,-0.1497,13.9,-0.46,Fair Market Price,Apartemen Dekat Aeon Mall 54 Menit Dari Exsit Tol,,unresolved
LST-00696,Unresolved • Bogor Tengah • 2BR Furnished (69 m²),https://www.rumah123.com/properti/bogor-bogor-tengah/furnish-bagus-yang-lengkapapartemen-kota-bogor-dengan-fasilitas-hotel-apr7753462/,Bogor,Jawa Barat,Bogor Tengah,"Bogor Icon Apartment, Bogor Tengah, Bogor",Apartemen,7500000.0,108695.65217391304,monthly,2,1,2 Bedroom,69.0,40.32481416667005,2.8154023166709976,Stasiun KRL Bogor,Tier 4: Greater Satellite Periphery (>28km),0,0,0,0,0,0,0,0,0,0,0,0,-6.57002,106.787628,listing,0,https://picture.rumah123.com/r123-images/360x210-crop/customer/4488940/listing/apr7753462/enhanced/2559a1b559b34ea5d62644f999f4c143.jpg,"Apartemen 8 lantai di Bogor Tengah, Bogor.  Disewakan di wilayah yang asri. Dengan rinciannya adalah sebagai berikut:   - Kamar Tidur: 2   - Kamar ...",9571617.0,-2071617.0,-0.2439,21.6,-0.75,Good Deal (Undervalued),Furnish Bagus yang Lengkap.apartemen Kota Bogor dengan Fasilitas Hotel,,unresolved
LST-00697,Saffron Noble Sentul City • 1BR Full Furnished (52 m²),https://www.rumah123.com/properti/bogor-sentul-city/saffron-lantai-25-tipe-1br-furnished-murah-furniture-akan-dilengkapi-apr7743671/,Bogor,Jawa Barat,Sentul City,"Saffron Noble Sentul City, Sentul City, Bogor",Apartemen,6666666.666666667,128205.12820512822,yearly,1,1,Studio / 1BR,52.0,40.06143510614541,8.081025712611405,Stasiun KRL Bogor,Tier 4: Greater Satellite Periphery (>28km),0,0,0,0,0,0,0,0,0,0,0,0,-6.5671199861,106.8577750886,listing,0,https://picture.rumah123.com/r123-images/360x210-crop/customer/989349/listing/apr7743671/enhanced/edee523234817668b0520835ff1c9293.jpg,"Video ada di IG YT Tiktk wisjnuagenproperti  Foto sementara hanya furniture bawaan pengembang, nanti dilengkapi pemilik sekitar 1 bulan  Disewakan ...",7770353.0,-1103686.333333333,-0.1532,14.2,-0.47,Fair Market Price,Termurah Saffron Lantai 25 Tipe 1Br Furnished Murah Furniture Akan Dilengkapi,Saffron Noble Sentul City,exact
LST-00698,Sentul Tower Apartment • Studio Furnished (23 m²),https://www.rumah123.com/properti/bogor-babakan-madang/di-sewa-kan-sentul-tower-apartemen-type-studio-apr7553403/,Bogor,Jawa Barat,Babakan Madang,"Sentul Tower Apartment, Babakan Madang, Bogor",Apartemen,4000000.0,173913.04347826086,monthly,1,1,Studio / 1BR,23.0,38.84994285741975,10.52701171155033,Stasiun KRL Bogor,Tier 4: Greater Satellite Periphery (>28km),0,0,0,0,0,1,0,0,0,0,0,0,-6.55373,106.875969,listing,0,https://picture.rumah123.com/r123-images/360x210-crop/customer/1781667/c7211ea90c2e8c2673190a814bc0cdfb.jpg,"Tower A Lantai 6 Luas : 23 m Kamar Tidur : Studio (2 Tempat Tidur (King & Single) Kamar Mandi : 1 (Water Heater, Shower, Wastafel) View : Bukit Ham...",3730342.0,269658.0,0.0698,-7.2,0.21,Fair Market Price,Di Sewa Kan : Sentul Tower Apartemen - Type Studio,Sentul Tower Apartment,fuzzy
LST-00699,Unresolved • Sentul • Studio Furnished (20 m²),https://www.rumah123.com/properti/bogor-sentul/apartement-siap-huni-furnish-dekat-aeonmall-sentul-city-bogor-apr7553255/,Bogor,Jawa Barat,Sentul,"Saffron Noble Sentul City, Sentul, Bogor",Apartemen,3500000.0,175000.0,monthly,0,1,Studio / 1BR,20.0,33.0904601567149,11.959029205217876,Stasiun KRL Bogor,Tier 4: Greater Satellite Periphery (>28km),0,0,0,0,0,0,0,0,0,0,0,0,-6.50497,106.849213,listing,0,https://picture.rumah123.com/r123-images/360x210-crop/customer/1160146/28a04234c170b7c746dffbe319c30179.jpg,"Apartemen 2 lantai di Sentul, Bogor.  For rent di wilayah yang nyaman. Dengan spesifikasinya adalah sebagai berikut:   - Kamar Mandi: 1   - Sertifi...",3389019.0,110981.0,0.0322,-3.3,0.1,Fair Market Price,Apartement Siap Huni Furnish Dekat Aeonmall Sentul City Bogor,,unresolved
LST-00700,Unresolved • Sentul City • 1BR Furnished (20 m²),https://www.rumah123.com/properti/bogor-sentul-city/apartemen-siap-huni-dekat-aeon-mall-sentul-city-bogor-apr7553083/,Bogor,Jawa Barat,Sentul City,"Saffron Noble Sentul City, Sentul City, Bogor",Apartemen,4000000.0,200000.0,monthly,1,1,Studio / 1BR,20.0,33.0904601567149,11.959029205217876,Stasiun KRL Bogor,Tier 4: Greater Satellite Periphery (>28km),0,0,0,0,0,0,0,0,0,0,0,0,-6.50497,106.849213,listing,0,https://picture.rumah123.com/r123-images/360x210-crop/customer/789270/ff86f52faeb3878b2a597360b34d53c5.jpg,"Kesempatan terbatas buat Anda dapatkan apartemen nyaman Sentul City, Bogor.  Apartemen ini menawarkan kelengkapan fasilitas serta memiliki nilai te...",3580180.0,419820.0,0.1109,-11.7,0.34,Fair Market Price,"Apartemen Siap Huni Dekat Aeon Mall Sentul City, Bogor",,unresolved
LST-00701,Saffron Noble Sentul City • Studio Full Furnished (34 m²),https://www.rumah123.com/properti/bogor-sentul-city/disewakan-apartemen-saffron-dengan-view-bukit-hambalang-apr7531507/,Bogor,Jawa Barat,Sentul City,"Saffron Noble Sentul City, Sentul City, Bogor",Apartemen,8000000.0,235294.11764705885,monthly,0,0,Studio / 1BR,34.0,33.0904601567149,11.959029205217876,Stasiun KRL Bogor,Tier 4: Greater Satellite Periphery (>28km),0,0,0,0,0,0,0,0,0,0,0,0,-6.50497,106.849213,listing,0,https://picture.rumah123.com/r123-images/360x210-crop/customer/1485278/888230680a8c254ddc90e211482358cf.jpg,"Apartemen DiSentul City  Akses Jalan Tol Sendiri,Didepan Ada Fasilitas,Pasar Ahpoong,Mall Belanova,IKEA,Aeon Mall,Pombensin,Trisakti,Institute Tazk...",6171028.0,1828972.0,0.2596,-29.6,0.79,Premium / High Price,Disewakan Apartemen Saffron dengan View Bukit Hambalang,Saffron Noble Sentul City,exact
LST-00702,Unresolved • Sentul City • 1BR Furnished (30 m²),https://www.rumah123.com/properti/bogor-sentul-city/apartement-1-bad-4-menit-ke-exsit-tol-sentul-city-apr7525099/,Bogor,Jawa Barat,Sentul City,"Saffron Noble Sentul City, Sentul City, Bogor",Apartemen,4200000.0,140000.0,monthly,1,1,Studio / 1BR,30.0,33.0904601567149,11.959029205217876,Stasiun KRL Bogor,Tier 4: Greater Satellite Periphery (>28km),0,0,0,0,0,0,0,0,0,0,0,0,-6.50497,106.849213,listing,0,https://picture.rumah123.com/r123-images/360x210-crop/customer/1710793/cbeb4a94e5da166c88d5c0f9b9cd0e75.jpg,"Kesempatan terbatas buat Anda dapatkan apartemen strategis dengan return investasi tinggi di Sentul City, Bogor.  Apartemen ini menawarkan kelengka...",5252081.0,-1052081.0,-0.2235,20.0,-0.68,Fair Market Price,Apartement 1 Bad 4 Menit ke Exsit Tol Sentul City,,unresolved
LST-00703,Unresolved • Sentul City • 2BR Furnished (44 m²),https://www.rumah123.com/properti/bogor-sentul-city/2-kamar-tidur-dengan-view-taman-kota-apr7350289/,Bogor,Jawa Barat,Sentul City,"Saffron Noble Sentul City, Sentul City, Bogor",Apartemen,5000000.0,113636.36363636365,monthly,2,1,2 Bedroom,44.0,33.0904601567149,11.959029205217876,Stasiun KRL Bogor,Tier 4: Greater Satellite Periphery (>28km),0,0,0,0,0,0,0,0,0,0,0,0,-6.50497,106.849213,listing,0,https://picture.rumah123.com/r123-images/360x210-crop/customer/4348613/bbe0682cb5ec9980d1402d173a1cee21.jpg,"Apartemen di Sentul City, Bogor.  Disewakan di wilayah yang tenang. Dengan rinciannya adalah sebagai berikut:   - Kamar Tidur: 2   - Kamar Mandi: 1...",5921759.0,-921759.0,-0.1692,15.6,-0.52,Fair Market Price, 2 Kamar Tidur Dengan View Taman Kota ,,unresolved
LST-00704,Unresolved • Sentul City • 2BR Furnished (40 m²),https://www.rumah123.com/properti/bogor-sentul-city/2-kamar-tidur-nyaman-dekat-dengan-pasilitas-umum-apr7380422/,Bogor,Jawa Barat,Sentul City,"Saffron Noble Sentul City, Sentul City, Bogor",Apartemen,5000000.0,125000.0,monthly,2,1,2 Bedroom,40.0,33.0904601567149,11.959029205217876,Stasiun KRL Bogor,Tier 4: Greater Satellite Periphery (>28km),0,0,0,0,0,0,0,0,0,0,0,0,-6.50497,106.849213,listing,0,https://picture.rumah123.com/r123-images/360x210-crop/customer/4348613/33eb224f19bcb0213cf745090662136f.jpg,"Apartemen di Sentul City, Bogor.  For rent di wilayah yang asri. Dengan kategorinya adalah sebagai berikut:   - Kamar Tidur: 2   - Kamar Mandi: 1  ...",5036072.0,-36072.0,-0.0072,0.7,-0.02,Fair Market Price,2 Kamar Tidur Nyaman Dekat Dengan Pasilitas Umum,,unresolved
LST-00705,Unresolved • Sentul City • 1BR Full Furnished (50 m²),https://www.rumah123.com/properti/bogor-sentul-city/apartemen-cantik-siap-huni-fully-furnished-di-sentul-city-apr7294483/,Bogor,Jawa Barat,Sentul City,"Saffron Noble Sentul City, Sentul City, Bogor",Apartemen,6000000.0,120000.0,monthly,1,1,Studio / 1BR,50.0,33.0904278134042,11.958848857665288,Stasiun KRL Bogor,Tier 4: Greater Satellite Periphery (>28km),1,0,0,0,0,0,0,0,0,0,0,0,-6.50497,106.84921,listing,0,https://picture.rumah123.com/r123-images/360x210-crop/customer/4348613/d1934d2f1d425079c976bc4d2c775ffe.jpg,"Apartemen 19 lantai di Sentul City, Bogor.  For rent di wilayah yang nyaman. Dengan kategorinya adalah sebagai berikut:   - Kamar Tidur: 1   - Kama...",7269426.0,-1269426.0,-0.1919,17.5,-0.59,Fair Market Price,Apartemen Cantik Siap Huni Fully Furnished di Sentul City,,unresolved
LST-00706,Unresolved • Sentul City • Studio Furnished (34 m²),https://www.rumah123.com/properti/bogor-sentul-city/apartemen-brand-new-fully-furnished-apr7754346/,Bogor,Jawa Barat,Sentul City,"Saffron Noble Sentul City, Sentul City, Bogor",Apartemen,5000000.0,147058.82352941178,yearly,0,1,Studio / 1BR,34.0,33.0904601567149,11.959029205217876,Stasiun KRL Bogor,Tier 4: Greater Satellite Periphery (>28km),0,0,0,0,0,0,0,0,0,0,0,0,-6.50497,106.849213,listing,0,https://picture.rumah123.com/r123-images/360x210-crop/customer/230496/listing/apr7754346/enhanced/a396a7352828ad30d86fdcda189e6250.jpg,"Apartemen di Sentul City.  Cek segera apartemen 25 lantai yang asri ini,  disewakan menawarkan lingkungan fasilitas yang lengkap, cocok untuk Anda ...",6472287.0,-1472287.0,-0.2581,22.7,-0.79,Good Deal (Undervalued),"Brand New,New Furnished",,unresolved
LST-00707,Sentul Tower Apartment • 1BR Furnished (20 m²),https://www.rumah123.com/properti/bogor-sentul-city/sentul-tower-apartemen-belakang-aeon-mall-apr7797074/,Bogor,Jawa Barat,Sentul City,"Sentul Tower Apartment, Sentul City, Bogor",Apartemen,4500000.0,225000.0,monthly,1,1,Studio / 1BR,20.0,33.0904601567149,11.959029205217876,Stasiun KRL Bogor,Tier 4: Greater Satellite Periphery (>28km),0,0,0,0,0,0,0,0,0,0,0,0,-6.50497,106.849213,listing,0,https://picture.rumah123.com/r123-images/360x210-crop/customer/1710793/24c099fcbbf0286a44f4d784fd71b2be.jpg,"Apartemen di Sentul City.  Cek segera apartemen 2 lantai yang modern ini,  disewakan menawarkan lingkungan fasilitas yang lengkap, cocok untuk Anda...",3293278.0,1206722.0,0.3122,-36.6,0.96,Premium / High Price,Sentul Tower Apartemen Belakang Aeon Mall,Sentul Tower Apartment,fuzzy
LST-00708,Unresolved • Sentul City • Studio Furnished (36 m²),https://www.rumah123.com/properti/bogor-sentul-city/disewakan-apartemen-hadap-hambalang-dilengkapi-dengan-furnish-apr7789297/,Bogor,Jawa Barat,Sentul City,"Saffron Noble Sentul City, Sentul City, Bogor",Apartemen,8000000.0,222222.22222222225,monthly,0,0,Studio / 1BR,36.0,33.0904601567149,11.959029205217876,Stasiun KRL Bogor,Tier 4: Greater Satellite Periphery (>28km),0,0,0,0,0,0,0,0,0,0,0,0,-6.50497,106.849213,listing,0,https://picture.rumah123.com/r123-images/360x210-crop/customer/1485278/c11082c696fe0df5d092c7e25b24364a.jpg,"Apartemen  DiSentul City di saffron, Akses Jalan Tol Sendiri,Didepan Ada Fasilitas,Pasar Ahpoong,Mall Belanova,IKEA,Aeon Mall,Pombensin,Trisakti,In...",6069867.0,1930133.0,0.2761,-31.8,0.85,Premium / High Price,Disewakan Apartemen Hadap Hambalang Dilengkapi dengan Furnish,,unresolved
LST-00709,Saffron Noble Sentul City • Studio Full Furnished (54 m²),https://www.rumah123.com/properti/bogor-sentul-city/cantik-full-furnish-view-gunung-dan-kota-di-safron-nobel-aparmen-apr7788857/,Bogor,Jawa Barat,Sentul City,"Saffron Noble Sentul City, Sentul City, Bogor",Apartemen,8500000.0,157407.40740740742,monthly,0,1,Studio / 1BR,54.0,33.0904601567149,11.959029205217876,Stasiun KRL Bogor,Tier 4: Greater Satellite Periphery (>28km),1,0,0,0,0,0,0,0,0,0,0,0,-6.50497,106.849213,listing,0,https://picture.rumah123.com/r123-images/360x210-crop/customer/4348613/60ecff839e8d4b62e02cc73826a107ef.jpg,"Kesempatan terbatas buat Anda dapatkan apartemen strategis dengan return investasi tinggi di Sentul City, Bogor.  Apartemen ini menawarkan kelengka...",8265245.0,234755.0,0.028,-2.8,0.09,Fair Market Price,Dekat Akses Tol Full Furnish View Gunung dan Kota di Safron,Saffron Noble Sentul City,exact
LST-00710,Podomoro Golf View • 2BR Full Furnished (45 m²),https://www.rumah123.com/properti/bogor-gunung-putri/sewa-apartemen-podomoro-golf-full-furnished-murah-45-jt-saja-apr7788595/,Bogor,Jawa Barat,Gunung Putri,"Podomoro Golf View Cimanggis, Gunung Putri, Bogor",Apartemen,3750000.0,83333.33333333333,yearly,2,1,2 Bedroom,45.0,27.81618161533624,9.82465965988774,Stasiun KRL Depok Baru,Tier 3: Outer Commuter Ring (15-28km),1,0,0,0,0,0,0,0,0,0,0,0,-6.44944,106.888763,listing,0,https://picture.rumah123.com/r123-images/360x210-crop/customer/4406066/9fe5f7594efad3edcbaf8901441730e4.jpg,Disewakan apartemen di Podomoro Golf View   2 bedroom  Full furnished  Harga sewa 45 JT  Deposit 5 JT   IPL bayar per 3 bulan Rp 1.296.000,6342504.0,-2592504.0,-0.5255,40.9,-1.61,Deep Value Deal (Rare Find),Sewa Apartemen Podomoro Golf Full Furnished Murah 45 Jt Saja,Podomoro Golf View,exact
LST-00711,Unresolved • Sentul City • Studio Furnished (36 m²),https://www.rumah123.com/properti/bogor-sentul-city/apartement-studio-direct-aeon-mall-dekat-exit-tol-view-pegunungan-sentul-city-bogor-apr7760402/,Bogor,Jawa Barat,Sentul City,"Saffron Noble Sentul City, Sentul City, Bogor",Apartemen,7500000.0,208333.3333333333,monthly,1,1,Studio / 1BR,36.0,33.0904601567149,11.959029205217876,Stasiun KRL Bogor,Tier 4: Greater Satellite Periphery (>28km),0,0,0,0,0,0,0,0,0,0,0,0,-6.50497,106.849213,listing,0,https://picture.rumah123.com/r123-images/360x210-crop/customer/1656514/1026d9ac2d16509791bdf1820eae98d6.jpg,"Apartemen di Sentul City.  Miliki apartemen 9 lantai yang modern ini,  disewakan menawarkan lingkungan fasilitas yang lengkap, cocok untuk Anda yan...",5894822.0,1605178.0,0.2408,-27.2,0.74,Fair Market Price,Apartement Studio Direct Aeon Mall Dekat Exit Tol View Pegunungan Sentul City Bogor,,unresolved
LST-00712,Unresolved • Sentul City • Studio Furnished (20 m²),https://www.rumah123.com/properti/bogor-sentul-city/apartement-tipe-studio-2-menit-dari-aeon-mall-dan-dekat-exit-tol-sentul-city-bogor-apr7760390/,Bogor,Jawa Barat,Sentul City,"Saffron Noble Sentul City, Sentul City, Bogor",Apartemen,3800000.0,190000.0,monthly,1,1,Studio / 1BR,20.0,33.0904601567149,11.959029205217876,Stasiun KRL Bogor,Tier 4: Greater Satellite Periphery (>28km),0,0,0,0,0,0,0,0,0,0,0,0,-6.50497,106.849213,listing,0,https://picture.rumah123.com/r123-images/360x210-crop/customer/1656514/eda7f53a6b2417f74344484ce953a47b.jpg,"Apartemen di Sentul City.  Temukan apartemen 15 lantai yang asri ini,  disewakan menawarkan lingkungan fasilitas yang lengkap, cocok untuk Anda yan...",3339680.0,460320.0,0.1291,-13.8,0.4,Fair Market Price,Apartement Tipe Studio 2 Menit Dari Aeon Mall dan Dekat Exit Tol Sentul City Bogor,,unresolved
LST-00713,Unresolved • Sentul City Pool View • 1BR Furnished (26 m²),https://www.rumah123.com/properti/bogor-sentul-city/apartemen-siap-huni-bagus-sekali-view-kolam-renang-sentul-city-bogor-apr7749703/,Bogor,Jawa Barat,Sentul City,"Saffron Noble Sentul City, Sentul City, Bogor",Apartemen,4000000.0,153846.15384615384,monthly,1,1,Studio / 1BR,26.0,33.0904601567149,11.959029205217876,Stasiun KRL Bogor,Tier 4: Greater Satellite Periphery (>28km),0,0,0,0,0,0,1,0,0,0,0,0,-6.50497,106.849213,listing,0,https://picture.rumah123.com/r123-images/360x210-crop/customer/789270/listing/apr7749703/enhanced/61907713f5db0675dc7f0f06abdd235e.jpg,"Kesempatan terbatas buat Anda dapatkan apartemen strategis dengan return investasi tinggi di Sentul City, Bogor.  Apartemen ini menawarkan lokasi y...",4056405.0,-56405.0,-0.014,1.4,-0.04,Fair Market Price,Apartemen Siap Huni Bagus Sekali View Kolam Renang Sentul City Bogor,,unresolved
LST-00714,Saffron Noble Sentul City • Studio Full Furnished (34 m²),https://www.rumah123.com/properti/bogor-sentul-city/disewakan-apartemen-saffron-dilengkapi-dengan-furnish-bisa-sewa-6-bln-apr7575209/,Bogor,Jawa Barat,Sentul City,"Saffron Noble Sentul City, Sentul City, Bogor",Apartemen,6250000.0,183823.5294117647,yearly,0,1,Studio / 1BR,34.0,33.0904601567149,11.959029205217876,Stasiun KRL Bogor,Tier 4: Greater Satellite Periphery (>28km),0,0,0,0,0,0,0,0,0,0,0,0,-6.50497,106.849213,listing,0,https://picture.rumah123.com/r123-images/360x210-crop/customer/1485278/a8123b5e629399ec108af4bfce868b6f.jpg,"Apartemen DiSentul City , Akses Jalan Tol Sendiri,Didepan Ada Fasilitas,Pasar Ahpoong,Mall Belanova,IKEA,Aeon Mall,Pombensin,Trisakti,Institute Taz...",6184092.0,65908.0,0.0106,-1.1,0.03,Fair Market Price,Disewakan Apartemen Saffron Dilengkapi dengan Furnish bisa Sewa 6 Bln,Saffron Noble Sentul City,exact
LST-00715,Saffron Noble Sentul City • 1BR Full Furnished (52 m²),https://www.rumah123.com/properti/bogor-sentul-city/disewakan-apar-saffron-dilengkapi-dengan-furnish-apr7566375/,Bogor,Jawa Barat,Sentul City,"Saffron Noble Sentul City, Sentul City, Bogor",Apartemen,9000000.0,173076.92307692306,monthly,1,1,Studio / 1BR,52.0,33.0904601567149,11.959029205217876,Stasiun KRL Bogor,Tier 4: Greater Satellite Periphery (>28km),0,0,0,0,0,0,0,0,0,0,0,0,-6.50497,106.849213,listing,0,https://picture.rumah123.com/r123-images/360x210-crop/customer/1485278/9732e100bec7747b1e9ddf9f11486c8b.jpg,"Apartemen  DiSentul City Akses Jalan Tol Sendiri,Didepan Ada Fasilitas,Pasar Ahpoong,Mall Belanova,IKEA,Aeon Mall,Pombensin,Trisakti,Institute Tazk...",7717359.0,1282641.0,0.1538,-16.6,0.47,Fair Market Price,Disewakan Apar Saffron Dilengkapi dengan Furnish,Saffron Noble Sentul City,exact
LST-00716,Saffron Noble Sentul City • Studio Full Furnished (36 m²),https://www.rumah123.com/properti/bogor-sentul-city/disewakan-apartemn-saffron-connec-aeon-mall-apr7560473/,Bogor,Jawa Barat,Sentul City,"Saffron Noble Sentul City, Sentul City, Bogor",Apartemen,7083333.333333333,196759.25925925924,yearly,0,1,Studio / 1BR,36.0,33.0904601567149,11.959029205217876,Stasiun KRL Bogor,Tier 4: Greater Satellite Periphery (>28km),0,0,0,0,0,0,0,0,0,0,0,0,-6.50497,106.849213,listing,0,https://picture.rumah123.com/r123-images/360x210-crop/customer/1485278/26b951400c5c39e005db2c8a43a442e6.jpg,"Apartemn DiSentul City di saffron, Akses Jalan Tol Sendiri,Didepan Ada Fasilitas,Pasar Ahpoong,Mall Belanova,IKEA,Aeon Mall,Pombensin,Trisakti,Inst...",6177897.0,905436.333333333,0.1368,-14.7,0.42,Fair Market Price,Disewakan Apartemn Saffron Connec Aeon Mall,Saffron Noble Sentul City,exact
LST-00717,Saffron Noble Sentul City • Studio Full Furnished (34 m²),https://www.rumah123.com/properti/bogor-sentul-city/disewakan-apartemen-saffron-conec-ke-aeon-mall-apr7538863/,Bogor,Jawa Barat,Sentul City,"Saffron Noble Sentul City, Sentul City, Bogor",Apartemen,6666666.666666667,196078.43137254904,yearly,0,1,Studio / 1BR,34.0,33.0904601567149,11.959029205217876,Stasiun KRL Bogor,Tier 4: Greater Satellite Periphery (>28km),0,0,0,0,0,0,0,0,0,0,0,0,-6.50497,106.849213,listing,0,https://picture.rumah123.com/r123-images/360x210-crop/customer/1485278/b67454e55dbad72263456267e0b0e710.jpg,"Apartrmen DiSentul City di saffron, Akses Jalan Tol Sendiri,Didepan Ada Fasilitas,Pasar Ahpoong,Mall Belanova,IKEA,Aeon Mall,Pombensin,Trisakti,Ins...",6280115.0,386551.666666667,0.0597,-6.2,0.18,Fair Market Price,Disewakan Apartemen Saffron Conec ke Aeon Mall,Saffron Noble Sentul City,exact
LST-00718,Sentul Tower Apartment • 1BR Furnished (20 m²),https://www.rumah123.com/properti/bogor-sentul-city/disewa-tahun-furnis-sta-sentul-tower-apartment-sentul-city-ssr410-apr7471100/,Bogor,Jawa Barat,Sentul City,"Sentul Tower Apartment, Sentul City, Bogor",Apartemen,2083333.3333333333,104166.66666666666,yearly,1,1,Studio / 1BR,20.0,33.0904601567149,11.959029205217876,Stasiun KRL Bogor,Tier 4: Greater Satellite Periphery (>28km),0,0,0,0,0,0,0,0,0,0,0,0,-6.50497,106.849213,listing,0,https://picture.rumah123.com/r123-images/360x210-crop/customer/1265432/e62e7730a191eb8fcd9367291ee05db6.jpg,"disewa apartment di sentul tower apartement, sentul  city, Bogor. lokasi sangat strategis karena sangat dengan aeon mall  sentul, pasar bersih, pas...",3806741.0,-1723407.6666666667,-0.6028,45.3,-1.85,Deep Value Deal (Rare Find),Disewa Tahun Furnis Sta Sentul Tower Apartment Sentul City Ssr410,Sentul Tower Apartment,exact
LST-00719,Unresolved • Sentul City • 1BR Furnished (46 m²),https://www.rumah123.com/properti/bogor-sentul-city/apartemen-1-kamar-tidur-furnished-bagus-view-gunung-apr7463800/,Bogor,Jawa Barat,Sentul City,"Saffron Noble Sentul City, Sentul City, Bogor",Apartemen,8500000.0,184782.60869565216,monthly,1,1,Studio / 1BR,46.0,33.0904601567149,11.959029205217876,Stasiun KRL Bogor,Tier 4: Greater Satellite Periphery (>28km),0,0,0,0,0,0,0,0,0,0,0,0,-6.50497,106.849213,listing,0,https://picture.rumah123.com/r123-images/360x210-crop/customer/4348613/87f1b5cf890a23ae558166e37901ac74.jpg,"Apartemen 32 lantai di Sentul City, Bogor.  For rent di wilayah yang tenang. Dengan rinciannya adalah sebagai berikut:   - Kamar Tidur: 1   - Kamar...",6532484.0,1967516.0,0.2633,-30.1,0.81,Premium / High Price,Apartemen 1 Kamar Tidur Furnished Bagus View Gunung,,unresolved
LST-00720,Unresolved • Sentul City • Studio Furnished (44 m²),https://www.rumah123.com/properti/bogor-sentul-city/disewakan-apar-2-br-bisa-bulanan-dan-tahunan-apr7457486/,Bogor,Jawa Barat,Sentul City,"Saffron Noble Sentul City, Sentul City, Bogor",Apartemen,5000000.0,113636.36363636365,yearly,0,0,Studio / 1BR,44.0,33.0904601567149,11.959029205217876,Stasiun KRL Bogor,Tier 4: Greater Satellite Periphery (>28km),0,0,0,0,0,0,0,0,0,0,0,0,-6.50497,106.849213,listing,0,https://picture.rumah123.com/r123-images/360x210-crop/customer/1485278/ce2ea1bd35b64cf3075e8fa3d95b0a95.jpg,"Apartemen DiSentul CityAkses Jalan Tol Sendiri,Didepan Ada Fasilitas,Pasar Ahpoong,Mall Belanova,IKEA,Aeon Mall,Pombensin,Trisakti,Institute Tazkia...",7996869.0,-2996869.0,-0.4696,37.5,-1.44,Good Deal (Undervalued),Disewakan Apar 2 Br Bisa Bulanan Dan Tahunan,,unresolved
LST-00721,Unresolved • Sentul City • 1BR Furnished (30 m²),https://www.rumah123.com/properti/bogor-sentul-city/apartemen-1-kamar-tidur-furnished-dengan-view-yang-indah-apr7340482/,Bogor,Jawa Barat,Sentul City,"Saffron Noble Sentul City, Sentul City, Bogor",Apartemen,4000000.0,133333.33333333334,monthly,1,1,Studio / 1BR,30.0,33.0904601567149,11.959029205217876,Stasiun KRL Bogor,Tier 4: Greater Satellite Periphery (>28km),0,0,0,0,0,0,0,0,0,0,0,0,-6.50497,106.849213,listing,0,https://picture.rumah123.com/r123-images/360x210-crop/customer/4348613/621880c30b03d521714dff4c188dcb50.jpg,"Apartemen di Sentul City, Bogor.  For rent di wilayah yang tenang. Dengan kategorinya adalah sebagai berikut:   - Kamar Tidur: 1   - Kamar Mandi: 1...",5137808.0,-1137808.0,-0.2503,22.1,-0.77,Good Deal (Undervalued),Apartemen 1 Kamar Tidur Furnished Dengan View Yang Indah,,unresolved
LST-00722,Podomoro Golf View • 2BR Furnished (33 m²),https://www.rumah123.com/properti/bogor-gunung-putri/1-unit-apartemen-di-podomoro-golf-view-gunung-putri-bogor-apr7769367/,Bogor,Jawa Barat,Gunung Putri,"Podomoro Golf View Cimanggis, Gunung Putri, Bogor",Apartemen,2916666.6666666665,88383.83838383837,yearly,2,1,2 Bedroom,33.0,25.83449008197546,9.038394519130996,Stasiun KRL Depok Baru,Tier 3: Outer Commuter Ring (15-28km),0,0,0,0,0,0,0,0,0,0,0,0,-6.429099400000001,106.8942604,listing,0,https://picture.rumah123.com/r123-images/360x210-crop/customer/2151158/f894a5fc68e50ad7b019be5ea024961b.jpg,Disewakan 1 Apartemen Di Podomoro Golf View Gunung Putri Bogor  Luas Bangunan : 33 m2 Kamar Tidur : 2 Kamar Mandi : 1  Untuk informasi selanjutnya ...,4054100.0,-1137433.3333333335,-0.3293,28.1,-1.01,Good Deal (Undervalued),Disewakan 1 Unit Apartemen di Podomoro Golf View Gunung Putri Bogor,Podomoro Golf View,exact
LST-00723,Podomoro Golf View Tower Ekki • Studio Full Furnished (22 m²),https://www.rumah123.com/properti/bogor-cibubur/apartment-podomoro-golf-view-type-studio-fully-furnished-lantai-12-tower-ekki-apr7720605/,Bogor,Jawa Barat,Cibubur,"Podomoro Golf View Cimanggis, Cibubur, Bogor",Apartemen,3333333.333333333,151515.15151515152,yearly,1,1,Studio / 1BR,22.0,42.40031528499605,0.7338428959882085,Stasiun KRL Bogor,Tier 4: Greater Satellite Periphery (>28km),1,0,0,0,0,0,0,0,0,0,0,0,-6.58917,106.793,listing,0,https://picture.rumah123.com/r123-images/360x210-crop/customer/710757/listing/apr7720605/enhanced/e88ab077d3b145183ba2e06347bb8884.jpg,Disewakan Apartemen Podomoro Golf View  Type Studio Brand New | Tower EKKI Luas 22 m2 Listrik 1300 w Lantai 12 Fully Furnished  More Info Bellen Hw...,4036469.0,-703135.666666667,-0.1914,17.4,-0.59,Fair Market Price,Apartment Podomoro Golf View Type Studio Fully Furnished Lantai 12 Tower Ekki,Podomoro Golf View,exact
LST-00724,Unresolved • Sentul City • 1BR Full Furnished (34 m²),https://www.rumah123.com/properti/bogor-sentul-city/apartemen-full-furnished-siap-huni-lantai-19-dekat-aeon-mall-sentul-city-bogor-apr7694944/,Bogor,Jawa Barat,Sentul City,"Saffron Noble Sentul City, Sentul City, Bogor",Apartemen,8000000.0,235294.11764705885,monthly,1,1,Studio / 1BR,34.0,33.0904601567149,11.959029205217876,Stasiun KRL Bogor,Tier 4: Greater Satellite Periphery (>28km),1,0,0,0,0,0,0,0,0,0,0,0,-6.50497,106.849213,listing,0,https://picture.rumah123.com/r123-images/360x210-crop/customer/789270/listing/apr7694944/enhanced/4f358f69f45f55ba92c48c8d83843c43.jpg,Disewakan Apartemen Saffron Sentul City* Studio Full Furnished 36 m² - Lantai 19 No. 32   View City & Pegunungan - Siap Huni  ✨ Tersedia sewa Ha...,6311334.0,1688666.0,0.2371,-26.8,0.73,Fair Market Price,", Apartemen Full Furnished Siap Huni Lantai 19 Dekat Aeon Mall Sentul City Bogor",,unresolved
LST-00725,Saffron Noble Sentul City • Studio Full Furnished (34 m²),https://www.rumah123.com/properti/bogor-sentul-city/bebas-banjir-apartemen-ppjb-dekat-sekolah-negeri-dekat-akses-tol-apr7666749/,Bogor,Jawa Barat,Sentul City,"Saffron Noble Sentul City, Sentul City, Bogor",Apartemen,6250000.0,183823.5294117647,yearly,1,1,Studio / 1BR,34.0,39.93568174665861,8.426747656300684,Stasiun KRL Bogor,Tier 4: Greater Satellite Periphery (>28km),1,0,0,0,0,0,0,0,1,0,0,0,-6.5656810001,106.860561,listing,0,https://picture.rumah123.com/r123-images/360x210-crop/customer/815135/listing/apr7666749/enhanced/93942ecf03923e34c5de11a4ad6d5717.png,"Apartement Saffron - Sentul City  LT: 34,5 LB: 34,5 100 m dari toll Sirkuit Sentul /Jagorawi Terhubung dengan jalur LRT Jakarta- Bogor. Koneksi lan...",6603885.0,-353885.0,-0.0551,5.4,-0.17,Fair Market Price,Apartemen Studio Sweet Full Furnished di Saffron Sentul .,Saffron Noble Sentul City,exact
LST-00726,Unresolved • Sentul City • Studio Full Furnished (30 m²),https://www.rumah123.com/properti/bogor-sentul-city/apartement-cantik-type-studio-full-furnish-view-kota-dan-pegunungan-di-sentul-city-apr7679136/,Bogor,Jawa Barat,Sentul City,"Saffron Noble Sentul City, Sentul City, Bogor",Apartemen,4500000.0,150000.0,monthly,0,1,Studio / 1BR,30.0,33.0904601567149,11.959029205217876,Stasiun KRL Bogor,Tier 4: Greater Satellite Periphery (>28km),1,0,0,0,0,0,0,0,0,0,0,0,-6.50497,106.849213,listing,0,https://picture.rumah123.com/r123-images/360x210-crop/customer/4348613/listing/apr7679136/enhanced/986d317869c4491364aca491b10edca6.jpg,"Apartemen di Sentul City.  Miliki apartemen 17 lantai yang asri ini,  disewakan menghadirkan lingkungan fasilitas yang lengkap, cocok untuk Anda ya...",5293655.0,-793655.0,-0.1624,15.0,-0.5,Fair Market Price,Apartement Cantik Type Studio Full Furnish View Kota dan Pegunungan di Sentul City,,unresolved
LST-00727,Podomoro Golf View • 1BR Furnished (22 m²),https://www.rumah123.com/properti/bogor-gunung-putri/apartemen-view-cantik-di-podomoro-golf-view-cimanggis-bogor-jawa-barat-apr7671597/,Bogor,Jawa Barat,Gunung Putri,"Podomoro Golf View Cimanggis, Gunung Putri, Bogor",Apartemen,2500000.0,113636.36363636365,yearly,1,1,Studio / 1BR,22.0,26.81807484853354,9.366803650252075,Stasiun KRL Depok Baru,Tier 3: Outer Commuter Ring (15-28km),0,0,0,0,0,0,0,0,0,0,0,0,-6.4392697000000005,106.8915117,subdistrict_centroid,1,https://picture.rumah123.com/r123-images/360x210-crop/customer/1327022/e66d42213b7b84afc7049a1f498ba726.jpg,"Apartemen View Cantik di Podomoro Golf View, Cimanggis, Bogor, Jawa Barat. Apartemen View Cantik di Podomoro Golf View, Cimanggis, Bogor, Jawa Bara...",2156090.0,343910.0,0.148,-16.0,0.45,Fair Market Price,"Apartemen View Cantik di Podomoro Golf View, Cimanggis, Bogor, Jawa Barat.",Podomoro Golf View,exact
LST-00728,Podomoro Golf View • 2BR Furnished (36 m²),https://www.rumah123.com/properti/bogor-gunung-putri/apartment-view-cantik-di-podomoro-golf-view-bogor-jawa-barat-apr7648345/,Bogor,Jawa Barat,Gunung Putri,"Podomoro Golf View Cimanggis, Gunung Putri, Bogor",Apartemen,4166666.6666666665,115740.74074074072,yearly,2,1,2 Bedroom,36.0,26.81807484853354,9.366803650252075,Stasiun KRL Depok Baru,Tier 3: Outer Commuter Ring (15-28km),0,0,0,0,0,0,0,0,0,0,0,0,-6.4392697000000005,106.8915117,subdistrict_centroid,1,https://picture.rumah123.com/r123-images/360x210-crop/customer/1327022/ceb08e20aa87746cdfa0ea72f70e6d02.jpg,"Apartment View Cantik di Podomoro Golf View, Bogor, Jawa Barat. Apartment View Cantik di Podomoro Golf View, Bogor, Jawa Barat.  Pemandangan hijau ...",3879424.0,287242.6666666665,0.0714,-7.4,0.22,Fair Market Price,"Apartment View Cantik di Podomoro Golf View, Bogor, Jawa Barat.",Podomoro Golf View,exact
