listing_id,title,url,target_city,target_province,subdistrict,display_location,property_type,price_monthly_idr,price_per_m2_idr,original_period,bedrooms,bathrooms,layout_category,floor_size_m2,distance_to_cbd_km,distance_to_transit_km,nearest_transit_hub,urban_zone,is_full_furnished,is_semi_furnished,is_unfurnished,has_ac,has_wifi,has_water_heater,has_pool,has_gym,near_transit,has_balcony,has_kitchen,has_parking,latitude,longitude,geo_source,geo_is_imputed,image_url,short_description,fair_market_rent_idr,residual_idr,residual_log,discount_pct,deal_score_z,deal_classification,deal_tier,raw_title,canonical_apartment,resolution_confidence
LST-00001,Casa Grande Residence Phase 2 • 3BR Furnished (130 m²),https://www.rumah123.com/properti/jakarta-selatan-casablanca/casagrande-residence-phase-2-unit-bagus-dan-terawat-siaphuni-apr7850791/,Jakarta Selatan,DKI Jakarta,Casablanca,"Casablanca, Jakarta Selatan",Apartemen,28000000.0,215384.61538461532,monthly,3,3,3 Bedroom,130.0,6.86940019738089,2.8877021482408427,Stasiun MRT Blok M,Tier 1: Core Urban Center (<7km),0,0,0,0,0,0,0,0,0,0,0,0,-6.26899,106.806,listing,0,https://picture.rumah123.com/r123-images/360x210-crop/customer/1740690/e686af3e8a4225cbd0ee639eefb5c680.jpg,"Apartment Name: Casa Grande Residence Phase 1 dan 2 Location: Jalan Casablanca Raya Kav. 88, Mall Kota Kasablanka Jakarta Selatan Tower/Floor/View:...",30154098.0,-2154098.0,-0.0741,7.1,-0.2,Fair Market Price,,Casagrande Residence Phase 2 Unit Bagus dan Terawat Siap.huni,Casa Grande Residence,exact
LST-00002,Casa Grande Residence • 2BR Furnished (76 m²),https://www.rumah123.com/properti/jakarta-selatan-tebet/for-rent-apartment-casagrande-apr7734212/,Jakarta Selatan,DKI Jakarta,Tebet,"Tebet, Jakarta Selatan",Apartemen,18000000.0,236842.1052631579,monthly,2,2,2 Bedroom,76.0,4.058682325622756,2.103501497097159,Stasiun KRL Manggarai,Tier 1: Core Urban Center (<7km),0,0,0,0,0,0,0,0,0,0,0,0,-6.22881052,106.8507073,listing,0,https://picture.rumah123.com/r123-images/360x210-crop/customer/4469179/listing/apr7734212/enhanced/078d66a9cfc94ca51cddc428a0020190.jpg,"Apartemen di Tebet.  Dapatkan apartemen 1 lantai yang asri ini,  disewakan menawarkan lingkungan fasilitas yang lengkap, cocok untuk Anda yang meng...",16357770.0,1642230.0,0.0957,-10.0,0.26,Fair Market Price,,Sewa Apartment Casagrande 2 Br Mewah,Casa Grande Residence,exact
LST-00003,Unresolved • Kuningan • 2BR Furnished (94 m²),https://www.rumah123.com/properti/jakarta-selatan-kuningan/for-rent-2-bedrooms-apartment-at-denpasar-residence-in-prime-kuningan-south-jakarta-apartement-kuningan-city-denpasar-apr3488430/,Jakarta Selatan,DKI Jakarta,Kuningan,"Kuningan, Jakarta Selatan",Apartemen,15000000.0,159574.46808510635,monthly,2,2,2 Bedroom,94.0,3.1771553497958824,2.965226514066767,Stasiun MRT Blok M,Tier 1: Core Urban Center (<7km),0,0,0,0,0,0,0,0,0,0,0,0,-6.237130165100098,106.82373809814452,listing,0,https://picture.rumah123.com/r123-images/360x210-crop/customer/51968/1606913c424c346fe47fd5a933ab1494.jpg,1. Condition: - Stylishly Furnished - Spacious Interiors - Stunning Panoramic Views - Well-Equipped Kitchen - Elegant Bathrooms - High-Quality Floo...,19667272.0,-4667272.0,-0.2709,23.7,-0.75,Good Deal (Undervalued),good,"For Rent 2 Bedrooms Apartment At Denpasar Residence In Prime Kuningan, South Jakarta Apartement Kuningan City Denpasar Residence 2 Kamar Tidur Apartement Kuningan City Denpasar Residence 2 Kamar Tidur",,unresolved
LST-00004,Denpasar Residence • 1BR Furnished (60 m²),https://www.rumah123.com/properti/jakarta-selatan-kuningan/experience-upscale-living-rent-a-luxurious-1-bedroom-apartment-at-denpasar-residence-kuningan-prime-south-jakarta-apr3488586/,Jakarta Selatan,DKI Jakarta,Kuningan,"Kuningan, Jakarta Selatan",Apartemen,11000000.0,183333.3333333333,monthly,1,1,Studio / 1BR,60.0,3.1771644961907333,2.965433933193664,Stasiun MRT Blok M,Tier 1: Core Urban Center (<7km),0,0,0,0,0,0,0,0,0,0,0,0,-6.23713,106.82374,listing,0,https://picture.rumah123.com/r123-images/360x210-crop/customer/51968/listing/apr3488586/enhanced/14aa512aa32de59acf9ee07b1ec86dcc.jpg,1. Condition: - Stylishly Furnished - Spacious Interiors - Stunning Panoramic Views - Well-Equipped Kitchen - Elegant Bathrooms - High-Quality Floo...,15314793.0,-4314793.0,-0.3309,28.2,-0.91,Good Deal (Undervalued),good,"Experience Upscale Living, Rent A Luxurious 1 Bedroom Apartment At Denpasar Residence, Kuningan, Prime South Jakarta Location.",Denpasar Residence,exact
LST-00005,Anandamaya Residence • 2BR Full Furnished (148 m²),https://www.rumah123.com/properti/jakarta-selatan-sudirman/rent-a-stylish-2bedroom-fully-furnished-apartment-at-anandamaya-residence-sudirman-jakarta-apr3488543/,Jakarta Selatan,DKI Jakarta,Sudirman,"Sudirman, Jakarta Selatan",Apartemen,44000000.0,297297.2972972973,monthly,2,2,2 Bedroom,148.0,0.8064860277829806,0.1992339087436025,Stasiun MRT Dukuh Atas,Tier 1: Core Urban Center (<7km),1,0,0,0,0,0,0,1,0,0,0,0,-6.20242,106.82347,listing,0,https://picture.rumah123.com/r123-images/360x210-crop/customer/51968/134e7b3149393a4c1e4b35ebb1603a7a.jpg,1. Condition: - Fully Furnished - Luxurious Interiors - Modern Kitchen - Elegant Bathrooms  2. Facility:  - Lagoon Paradise - Fitness & Spa Oasis -...,41013791.0,2986209.0,0.0703,-7.3,0.19,Fair Market Price,,"Rent A Stylish 2-Bedroom Fully Furnished Apartment At Anandamaya Residence, Sudirman Jakarta.",Anandamaya Residence,exact
LST-00006,Anandamaya Residence • 1BR Full Furnished (175 m²),https://www.rumah123.com/properti/jakarta-selatan-sudirman/disewakan-apartemen-anandamaya-residence-31-br-direct-owner-apr7815769/,Jakarta Selatan,DKI Jakarta,Sudirman,"Sudirman, Jakarta Selatan",Apartemen,55000000.0,314285.71428571426,monthly,3,3,3 Bedroom,175.0,0.0905305369502011,0.8505789389742874,Stasiun MRT Dukuh Atas,Tier 1: Core Urban Center (<7km),1,0,0,0,0,0,0,0,0,0,0,0,-6.207988846579198,106.82007032481056,listing,0,https://picture.rumah123.com/r123-images/360x210-crop/customer/4477302/abe4fcbf75bd670e38e1feea6a815904.jpg,Anandamaya Residence Sudirman Jakarta @connected to Office Menara Astra  Lantai 25 3+1 Bedroom 3+1 Bathroom Size 174 sqm Fully Furnished Ready to M...,47185194.0,7814806.0,0.1533,-16.6,0.42,Fair Market Price,,Disewakan Apartemen Anandamaya Residence 3+1 BR Direct Owner,Anandamaya Residence,exact
LST-00007,Casa Grande Residence • 2BR Furnished (76 m²),https://www.rumah123.com/properti/jakarta-selatan-casablanca/unit-bagus-casa-grande-residence-2-kamar-tidur-connect-mall-kota-kasablanka-siap-huni-dekat-ke-jalan-senayan-dan-jalan-apr7824029/,Jakarta Selatan,DKI Jakarta,Casablanca,"Casablanca, Jakarta Selatan",Apartemen,18500000.0,243421.05263157896,yearly,2,2,2 Bedroom,76.0,2.997947626658001,1.732807787067536,Stasiun KRL Manggarai,Tier 1: Core Urban Center (<7km),0,0,0,0,0,0,0,0,0,0,0,0,-6.223576,106.842685,listing,0,https://picture.rumah123.com/r123-images/360x210-crop/customer/1886684/2c1b886f0e9530e9600efd213b990450.jpg,"Kesempatan terbatas buat Anda dapatkan apartemen strategis dengan return investasi tinggi di Casablanca, Jakarta Selatan.  Apartemen ini menawarkan...",17268506.0,1231494.0,0.0689,-7.1,0.19,Fair Market Price,,Unit Bagus..!! Casa Grande Residence 2 Kamar Tidur Connect Mall Kota Kasablanka Siap Huni Dekat ke Jalan Senayan dan Jalan Sudirman,Casa Grande Residence,exact
LST-00008,District 8 SCBD • 2BR Full Furnished (105 m²),https://www.rumah123.com/properti/jakarta-selatan-kebayoran-baru/district-8-scbd-2bedroom-fully-furnished-apr7819316/,Jakarta Selatan,DKI Jakarta,Kebayoran Baru,"Kebayoran Baru, Jakarta Selatan",Apartemen,45000000.0,428571.4285714286,monthly,2,2,2 Bedroom,105.0,4.494708988847484,0.3914264832749906,Stasiun MRT Blok M,Tier 1: Core Urban Center (<7km),1,0,0,0,0,0,0,0,0,0,0,0,-6.24475108,106.801412,listing,0,https://picture.rumah123.com/r123-images/360x210-crop/customer/642515/301f679e938c836e5214e51486cf257c.jpg,Apartemen District 8 SCBD/ Senopati  Tower Infinity Mid Level (1x floor) Luas 105 m2 2 bedroom 2 bathroom 1 Service Area Rental price $2500/month i...,21573236.0,23426764.0,0.7352,-108.6,2.02,Overpriced / Luxury Tag,,District 8 Scbd 2Bedroom Fully Furnished,District 8 SCBD,exact
LST-00009,South Hills Private Lift • 2BR Furnished (87 m²),https://www.rumah123.com/properti/jakarta-selatan-kuningan/private-lift-apartment-south-hills-jakarta-selatan-123br-apr3641347/,Jakarta Selatan,DKI Jakarta,Kuningan,"Kuningan, Jakarta Selatan",Apartemen,24000000.0,275862.0689655172,monthly,2,2,2 Bedroom,87.0,2.299645094959951,2.482073293713114,Stasiun MRT Blok M,Tier 1: Core Urban Center (<7km),0,0,0,0,0,0,0,0,0,0,0,0,-6.2285429,106.8138048,listing,0,https://picture.rumah123.com/r123-images/360x210-crop/customer/59740/5a0be3909c6e1ee47860e51ab1e8bc87.jpg,For Rent Apartment South Hills  Private Lift   Tipe: 1 Bedroom Size : 68 sqm Price start from $1200 / month   Tipe : 2 Bedrooms Size : 87 sqm  Pric...,20549292.0,3450708.0,0.1552,-16.8,0.43,Fair Market Price,,Private Lift Apartment - South Hills - Jakarta Selatan - 1/2/3Br,South Hills,fuzzy
LST-00010,Kemang Village Tower Tiffany • 2BR Full Furnished (144 m²),https://www.rumah123.com/properti/jakarta-selatan-kemang/kemang-village-tiffany-2-bedroom-for-rent-apr7849900/,Jakarta Selatan,DKI Jakarta,Kemang,"Kemang, Jakarta Selatan",Apartemen,25000000.0,173611.11111111112,monthly,2,2,2 Bedroom,144.0,5.679075184602589,2.3118930783972065,Stasiun MRT Blok M,Tier 1: Core Urban Center (<7km),0,0,0,0,0,0,0,0,0,0,0,0,-6.2593076,106.8123754,listing,0,https://picture.rumah123.com/r123-images/360x210-crop/customer/4488244/7dc7a0ace8db4e5cb9bea453b91dd29e.jpg,"partment Kemang Village For Rent Address : Jl. Pangeran Antasari No.36, RT.14/RW.5, Bangka, Kec. Mampang Prpt., Kota Jakarta Selatan, Daerah Khusus...",26397711.0,-1397711.0,-0.0544,5.3,-0.15,Fair Market Price,,Kemang Village Tiffany 2 Bedroom For Rent,Kemang Village,exact
LST-00011,Kemang Village Tower Tiffany • 3BR Full Furnished (144 m²),https://www.rumah123.com/properti/jakarta-selatan-kemang/kemang-village-aapartment-tiffany-3-bedroom-for-rent-apr7752386/,Jakarta Selatan,DKI Jakarta,Kemang,"Kemang, Jakarta Selatan",Apartemen,30000000.0,208333.3333333333,monthly,3,2,3 Bedroom,144.0,5.917442667646868,2.5111095139636186,Stasiun MRT Blok M,Tier 1: Core Urban Center (<7km),0,0,0,0,0,0,0,0,0,0,0,0,-6.261507671577874,106.81261235774218,listing,0,https://picture.rumah123.com/r123-images/360x210-crop/customer/4488244/615977fd65acbfd108677bdeb960ab10.jpg,"Kemang Village Apartment Address : Jl. Pangeran Antasari No.36, Kemang, Jakarta Selatan  Tower Tiffany  High Floor  Size 144sqm 3Bedroom 2 Bathroom...",25080073.0,4919927.0,0.1791,-19.6,0.49,Fair Market Price,,Kemang Village Aapartment Tiffany 3 Bedroom For Rent,Kemang Village,exact
LST-00012,Kemang Village Tower Ritz • 4BR+ Furnished (204 m²),https://www.rumah123.com/properti/jakarta-selatan-kemang/kemang-village-ritz-4-bedroom-for-rent-apr7849804/,Jakarta Selatan,DKI Jakarta,Kemang,"Kemang, Jakarta Selatan",Apartemen,45000000.0,220588.23529411765,monthly,4,3,4+ Bedroom,204.0,5.740094820856147,2.2778965523546084,Stasiun MRT Blok M,Tier 1: Core Urban Center (<7km),0,0,0,0,0,0,0,0,0,0,0,0,-6.2597202,106.8114669,listing,0,https://picture.rumah123.com/r123-images/360x210-crop/customer/4488244/e201ae76a5c0984448ba9c2e007b83fb.jpg,"partment Kemang Village For Rent Address : Jl. Pangeran Antasari No.36, RT.14/RW.5, Bangka, Kec. Mampang Prpt., Kota Jakarta Selatan, Daerah Khusus...",44947079.0,52921.0,0.0012,-0.1,0.0,Fair Market Price,,Kemang Village Ritz 4 Bedroom For Rent,Kemang Village,exact
LST-00013,Unresolved • Pondok Indah Golf View • 3BR Furnished (157 m²),https://www.rumah123.com/properti/jakarta-selatan-pondok-indah/1406a-31-bedrooms-golf-view-apartment-for-lease-near-jis-pim-apr7803968/,Jakarta Selatan,DKI Jakarta,Pondok Indah,"Pondok Indah, Jakarta Selatan",Apartemen,28000000.0,178343.94904458598,monthly,3,2,3 Bedroom,157.0,8.510634116372524,1.727692609637114,Stasiun MRT Lebak Bulus,Tier 2: Inner Ring Metro (7-15km),0,0,0,0,0,0,0,0,0,0,0,0,-6.2754,106.782059,listing,0,https://picture.rumah123.com/r123-images/360x210-crop/customer/1242662/3e6c7de76ed063c1d37ec133bca05d14.jpg,FOR RENT #1406A  Golfhill Terraces Apartment Pondok Indah  Size: 157 Sqm Floor: 14 Bedrooms: 3 Bathrooms: 2 Electricity: 21000 W Maid's bedroom: 1 ...,29126058.0,-1126058.0,-0.0394,3.9,-0.11,Fair Market Price,,[1406A] 3 Bedrooms Golf View Apartment For Lease Near Jis & Pim,,unresolved
LST-00014,Kemang Village Tower Infinity • 3BR Furnished (158 m²),https://www.rumah123.com/properti/jakarta-selatan-kemang/kemang-village-infinity-3-bedroom-for-rent-apr7750499/,Jakarta Selatan,DKI Jakarta,Kemang,"Kemang, Jakarta Selatan",Apartemen,30000000.0,189873.41772151896,monthly,3,2,3 Bedroom,158.0,5.917442667646868,2.5111095139636186,Stasiun MRT Blok M,Tier 1: Core Urban Center (<7km),0,0,0,0,0,0,0,0,0,0,0,0,-6.261507671577874,106.81261235774218,listing,0,https://picture.rumah123.com/r123-images/360x210-crop/customer/4488244/listing/apr7750499/enhanced/a664ed9624cd140a48ca29b46d4c89ac.jpg,"KEMANG VILLAGE APARTMENT Address : Jl. Pangeran Antasari No.36, RT.14/RW.5, Bangka, Kemang, Kota Jakarta Selatan  Tower Infinity floor 26 Size 158s...",30643552.0,-643552.0,-0.0212,2.1,-0.06,Fair Market Price,,Kemang Village Infinity 3 Bedroom For Rent,Kemang Village,exact
LST-00015,Kemang Village • 4BR+ Furnished (230 m²),https://www.rumah123.com/properti/jakarta-selatan-kemang/kemang-village-apartment-diuplex-4-bedroom-for-rent-apr7787836/,Jakarta Selatan,DKI Jakarta,Kemang,"Kemang, Jakarta Selatan",Apartemen,51000000.0,221739.13043478265,monthly,4,3,4+ Bedroom,230.0,5.917442667646868,2.5111095139636186,Stasiun MRT Blok M,Tier 1: Core Urban Center (<7km),0,0,0,0,0,0,0,0,0,0,0,0,-6.261507671577874,106.81261235774218,listing,0,https://picture.rumah123.com/r123-images/360x210-crop/customer/4488244/46ae9cc895fb88ceb29a5b0c3688bf31.jpg,"KEMANG VILLAGE APARTMENT Address : Jl. Pangeran Antasari No.36, RT.14/RW.5, Bangka, Kemang, Kota Jakarta Selatan  Tower cosmo  High Floor Size 230 ...",49965599.0,1034401.0,0.0205,-2.1,0.06,Fair Market Price,,Kemang Village Apartment Diuplex 4 Bedroom For Rent,Kemang Village,exact
LST-00016,Casa Grande Residence • 1BR Full Furnished (51 m²),https://www.rumah123.com/properti/jakarta-selatan-casablanca/apartement-casa-grande-1-br-furnished-bagus-apr3537953/,Jakarta Selatan,DKI Jakarta,Casablanca,"Casablanca, Jakarta Selatan",Apartemen,9900000.0,194117.64705882352,monthly,1,1,Studio / 1BR,51.0,2.931675578517687,1.6303625138783266,Stasiun KRL Manggarai,Tier 1: Core Urban Center (<7km),1,0,0,0,0,0,1,0,0,0,0,0,-6.2225008010864,106.84265899658,listing,0,https://picture.rumah123.com/r123-images/360x210-crop/customer/54027/4e477863fb4c56890356224ca1e428d3.jpg,"Disewakan Apartemen Casa Grande Residence 1 Br Fully Furnished  Luas 51 Sqm Bedroom 1 Bathroom 1 View Swimming Pool Full Furnished New Furni...",15347621.0,-5447621.0,-0.4384,35.5,-1.21,Good Deal (Undervalued),good,Apartement Casa Grande 1 BR Furnished Bagus,Casa Grande Residence,exact
LST-00017,Casa Grande Residence • 2BR Furnished (120 m²),https://www.rumah123.com/properti/jakarta-selatan-casablanca/termewah-siap-huni-3-kamar-tidur-apartemen-casa-grande-residence-connecting-mall-kota-kasablanka-dekat-mrt-sudirman-apr7796979/,Jakarta Selatan,DKI Jakarta,Casablanca,"Casablanca, Jakarta Selatan",Apartemen,26500000.0,220833.3333333333,yearly,2,2,2 Bedroom,120.0,2.997947626658001,1.732807787067536,Stasiun KRL Manggarai,Tier 1: Core Urban Center (<7km),0,0,0,0,0,0,0,0,1,0,0,0,-6.223576,106.842685,listing,0,https://picture.rumah123.com/r123-images/360x210-crop/customer/1886684/ed11b69ba5f9850149f5743edd6d6a59.jpg,"Apartemen di Casablanca.  Miliki apartemen 10 lantai yang asri ini,  disewakan menghadirkan lingkungan fasilitas yang lengkap, cocok untuk Anda yan...",24073738.0,2426262.0,0.096,-10.1,0.26,Fair Market Price,,Termewah!! Siap Huni 3 Kamar Tidur Apartemen Casa Grande Residence Connecting Mall Kota Kasablanka Dekat MRT Sudirman Dekat Rumah Sakit Siloam Mrcc dan Akses Tol Kuningan,Casa Grande Residence,exact
LST-00018,Unresolved • Pondok Indah Golf View • 2BR Furnished (157 m²),https://www.rumah123.com/properti/jakarta-selatan-pondok-indah/1706a-3-bedrooms-golf-view-apartment-for-lease-near-jis-pim-apr7769475/,Jakarta Selatan,DKI Jakarta,Pondok Indah,"Pondok Indah, Jakarta Selatan",Apartemen,28000000.0,178343.94904458598,monthly,2,3,2 Bedroom,157.0,8.510634116372524,1.727692609637114,Stasiun MRT Lebak Bulus,Tier 2: Inner Ring Metro (7-15km),0,0,0,0,0,0,0,0,0,0,0,0,-6.2754,106.782059,listing,0,https://picture.rumah123.com/r123-images/360x210-crop/customer/1242662/d2019bd6c32f3adba0599ffa40f554f8.jpg,FOR RENT #1706A  Golfhill Terraces Apartment Pondok Indah  Size: 157 Sqm Bedrooms: 3 Bathrooms: 2 Electricity: 21000 W Maid's bedroom: 1 Maid's bat...,32633927.0,-4633927.0,-0.1531,14.2,-0.42,Fair Market Price,,[1706A] 3 Bedrooms Golf View Apartment For Lease Near Jis & Pim,,unresolved
LST-00019,Unresolved • Pondok Indah Tower Maya • 1BR Full Furnished (88 m²),https://www.rumah123.com/properti/jakarta-selatan-pondok-indah/pir-1-br-tower-maya-lantai-rendah-akses-ke-pondok-indah-mall-apr7778739/,Jakarta Selatan,DKI Jakarta,Pondok Indah,"Pondok Indah, Jakarta Selatan",Apartemen,20000000.0,227272.7272727273,monthly,1,1,Studio / 1BR,88.0,8.510634116372524,1.727692609637114,Stasiun MRT Lebak Bulus,Tier 2: Inner Ring Metro (7-15km),1,0,0,0,0,0,0,0,0,0,0,0,-6.2754,106.782059,listing,0,https://picture.rumah123.com/r123-images/360x210-crop/customer/1242662/b0cb8e69b2574b6ebb79da8a25201b9f.jpg,PONDOK INDAH RESIDENCE - Tower/Floor: Tower Maya / 3 Floor - Size: 88 m2 - Bedroom: 1 BR - Bathroom: 1 - Condition: Fully Furnished  FACILITY Cold ...,25166115.0,-5166115.0,-0.2298,20.5,-0.63,Fair Market Price,,"Pir 1 BR Tower Maya, Lantai Rendah, Akses ke Pondok Indah Mall",,unresolved
LST-00020,Essence Darmawangsa • 4BR+ Full Furnished (269 m²),https://www.rumah123.com/properti/jakarta-selatan-kebayoran-baru/essence-darmawangsa-4-br-fully-furnished-ys355-apr7738412/,Jakarta Selatan,DKI Jakarta,Kebayoran Baru,"Kebayoran Baru, Jakarta Selatan",Apartemen,45000000.0,167286.24535315984,monthly,4,3,4+ Bedroom,269.0,5.641237377072292,1.659864957823313,Stasiun MRT Blok M,Tier 1: Core Urban Center (<7km),1,0,0,0,0,0,0,0,0,0,0,0,-6.25735,106.805191,listing,0,https://picture.rumah123.com/r123-images/360x210-crop/customer/1964421/listing/apr7738412/enhanced/8052693962d5b963016b63b8b4568ddb.jpg,Essence Darmawangsa 4 BR Fully Furnished Ys355,48470190.0,-3470190.0,-0.0743,7.2,-0.2,Fair Market Price,,Essence Darmawangsa 4 BR Fully Furnished Ys355,Essence Darmawangsa,fuzzy
LST-00021,Essence Darmawangsa • 2BR Full Furnished (64 m²),https://www.rumah123.com/properti/jakarta-selatan-kebayoran-baru/essence-darmawangsa-2-br-fully-furnished-ys384-apr7788622/,Jakarta Selatan,DKI Jakarta,Kebayoran Baru,"Kebayoran Baru, Jakarta Selatan",Apartemen,15000000.0,234375.0,monthly,2,1,2 Bedroom,64.0,5.641237377072292,1.659864957823313,Stasiun MRT Blok M,Tier 1: Core Urban Center (<7km),1,0,0,0,0,0,0,0,0,0,0,0,-6.25735,106.805191,listing,0,https://picture.rumah123.com/r123-images/360x210-crop/customer/1964421/f53430f045e016e9e9c3c51ce867b771.jpg,Essence Darmawangsa 2 BR Fully Furnished Ys384,12913812.0,2086188.0,0.1498,-16.2,0.41,Fair Market Price,,Essence Darmawangsa 2 BR Fully Furnished Ys384,Essence Darmawangsa,fuzzy
LST-00022,Essence Darmawangsa South Tower Private Lift • 4BR+ Furnished (269 m²),https://www.rumah123.com/properti/jakarta-selatan-kemang/essence-darmawangsa-4-br-south-tower-private-lift-h001-apr3186332/,Jakarta Selatan,DKI Jakarta,Kemang,"Kemang, Jakarta Selatan",Apartemen,45000000.0,167286.24535315984,monthly,4,3,4+ Bedroom,269.0,6.906501659541088,3.277694614310964,Stasiun MRT Blok M,Tier 1: Core Urban Center (<7km),0,0,0,0,0,0,0,0,0,0,0,0,-6.27036714553833,106.8117446899414,listing,0,https://picture.rumah123.com/r123-images/360x210-crop/customer/1964421/2024-02-01-08-40-08-764d407d-4064-4e5d-8caa-94e765406c4b.jpg,"For Rent 269sqm Apartment at Essence Darmawangsa, South Tower and Private Lift 4BR+1",36022663.0,8977337.0,0.2225,-24.9,0.61,Fair Market Price,,Essence Darmawangsa 4 Br South Tower Private Lift H001,Essence Darmawangsa,fuzzy
LST-00023,Essence Darmawangsa • 2BR Full Furnished (100 m²),https://www.rumah123.com/properti/jakarta-selatan-kebayoran-baru/essence-darmawangsa-2-br-fully-furnished-ys386-apr7788669/,Jakarta Selatan,DKI Jakarta,Kebayoran Baru,"Kebayoran Baru, Jakarta Selatan",Apartemen,19000000.0,190000.0,monthly,2,2,2 Bedroom,100.0,5.641237377072292,1.659864957823313,Stasiun MRT Blok M,Tier 1: Core Urban Center (<7km),1,0,0,0,0,0,0,0,0,0,0,0,-6.25735,106.805191,listing,0,https://picture.rumah123.com/r123-images/360x210-crop/customer/1964421/0f659c49d1c2e0d11e1bf51388ed6d11.jpg,Essence Darmawangsa 2 BR Fully Furnished Ys386,20204215.0,-1204215.0,-0.0615,6.0,-0.17,Fair Market Price,,Essence Darmawangsa 2 BR Fully Furnished Ys386,Essence Darmawangsa,fuzzy
LST-00024,The Mansion Kemang • Studio Full Furnished (60 m²),https://www.rumah123.com/properti/jakarta-selatan-kemang/the-mansion-kemang-apartment-studio-fully-furnished-ys346-apr7382795/,Jakarta Selatan,DKI Jakarta,Kemang,"Kemang, Jakarta Selatan",Apartemen,12500000.0,208333.3333333333,monthly,1,1,Studio / 1BR,60.0,5.2771554896027055,1.8028954383859013,Stasiun MRT Blok M,Tier 1: Core Urban Center (<7km),1,0,0,0,0,0,0,0,0,0,0,0,-6.255200386047363,106.80997467041016,listing,0,https://picture.rumah123.com/r123-images/360x210-crop/customer/1964421/ab1e2e2036bcfa32d9cc43ec131d3fa8.jpg,The Mansion Kemang Apartment  Studio Fully Furnished YS346,11170890.0,1329110.0,0.1124,-11.9,0.31,Fair Market Price,,The Mansion Kemang Apartment Studio Fully Furnished Ys346,The Mansion Kemang,exact
LST-00025,Gandaria Heights • 2BR Furnished (117 m²),https://www.rumah123.com/properti/jakarta-selatan-gandaria/disewakan-apartemen-gandaria-height-3-br-renovated-to-2-br-apr7820075/,Jakarta Selatan,DKI Jakarta,Gandaria,"Gandaria, Jakarta Selatan",Apartemen,19000000.0,162393.1623931624,monthly,2,2,2 Bedroom,117.0,5.534409542919327,1.4990148263235334,Stasiun MRT Blok M,Tier 1: Core Urban Center (<7km),0,0,0,0,0,0,0,0,0,0,0,0,-6.243747,106.78435,listing,0,https://picture.rumah123.com/r123-images/360x210-crop/customer/4477302/59101c8e00e22090c6a1ed6daffb158a.jpg,Gandaria Heights Jakarta Selatan @connected to Mall Gandaria City  Lantai 29 2 Bedroom 2 Bathroom Size 117 sqm 3 Bedroom renovated to 2 Bedroom Ful...,23838488.0,-4838488.0,-0.2269,20.3,-0.62,Fair Market Price,,Disewakan Apartemen Gandaria Height 3 BR Renovated To 2 BR,Gandaria Heights,fuzzy
LST-00026,Casa Grande Residence • 3BR Furnished (120 m²),https://www.rumah123.com/properti/jakarta-selatan-casablanca/apartemen-casa-grande-residence-3-bedroom-furnished-apr7778347/,Jakarta Selatan,DKI Jakarta,Casablanca,"Casablanca, Jakarta Selatan",Apartemen,29000000.0,241666.66666666663,yearly,3,2,3 Bedroom,120.0,2.9942307767491427,1.7869435256430746,Stasiun KRL Manggarai,Tier 1: Core Urban Center (<7km),0,0,0,0,0,0,0,0,0,0,0,0,-6.2239661542,106.8423822756,listing,0,https://picture.rumah123.com/r123-images/360x210-crop/customer/1235370/80eda6431f970ce5bbe8ccc242a4b108.jpg,For Rent Apartemen Casa Grande Residence   Specification: 3  bedroom  2 bathroom Size 120sqm Furnished  Minimum Rental 12 month with payment in adv...,24170256.0,4829744.0,0.1822,-20.0,0.5,Fair Market Price,,Apartemen Casa Grande Residence 3 Bedroom 120Sqm Furnished Modern Nice Conect Mall Kokas,Casa Grande Residence,exact
LST-00027,Setiabudi Skygarden • 2BR Furnished (93 m²),https://www.rumah123.com/properti/jakarta-selatan-setiabudi/for-rent-apartment-setiabudi-skygarden-setiabudi-south-jakarta-apr7689130/,Jakarta Selatan,DKI Jakarta,Setiabudi,"Setiabudi, Jakarta Selatan",Apartemen,17000000.0,182795.6989247312,monthly,2,2,2 Bedroom,93.0,1.622049356795302,2.234834797023227,Stasiun MRT Dukuh Atas,Tier 1: Core Urban Center (<7km),0,0,0,0,0,0,0,0,0,0,0,0,-6.21959019,106.8298746,listing,0,https://picture.rumah123.com/r123-images/360x210-crop/customer/1263009/listing/apr7689130/enhanced/77a114abc36b1a8688a0d4ef367bda2d.jpg,"For Rent Apartment Setiabudi SkyGarden @ Setiabudi, South Jakarta  Cozy 2-bedroom apartment in a prime Setiabudi location with easy access to Sudir...",20309897.0,-3309897.0,-0.1779,16.3,-0.49,Fair Market Price,,"For Rent Apartment Setiabudi Skygarden @Setiabudi, South Jakarta",Setiabudi Skygarden,exact
LST-00028,Denpasar Residence • 1BR Full Furnished (60 m²),https://www.rumah123.com/properti/jakarta-selatan-kuningan/disewakan-apartemen-denpasar-residence-1-bedroom-full-furnish-kuningan-jakarta-selatan-apr7840934/,Jakarta Selatan,DKI Jakarta,Kuningan,"Kuningan, Jakarta Selatan",Apartemen,13000000.0,216666.66666666663,monthly,1,1,Studio / 1BR,60.0,2.062449571443805,2.729096214964039,Stasiun KRL Manggarai,Tier 1: Core Urban Center (<7km),1,0,0,0,0,0,0,0,0,0,0,0,-6.224317728088607,106.830220336995,listing,0,https://picture.rumah123.com/r123-images/360x210-crop/customer/4428158/712ee07d9bcd918f0868e1cc0a019958.jpg,"Apartment Name: Denpasar Residence Location: Jl. Prof. DR. Satrio No.Kav. 18, RT.14/RW.4, Kuningan, Karet Kuningan, Kecamatan Setiabudi, Kota Jakar...",16694386.0,-3694386.0,-0.2501,22.1,-0.69,Fair Market Price,,Disewakan Apartemen Denpasar Residence 1 Bedroom Full Furnish Kuningan Jakarta Selatan,Denpasar Residence,exact
LST-00029,Casa Grande Residence • 3BR Furnished (135 m²),https://www.rumah123.com/properti/jakarta-selatan-tebet/sewa-apartment-casa-grande-3-br-apr7791842/,Jakarta Selatan,DKI Jakarta,Tebet,"Tebet, Jakarta Selatan",Apartemen,20000000.0,148148.14814814815,monthly,3,2,3 Bedroom,135.0,4.058682325622756,2.103501497097159,Stasiun KRL Manggarai,Tier 1: Core Urban Center (<7km),0,0,0,0,0,0,0,0,0,0,0,0,-6.22881052,106.8507073,listing,0,https://picture.rumah123.com/r123-images/360x210-crop/customer/4469179/34f54c11f0763399a70f607d49f0eeb8.jpg,For rent Apartment Casagrande 3 BR 2 bath 1 Service Area 135 Sqm  connecting to mall kokas    - Kondisi Perabotan: Furnished  Tersedia berbagai fas...,28798349.0,-8798349.0,-0.3646,30.6,-1.0,Good Deal (Undervalued),good,Sewa Apartment Casa Grande 3 Br,Casa Grande Residence,exact
LST-00030,Unresolved • TB Simatupang • 2BR Furnished (137 m²),https://www.rumah123.com/properti/jakarta-selatan-tb-simatupang/luxury-location-and-convenience-apr7818712/,Jakarta Selatan,DKI Jakarta,TB Simatupang,"TB Simatupang, Jakarta Selatan",Apartemen,32000000.0,233576.64233576643,yearly,2,2,2 Bedroom,137.0,9.293943323886158,4.087063271843576,Stasiun MRT Lebak Bulus,Tier 2: Inner Ring Metro (7-15km),0,0,0,0,0,0,0,0,0,0,0,0,-6.29194,106.81136,listing,0,https://picture.rumah123.com/r123-images/360x210-crop/customer/2074295/3d4ebdc027ae16a7db593d6b6099b765.jpg,"*Luxury, Location, and Convenience!*  Enjoy comfortable living at *BRANZ Simatupang*, with a strategic location and great facilities. 137 m2  The u...",24599537.0,7400463.0,0.263,-30.1,0.72,Fair Market Price,,"Luxury, Location, And Convenience!*",,unresolved
LST-00031,Casa Grande Residence Tower Bella • 2BR Full Furnished (76 m²),https://www.rumah123.com/properti/jakarta-selatan-casablanca/apartemen-casa-grande-tower-bella-2-beds-apr7845944/,Jakarta Selatan,DKI Jakarta,Casablanca,"Casablanca, Jakarta Selatan",Apartemen,17000000.0,223684.2105263158,monthly,2,2,2 Bedroom,76.0,2.997947626658001,1.732807787067536,Stasiun KRL Manggarai,Tier 1: Core Urban Center (<7km),1,0,0,0,0,0,0,0,0,0,0,0,-6.223576,106.842685,listing,0,https://picture.rumah123.com/r123-images/360x210-crop/customer/4472175/230ade3ef1d4fea022ce3595efc6e216.jpg,For Rent Apartment Casa Grande  Tower Bella  Full furnished  2 beds 2 bath 76sqm 17jt/bulan,18572845.0,-1572845.0,-0.0885,8.5,-0.24,Fair Market Price,,Apartemen Casa Grande Tower Bella 2 Beds,Casa Grande Residence,exact
LST-00032,Pondok Indah Residences Penthouse • 3BR Furnished (160 m²),https://www.rumah123.com/properti/jakarta-selatan-pondok-indah/regina-realty-disewakan-junior-penthouse-apartemen-pondok-indah-residences-jakarta-selatan-apr7823824/,Jakarta Selatan,DKI Jakarta,Pondok Indah,"Pondok Indah, Jakarta Selatan",Apartemen,45000000.0,281250.0,monthly,3,3,3 Bedroom,160.0,8.510634116372524,1.727692609637114,Stasiun MRT Lebak Bulus,Tier 2: Inner Ring Metro (7-15km),0,0,0,0,0,0,0,0,0,0,0,0,-6.2754,106.782059,listing,0,https://picture.rumah123.com/r123-images/360x210-crop/customer/1458120/08adebaa85adb81968cc02738568d6d9.jpg,"HUBUNGI KAMI Langsung di Regina Realty Jl. Metro Pondok Indah Raya, Blok SG-26 ====================== Sejak 2007 melayani menemukan Rumah, Aparteme...",29900042.0,15099958.0,0.4088,-50.5,1.12,Premium / High Price,,"Regina Realty, Disewakan Junior Penthouse Apartemen Pondok Indah Residences, Jakarta Selatan",Pondok Indah Residences,fuzzy
LST-00033,Residence 8 Senopati • 2BR Full Furnished (94 m²),https://www.rumah123.com/properti/jakarta-selatan-kebayoran-baru/disewakan-apartemen-residence-8-senopati-2-br-full-furnished-apr7752296/,Jakarta Selatan,DKI Jakarta,Kebayoran Baru,"Kebayoran Baru, Jakarta Selatan",Apartemen,32000000.0,340425.5319148936,monthly,2,1,2 Bedroom,94.0,2.73335443195318,1.9191095733609844,Stasiun MRT Blok M,Tier 1: Core Urban Center (<7km),1,0,0,0,0,0,0,0,0,0,0,0,-6.228950505373049,106.80583779284484,listing,0,https://picture.rumah123.com/r123-images/360x210-crop/customer/4365601/141dcf9459b642b65ff058bbf146aca4.jpg,"Kesempatan terbatas buat Anda dapatkan apartemen strategis dengan return investasi tinggi di Kebayoran Baru, Jakarta Selatan.  Apartemen ini menawa...",20636662.0,11363338.0,0.4387,-55.1,1.21,Premium / High Price,,Disewakan Apartemen Residence 8 Senopati 2 BR Full Furnished,Residence 8 Senopati,exact
LST-00034,Residence 8 Senopati • 1BR Full Furnished (76 m²),https://www.rumah123.com/properti/jakarta-selatan-kebayoran-baru/disewakan-apartemen-residence-8-senopati-1br-fully-furnished-apr7739276/,Jakarta Selatan,DKI Jakarta,Kebayoran Baru,"Kebayoran Baru, Jakarta Selatan",Apartemen,30000000.0,394736.8421052632,monthly,1,1,Studio / 1BR,76.0,2.73335443195318,1.9191095733609844,Stasiun MRT Blok M,Tier 1: Core Urban Center (<7km),1,0,0,0,0,0,0,0,0,0,0,0,-6.228950505373049,106.80583779284484,listing,0,https://picture.rumah123.com/r123-images/360x210-crop/customer/4365601/3ad883504afca019b52d44765acc7f1c.jpg,-⁠  Tipe kamar : 1 BR -⁠  ⁠luas : 76 cm2 -⁠  ⁠tower/lantai/no unit : T2/Lt 50/ 50B -⁠  ⁠Kondisi : Full furnish -⁠  View : City -⁠...,22184961.0,7815039.0,0.3018,-35.2,0.83,Premium / High Price,,Disewakan Apartemen Residence 8 Senopati 1Br Fully Furnished,Residence 8 Senopati,exact
LST-00035,Casa Grande Residence Phase 2 • 3BR Furnished (120 m²),https://www.rumah123.com/properti/jakarta-selatan-casablanca/di-sewakan-apartemen-3br-casa-grande-phase-2-apr7817992/,Jakarta Selatan,DKI Jakarta,Casablanca,"Casablanca, Jakarta Selatan",Apartemen,25000000.0,208333.3333333333,monthly,3,2,3 Bedroom,120.0,2.881254895432208,1.9860488113480368,Stasiun KRL Manggarai,Tier 1: Core Urban Center (<7km),0,0,0,0,0,0,1,1,0,0,0,0,-6.22489,106.840431,listing,0,https://picture.rumah123.com/r123-images/360x210-crop/customer/1372979/a555681c194ee1d29f1517a52f08ea65.jpg,"Swimming pool (exercise pool, jacuzzi and children's pool) Jogging track Children playground Modern and complete fitness center Waterpark at Ma...",25427568.0,-427568.0,-0.017,1.7,-0.05,Fair Market Price,,Di Sewakan Apartemen 3Br Casa Grande Phase 2,Casa Grande Residence,exact
LST-00036,FX Residence • 3BR Furnished (150 m²),https://www.rumah123.com/properti/jakarta-selatan-sudirman/apartemen-di-sudirman-3-br-tinggal-1-unit-dekat-dengan-gbk-apr7841892/,Jakarta Selatan,DKI Jakarta,Sudirman,"Sudirman, Jakarta Selatan",Apartemen,28000000.0,186666.66666666663,monthly,3,2,3 Bedroom,150.0,0.8065386109112709,0.1992811617948689,Stasiun MRT Dukuh Atas,Tier 1: Core Urban Center (<7km),0,0,0,0,0,0,0,0,0,0,0,0,-6.20242,106.823471,listing,0,https://picture.rumah123.com/r123-images/360x210-crop/customer/635268/0f89a0f3986e059c6d040009d021acbb.jpg,"Kesempatan terbatas buat Anda dapatkan apartemen nyaman dengan return investasi tinggi di Sudirman, Jakarta Selatan.  Apartemen ini menawarkan ke...",38973120.0,-10973120.0,-0.3307,28.2,-0.91,Good Deal (Undervalued),good,"Apartemen Fx Residence di Sudirman, 3 Br Tinggal 1 Unit Dekat dengan Gbk,",FX Residence,exact
LST-00037,Residence 8 Senopati • 1BR Furnished (102 m²),https://www.rumah123.com/properti/jakarta-selatan-scbd/apartemen-di-scbdresidence8-type-1br-unit-paling-luas-jarang-ada-apr7843504/,Jakarta Selatan,DKI Jakarta,SCBD,"SCBD, Jakarta Selatan",Apartemen,26000000.0,254901.9607843137,monthly,1,1,Studio / 1BR,102.0,2.3228720487576453,2.338066624133496,Stasiun MRT Blok M,Tier 1: Core Urban Center (<7km),0,0,0,0,0,0,0,0,0,0,0,0,-6.22748,106.810593,listing,0,https://picture.rumah123.com/r123-images/360x210-crop/customer/635268/dd2b2fe17ebaff2fa50efa2fee5b7f69.jpg,Min payment 1 year advance harga includ ipl,25059581.0,940419.0,0.0368,-3.8,0.1,Fair Market Price,,"Apartemen, di Scbd,Residence8 Type 1Br Unit Paling Luas Jarang Ada",Residence 8 Senopati,exact
LST-00038,Unresolved • SCBD • 1BR Furnished (70 m²),https://www.rumah123.com/properti/jakarta-selatan-scbd/disewa-di-scbd-apartemen-type-1br-harga-bersahabat-persedian-terbatas-apr7843490/,Jakarta Selatan,DKI Jakarta,SCBD,"SCBD, Jakarta Selatan",Apartemen,35000000.0,500000.0,monthly,1,1,Studio / 1BR,70.0,2.3228720487576453,2.338066624133496,Stasiun MRT Blok M,Tier 1: Core Urban Center (<7km),0,0,0,0,0,0,0,0,0,0,0,0,-6.22748,106.810593,listing,0,https://picture.rumah123.com/r123-images/360x210-crop/customer/635268/d238184b766a6c88cb8c04507684ee27.jpg,"Kesempatan terbatas buat Anda dapatkan apartemen nyaman dengan return investasi tinggi di SCBD, Jakarta Selatan.  Apartemen ini menawarkan lokasi y...",18382458.0,16617542.0,0.644,-90.4,1.77,Overpriced / Luxury Tag,,"Disewa, di Scbd, Apartemen Type 1Br Harga Bersahabat Persedian Terbatas",,unresolved
LST-00039,Tamansari Semanggi • 1BR Furnished (45 m²),https://www.rumah123.com/properti/jakarta-selatan-setiabudi/disewakan-apartemen-tamansari-semanggi-type-studio-dekat-dengan-perkantoran-murah-apr7842104/,Jakarta Selatan,DKI Jakarta,Setiabudi,"Setiabudi, Jakarta Selatan",Apartemen,7000000.0,155555.55555555556,monthly,1,1,Studio / 1BR,45.0,6.86940019738089,2.8877021482408427,Stasiun MRT Blok M,Tier 1: Core Urban Center (<7km),0,0,0,0,0,0,0,0,0,0,0,0,-6.26899,106.806,listing,0,https://picture.rumah123.com/r123-images/360x210-crop/customer/635268/7faa8fcee97c4ed5c4a4fccc4eebb371.jpg,"Kesempatan terbatas buat Anda dapatkan apartemen nyaman dengan return investasi tinggi di Setiabudi, Jakarta Selatan.  Apartemen ini menawarkan kel...",9349326.0,-2349326.0,-0.2894,25.1,-0.8,Good Deal (Undervalued),good,"Disewakan Apartemen Dekat dengan Perkantoran Gatot Subroto Sisa 1 Unit ,Harga di Jamin Murah!!!",Tamansari Semanggi,exact
LST-00040,Savyavasa • 3BR Furnished (254 m²),https://www.rumah123.com/properti/jakarta-selatan-kebayoran-baru/for-rent-savyavasa-apartment-low-floor-best-view-good-price-apr7774306/,Jakarta Selatan,DKI Jakarta,Kebayoran Baru,"Kebayoran Baru, Jakarta Selatan",Apartemen,92700000.0,364960.6299212598,monthly,3,3,3 Bedroom,254.0,4.494708988847484,0.3914264832749906,Stasiun MRT Blok M,Tier 1: Core Urban Center (<7km),0,0,0,0,0,0,0,0,0,0,0,0,-6.24475108,106.801412,listing,0,https://picture.rumah123.com/r123-images/360x210-crop/customer/1607914/44b9d4c094a2dcb342b2844bc2d13683.jpg,"Premium and Strategic Location, Surrounded by Elite Neighborhood such as Darmawangsa, Kemang, Pondok Indah, Simprug and Permata Hijau. Only 10 Minu...",41679279.0,51020721.0,0.7994,-122.4,2.2,Overpriced / Luxury Tag,,For Rent Savyavasa Apartment Low Floor Best View Good Price,Savyavasa,exact
LST-00041,Casa Grande Residence • 2BR Full Furnished (129 m²),https://www.rumah123.com/properti/jakarta-selatan-casablanca/apartment-casa-grande-rental-2-br-apr7847943/,Jakarta Selatan,DKI Jakarta,Casablanca,"Casablanca, Jakarta Selatan",Apartemen,27000000.0,209302.32558139536,monthly,2,2,2 Bedroom,129.0,2.997947626658001,1.732807787067536,Stasiun KRL Manggarai,Tier 1: Core Urban Center (<7km),1,0,0,0,0,0,0,0,0,0,0,0,-6.223576,106.842685,listing,0,https://picture.rumah123.com/r123-images/360x210-crop/customer/4469179/d219949f6003efb00fcf2d41811df02d.jpg,For Rent Apartment Casagrande 3 Beds 2 Bath 1 Service Are  129 Sqm Connecting Mall Kokas Full Furnish  28 Milion per month Negotiation  Agent minda...,32668964.0,-5668964.0,-0.1906,17.4,-0.52,Fair Market Price,,Apartment Casa Grande Rental 3 Br,Casa Grande Residence,exact
LST-00042,Residence 8 Senopati • 2BR Full Furnished (133 m²),https://www.rumah123.com/properti/jakarta-selatan-senayan/disewakan-residence-8-senopati-2br-full-furnished-lokasi-premium-dekat-scbd-siap-huni-apr7730877/,Jakarta Selatan,DKI Jakarta,Senayan,"Senayan, Jakarta Selatan",Apartemen,41400000.0,311278.19548872183,monthly,2,1,2 Bedroom,133.0,2.73335443195318,1.9191095733609844,Stasiun MRT Blok M,Tier 1: Core Urban Center (<7km),1,0,0,0,0,0,0,0,0,0,0,0,-6.228950505373049,106.80583779284484,listing,0,https://picture.rumah123.com/r123-images/360x210-crop/customer/4365601/8435ab594665644c02ee4b53601a8206.jpg,-Tower 2 / Lantai 17 -2 Bedroom -Luas bangunan : 133 m2 -Full Furnished -View : City -minimal sewa 1 tahun -Include IPL,36629796.0,4770204.0,0.1224,-13.0,0.34,Fair Market Price,,Disewakan Residence 8 Senopati 2Br Full Furnished - Lokasi Premium Dekat Scbd | Siap Huni,Residence 8 Senopati,exact
LST-00043,Permata Hijau Residence • 3BR Furnished (112 m²),https://www.rumah123.com/properti/jakarta-selatan-permata-hijau/disewakan-apartemen-permata-hijau-residence-unit-cantik-baru-renovation-siap-tgl-gerek-koper-permata-hijau-residences-apr3199509/,Jakarta Selatan,DKI Jakarta,Permata Hijau,"Permata Hijau, Jakarta Selatan",Apartemen,13000000.0,116071.42857142857,monthly,3,2,3 Bedroom,112.0,3.980889485141367,2.736621531447901,Stasiun MRT Blok M,Tier 1: Core Urban Center (<7km),0,0,0,0,0,0,0,0,0,0,0,0,-6.2223652312597,106.78667259025,listing,0,https://picture.rumah123.com/r123-images/360x210-crop/customer/1201762/2024-02-15-02-30-36-b2310e82-bdc7-41db-83f4-44aa0f6cf2db.jpg,"UNIT BARU AFTER RENOVATION For Rent Apartemen Permata Hijau Residence  unit cantik , modern , siap huni  Privatelift  Luas 112m2 3+1bedroom  2+1bat...",23527895.0,-10527895.0,-0.5932,44.7,-1.63,Deep Value Deal (Rare Find),deep,Disewakan Apartemen Cantik Modern After.renovatedpermata Hijau Residence Unit Cantik Baru Renovation Siap Tgl Gerek Koper Permata Hijau Residences,Permata Hijau Residence,exact
LST-00044,Pondok Indah Residences • 2BR Full Furnished (110 m²),https://www.rumah123.com/properti/jakarta-selatan-pondok-indah/disewakan-apartemen-pondok-indah-residence-2-bedroom-pondok-indah-jakarta-selatan-full-furnish-apr7838001/,Jakarta Selatan,DKI Jakarta,Pondok Indah,"Pondok Indah, Jakarta Selatan",Apartemen,36000000.0,327272.7272727273,monthly,2,2,2 Bedroom,110.0,7.547520133518503,2.8147634209231818,Stasiun MRT Lebak Bulus,Tier 2: Inner Ring Metro (7-15km),1,0,0,0,0,0,0,0,0,0,0,0,-6.264530554519055,106.78102242221668,listing,0,https://picture.rumah123.com/r123-images/360x210-crop/customer/4428158/c23315b42f18963e6762c442e07cf2ab.jpg,"Apartment Name: Pondok Indah Residence Location: Jl. Kartika Utama No.47, RT.6/RW.3, Pd. Pinang, Kec. Kby. Lama, Kota Jakarta Selatan, Daerah Khusu...",29215828.0,6784172.0,0.2088,-23.2,0.57,Fair Market Price,,Disewakan Apartemen Pondok Indah Residence 2 Bedroom Pondok Indah Jakarta Selatan Full Furnish,Pondok Indah Residences,fuzzy
LST-00045,Kemang Village Tower Cosmo • 3BR Full Furnished (142 m²),https://www.rumah123.com/properti/jakarta-selatan-kemang/cosmo-3-br-142-sqm-kemang-village-apr3347745/,Jakarta Selatan,DKI Jakarta,Kemang,"Kemang, Jakarta Selatan",Apartemen,26000000.0,183098.5915492958,monthly,3,2,3 Bedroom,142.0,6.475465111310606,3.820493853567533,Stasiun MRT Blok M,Tier 1: Core Urban Center (<7km),1,0,0,0,0,0,0,0,0,1,0,0,-6.266904,106.823931,listing,0,https://picture.rumah123.com/r123-images/360x210-crop/customer/54467/2024-07-21-10-20-13-5eeca0bf-bb25-4051-bc05-e7cd2f15f8df.jpg,For Rent Apartment Kemang Village Residence LK1V0ERIP8R01CS  Tower Cosmo 3 BR 142 sqm 3 bed 2 bath 1 maid room Balcony High Floor Fully Furnished  ...,28604451.0,-2604451.0,-0.0955,9.1,-0.26,Fair Market Price,,Cosmo 3 BR 142 Sqm Kemang Village,Kemang Village,exact
LST-00046,Permata Hijau Suites • 3BR Full Furnished (91 m²),https://www.rumah123.com/properti/jakarta-selatan-kebayoran-lama/sewa-murah-apartemen-permata-hijau-suites-kebayoran-lama-apr2733912/,Jakarta Selatan,DKI Jakarta,Kebayoran Lama,"Kebayoran Lama, Jakarta Selatan",Apartemen,17000000.0,186813.18681318685,yearly,3,1,3 Bedroom,91.0,5.924284263578731,1.4242511025960218,Stasiun MRT Blok M,Tier 1: Core Urban Center (<7km),1,0,0,0,0,0,0,0,0,0,0,0,-6.250476904881946,106.7866121795654,listing,0,https://picture.rumah123.com/r123-images/360x210-crop/customer/999618/2022-10-15-07-02-16-9e1a22ff-eb30-4fe6-b910-d9ddc948132d.jpg,Lb : 91 M2  Full Furnish   6.600 VA   3 BR   1 BA   Kitchen table with single bowl   Harga sewa 204 Jt / Thn,20779094.0,-3779094.0,-0.2007,18.2,-0.55,Fair Market Price,,"Sewa Murah Apartemen Permata Hijau Suites, Kebayoran Lama",Permata Hijau Suites,fuzzy
LST-00047,Southgate Residence • 1BR Furnished (49 m²),https://www.rumah123.com/properti/jakarta-selatan-tb-simatupang/apartemen-southgate-49m2-1br-mall-aeon-apr3153650/,Jakarta Selatan,DKI Jakarta,TB Simatupang,"TB Simatupang, Jakarta Selatan",Apartemen,8250000.0,168367.3469387755,yearly,1,1,Studio / 1BR,49.0,11.110875329884273,7.557462580441012,Stasiun MRT Lebak Bulus,Tier 2: Inner Ring Metro (7-15km),0,0,0,0,0,0,0,0,0,0,0,0,-6.3066137451412,106.84054243408,listing,0,https://picture.rumah123.com/r123-images/360x210-crop/customer/29253/2024-01-06-07-35-13-364cd0b7-e044-428e-bc5c-1ca6555a6564.jpg,"DISEWAKAN Apartemen SouthGate 49m2 (1BR)  æ¬²äºè§£æ´å¤ä¿¡æ¯ï¼è¯·èç³»æ (YÃ¹ liÇojiÄ gÃ¨ng d...",8961892.0,-711892.0,-0.0828,7.9,-0.23,Fair Market Price,,Apartemen SouthGate 49m2 (1BR- Mall AEON),Southgate Residence,exact
LST-00048,The Newton 2 • Studio Furnished (24 m²),https://www.rumah123.com/properti/jakarta-selatan-kuningan/the-newton-2-apartment-best-studio-in-kuningan-setiabudi-jakarta-apr7573619/,Jakarta Selatan,DKI Jakarta,Kuningan,"Kuningan, Jakarta Selatan",Apartemen,9000000.0,375000.0,monthly,1,1,Studio / 1BR,24.0,3.177135736484503,2.965221001463858,Stasiun MRT Blok M,Tier 1: Core Urban Center (<7km),0,0,0,0,0,0,0,0,0,0,0,0,-6.23713,106.823738,listing,0,https://picture.rumah123.com/r123-images/360x210-crop/customer/1886393/33a0a185a4fc5b06a7d5f4ba71b4bbe9.jpg,"Apartemen 1 lantai di Kuningan, Jakarta Selatan.  Disewakan di wilayah yang tenang. Dengan rinciannya adalah sebagai berikut:   - Kamar Tidur: 1   ...",7603262.0,1396738.0,0.1686,-18.4,0.46,Fair Market Price,,The Newton 2 Apartment Best Studio In Kuningan Setiabudi Jakarta,The Newton 2,exact
LST-00049,Branz Mega Kuningan • 2BR Full Furnished (60 m²),https://www.rumah123.com/properti/jakarta-selatan-kuningan/hot-listing-branz-mega-kuningan-fully-furnished-mewah-harga-nego-apr7835111/,Jakarta Selatan,DKI Jakarta,Kuningan,"Kuningan, Jakarta Selatan",Apartemen,27000000.0,450000.0,monthly,2,1,2 Bedroom,60.0,3.1771644961907333,2.965433933193664,Stasiun MRT Blok M,Tier 1: Core Urban Center (<7km),1,0,0,0,0,0,0,0,0,0,0,0,-6.23713,106.82374,listing,0,https://picture.rumah123.com/r123-images/360x210-crop/customer/1886393/49f2b3e20732fd79d7991b3c475a4a92.jpg,DISEWAKAN: Apartemen Mewah BRANZ Mega Kuningan - 2 BR Fully Furnished (Siap Huni)  Nikmati kenyamanan tinggal di kawasan prime CBD Jakarta Selatan ...,12591552.0,14408448.0,0.7628,-114.4,2.1,Overpriced / Luxury Tag,,"Hot Listing! Branz Mega Kuningan Fully Furnished Mewah, Harga Nego!",Branz Mega Kuningan,exact
LST-00050,District 8 SCBD • 3BR Furnished (179 m²),https://www.rumah123.com/properti/jakarta-selatan-senopati/for-rent-apartment-district-8-apr7820229/,Jakarta Selatan,DKI Jakarta,Senopati,"Senopati, Jakarta Selatan",Apartemen,65000000.0,363128.4916201117,yearly,3,3,3 Bedroom,179.0,5.950611799787337,2.3718059633786326,Stasiun MRT Blok M,Tier 1: Core Urban Center (<7km),0,0,0,0,0,0,0,0,0,0,0,0,-6.261493,106.8106,listing,0,https://picture.rumah123.com/r123-images/360x210-crop/customer/1798969/b2b33c1a7259e324f4c94e4a50c70a40.jpg,"For rent  Apartment district8  @SCBD  , Jkt Selatan 3 bedroom  Luas 179sqm Harga sewa $3600 excld pph",43070314.0,21929686.0,0.4116,-50.9,1.13,Premium / High Price,,For Rent Apartment District 8,District 8 SCBD,exact
LST-00051,Essence Darmawangsa • 2BR Furnished (134 m²),https://www.rumah123.com/properti/jakarta-selatan-kebayoran-baru/hunian-luas-di-essence-darmawangsa-sudah-emi-furnished-apr7821613/,Jakarta Selatan,DKI Jakarta,Kebayoran Baru,"Kebayoran Baru, Jakarta Selatan",Apartemen,33000000.0,246268.6567164179,monthly,2,2,2 Bedroom,134.0,4.494708988847484,0.3914264832749906,Stasiun MRT Blok M,Tier 1: Core Urban Center (<7km),0,0,0,0,0,0,0,0,0,0,0,0,-6.24475108,106.801412,listing,0,https://picture.rumah123.com/r123-images/360x210-crop/customer/4512056/0b127b9b5f7d545b92ed5dfe89025c4c.jpg,Cari apartemen dengan ukuran yang lega dan nyaman untuk keluarga? Unit di Essence Darmawangsa ini memiliki luas 134 m² dengan 2 kamar tidur dan be...,31900954.0,1099046.0,0.0339,-3.4,0.09,Fair Market Price,,"Hunian Luas di Essence Darmawangsa, Sudah Emi Furnished",Essence Darmawangsa,fuzzy
LST-00052,South Hills • 2BR Full Furnished (74 m²),https://www.rumah123.com/properti/jakarta-selatan-setiabudi/apartemen-south-hills-2br-fully-furnished-kuningan-jakarta-selatan-apr7813730/,Jakarta Selatan,DKI Jakarta,Setiabudi,"Setiabudi, Jakarta Selatan",Apartemen,28000000.0,378378.3783783784,monthly,2,2,2 Bedroom,74.0,1.622049356795302,2.234834797023227,Stasiun MRT Dukuh Atas,Tier 1: Core Urban Center (<7km),1,0,0,0,0,0,0,0,0,0,0,0,-6.21959019,106.8298746,listing,0,https://picture.rumah123.com/r123-images/360x210-crop/customer/4501667/cecf8818417122584392bddd8d9494f6.jpg,South Hills Kuningan Exclusive 2BR Private Lift - SHLC029  Available 2BR Fully Furnished at South Hills Kuningan Jakarta Selatan  Unit Details:  2 ...,17838681.0,10161319.0,0.4508,-57.0,1.24,Premium / High Price,,Disewakan Murah Apartemen South Hills 2Br Furnished Kuningan,South Hills,fuzzy
LST-00053,District 8 SCBD • 1BR Full Furnished (70 m²),https://www.rumah123.com/properti/jakarta-selatan-senopati/disewakan-murah-district-8-apartment-2-bedrooms-furnished-senopati-apr7814658/,Jakarta Selatan,DKI Jakarta,Senopati,"Senopati, Jakarta Selatan",Apartemen,30000000.0,428571.4285714286,monthly,1,1,Studio / 1BR,70.0,5.950611799787337,2.3718059633786326,Stasiun MRT Blok M,Tier 1: Core Urban Center (<7km),1,0,0,0,0,0,0,0,0,0,0,0,-6.261493,106.8106,listing,0,https://picture.rumah123.com/r123-images/360x210-crop/customer/4501667/4e1edb977ab893f3981bb02fee19e866.jpg,"District 8 1BR Fully Furnished For Rent - DS8B026  Tersedia Apartemen 1BR Fully Furnished di District 8, SCBD Senopati  Detail Unit:  1 Bedroom | 1...",17660312.0,12339688.0,0.5299,-69.9,1.46,Premium / High Price,,Disewakan Murah District 8 Apartment 1Br Furnished Senopati,District 8 SCBD,exact
LST-00054,Casa Grande Residence • 3BR Full Furnished (100 m²),https://www.rumah123.com/properti/jakarta-selatan-casablanca/casa-grande-residence-3-br-fully-furnished-unit-bagus-apr7819681/,Jakarta Selatan,DKI Jakarta,Casablanca,"Casablanca, Jakarta Selatan",Apartemen,17000000.0,170000.0,monthly,3,2,3 Bedroom,100.0,2.8630415304454995,1.7894010195186778,Stasiun KRL Manggarai,Tier 1: Core Urban Center (<7km),1,0,0,0,0,0,1,0,0,0,0,0,-6.2233752,106.841351,listing,0,https://picture.rumah123.com/r123-images/360x210-crop/customer/54027/f82410224cae0205a511e25a4c2a9715.jpg,Disewakan Apartemen Casa Grande Residence 3 BR Fully Furnished Unit Bagus  Luas 100 sqm Bedroom 3 Bathroom 2 View swimming pool Full Furnished New ...,19867559.0,-2867559.0,-0.1559,14.4,-0.43,Fair Market Price,,Casa Grande Residence 3 BR Fully Furnished Unit Bagus,Casa Grande Residence,exact
LST-00055,District 8 SCBD • 2BR Full Furnished (105 m²),https://www.rumah123.com/properti/jakarta-selatan-senopati/disewakan-apartment-district-8-full-furnished-apr7749617/,Jakarta Selatan,DKI Jakarta,Senopati,"Senopati, Jakarta Selatan",Apartemen,48000000.0,457142.8571428572,monthly,2,2,2 Bedroom,105.0,6.86940019738089,2.8877021482408427,Stasiun MRT Blok M,Tier 1: Core Urban Center (<7km),1,0,0,0,0,0,0,0,0,0,0,0,-6.26899,106.806,listing,0,https://picture.rumah123.com/r123-images/360x210-crop/customer/1276484/listing/apr7749617/enhanced/8a450cf9a033fcb7bcf1b2503cac5e2c.jpg,Disewakan  Apartemen District 8 infinity Luas 105 2BR  lantai 50 Harga 2700 usd  HUBUNGI  Rosa : 0811152xxxx,27925986.0,20074014.0,0.5416,-71.9,1.49,Premium / High Price,,Disewakan Apartment District 8 Full Furnished,District 8 SCBD,exact
LST-00056,District 8 SCBD • 1BR Full Furnished (80 m²),https://www.rumah123.com/properti/jakarta-selatan-senopati/disewakan-apartemen-district-8-full-furnished-apr7779254/,Jakarta Selatan,DKI Jakarta,Senopati,"Senopati, Jakarta Selatan",Apartemen,36000000.0,450000.0,monthly,1,1,Studio / 1BR,80.0,6.86940019738089,2.8877021482408427,Stasiun MRT Blok M,Tier 1: Core Urban Center (<7km),1,0,0,0,0,0,0,0,0,0,0,0,-6.26899,106.806,listing,0,https://picture.rumah123.com/r123-images/360x210-crop/customer/1276484/9a162c2d839e5193a9d6d8d8d1ae629e.jpg,For rent  Apartement District 8 Furnished 1Bedroom size : 80sqm  Tower- Eternity  Price : $2000   hubungi Rosa : 0811152xxxx,24622213.0,11377787.0,0.3799,-46.2,1.04,Premium / High Price,,Disewakan Apartemen District 8 Full Furnished,District 8 SCBD,exact
LST-00057,Capital Residence • 3BR Full Furnished (170 m²),https://www.rumah123.com/properti/jakarta-selatan-sudirman/disewakan-apartment-capital-residence-full-furnished-apr7817094/,Jakarta Selatan,DKI Jakarta,Sudirman,"Sudirman, Jakarta Selatan",Apartemen,47000000.0,276470.5882352941,monthly,3,3,3 Bedroom,170.0,6.86940019738089,2.8877021482408427,Stasiun MRT Blok M,Tier 1: Core Urban Center (<7km),1,0,0,0,0,0,0,0,0,0,0,0,-6.26899,106.806,listing,0,https://picture.rumah123.com/r123-images/360x210-crop/customer/1276484/877ea30c1e7b407f1c7a8b8de6e0548b.jpg,Disewakan Apartment  The Capital Ressidence Tower 1 3 Bedroom 3Batroom 1 maidroom Luas 170sqm Lantai 10 Harga : 50juta/Bulan Includes IPL  HUBUNGI ...,29396949.0,17603051.0,0.4693,-59.9,1.29,Premium / High Price,,Disewakan Apartment Capital Residence Full Furnished,Capital Residence,exact
LST-00058,Capital Residence • 3BR Full Furnished (170 m²),https://www.rumah123.com/properti/jakarta-selatan-sudirman/disewa-apartemen-capital-residence-full-furnished-apr7804449/,Jakarta Selatan,DKI Jakarta,Sudirman,"Sudirman, Jakarta Selatan",Apartemen,53000000.0,311764.7058823529,monthly,3,2,3 Bedroom,170.0,6.86940019738089,2.8877021482408427,Stasiun MRT Blok M,Tier 1: Core Urban Center (<7km),1,0,0,0,0,0,0,0,0,0,0,0,-6.26899,106.806,listing,0,https://picture.rumah123.com/r123-images/360x210-crop/customer/1276484/533432d3c0fe0beb8f894b41f3e0c3d6.jpg,Disewakan  Apartement Capital Residence  3BR  Luas : 170 sqm Private lift  Tower 1 Harga : 300Usd / month   HUBUNGI  Rosa : 0811152xxxx,26294519.0,26705481.0,0.7009,-101.6,1.93,Overpriced / Luxury Tag,,Disewa Apartemen Capital Residence Full Furnished,Capital Residence,exact
LST-00059,Kemang Village Private Lift • Studio Full Furnished (24 m²),https://www.rumah123.com/properti/jakarta-selatan-kemang/kemang-village-3br-fully-furnished-private-lift-for-rent-apr7833941/,Jakarta Selatan,DKI Jakarta,Kemang,"Kemang, Jakarta Selatan",Apartemen,32000000.0,1333333.3333333333,monthly,0,0,Studio / 1BR,24.0,5.917442667646868,2.5111095139636186,Stasiun MRT Blok M,Tier 1: Core Urban Center (<7km),1,0,0,0,0,0,0,0,0,0,0,0,-6.261507671577874,106.81261235774218,listing,0,https://picture.rumah123.com/r123-images/360x210-crop/customer/1330302/e8f519d9329d4bc9e5b0918ff9e293b4.jpg,"Apartment Kemang Village Residence  Address: Jl. Pangeran Antasari No.36, RT.14/RW.5, Bangka, Kec. Mampang Prpt., Kota Jakarta Selatan, Daerah Khus...",5202192.0,26797808.0,1.8167,-515.1,5.0,Overpriced / Luxury Tag,,Kemang Village 3Br Fully Furnished Private Lift For Rent,Kemang Village,exact
LST-00060,Kemang Village Tower Empire • 3BR Furnished (132 m²),https://www.rumah123.com/properti/jakarta-selatan-kemang/kemang-village-empire-3-bedroom-for-rent-apr7751115/,Jakarta Selatan,DKI Jakarta,Kemang,"Kemang, Jakarta Selatan",Apartemen,23000000.0,174242.42424242423,monthly,3,2,3 Bedroom,132.0,5.917442667646868,2.5111095139636186,Stasiun MRT Blok M,Tier 1: Core Urban Center (<7km),0,0,0,0,0,0,0,0,0,0,0,0,-6.261507671577874,106.81261235774218,listing,0,https://picture.rumah123.com/r123-images/360x210-crop/customer/4488244/a57067f7dc1b9ab28179005bd70bf6e3.jpg,"KEMANG VILLAGE APARTMENT Address : Jl. Pangeran Antasari No.36, Kemang, Jakarta Selatan  Tower Empire  Floor7 Size 132sqm 3 Bedroom 2 Bathroom Furn...",25047957.0,-2047957.0,-0.0853,8.2,-0.23,Fair Market Price,,Kemang Village Empire 3 Bedroom For Rent,Kemang Village,exact
LST-00061,Casa Grande Residence Angelo Tower • 2BR Furnished (76 m²),https://www.rumah123.com/properti/jakarta-selatan-casablanca/apartment-casa-grande-2br-angelo-tower-for-rent-apr7849849/,Jakarta Selatan,DKI Jakarta,Casablanca,"Casablanca, Jakarta Selatan",Apartemen,19000000.0,250000.0,monthly,2,2,2 Bedroom,76.0,2.858853231474884,1.78401344304807,Stasiun KRL Manggarai,Tier 1: Core Urban Center (<7km),0,0,0,0,0,0,0,0,0,0,0,0,-6.223314592472363,106.8413468473192,listing,0,https://picture.rumah123.com/r123-images/360x210-crop/customer/1888409/c32272979a55622de783b1092f684866.jpg,"Apartment Casa Grande 2 BR For Rent  Jl. Raya Casablanca, RT.16/RW.5, Menteng Dalam, Kec. Tebet, Kota Jakarta Selatan, Daerah Khusus Ibukota Jakart...",18125505.0,874495.0,0.0471,-4.8,0.13,Fair Market Price,,Apartment Casa Grande 2Br Angelo Tower For Rent,Casa Grande Residence,exact
LST-00062,Pondok Indah Residences • 1BR Full Furnished (65 m²),https://www.rumah123.com/properti/jakarta-selatan-pondok-indah/di-sewakan-apartment-pondok-indah-residence-furnished-apr7645114/,Jakarta Selatan,DKI Jakarta,Pondok Indah,"Pondok Indah, Jakarta Selatan",Apartemen,22000000.0,338461.53846153844,monthly,1,1,Studio / 1BR,65.0,6.86940019738089,2.8877021482408427,Stasiun MRT Blok M,Tier 1: Core Urban Center (<7km),1,0,0,0,0,0,0,0,0,0,0,0,-6.26899,106.806,listing,0,https://picture.rumah123.com/r123-images/360x210-crop/customer/1276484/4556fa05d699399046bd6f0490c7eea9.jpg,Di Sewakan Apartment  Pondok indah residence Tower maya  1 bedroom luas:  (65m2) View : pim 3 Full furnish Direct Conecting apartment to Pim3 Facil...,15483583.0,6516417.0,0.3513,-42.1,0.97,Premium / High Price,,Di Sewakan Apartment Pondok Indah Residence Furnished,Pondok Indah Residences,fuzzy
LST-00063,La Vie Suites • 2BR Full Furnished (122 m²),https://www.rumah123.com/properti/jakarta-selatan-setiabudi/for-rent-apartement-la-vie-suite-full-furnished-apr7842840/,Jakarta Selatan,DKI Jakarta,Setiabudi,"Setiabudi, Jakarta Selatan",Apartemen,45000000.0,368852.4590163935,monthly,2,2,2 Bedroom,122.0,6.86940019738089,2.8877021482408427,Stasiun MRT Blok M,Tier 1: Core Urban Center (<7km),1,0,0,0,0,0,0,0,0,0,0,0,-6.26899,106.806,listing,0,https://picture.rumah123.com/r123-images/360x210-crop/customer/1276484/8d7cc7923d8c0672e2285354bc2cefcc.jpg,For Rent  Apartement Lavie Suite  Tower :Forte  Lantai : 5  2Bedroom  2Bathroom  1 Maid room  Luas : 122 sqm  Harga : 2500 USD inclued IPL   Hubung...,35711915.0,9288085.0,0.2312,-26.0,0.64,Fair Market Price,,For Rent Apartement La Vie Suite Full Furnished,La Vie Suites,exact
LST-00064,Pondok Indah Residences • 2BR Furnished (136 m²),https://www.rumah123.com/properti/jakarta-selatan-pondok-indah/disewakan-apartement-senayan-residence-furnished-apr7644434/,Jakarta Selatan,DKI Jakarta,Pondok Indah,"Pondok Indah, Jakarta Selatan",Apartemen,40000000.0,294117.64705882355,monthly,2,2,2 Bedroom,136.0,6.86940019738089,2.8877021482408427,Stasiun MRT Blok M,Tier 1: Core Urban Center (<7km),0,0,0,0,0,0,0,0,0,0,0,0,-6.26899,106.806,listing,0,https://picture.rumah123.com/r123-images/360x210-crop/customer/1276484/21c2ae6675d0d5f1124918c38952837e.jpg,Di sewakan  Apartement Pondok Indah  Tower Maya 2 Bedroom View office tower 2br+1 maidroom Harga 2300Usd/bulan  HUBUNGI  Rossa : 0811152xxxx,30438683.0,9561317.0,0.2732,-31.4,0.75,Premium / High Price,,Disewakan Apartement Pondok Indah Residence Furnished,Pondok Indah Residences,fuzzy
LST-00065,Ambassade Residence • 2BR Furnished (60 m²),https://www.rumah123.com/properti/jakarta-selatan-kuningan/apartemen-ambasade-2-br-strata-bagus-siapnhuni-apr7803738/,Jakarta Selatan,DKI Jakarta,Kuningan,"Kuningan, Jakarta Selatan",Apartemen,10000000.0,166666.66666666666,monthly,2,1,2 Bedroom,60.0,3.1771644961907333,2.965433933193664,Stasiun MRT Blok M,Tier 1: Core Urban Center (<7km),0,0,0,0,0,0,0,0,0,0,0,0,-6.23713,106.82374,listing,0,https://picture.rumah123.com/r123-images/360x210-crop/customer/4425650/7f51383a38629f92905bcaf2abb0b62a.jpg,"Apartemen 16 lantai di Kuningan, Jakarta Selatan.  Disewakan di wilayah yang nyaman. Dengan rinciannya adalah sebagai berikut:   - Kamar Tidur: 2  ...",14058022.0,-4058022.0,-0.3406,28.9,-0.94,Good Deal (Undervalued),good,"Apartemen Ambasade 2 br, Strata, Bagus, Siapnhuni",Ambassade Residence,exact
LST-00066,Denpasar Residence • 2BR Full Furnished (72 m²),https://www.rumah123.com/properti/jakarta-selatan-kuningan/disewakan-apartemen-denpasar-residence-2-bedroom-full-furnish-kuningan-jakarta-selatan-apr7844748/,Jakarta Selatan,DKI Jakarta,Kuningan,"Kuningan, Jakarta Selatan",Apartemen,14000000.0,194444.44444444444,monthly,2,1,2 Bedroom,72.0,2.062449571443805,2.729096214964039,Stasiun KRL Manggarai,Tier 1: Core Urban Center (<7km),1,0,0,0,0,0,0,0,0,0,0,0,-6.224317728088607,106.830220336995,listing,0,https://picture.rumah123.com/r123-images/360x210-crop/customer/982976/a410bdb344d94f861e03196f9ffc00e3.jpg,"Apartment Name: Denpasar Residence Location: Jl. Prof. DR. Satrio No.Kav. 18, RT.14/RW.4, Kuningan, Karet Kuningan, Kecamatan Setiabudi, Kota Jakar...",20441567.0,-6441567.0,-0.3785,31.5,-1.04,Good Deal (Undervalued),good,Disewakan Apartemen Denpasar Residence 2 Bedroom Full Furnish Kuningan Jakarta Selatan,Denpasar Residence,exact
LST-00067,Kemang Village Tower Ritz • 4BR+ Furnished (204 m²),https://www.rumah123.com/properti/jakarta-selatan-kemang/kemang-village-apartment-4-bedroom-ritz-for-rent-apr7752351/,Jakarta Selatan,DKI Jakarta,Kemang,"Kemang, Jakarta Selatan",Apartemen,50000000.0,245098.0392156863,monthly,4,3,4+ Bedroom,204.0,5.917442667646868,2.5111095139636186,Stasiun MRT Blok M,Tier 1: Core Urban Center (<7km),0,0,0,0,0,0,0,0,0,0,0,0,-6.261507671577874,106.81261235774218,listing,0,https://picture.rumah123.com/r123-images/360x210-crop/customer/4488244/7a0625f3a365d3695de6a2c3c47df9ff.jpg,"Kemang Village Apartment Address : Jl. Pangeran Antasari No.36, Kemang, Jakarta Selatan  Tower Ritz  Floor 19 Size 204sqm 4 Bedroom 2 Bathroom Furn...",49448354.0,551646.0,0.0111,-1.1,0.03,Fair Market Price,,Kemang Village Apartment 4 Bedroom Ritz For Rent,Kemang Village,exact
LST-00068,Casa Grande Residence • 3BR Full Furnished (120 m²),https://www.rumah123.com/properti/jakarta-selatan-tebet/disewakan-apartemen-casagrande-residence-3-bedroom-full-furnish-apr7834362/,Jakarta Selatan,DKI Jakarta,Tebet,"Tebet, Jakarta Selatan",Apartemen,25000000.0,208333.3333333333,monthly,3,2,3 Bedroom,120.0,2.8630415304454995,1.7894010195186778,Stasiun KRL Manggarai,Tier 1: Core Urban Center (<7km),1,0,0,0,0,0,0,0,0,0,0,0,-6.2233752,106.841351,listing,0,https://picture.rumah123.com/r123-images/360x210-crop/customer/982976/13b07cb6b2a14260b6598d30c7b9d53c.jpg,"Apartment Name: Cassa Grande Location: Jl. Casablanca Raya Kav. 88 Mall Kota Kasablanka, Jakarta 12870 Tower/Floor/View: Size: 120 m2 Bedroom: 3 Ba...",27561509.0,-2561509.0,-0.0975,9.3,-0.27,Fair Market Price,,"Disewakan Apartemen Casagrande Residence 3 Bedroom, Full Furnish",Casa Grande Residence,exact
LST-00069,South Hills • 2BR Full Furnished (87 m²),https://www.rumah123.com/properti/jakarta-selatan-setiabudi/apartemen-south-hills-2-br-siap-huni-strata-full-furnished-apr7803742/,Jakarta Selatan,DKI Jakarta,Setiabudi,"Setiabudi, Jakarta Selatan",Apartemen,24000000.0,275862.0689655172,monthly,2,1,2 Bedroom,87.0,0.7817527457773256,0.8985578419856199,Stasiun MRT Dukuh Atas,Tier 1: Core Urban Center (<7km),1,0,0,0,0,0,0,0,0,0,0,0,-6.20767,106.82698,listing,0,https://picture.rumah123.com/r123-images/360x210-crop/customer/4425650/952aebfc090fe37c60bbed853ce8a135.jpg,"Apartemen 18 lantai di Setiabudi, Jakarta Selatan.  Disewakan di wilayah yang tenang. Dengan kategorinya adalah sebagai berikut:   - Kamar Tidur: 2...",21828787.0,2171213.0,0.0948,-9.9,0.26,Fair Market Price,,"Apartemen South Hills 2 Br, Siap Huni, Strata, Full Furnished",South Hills,fuzzy
LST-00070,Apple 1 Condovilla • 1BR Full Furnished (29 m²),https://www.rumah123.com/properti/jakarta-selatan-jati-padang/disewakan-apartemen-mezzanine-apple-1-condovilla-tb-simatupang-apr7772877/,Jakarta Selatan,DKI Jakarta,Jati Padang,"Jati Padang, Jakarta Selatan",Apartemen,4500000.0,155172.41379310345,monthly,1,0,Studio / 1BR,29.0,6.86940019738089,2.8877021482408427,Stasiun MRT Blok M,Tier 1: Core Urban Center (<7km),1,0,0,0,0,0,0,0,0,0,0,0,-6.26899,106.806,listing,0,https://picture.rumah123.com/r123-images/360x210-crop/customer/1960478/c8d851b52d1157dd91be0f8cc03fd616.jpg,"Disewakan apartemen Apple 1 Condovilla 1 Bedroom Mezzanine daerah Pasar Minggu & TB Simatupang FULL FURNISHED, Hanya 300 meter ke Tol TB Simatupang...",12547256.0,-8047256.0,-1.0254,64.1,-2.82,Deep Value Deal (Rare Find),deep,Disewakan Apartemen Mezzanine Apple 1 Condovilla Tb Simatupang,Apple 1 Condovilla,exact
LST-00071,Kemang Village Tower Cosmo • 2BR Furnished (110 m²),https://www.rumah123.com/properti/jakarta-selatan-kemang/cosmo-2-br-110-sqm-balcony-kemang-village-apr7849015/,Jakarta Selatan,DKI Jakarta,Kemang,"Kemang, Jakarta Selatan",Apartemen,20000000.0,181818.18181818185,monthly,2,2,2 Bedroom,110.0,6.475450280525984,3.820327367938264,Stasiun MRT Blok M,Tier 1: Core Urban Center (<7km),0,0,0,0,0,0,0,0,0,1,0,0,-6.266904,106.823929,listing,0,https://picture.rumah123.com/r123-images/360x210-crop/customer/54467/50747a6d6201808fd98d7936378a07f9.jpg,My phone number 0877 m² 3888 m² 7303 m² (WA only)  For Rent Apartment Kemang Village Residence R3V0ERIP7R0CS2M  Tower Cosmo Type 2 BR 2 bedrooms...,21882007.0,-1882007.0,-0.0899,8.6,-0.25,Fair Market Price,,Cosmo 2 BR 110 Sqm + Balcony Kemang Village,Kemang Village,exact
LST-00072,The Newton 1 • 1BR Furnished (24 m²),https://www.rumah123.com/properti/jakarta-selatan-kuningan/apartemen-the-newton-1-1-kamar-tidur-furnished-baru-apr3110979/,Jakarta Selatan,DKI Jakarta,Kuningan,"Kuningan, Jakarta Selatan",Apartemen,7000000.0,291666.6666666667,monthly,1,1,Studio / 1BR,24.0,3.1771644961907333,2.965433933193664,Stasiun MRT Blok M,Tier 1: Core Urban Center (<7km),0,0,0,0,0,0,0,0,0,0,0,0,-6.23713,106.82374,listing,0,https://picture.rumah123.com/r123-images/360x210-crop/customer/1820222/2023-11-25-15-11-07-25130890-6b02-4b4a-8a41-66c406864ca4.jpg,"New Furnished   Strategic location in the heart of the Jakarta CBD Golden triangle. Shopping centers within the vicinity: Plaza Semanggi, Mall Amba...",9024872.0,-2024872.0,-0.2541,22.4,-0.7,Fair Market Price,, Apartemen The Newton 1 1 Kamar Tidur Furnished Baru,The Newton 1,exact
LST-00073,Residence 8 Senopati • 1BR Furnished (94 m²),https://www.rumah123.com/properti/jakarta-selatan-kebayoran-baru/disewa-residence-8-senopati-1-bedroom-furnished-apr7840843/,Jakarta Selatan,DKI Jakarta,Kebayoran Baru,"Kebayoran Baru, Jakarta Selatan",Apartemen,18000000.0,191489.36170212767,monthly,1,1,Studio / 1BR,94.0,2.73335443195318,1.9191095733609844,Stasiun MRT Blok M,Tier 1: Core Urban Center (<7km),0,0,0,0,0,0,0,0,0,0,0,0,-6.228950505373049,106.80583779284484,listing,0,https://picture.rumah123.com/r123-images/360x210-crop/customer/2070001/6ea8176ddf09976c6e68c4b20aaee47d.jpg,Disewa Residence 8 Senopati   Tower 3 Lof Floor 1 Bedroom  1 Bathroom  1 Living Room  Size 94sqm Furnished,26037081.0,-8037081.0,-0.3691,30.9,-1.02,Good Deal (Undervalued),good,Disewa Residence 8 Senopati 1 Bedroom Furnished,Residence 8 Senopati,exact
LST-00074,Ambassade Residence • 2BR Furnished (65 m²),https://www.rumah123.com/properti/jakarta-selatan-kuningan/disewakan-apartemen-ambassade-residence-2br-kuningan-jakarta-selatan-apr7658237/,Jakarta Selatan,DKI Jakarta,Kuningan,"Kuningan, Jakarta Selatan",Apartemen,10000000.0,153846.15384615384,monthly,2,1,2 Bedroom,65.0,3.177135736484503,2.965221001463858,Stasiun MRT Blok M,Tier 1: Core Urban Center (<7km),0,0,0,0,0,0,0,0,0,0,0,0,-6.23713,106.823738,listing,0,https://picture.rumah123.com/r123-images/360x210-crop/customer/4465176/bf361ad51a49673e94eaaf0ed4bf87aa.jpg,"Kesempatan terbatas buat Anda dapatkan apartemen strategis dengan return investasi tinggi di Kuningan, Jakarta Selatan.  Apartemen ini menawarkan k...",16528953.0,-6528953.0,-0.5025,39.5,-1.38,Good Deal (Undervalued),good,Disewakan Ambassade Residence 2Br Apt @ Kuningan Jakarta Selatan,Ambassade Residence,fuzzy
LST-00075,Casa Grande Residence • 2BR Full Furnished (76 m²),https://www.rumah123.com/properti/jakarta-selatan-casablanca/disewakan-apartemen-casa-grande-residence-2br-full-furnished-apr7831402/,Jakarta Selatan,DKI Jakarta,Casablanca,"Casablanca, Jakarta Selatan",Apartemen,16000000.0,210526.31578947368,monthly,2,2,2 Bedroom,76.0,2.997947626658001,1.732807787067536,Stasiun KRL Manggarai,Tier 1: Core Urban Center (<7km),1,0,0,0,0,0,0,0,0,0,0,0,-6.223576,106.842685,listing,0,https://picture.rumah123.com/r123-images/360x210-crop/customer/4526510/a5af0dd372ee90bf55ab0106f1721b6d.jpg,Disewakan Apartemen Casa Grande Residence 2 Br Fully Furnished Good Interior Termurah  Luas 76 Sqm Bedroom 2 Bathroom 2 Full Furnished Konek Mall K...,18993144.0,-2993144.0,-0.1715,15.8,-0.47,Fair Market Price,,Disewakan Apartemen Casa Grande Residence 2Br Full Furnished,Casa Grande Residence,exact
LST-00076,Kemang Village Tower Empire • 2BR Furnished (89 m²),https://www.rumah123.com/properti/jakarta-selatan-kemang/2-br-1-maid-room-kemang-village-empire-near-school-s-p-h-apr7830506/,Jakarta Selatan,DKI Jakarta,Kemang,"Kemang, Jakarta Selatan",Apartemen,16000000.0,179775.2808988764,monthly,2,2,2 Bedroom,89.0,6.475450280525984,3.820327367938264,Stasiun MRT Blok M,Tier 1: Core Urban Center (<7km),0,0,0,0,0,0,0,0,0,1,0,0,-6.266904,106.823929,listing,0,https://picture.rumah123.com/r123-images/360x210-crop/customer/54467/00c9296efe8ccef4edde8edc0b2aad9b.jpg,For Rent Apartment Kemang Village Residence N1V0ERIP0R02EP  Tower empire Type 2 BR 2 bed 2 bath 1 maid room 89 sqm No Balcony Furnished High Floor ...,20264543.0,-4264543.0,-0.2363,21.0,-0.65,Fair Market Price,,2 BR + 1 Maid Room Kemang Village Empire Near School S P H,Kemang Village,exact
LST-00077,Unresolved • Kuningan • Studio Full Furnished (24 m²),https://www.rumah123.com/properti/jakarta-selatan-kuningan/apartemen-the-newton-jakarta-apartment-kuningan-setiabudi-semanggi-fully-furnished-apr7830508/,Jakarta Selatan,DKI Jakarta,Kuningan,"Kuningan, Jakarta Selatan",Apartemen,8500000.0,354166.6666666667,monthly,0,1,Studio / 1BR,24.0,3.177135736484503,2.965221001463858,Stasiun MRT Blok M,Tier 1: Core Urban Center (<7km),1,0,0,0,0,0,0,0,0,0,0,0,-6.23713,106.823738,listing,0,https://picture.rumah123.com/r123-images/360x210-crop/customer/2042543/30694da1d8c1a33aff7afab3d9c542a3.jpg,"Apartemen 1 lantai di Kuningan, Jakarta Selatan.  For rent di wilayah yang nyaman. Dengan spesifikasinya adalah sebagai berikut:   - Kamar Mandi: 1...",10714856.0,-2214856.0,-0.2316,20.7,-0.64,Fair Market Price,,Apartemen The Newton Jakarta Apartment Kuningan Setiabudi Semanggi Fully Furnished,,unresolved
LST-00078,Casa Grande Residence Tower Montana • 2BR Full Furnished (78 m²),https://www.rumah123.com/properti/jakarta-selatan-tebet/casa-grande-tower-montana-2-bedroom-for-rent-apr7813744/,Jakarta Selatan,DKI Jakarta,Tebet,"Tebet, Jakarta Selatan",Apartemen,15000000.0,192307.6923076923,monthly,2,2,2 Bedroom,78.0,3.0844319583851147,1.8004475518758214,Stasiun KRL Manggarai,Tier 1: Core Urban Center (<7km),1,0,0,0,0,0,0,0,0,0,0,0,-6.224444339273461,106.84304193005676,listing,0,https://picture.rumah123.com/r123-images/360x210-crop/customer/4488244/dcfbbb5af6d69601652fb19c02081ed7.jpg,Casa Grande  Tower Montana  Floor 31  2 Bedroom + 1 maidroom 2 Bathroom + 1 maidbathroom Size 78 Sqm  Full Furnished  Price Rp 15jt/Month  Casa Gra...,18223143.0,-3223143.0,-0.1946,17.7,-0.54,Fair Market Price,,Casa Grande Tower Montana 2 Bedroom For Rent,Casa Grande Residence,exact
LST-00079,Embarcadero Bintaro • 1BR Furnished (34 m²),https://www.rumah123.com/properti/jakarta-selatan-bintaro/disewakan-apartemen-embarcadero-1br-premium-bintaro-tangerang-apr3275064/,Jakarta Selatan,DKI Jakarta,Bintaro,"Bintaro, Jakarta Selatan",Apartemen,4083333.3333333335,120098.03921568628,yearly,1,1,Studio / 1BR,34.0,9.195104353711844,1.7019450179170077,Stasiun MRT Lebak Bulus,Tier 2: Inner Ring Metro (7-15km),0,0,0,0,0,0,0,0,0,0,0,0,-6.27452,106.76951,listing,0,https://picture.rumah123.com/r123-images/360x210-crop/customer/681164/2024-04-24-10-21-55-9956b507-24c6-43d6-a9d8-666090769b14.jpg,"Disewakan Apartemen Embarcadero 1BR Premium Bintaro Jl. Jombang Raya No.88, Pd. Pucung, Kec. Pd. Aren, Kota Tangerang Selatan, Banten 15229  Embarc...",6851260.0,-2767926.6666666665,-0.5175,40.4,-1.42,Good Deal (Undervalued),good,Disewakan Apartemen Embarcadero 1Br Premium Bintaro Tangerang,Embarcadero Bintaro,exact
LST-00080,The Stature Residences Monas View • 3BR Furnished (158 m²),https://www.rumah123.com/properti/jakarta-pusat-menteng/for-rent-luxury-stature-residence-3-bedroom-kebun-siri-menteng-view-monas-monument-apr7767956/,Jakarta Pusat,DKI Jakarta,Menteng,"Menteng, Jakarta Pusat",Apartemen,54250000.0,343354.43037974683,yearly,3,3,3 Bedroom,158.0,2.215387522692101,1.487291158622338,Stasiun MRT Dukuh Atas,Tier 1: Core Urban Center (<7km),0,0,0,0,0,0,0,0,0,0,0,0,-6.1957828,106.8351718,listing,0,https://picture.rumah123.com/r123-images/360x210-crop/customer/12627/673f8b300ee74d724a7110b39000d7e1.jpg,For Rent Luxury Stature Residence 3 Bedroom Kebun Siri Menteng View Monas Monument  Luxury apartment with best facilities and best location in Ment...,35597735.0,18652265.0,0.4213,-52.4,1.16,Premium / High Price,,For Rent Luxury Stature Residence 3 Bedroom Kebun Siri Menteng View Monas Monument,The Stature Residences,exact
LST-00081,Residence 8 Senopati • 2BR Full Furnished (48 m²),https://www.rumah123.com/properti/jakarta-pusat-karet-tengsin/a-comfortable-and-stylish-urban-residence-in-central-jakarta-apr7824026/,Jakarta Pusat,DKI Jakarta,Karet Tengsin,"Karet Tengsin, Jakarta Pusat",Apartemen,9166666.666666666,190972.22222222225,yearly,2,1,2 Bedroom,48.0,0.5884867595205738,0.6146796415307644,Stasiun MRT Dukuh Atas,Tier 1: Core Urban Center (<7km),1,0,0,0,0,0,0,0,0,0,0,0,-6.20602,106.82453,listing,0,https://picture.rumah123.com/r123-images/360x210-crop/customer/2074295/e0542261251f29ff869d6efe3121eba9.jpg,Fully Furnished 2-Bedroom Apartment in Sudirman Park    A Comfortable and Stylish Urban Residence in Central Jakarta    Discover the comfort of cit...,10281187.0,-1114520.333333334,-0.1147,10.8,-0.32,Fair Market Price,,A Comfortable And Stylish Urban Residence In Central Jakarta,Residence 8 Senopati,fuzzy
LST-00082,The Stature Residences Private Lift Monas View • 2BR Furnished (146 m²),https://www.rumah123.com/properti/jakarta-pusat-menteng/menteng-2br-pet-friendly-private-lift-city-center-view-monas-apr7824183/,Jakarta Pusat,DKI Jakarta,Menteng,"Menteng, Jakarta Pusat",Apartemen,47000000.0,321917.80821917806,monthly,2,2,2 Bedroom,146.0,2.215387522692101,1.487291158622338,Stasiun MRT Dukuh Atas,Tier 1: Core Urban Center (<7km),0,0,0,0,0,0,0,0,0,0,0,0,-6.1957828,106.8351718,listing,0,https://picture.rumah123.com/r123-images/360x210-crop/customer/1242662/b4d96eb9594de88a5581204ffaa254ec.jpg,"[MENTENG] PET FRIENDLY APARTMENT, BRAND NEW, CITY CENTER VIEW MONAS.  THE STATURE RESIDENCE  Size: 146Sqm Bedrooms: 2 Bathrooms: 2 Kitchen: 2 (Wet ...",37256345.0,9743655.0,0.2323,-26.2,0.64,Fair Market Price,,"[Menteng] 2Br, Pet Friendly, Private Lift, City Center View Monas",The Stature Residences,exact
LST-00083,Unresolved • Menteng Monas View • 2BR Furnished (72 m²),https://www.rumah123.com/properti/jakarta-selatan-casablanca/1-br-apartemen-modern-interior-55m2-with-bathtub-apr7633363/,Jakarta Pusat,DKI Jakarta,Menteng,"Menteng, Jakarta Pusat",Apartemen,15900000.0,220833.3333333333,monthly,2,2,2 Bedroom,72.0,2.8742481323734146,2.113771560616605,Stasiun MRT Dukuh Atas,Tier 1: Core Urban Center (<7km),0,0,0,0,0,0,0,0,0,0,0,0,-6.1916699,106.8394715,listing,0,https://picture.rumah123.com/r123-images/360x210-crop/customer/4458257/f42a06637ab6a943528a9f7553b2ff7c.jpg,"For Rent Monthly / Weekly /Mentengpark  Apartment Tower Diamond, Private Lift, Strategic Location in Central Jakarta  Area : 72 m2     Bedroom: 2...",13293097.0,2606903.0,0.1791,-19.6,0.49,Fair Market Price,,"Menteng Park Apart, 2 Br 2 Bath, 72 M2, View Monas",,unresolved
LST-00084,Sahid Sudirman Residence • 2BR Furnished (83 m²),https://www.rumah123.com/properti/jakarta-pusat-tanah-abang/termurah-sewa-apartment-sahid-sudirman-residence-21-apr7819530/,Jakarta Pusat,DKI Jakarta,Tanah Abang,"Tanah Abang, Jakarta Pusat",Apartemen,12500000.0,150602.4096385542,yearly,2,2,2 Bedroom,83.0,0.3230402985572746,0.6436923006256297,Stasiun MRT Dukuh Atas,Tier 1: Core Urban Center (<7km),0,0,0,0,0,0,0,0,0,0,0,0,-6.206521257245074,106.82181266939214,listing,0,https://picture.rumah123.com/r123-images/360x210-crop/customer/1801559/255f47ddfd133a0e64bcfec1b19398b9.jpg,️ **DISEWAKAN APARTMENT SAHID SUDIRMAN RESIDENCE | 2+1 BR | 83 SQM**  ✨ Hunian nyaman dan strategis di jantung Jakarta!  Disewakan unit **2+1 B...,14711474.0,-2211474.0,-0.1629,15.0,-0.45,Fair Market Price,,Termurah Sewa Apartment Sahid Sudirman Residence 2+1,Sahid Sudirman Residence,exact
LST-00085,Unresolved • Menteng • 2BR Full Furnished (61 m²),https://www.rumah123.com/properti/jakarta-pusat-menteng/sewa-unit-baru-apartemen-menteng-park-apr7744542/,Jakarta Pusat,DKI Jakarta,Menteng,"Menteng, Jakarta Pusat",Apartemen,11250000.0,184426.2295081968,yearly,2,1,2 Bedroom,61.0,4.461562907717622,2.708660529079164,Stasiun KRL Manggarai,Tier 1: Core Urban Center (<7km),1,0,0,0,0,0,0,0,0,0,0,0,-6.1857,106.853,listing,0,https://picture.rumah123.com/r123-images/360x210-crop/customer/1446931/listing/apr7744542/enhanced/b42110e92c3fb7b7512c07aee694993f.jpg,Sewa Unit Bagus Apartemen Menteng Park  2 Bedroom Luas : 61 m Fully Furnished   Facility: Food Arcade 24-hours Security ATM Centre Infinity Swimmin...,11722751.0,-472751.0,-0.0412,4.0,-0.11,Fair Market Price,,Sewa Unit Baru Apartemen Menteng Park,,unresolved
LST-00086,Unresolved • Kemayoran • 2BR Semi Furnished (70 m²),https://www.rumah123.com/properti/jakarta-pusat-kemayoran/apartemen-strata-di-kemayoran-apr7832852/,Jakarta Pusat,DKI Jakarta,Kemayoran,"Kemayoran, Jakarta Pusat",Apartemen,5000000.0,71428.57142857143,yearly,2,1,2 Bedroom,70.0,6.471998976010265,5.272616443868521,Stasiun KRL Manggarai,Tier 1: Core Urban Center (<7km),0,1,0,0,0,0,0,0,0,0,0,0,-6.16282185,106.8558983,listing,0,https://picture.rumah123.com/r123-images/360x210-crop/customer/600318/c3ff9d23c5b83c5ff7893e816c8ecfbf.jpg,Info Lebih Lanjut Hubungi : TARY 0815928xxxx  DISEWAKAN Apartment Minimalis  di Pusat Kota (Kemayoran)  Type 2 bed luas 70 mtr View Lapangan Golf &...,5977024.0,-977024.0,-0.1785,16.3,-0.49,Fair Market Price,,Disewakan Apartment Type 2 Bed Semi Furnished Bagus Fasilitas Lengkap Dipusat Kota Kemayoran Jakarta Pusat Dekat Pintu Tol Ancol,,unresolved
LST-00087,Anandamaya Residence • 2BR Furnished (148 m²),https://www.rumah123.com/properti/jakarta-pusat-karet-tengsin/for-rent-2-bedroom-anandamaya-apartment-apr7804264/,Jakarta Pusat,DKI Jakarta,Karet Tengsin,"Karet Tengsin, Jakarta Pusat",Apartemen,50416666.66666666,340653.15315315314,yearly,2,2,2 Bedroom,148.0,0.588674899181817,0.6147524384164251,Stasiun MRT Dukuh Atas,Tier 1: Core Urban Center (<7km),0,0,0,0,0,0,0,0,0,0,0,0,-6.20602,106.824532,listing,0,https://picture.rumah123.com/r123-images/360x210-crop/customer/1798969/0e6ef23aed546a3c28aee9ce6f581101.jpg,"For rent  Anandamaya residences 2 Bedrooms  2 bathroom Luas 148m2 Rental fee  USD 2,800 / month / excld tax",32577659.0,17839007.666666657,0.4367,-54.8,1.2,Premium / High Price,,For Rent 2 Bedroom Anandamaya Apartment,Anandamaya Residence,exact
LST-00088,Kempinski Private Residences • 2BR Full Furnished (125 m²),https://www.rumah123.com/properti/jakarta-pusat-thamrin/apartemen-kempinski-residence-2br-full-furnished-bagus-strata-apr7803728/,Jakarta Pusat,DKI Jakarta,Thamrin,"Thamrin, Jakarta Pusat",Apartemen,40000000.0,320000.0,monthly,2,2,2 Bedroom,125.0,2.3505982758735384,1.3410782779419732,Stasiun KRL Tanah Abang,Tier 1: Core Urban Center (<7km),1,0,0,0,0,0,0,0,0,0,0,0,-6.1878577,106.8228972,listing,0,https://picture.rumah123.com/r123-images/360x210-crop/customer/4425650/4f0e7508273c0533145deddcca6fda91.jpg,"Apartemen 19 lantai di Thamrin, Jakarta Pusat.  For rent di wilayah yang tenang. Dengan rinciannya adalah sebagai berikut:   - Kamar Tidur: 2   - K...",36093741.0,3906259.0,0.1028,-10.8,0.28,Fair Market Price,,"Apartemen Kempinski Residence 2Br Full Furnished, Bagus, Strata",Kempinski Private Residences,fuzzy
LST-00089,Sudirman Hill • 1BR Furnished (50 m²),https://www.rumah123.com/properti/jakarta-pusat-tanah-abang/disewakan-apartemen-sudirman-hill-1-br-central-jakarta-apr7826470/,Jakarta Pusat,DKI Jakarta,Tanah Abang,"Tanah Abang, Jakarta Pusat",Apartemen,14000000.0,280000.0,monthly,1,1,Studio / 1BR,50.0,4.461562907717622,2.708660529079164,Stasiun KRL Manggarai,Tier 1: Core Urban Center (<7km),0,0,0,0,0,0,0,0,0,0,0,0,-6.1857,106.853,listing,0,https://picture.rumah123.com/r123-images/360x210-crop/customer/4488855/2637e844bcd29cf8c26ed5bd356039c7.jpg,"Has Strategic Location in Central Jakarta. Located in the Ring 1 CBD area of Jakarta so you can easily access to SCBD, Gatot Subroto area (Less tha...",8016688.0,5983312.0,0.5575,-74.6,1.53,Overpriced / Luxury Tag,,Disewakan Apartemen Sudirman Hill 1 Br - Central Jakarta,Sudirman Hill,fuzzy
LST-00090,57 Promenade • 1BR Full Furnished (55 m²),https://www.rumah123.com/properti/jakarta-pusat-tanah-abang/sewa-fifty-seven-promenade-1br-fully-furnished-apr3272870/,Jakarta Pusat,DKI Jakarta,Tanah Abang,"Tanah Abang, Jakarta Pusat",Apartemen,18000000.0,327272.7272727273,monthly,1,1,Studio / 1BR,55.0,0.8597326438413523,0.6211905193761527,Stasiun MRT Dukuh Atas,Tier 1: Core Urban Center (<7km),1,0,0,0,0,0,0,0,0,0,0,0,-6.20161,106.81714,listing,0,https://picture.rumah123.com/r123-images/360x210-crop/customer/1936435/2024-04-22-13-47-13-b2df7467-24d9-48dc-82ea-c4348c881ddf.jpg,Sewa Fifty Seven Promenade 1br Fully Furnished,12904806.0,5095194.0,0.3328,-39.5,0.92,Premium / High Price,,Sewa Fifty Seven Promenade 1Br Fully Furnished,57 Promenade,exact
LST-00091,57 Promenade • 3BR Furnished (182 m²),https://www.rumah123.com/properti/jakarta-pusat-tanah-abang/for-rent-57-promenade-at-thamrin-gi-3-bedrooms-furnished-apr7739511/,Jakarta Pusat,DKI Jakarta,Tanah Abang,"Tanah Abang, Jakarta Pusat",Apartemen,55000000.0,302197.8021978022,monthly,3,2,3 Bedroom,182.0,1.2028961836092442,0.5022799313538387,Stasiun MRT Dukuh Atas,Tier 1: Core Urban Center (<7km),0,0,0,0,0,0,0,0,0,0,0,0,-6.198017469006643,106.81912072332544,listing,0,https://picture.rumah123.com/r123-images/360x210-crop/customer/59740/listing/apr7739511/enhanced/c24b2e09-e287-4b4e-83e9-a8d3fbe74451.png,For Rent  57 Promenade Sky Tower  182 sqm 3 bedrooms 2 bathrooms maid room  Price $3000 per month for minimum 1 year rental and payment in advance,61689718.0,-6689718.0,-0.1148,10.8,-0.32,Fair Market Price,,For Rent 57 Promenade At Thamrin Gi- 3 Bedrooms - Furnished,57 Promenade,exact
LST-00092,57 Promenade • 1BR Full Furnished (55 m²),https://www.rumah123.com/properti/jakarta-pusat-tanah-abang/disewakan-murah-apartemen-57-promenade-1br-furnished-apr7815920/,Jakarta Pusat,DKI Jakarta,Kemayoran,"Kemayoran, Jakarta Pusat",Apartemen,15000000.0,272727.2727272727,monthly,1,1,Studio / 1BR,55.0,1.2387002959524325,1.571780108598274,Stasiun MRT Dukuh Atas,Tier 1: Core Urban Center (<7km),1,0,0,0,0,0,0,0,0,0,0,0,-6.20551047,106.8092941,listing,0,https://picture.rumah123.com/r123-images/360x210-crop/customer/4501667/f7d614b36f7083ab1064d6a0b85eb2ea.jpg,"Disewakan Murah Apartment 57 Promenade 1BR Furnished - FSPB006  Disewakan unit 1BR Fully Furnished di 57 Promenade, Jakarta Pusat.  Detail Unit...",13328387.0,1671613.0,0.1182,-12.5,0.33,Fair Market Price,,Disewakan Murah Apartemen 57 Promenade 1Br Furnished,57 Promenade,exact
LST-00093,57 Promenade • 1BR Full Furnished (55 m²),https://www.rumah123.com/properti/jakarta-pusat-tanah-abang/disewakan-apartemen-57-promenade-1br-furnished-apr7815797/,Jakarta Pusat,DKI Jakarta,Thamrin,"Thamrin, Jakarta Pusat",Apartemen,15000000.0,272727.2727272727,monthly,1,1,Studio / 1BR,55.0,1.2387002959524325,1.571780108598274,Stasiun MRT Dukuh Atas,Tier 1: Core Urban Center (<7km),1,0,0,0,0,0,0,0,0,0,0,0,-6.20551047,106.8092941,listing,0,https://picture.rumah123.com/r123-images/360x210-crop/customer/4501667/ebc3092daa12334d0458deb576a5cbb4.jpg,"Disewakan Murah Apartment 57 Promenade 1BR Furnished - Fspb037  Disewakan unit 1BR Fully Furnished di 57 Promenade, Jakarta Pusat.  Detail Unit...",12970800.0,2029200.0,0.1453,-15.6,0.4,Fair Market Price,,Disewakan Apartemen 57 Promenade 1Br Furnished,57 Promenade,exact
LST-00094,Unresolved • Kemayoran Private Lift • 4BR+ Full Furnished (192 m²),https://www.rumah123.com/properti/jakarta-pusat-kemayoran/apartemen-strata-di-kemayoran-apr7832412/,Jakarta Pusat,DKI Jakarta,Kemayoran,"Kemayoran, Jakarta Pusat",Apartemen,19583333.33333333,101996.52777777777,yearly,4,3,4+ Bedroom,192.0,6.471998976010265,5.272616443868521,Stasiun KRL Manggarai,Tier 1: Core Urban Center (<7km),1,0,0,0,0,0,0,0,0,0,0,0,-6.16282185,106.8558983,listing,0,https://picture.rumah123.com/r123-images/360x210-crop/customer/600318/405b45bfa5f1324cba5cdece7c672655.jpg,Info Lebih Lanjut Hubungi : TARY 0815928xxxx  DISEWAKAN Apartment PREMIUM PRIVATE LIFT di Pusat Kota (Kemayoran)  Type 3+1 bed luas 192 mtr View La...,22259729.0,-2676395.666666672,-0.1281,12.0,-0.35,Fair Market Price,,Disewakan Apartment Type 3+1 Bed Fully Furnished Private Lift Fasilitas Lengkap Dipusat Kota Kemayoran Jakarta Pusat Dekat Pintu Tol Ancol,,unresolved
LST-00095,The Stature Residences • 3BR Furnished (173 m²),https://www.rumah123.com/properti/jakarta-pusat-menteng/aptthe-stature-residences-apr7846223/,Jakarta Pusat,DKI Jakarta,Menteng,"Menteng, Jakarta Pusat",Apartemen,58500000.0,338150.28901734104,monthly,3,3,3 Bedroom,173.0,2.215387522692101,1.487291158622338,Stasiun MRT Dukuh Atas,Tier 1: Core Urban Center (<7km),0,0,0,0,0,0,0,0,0,0,0,0,-6.1957828,106.8351718,listing,0,https://picture.rumah123.com/r123-images/360x210-crop/customer/635268/5672a1ae32c94e574bb915f2153f7a23.jpg,"Apartemen di Menteng.  Temukan apartemen 20 lantai yang asri ini,  disewakan menghadirkan lingkungan fasilitas yang lengkap, cocok untuk Anda yang ...",39888318.0,18611682.0,0.3829,-46.7,1.05,Premium / High Price,,Apt.the Stature Residences,The Stature Residences,exact
LST-00096,Citylofts Sudirman • 1BR Full Furnished (50 m²),https://www.rumah123.com/properti/jakarta-pusat-tanah-abang/sewa-apartemen-citylofts-sudirman-lt-17-siap-huni-dekat-mrt-astra-sudirman-tanah-abang-kuningan-dan-tebet-apr7816271/,Jakarta Pusat,DKI Jakarta,Tanah Abang,"Tanah Abang, Jakarta Pusat",Apartemen,15000000.0,300000.0,monthly,1,1,Studio / 1BR,50.0,1.2387002959524325,1.571780108598274,Stasiun MRT Dukuh Atas,Tier 1: Core Urban Center (<7km),1,0,0,0,0,0,0,0,1,0,0,0,-6.20551047,106.8092941,listing,0,https://picture.rumah123.com/r123-images/360x210-crop/customer/1201631/efa936a38bd6de4960fc4c88b310422b.jpg,Disewa Apartemen Citylofts Sudirman Fully Furnished  Luas : 86 m2 Kamar Tidur : 1 Kamar Mandi : 1 Lantai : 17 Tower : Single Tower Kondisi : Fully ...,9416768.0,5583232.0,0.4656,-59.3,1.28,Premium / High Price,,"Sewa Apartemen Citylofts Sudirman LT 17 Siap Huni Dekat MRT Astra, Sudirman, Tanah Abang, Kuningan dan Tebet",Citylofts Sudirman,fuzzy
LST-00097,57 Promenade • 1BR Furnished (55 m²),https://www.rumah123.com/properti/jakarta-pusat-thamrin/for-rent-apartment-57-promenade-thamrin-central-jakarta-apr7706654/,Jakarta Pusat,DKI Jakarta,Thamrin,"Thamrin, Jakarta Pusat",Apartemen,21000000.0,381818.1818181818,monthly,1,1,Studio / 1BR,55.0,2.350592348397248,1.341279944771843,Stasiun KRL Tanah Abang,Tier 1: Core Urban Center (<7km),0,0,0,0,0,0,0,0,0,0,0,0,-6.187858,106.822899,listing,0,https://picture.rumah123.com/r123-images/360x210-crop/customer/1263009/listing/apr7706654/enhanced/56b84f556b041add111f6a48b43b3e94.jpg,"For Rent Apartment 57 Promenade @ Thamrin, Central Jakarta  Comfortable and modern 1-bedroom apartment in one of Jakarta's most prestigious residen...",13138052.0,7861948.0,0.469,-59.8,1.29,Premium / High Price,,"For Rent Apartment 57 Promenade @Thamrin, Central Jakarta",57 Promenade,exact
LST-00098,Unresolved • Kemayoran • 3BR Full Furnished (85 m²),https://www.rumah123.com/properti/jakarta-pusat-kemayoran/disewakan-apartment-type-3-bed-fully-furnished-fasilitas-lengkap-dipusat-kota-kemayoran-dekat-pintu-tol-ancol-apr7832860/,Jakarta Pusat,DKI Jakarta,Kemayoran,"Kemayoran, Jakarta Pusat",Apartemen,7500000.0,88235.29411764706,yearly,3,2,3 Bedroom,85.0,6.471998976010265,5.272616443868521,Stasiun KRL Manggarai,Tier 1: Core Urban Center (<7km),1,0,0,0,0,0,0,0,0,0,0,0,-6.16282185,106.8558983,listing,0,https://picture.rumah123.com/r123-images/360x210-crop/customer/600318/1d80f74a35ad4ae7d41dff7d464b3922.jpg,Info Lebih Lanjut Hubungi : TARY 0815928xxxx  DISEWAKAN Apartment Minimalis  di Pusat Kota (Kemayoran)  Type 3 bed luas 85 mtr View Lapangan Golf &...,8839538.0,-1339538.0,-0.1643,15.2,-0.45,Fair Market Price,,Disewakan Apartment Type 3 Bed Fully Furnished Fasilitas Lengkap Dipusat Kota Kemayoran Dekat Pintu Tol Ancol,,unresolved
LST-00099,The Stature Residences • 2BR Full Furnished (146 m²),https://www.rumah123.com/properti/jakarta-pusat-menteng/apartemen-mewah-the-stature-lantai-tinggi-harga-nego-apr7810105/,Jakarta Pusat,DKI Jakarta,Menteng,"Menteng, Jakarta Pusat",Apartemen,45000000.0,308219.1780821918,monthly,2,2,2 Bedroom,146.0,2.215387522692101,1.487291158622338,Stasiun MRT Dukuh Atas,Tier 1: Core Urban Center (<7km),1,0,0,0,0,0,0,0,0,0,0,0,-6.1957828,106.8351718,listing,0,https://picture.rumah123.com/r123-images/360x210-crop/customer/793420/f00d58774aa65a747e5bfab8c0bd655d.jpg,"Disewakan unit apartemen di The Stature Residences, Jakarta Pusat   Size: 146 sqm  2 Bedroom  2 Bathroom  Maid Room + Toilet  Fully Furnished...",40932829.0,4067171.0,0.0947,-9.9,0.26,Fair Market Price,,"Apartemen Mewah The Stature, Lantai Tinggi, Harga Nego",The Stature Residences,exact
LST-00100,Royale Springhill • 1BR Full Furnished (196 m²),https://www.rumah123.com/properti/jakarta-pusat-kemayoran/disewakan-apartemen-royale-springhill-kemayoran-31br-luas-196m2-vr802-apr7793048/,Jakarta Pusat,DKI Jakarta,Kemayoran,"Kemayoran, Jakarta Pusat",Apartemen,19583333.33333333,99914.96598639456,yearly,3,2,3 Bedroom,196.0,7.725349408675122,6.244184127609985,Stasiun KRL Tanah Abang,Tier 2: Inner Ring Metro (7-15km),1,0,0,0,0,0,0,0,0,0,0,0,-6.147188846432599,106.85229587610814,listing,0,https://picture.rumah123.com/r123-images/360x210-crop/customer/59175/4d194475c760324c708512d387d2826c.jpg,Disewakan Apartemen Royale Springhill Kemayoran  Luas 196 m2 3+1 Kamar Tidur 2+1 Kamar Mandi Lantai Tinggi Fully Furnished Private Lift City & Golf...,22012359.0,-2429025.666666672,-0.1169,11.0,-0.32,Fair Market Price,,Disewakan Apartemen Royale Springhill Kemayoran 3+1Br Luas 196M2 #Vr802,Royale Springhill,exact
LST-00101,The Mansion Kemayoran Tower Bellavista • 1BR Furnished (49 m²),https://www.rumah123.com/properti/jakarta-pusat-kemayoran/the-mansion-jasmine-tower-bellavista-lantai-sedang-siap-huni-apr7816799/,Jakarta Pusat,DKI Jakarta,Kemayoran,"Kemayoran, Jakarta Pusat",Apartemen,5000000.0,102040.8163265306,yearly,1,1,Studio / 1BR,49.0,7.841065639675745,6.362298510115704,Stasiun KRL Tanah Abang,Tier 2: Inner Ring Metro (7-15km),0,0,0,0,0,0,0,0,0,0,0,0,-6.1463791,106.852997,listing,0,https://picture.rumah123.com/r123-images/360x210-crop/customer/679926/ec644523ee1d1c84c350d6a4f9ef25e0.jpg,"Apartemen 22 lantai di Kemayoran, Jakarta Pusat.  For rent di wilayah yang asri. Dengan spesifikasinya adalah sebagai berikut:   - Kamar Tidur: 1  ...",5097347.0,-97347.0,-0.0193,1.9,-0.05,Fair Market Price,,The Mansion Jasmine Tower Bellavista Lantai Sedang Siap Huni,The Mansion Kemayoran,exact
LST-00102,The Mansion Kemayoran Tower Bellavista • 2BR Furnished (62 m²),https://www.rumah123.com/properti/jakarta-pusat-kemayoran/the-mansion-jasmine-kemayoran-tower-bellavista-apr7791902/,Jakarta Pusat,DKI Jakarta,Kemayoran,"Kemayoran, Jakarta Pusat",Apartemen,5666666.666666667,91397.8494623656,yearly,2,1,2 Bedroom,62.0,7.910345630001633,6.455765608244785,Stasiun KRL Tanah Abang,Tier 2: Inner Ring Metro (7-15km),0,0,0,0,0,0,0,0,0,0,0,0,-6.146191,106.853975,listing,0,https://picture.rumah123.com/r123-images/360x210-crop/customer/679926/bcc436e50313bfd35088195d19778061.jpg,The mansion Jasmine Tower Bellavista Lantai 20 an Siap huni,5530104.0,136562.66666666698,0.0244,-2.5,0.07,Fair Market Price,,The Mansion Jasmine Kemayoran Tower Bellavista,The Mansion Kemayoran,exact
LST-00103,Royale Springhill • 3BR Furnished (178 m²),https://www.rumah123.com/properti/jakarta-pusat-kemayoran/apartment-royale-springhills-siap-huni-apr7560403/,Jakarta Pusat,DKI Jakarta,Kemayoran,"Kemayoran, Jakarta Pusat",Apartemen,12916666.666666666,72565.54307116104,yearly,3,2,3 Bedroom,178.0,7.604933156341509,6.091216280519502,Stasiun KRL Tanah Abang,Tier 2: Inner Ring Metro (7-15km),0,0,0,0,0,0,0,0,0,0,0,0,-6.14767,106.85085,listing,0,https://picture.rumah123.com/r123-images/360x210-crop/customer/679926/38e39622abc4f15db4df20342f575210.jpg,"Kesempatan terbatas buat Anda dapatkan apartemen nyaman dengan return investasi tinggi di Kemayoran, Jakarta Pusat.  Apartemen ini menawarkan kelen...",22256375.0,-9339708.333333334,-0.5441,42.0,-1.5,Deep Value Deal (Rare Find),deep,Apartment Royale Springhills Siap Huni,Royale Springhill,fuzzy
LST-00104,The Mansion Kemayoran Tower Bellavista • 2BR Furnished (74 m²),https://www.rumah123.com/properti/jakarta-pusat-kemayoran/the-mansion-jasmine-kemayoran-tower-bellavista-lantai-belasan-apr7806121/,Jakarta Pusat,DKI Jakarta,Kemayoran,"Kemayoran, Jakarta Pusat",Apartemen,6666666.666666667,90090.09009009007,yearly,2,1,2 Bedroom,74.0,7.728462049354382,6.343541833726639,Stasiun KRL Tanah Abang,Tier 2: Inner Ring Metro (7-15km),0,0,0,0,0,0,0,0,0,0,0,0,-6.1484,106.85459,listing,0,https://picture.rumah123.com/r123-images/360x210-crop/customer/679926/00ff12053851337a167f10fc4b2a2f13.jpg,"Kesempatan terbatas buat Anda dapatkan apartemen nyaman dengan return investasi tinggi di Kemayoran, Jakarta Pusat.  Apartemen ini menawarkan lokas...",6458458.0,208208.66666666695,0.0317,-3.2,0.09,Fair Market Price,,The Mansion Jasmine Kemayoran Tower Bellavista Lantai Belasan,The Mansion Kemayoran,exact
LST-00105,The Mansion Kemayoran Tower Bellavista • 2BR Furnished (73 m²),https://www.rumah123.com/properti/jakarta-pusat-kemayoran/the-mansion-jasmine-tower-bellavista-unit-dengan-big-balcony-apr7846689/,Jakarta Pusat,DKI Jakarta,Kemayoran,"Kemayoran, Jakarta Pusat",Apartemen,4916666.666666667,67351.59817351599,yearly,2,1,2 Bedroom,73.0,6.471998976010265,5.272616443868521,Stasiun KRL Manggarai,Tier 1: Core Urban Center (<7km),0,0,0,0,0,0,0,0,0,1,0,0,-6.16282185,106.8558983,listing,0,https://picture.rumah123.com/r123-images/360x210-crop/customer/679926/01b590552ef7bb610a89f08899b15cbc.jpg,"Kesempatan terbatas buat Anda dapatkan apartemen nyaman dengan return investasi tinggi di Kemayoran, Jakarta Pusat.  Apartemen ini menawarkan lokas...",6483048.0,-1566381.333333333,-0.2766,24.2,-0.76,Good Deal (Undervalued),good,The Mansion Jasmine Tower Bellavista Unit dengan Big Balcony,The Mansion Kemayoran,exact
LST-00106,The Mansion Kemayoran Tower Dorada • 2BR Furnished (76 m²),https://www.rumah123.com/properti/jakarta-pusat-kemayoran/the-mansion-jasmine-tower-dorada-lantai-atas-apr7846692/,Jakarta Pusat,DKI Jakarta,Kemayoran,"Kemayoran, Jakarta Pusat",Apartemen,6666666.666666667,87719.29824561405,yearly,2,1,2 Bedroom,76.0,7.841065639675745,6.362298510115704,Stasiun KRL Tanah Abang,Tier 2: Inner Ring Metro (7-15km),0,0,0,0,0,0,0,0,0,0,0,0,-6.1463791,106.852997,listing,0,https://picture.rumah123.com/r123-images/360x210-crop/customer/679926/8372f00c2ccaeca438a9aba3cb59b182.jpg,Disewakan Apartment The Mansion Jasmine Kemayoran   Siap Huni,7495520.0,-828853.333333333,-0.1172,11.1,-0.32,Fair Market Price,,The Mansion Jasmine Tower Dorada Lantai Atas,The Mansion Kemayoran,exact
LST-00107,The Mansion Kemayoran • 2BR Furnished (62 m²),https://www.rumah123.com/properti/jakarta-pusat-kemayoran/the-mansion-jasmine-toawer-aurora-lantai-bawah-siap-huni-apr7849032/,Jakarta Pusat,DKI Jakarta,Kemayoran,"Kemayoran, Jakarta Pusat",Apartemen,5416666.666666667,87365.59139784946,yearly,2,1,2 Bedroom,62.0,7.861042065418647,6.391791002366634,Stasiun KRL Tanah Abang,Tier 2: Inner Ring Metro (7-15km),0,0,0,0,0,0,0,0,0,0,0,0,-6.146356338710206,106.85334056010242,listing,0,https://picture.rumah123.com/r123-images/360x210-crop/customer/679926/e51ad39c25e053a93e999895859d001d.jpg,"Kesempatan terbatas buat Anda dapatkan apartemen nyaman dengan return investasi tinggi di Kemayoran, Jakarta Pusat.  Apartemen ini menawarkan kelen...",5701855.0,-285188.333333333,-0.0513,5.0,-0.14,Fair Market Price,,The Mansion Jasmine Toawer Aurora Lantai Bawah Siap Huni,The Mansion Kemayoran,exact
LST-00108,Citylofts Sudirman • 1BR Furnished (85 m²),https://www.rumah123.com/properti/jakarta-pusat-karet-tengsin/disewa-citylofts-sudirman-type-loft-furnished-apr7838492/,Jakarta Pusat,DKI Jakarta,Tanah Abang,"Tanah Abang, Jakarta Pusat",Apartemen,14000000.0,164705.88235294115,monthly,1,1,Studio / 1BR,85.0,0.2172720937342267,1.069383404291995,Stasiun MRT Dukuh Atas,Tier 1: Core Urban Center (<7km),0,0,0,0,0,0,0,0,0,0,0,0,-6.209254061,106.8180883,listing,0,https://picture.rumah123.com/r123-images/360x210-crop/customer/2070001/662a43d8183c7f1c14776ae0506afceb.jpg,"Disewa Citylofts Sudirman   High Floor Type Loft 1 Bathroom  1 Living Room Furnished",14651335.0,-651335.0,-0.0455,4.4,-0.13,Fair Market Price,,Disewa Citylofts Sudirman Type Loft Furnished,Citylofts Sudirman,fuzzy
LST-00109,Unresolved • Menteng • 2BR Furnished (64 m²),https://www.rumah123.com/properti/jakarta-pusat-menteng/disewakan-apartemen-menteng-park-type-2-badroom-apr7669401/,Jakarta Pusat,DKI Jakarta,Menteng,"Menteng, Jakarta Pusat",Apartemen,14000000.0,218750.0,monthly,2,1,2 Bedroom,64.0,2.215387522692101,1.487291158622338,Stasiun MRT Dukuh Atas,Tier 1: Core Urban Center (<7km),0,0,0,0,0,0,0,0,0,0,0,0,-6.1957828,106.8351718,listing,0,https://picture.rumah123.com/r123-images/360x210-crop/customer/1754747/listing/apr7669401/enhanced/74fe4317f5ae93d85a2a1094c7690911.jpg,"Menteng Park adalah proyek hunian dan komersial dari Agung Sedayu Group yang berkonsep one-stop living, terletak di lokasi strategis Menteng, Jaka...",13949607.0,50393.0,0.0036,-0.4,0.01,Fair Market Price,,Disewakan Apartemen Menteng Park Type 2 Badroom,,unresolved
LST-00110,Royale Springhill • 3BR Furnished (192 m²),https://www.rumah123.com/properti/jakarta-pusat-kemayoran/disewakan-apartemen-royale-springhill-kemayoran-3-bedroom-furnished-apr1604190/,Jakarta Pusat,DKI Jakarta,Kemayoran,"Kemayoran, Jakarta Pusat",Apartemen,20833333.33333333,108506.94444444444,yearly,3,2,3 Bedroom,192.0,6.179259298485968,4.89842130885657,Stasiun KRL Tanah Abang,Tier 1: Core Urban Center (<7km),0,0,0,0,0,0,0,0,0,0,0,0,-6.1603519,106.84738,listing,0,https://picture.rumah123.com/r123-images/360x210-crop/customer/62713/e6dcad926ddd8261a0eaab113981e409.jpg,Disewakan Apartemen Royale Springhill 3 BR Kemayoran furnished bagus sekali. sewa minimal 2 tahun sekaligus .,19237696.0,1595637.3333333284,0.0797,-8.3,0.22,Fair Market Price,,Disewakan Apartemen Royale Springhill Kemayoran 3 Bedroom Furnished,Royale Springhill,exact
LST-00111,Unresolved • Menteng • 2BR Furnished (60 m²),https://www.rumah123.com/properti/jakarta-pusat-menteng/disewakan-apartemen-menteng-park-type-2-badroom-apr7675702/,Jakarta Pusat,DKI Jakarta,Menteng,"Menteng, Jakarta Pusat",Apartemen,13000000.0,216666.66666666663,monthly,2,2,2 Bedroom,60.0,2.215387522692101,1.487291158622338,Stasiun MRT Dukuh Atas,Tier 1: Core Urban Center (<7km),0,0,0,0,0,0,0,0,0,0,0,0,-6.1957828,106.8351718,listing,0,https://picture.rumah123.com/r123-images/360x210-crop/customer/1754747/listing/apr7675702/enhanced/504a2e634ed2ff8a7417b2566a00a6ac.jpg,"Menteng Park adalah proyek hunian dan komersial dari Agung Sedayu Group yang berkonsep one-stop living, terletak di lokasi strategis Menteng, Jaka...",12801564.0,198436.0,0.0154,-1.6,0.04,Fair Market Price,,Disewakan Apartemen Menteng Park Type 2 Badroom,,unresolved
LST-00112,The Mansion Kemayoran • 2BR Furnished (70 m²),https://www.rumah123.com/properti/jakarta-pusat-kemayoran/disewakan-apartementhe-mansion-kemayoran-apr7662124/,Jakarta Pusat,DKI Jakarta,Kemayoran,"Kemayoran, Jakarta Pusat",Apartemen,7083333.333333333,101190.47619047618,yearly,2,1,2 Bedroom,70.0,6.471998976010265,5.272616443868521,Stasiun KRL Manggarai,Tier 1: Core Urban Center (<7km),0,0,0,0,0,0,0,0,0,0,0,0,-6.16282185,106.8558983,listing,0,https://picture.rumah123.com/r123-images/360x210-crop/customer/1754747/898024186c3fe97861e8ea8e18e0e9a0.jpg,*Apartement The Mansion Dukuh Golf dan Bougenvile Kemayoran*  Kawasan Apartment Karya Agung Sedayu Group yang berada jakarta Pusat.   Fasilitas: Fo...,6447070.0,636263.333333333,0.0941,-9.9,0.26,Fair Market Price,,Disewakan Apartementhe Mansion Kemayoran,The Mansion Kemayoran,exact
LST-00113,Capitol Park Residence • 2BR Furnished (46 m²),https://www.rumah123.com/properti/jakarta-pusat-salemba/disewakan-apartemen-capitol-park-residence-apr7667673/,Jakarta Pusat,DKI Jakarta,Salemba,"Salemba, Jakarta Pusat",Apartemen,11000000.0,239130.4347826087,monthly,2,1,2 Bedroom,46.0,3.7085463575843023,1.648438502114544,Stasiun KRL Manggarai,Tier 1: Core Urban Center (<7km),0,0,0,0,0,0,0,0,0,0,0,0,-6.19508,106.850578,listing,0,https://picture.rumah123.com/r123-images/360x210-crop/customer/1754747/listing/apr7667673/enhanced/261ff6652dbe36b5669665747a8b1f7e.jpg,"Capitol Park Residence di Salemba, Jakarta Pusat, adalah hunian vertikal berkonsep green living dan resort yang strategis. Berdiri di lahan 2 ...",6460815.0,4539185.0,0.5321,-70.3,1.46,Premium / High Price,,Disewakan Apartemen Capitol Park Residence,Capitol Park Residence,exact
LST-00114,Unresolved • Menteng • 1BR Furnished (28 m²),https://www.rumah123.com/properti/jakarta-pusat-menteng/disewakan-apartemen-menteng-park-type-1-badroom-apr7719491/,Jakarta Pusat,DKI Jakarta,Menteng,"Menteng, Jakarta Pusat",Apartemen,6666666.666666667,238095.2380952381,yearly,1,1,Studio / 1BR,28.0,2.215387522692101,1.487291158622338,Stasiun MRT Dukuh Atas,Tier 1: Core Urban Center (<7km),0,0,0,0,0,0,0,0,0,0,0,0,-6.1957828,106.8351718,listing,0,https://picture.rumah123.com/r123-images/360x210-crop/customer/1754747/listing/apr7719491/enhanced/87d5e6ac40e26074293ade5ed0e842f8.jpg,"Menteng Park adalah proyek hunian dan komersial dari Agung Sedayu Group yang berkonsep one-stop living, terletak di lokasi strategis Menteng, Jaka...",7051698.0,-385031.333333333,-0.0561,5.5,-0.15,Fair Market Price,,Disewakan Apartemen Menteng Park Type 1 Badroom,,unresolved
LST-00115,Unresolved • Menteng • 3BR Furnished (88 m²),https://www.rumah123.com/properti/jakarta-pusat-menteng/disewakan-apartemen-menteng-park-type-3-badroom-apr7748259/,Jakarta Pusat,DKI Jakarta,Menteng,"Menteng, Jakarta Pusat",Apartemen,16000000.0,181818.18181818185,monthly,3,2,3 Bedroom,88.0,2.215387522692101,1.487291158622338,Stasiun MRT Dukuh Atas,Tier 1: Core Urban Center (<7km),0,0,0,0,0,0,0,0,0,0,0,0,-6.1957828,106.8351718,listing,0,https://picture.rumah123.com/r123-images/360x210-crop/customer/1754747/listing/apr7748259/enhanced/9adeb9fbc2005edbd5d53be56f6b4892.jpg,"Menteng Park adalah proyek hunian dan komersial dari Agung Sedayu Group yang berkonsep one-stop living, terletak di lokasi strategis Menteng, Jaka...",15857733.0,142267.0,0.0089,-0.9,0.02,Fair Market Price,,Disewakan Apartemen Menteng Park Type 3 Badroom,,unresolved
LST-00116,Unresolved • Menteng • Studio Furnished (33 m²),https://www.rumah123.com/properti/jakarta-pusat-menteng/disewakan-apartemen-menteng-park-type-studio-apr7759660/,Jakarta Pusat,DKI Jakarta,Menteng,"Menteng, Jakarta Pusat",Apartemen,7500000.0,227272.7272727273,monthly,0,1,Studio / 1BR,33.0,2.215387522692101,1.487291158622338,Stasiun MRT Dukuh Atas,Tier 1: Core Urban Center (<7km),0,0,0,0,0,0,0,0,0,0,0,0,-6.1957828,106.8351718,listing,0,https://picture.rumah123.com/r123-images/360x210-crop/customer/1754747/listing/apr7759660/enhanced/70f87f7850c0494f5039ab462b037c59.jpg,"Menteng Park adalah proyek hunian dan komersial dari Agung Sedayu Group yang berkonsep one-stop living, terletak di lokasi strategis Menteng, Jaka...",7634396.0,-134396.0,-0.0178,1.8,-0.05,Fair Market Price,,Disewakan Apartemen Menteng Park Type Studio,,unresolved
LST-00117,Cosmo Mansion Tower Cosmo • 2BR Furnished (60 m²),https://www.rumah123.com/properti/jakarta-pusat-kebon-melati/disewakan-apartemen-cosmo-terrace-type-2-badroom-apr7748484/,Jakarta Pusat,DKI Jakarta,Kebon Melati,"Kebon Melati, Jakarta Pusat",Apartemen,11000000.0,183333.3333333333,monthly,2,1,2 Bedroom,60.0,1.7826577189537496,0.8500146797386691,Stasiun MRT Dukuh Atas,Tier 1: Core Urban Center (<7km),0,0,0,0,0,0,0,0,0,0,0,0,-6.19403,106.826271,listing,0,https://picture.rumah123.com/r123-images/360x210-crop/customer/1754747/listing/apr7748484/enhanced/7f94669786a217d4d4d2d607b667ae0c.jpg,Cosmo Terrace adalah salah satu menara apartemen yang menjadi bagian dari superblok Thamrin City. Proyek raksasa ini dikembangkan oleh PT Agung Pod...,13228754.0,-2228754.0,-0.1845,16.8,-0.51,Fair Market Price,,Disewakan Apartemen Cosmo Terrace Type 2 Badroom,Cosmo Mansion,exact
LST-00118,Unresolved • Menteng • Studio Full Furnished (33 m²),https://www.rumah123.com/properti/jakarta-pusat-menteng/for-rent-apartemen-menteng-park-type-studio-fully-furnished-apr7766506/,Jakarta Pusat,DKI Jakarta,Menteng,"Menteng, Jakarta Pusat",Apartemen,8000000.0,242424.24242424243,monthly,1,1,Studio / 1BR,33.0,2.215387522692101,1.487291158622338,Stasiun MRT Dukuh Atas,Tier 1: Core Urban Center (<7km),1,0,0,0,0,0,0,0,0,0,0,0,-6.1957828,106.8351718,listing,0,https://picture.rumah123.com/r123-images/360x210-crop/customer/1933702/82056ca81c58ef444a346ca6e15ee778.jpg,"Apartment Name: Menteng Park Location: Jl. Cikini Raya No.79, RT.2/RW.2, Cikini, Menteng, Central Jakarta City 10330 Tower / Floor / View: Sapphire...",8073789.0,-73789.0,-0.0092,0.9,-0.03,Fair Market Price,,For Rent Apartemen Menteng Park - Type Studio Fully Furnished,,unresolved
LST-00119,Sudirman Park • 2BR Full Furnished (48 m²),https://www.rumah123.com/properti/jakarta-pusat-tanah-abang/for-rent-apartemen-sudirman-park-2-bedroom-fully-furnished-apr7818963/,Jakarta Pusat,DKI Jakarta,Tanah Abang,"Tanah Abang, Jakarta Pusat",Apartemen,8000000.0,166666.66666666666,monthly,2,1,2 Bedroom,48.0,1.2387002959524325,1.571780108598274,Stasiun MRT Dukuh Atas,Tier 1: Core Urban Center (<7km),1,0,0,0,0,0,0,0,0,0,0,0,-6.20551047,106.8092941,listing,0,https://picture.rumah123.com/r123-images/360x210-crop/customer/1933702/b7935cc60c8a027e9772780657aa152d.jpg,"Apartment Name: Sudirman Park Location: Jl. K.H. Mas Mansyur, RT.12/RW.11, Karet Tengsin, Tanah Abang, Central Jakarta City 10250 Tower / Floor / V...",9553790.0,-1553790.0,-0.1775,16.3,-0.49,Fair Market Price,,For Rent Apartemen Sudirman Park - 2 Bedroom Fully Furnished,Sudirman Park,exact
LST-00120,Unresolved • Menteng • Studio Full Furnished (28 m²),https://www.rumah123.com/properti/jakarta-pusat-menteng/for-rent-apartemen-menteng-park-type-studio-fully-furnished-apr7793902/,Jakarta Pusat,DKI Jakarta,Menteng,"Menteng, Jakarta Pusat",Apartemen,7000000.0,250000.0,monthly,1,1,Studio / 1BR,28.0,2.215387522692101,1.487291158622338,Stasiun MRT Dukuh Atas,Tier 1: Core Urban Center (<7km),1,0,0,0,0,0,0,0,0,0,0,0,-6.1957828,106.8351718,listing,0,https://picture.rumah123.com/r123-images/360x210-crop/customer/1933702/a8f81462260b51cd36380420d82630ae.jpg,"Apartment Name: Menteng Park Location: Jl. Cikini Raya No.79, RT.2/RW.2, Cikini, Menteng, Central Jakarta City 10330 Tower / Floor / View: Diamond ...",8181805.0,-1181805.0,-0.156,14.4,-0.43,Fair Market Price,,For Rent Apartemen Menteng Park - Type Studio Fully Furnished,,unresolved
LST-00121,Thamrin Residences • 1BR Full Furnished (41 m²),https://www.rumah123.com/properti/jakarta-pusat-tanah-abang/for-rent-apartemen-thamrin-residence-1-bedroom-full-furnished-apr7769826/,Jakarta Pusat,DKI Jakarta,Tanah Abang,"Tanah Abang, Jakarta Pusat",Apartemen,7000000.0,170731.70731707316,monthly,1,1,Studio / 1BR,41.0,1.2387002959524325,1.571780108598274,Stasiun MRT Dukuh Atas,Tier 1: Core Urban Center (<7km),1,0,0,0,0,0,0,0,0,0,0,0,-6.20551047,106.8092941,listing,0,https://picture.rumah123.com/r123-images/360x210-crop/customer/1933702/430747581b49d9f1f79fc8b578883b9a.jpg,"Apartment Name: Thamrin Residence Location: Jl. Kebon Kacang Raya, Kebon Melati, Tanah Abang - Jakarta Pusat 10230 Tower / Floor / View: Chrysant /...",8337925.0,-1337925.0,-0.1749,16.0,-0.48,Fair Market Price,,For Rent Apartemen Thamrin Residence - 1 Bedroom Full Furnished,Thamrin Residences,fuzzy
LST-00122,Thamrin Residences • 2BR Full Furnished (65 m²),https://www.rumah123.com/properti/jakarta-pusat-tanah-abang/for-rent-apartemen-thamrin-residence-2-bedroom-full-furnished-apr7827081/,Jakarta Pusat,DKI Jakarta,Tanah Abang,"Tanah Abang, Jakarta Pusat",Apartemen,10000000.0,153846.15384615384,monthly,2,1,2 Bedroom,65.0,1.2387002959524325,1.571780108598274,Stasiun MRT Dukuh Atas,Tier 1: Core Urban Center (<7km),1,0,0,0,0,0,0,0,0,0,0,0,-6.20551047,106.8092941,listing,0,https://picture.rumah123.com/r123-images/360x210-crop/customer/1933702/4aca782e2720225043b5aedef2f227ec.jpg,"Apartment Name: Thamrin Residence Location: Jl. Kebon Kacang Raya, Kebon Melati, Tanah Abang - Jakarta Pusat 10230 Tower / Floor / View: Bougenvill...",12910539.0,-2910539.0,-0.2555,22.5,-0.7,Fair Market Price,,For Rent Apartemen Thamrin Residence - 2 Bedroom Full Furnished,Thamrin Residences,fuzzy
LST-00123,Thamrin Residences • 2BR Full Furnished (65 m²),https://www.rumah123.com/properti/jakarta-pusat-tanah-abang/for-rent-apartemen-thamrin-residence-2-bedroom-full-furnished-apr7817403/,Jakarta Pusat,DKI Jakarta,Tanah Abang,"Tanah Abang, Jakarta Pusat",Apartemen,13000000.0,200000.0,monthly,2,1,2 Bedroom,65.0,1.2387002959524325,1.571780108598274,Stasiun MRT Dukuh Atas,Tier 1: Core Urban Center (<7km),1,0,0,0,0,0,0,0,0,0,0,0,-6.20551047,106.8092941,listing,0,https://picture.rumah123.com/r123-images/360x210-crop/customer/1933702/852bd4348f873e228d80aa7d777a2a4f.jpg,"Apartment Name: Thamrin Residence Location: Jl. Kebon Kacang Raya, Kebon Melati, Tanah Abang - Jakarta Pusat 10230 Tower / Floor / View: Chrysant /...",12307726.0,692274.0,0.0547,-5.6,0.15,Fair Market Price,,For Rent Apartemen Thamrin Residence - 2 Bedroom Full Furnished,Thamrin Residences,fuzzy
LST-00124,Thamrin Residences • 1BR Full Furnished (41 m²),https://www.rumah123.com/properti/jakarta-pusat-tanah-abang/for-rent-apartemen-thamrin-residence-1-bedroom-full-furnished-apr7796704/,Jakarta Pusat,DKI Jakarta,Tanah Abang,"Tanah Abang, Jakarta Pusat",Apartemen,7500000.0,182926.82926829267,yearly,1,1,Studio / 1BR,41.0,1.2387002959524325,1.571780108598274,Stasiun MRT Dukuh Atas,Tier 1: Core Urban Center (<7km),1,0,0,0,0,0,0,0,0,0,0,0,-6.20551047,106.8092941,listing,0,https://picture.rumah123.com/r123-images/360x210-crop/customer/1933702/ba8b2decf38823b0ad5a77670cd041ff.jpg,"Apartment Name: Thamrin Residence Location: Jl. Kebon Kacang Raya, Kebon Melati, Tanah Abang - Jakarta Pusat 10230 Tower / Floor / View: Bougenvill...",7931555.0,-431555.0,-0.0559,5.4,-0.15,Fair Market Price,,For Rent Apartemen Thamrin Residence - 1 Bedroom Full Furnished,Thamrin Residences,fuzzy
LST-00125,Unresolved • Menteng • Studio Full Furnished (28 m²),https://www.rumah123.com/properti/jakarta-pusat-menteng/for-rent-apartemen-menteng-park-type-studio-fully-furnished-apr7812432/,Jakarta Pusat,DKI Jakarta,Menteng,"Menteng, Jakarta Pusat",Apartemen,8000000.0,285714.28571428574,monthly,1,1,Studio / 1BR,28.0,2.215387522692101,1.487291158622338,Stasiun MRT Dukuh Atas,Tier 1: Core Urban Center (<7km),1,0,0,0,0,0,0,0,0,0,0,0,-6.1957828,106.8351718,listing,0,https://picture.rumah123.com/r123-images/360x210-crop/customer/1933702/97c86ab7c8180605a5b51f8143056bd9.jpg,"Apartment Name: Menteng Park Location: Jl. Cikini Raya No.79, RT.2/RW.2, Cikini, Menteng, Central Jakarta City 10330 Tower / Floor / View: Diamond ...",8001356.0,-1356.0,-0.0002,0.0,-0.0,Fair Market Price,,For Rent Apartemen Menteng Park - Type Studio Fully Furnished,,unresolved
LST-00126,Thamrin Executive • 1BR Full Furnished (42 m²),https://www.rumah123.com/properti/jakarta-pusat-tanah-abang/sewa-apartment-thamrin-executive-1-bedroom-fully-furnished-apr7769825/,Jakarta Pusat,DKI Jakarta,Tanah Abang,"Tanah Abang, Jakarta Pusat",Apartemen,9500000.0,226190.47619047613,monthly,1,1,Studio / 1BR,42.0,1.2387002959524325,1.571780108598274,Stasiun MRT Dukuh Atas,Tier 1: Core Urban Center (<7km),1,0,0,0,0,0,0,0,0,0,0,0,-6.20551047,106.8092941,listing,0,https://picture.rumah123.com/r123-images/360x210-crop/customer/1933702/0aa664a9dbd46640571bd7f0efeae2db.jpg,"Apartment Name: Thamrin Executive Location: Jl. Kebon Kacang Raya,Kebon Melati Tanah Abang Jakarta Pusat 10230 Tower / Floor / View: Middle Floor /...",7993282.0,1506718.0,0.1727,-18.8,0.47,Fair Market Price,,Sewa Apartment Thamrin Executive - 1 Bedroom Fully Furnished,Thamrin Executive,exact
LST-00127,Unresolved • Menteng • Studio Full Furnished (28 m²),https://www.rumah123.com/properti/jakarta-pusat-menteng/for-rent-apartemen-menteng-park-type-studio-fully-furnished-apr7796710/,Jakarta Pusat,DKI Jakarta,Menteng,"Menteng, Jakarta Pusat",Apartemen,8500000.0,303571.4285714286,monthly,1,1,Studio / 1BR,28.0,2.215387522692101,1.487291158622338,Stasiun MRT Dukuh Atas,Tier 1: Core Urban Center (<7km),1,0,0,0,0,0,0,0,0,0,0,0,-6.1957828,106.8351718,listing,0,https://picture.rumah123.com/r123-images/360x210-crop/customer/1933702/f91c7038786212dc3445cdeea70f3436.jpg,"Apartment Name: Menteng Park Location: Jl. Cikini Raya No.79, RT.2/RW.2, Cikini, Menteng, Central Jakarta City 10330 Tower / Floor / View: Diamond ...",7775953.0,724047.0,0.089,-9.3,0.24,Fair Market Price,,For Rent Apartemen Menteng Park - Type Studio Fully Furnished,,unresolved
LST-00128,Unresolved • Menteng • 2BR Full Furnished (72 m²),https://www.rumah123.com/properti/jakarta-pusat-menteng/for-rent-apartemen-menteng-park-type-2-bedroom-fully-furnished-apr7811096/,Jakarta Pusat,DKI Jakarta,Menteng,"Menteng, Jakarta Pusat",Apartemen,15416666.666666666,214120.3703703704,yearly,2,2,2 Bedroom,72.0,2.215387522692101,1.487291158622338,Stasiun MRT Dukuh Atas,Tier 1: Core Urban Center (<7km),1,0,0,0,0,0,0,0,0,0,0,0,-6.1957828,106.8351718,listing,0,https://picture.rumah123.com/r123-images/360x210-crop/customer/1933702/3408a1fc1d5176f730e86f94dd60d76c.jpg,"Apartment Name: Menteng Park Location: Jl. Cikini Raya No.79, RT.2/RW.2, Cikini, Menteng, Central Jakarta City 10330 Tower / Floor / View: Diamond ...",14859408.0,557258.666666666,0.0368,-3.8,0.1,Fair Market Price,,For Rent Apartemen Menteng Park - Type 2 Bedroom Fully Furnished,,unresolved
LST-00129,Unresolved • Menteng • Studio Full Furnished (28 m²),https://www.rumah123.com/properti/jakarta-pusat-menteng/for-rent-apartemen-menteng-park-type-studio-fully-furnished-apr7827075/,Jakarta Pusat,DKI Jakarta,Menteng,"Menteng, Jakarta Pusat",Apartemen,9500000.0,339285.71428571426,monthly,1,1,Studio / 1BR,28.0,2.215387522692101,1.487291158622338,Stasiun MRT Dukuh Atas,Tier 1: Core Urban Center (<7km),1,0,0,0,0,0,0,0,0,0,0,0,-6.1957828,106.8351718,listing,0,https://picture.rumah123.com/r123-images/360x210-crop/customer/1933702/f54a5ce1cb972cbcaf9a023c4a79b1d7.jpg,"Apartment Name: Menteng Park Location: Jl. Cikini Raya No.79, RT.2/RW.2, Cikini, Menteng, Central Jakarta City 10330 Tower / Floor / View: Diamond ...",7840546.0,1659454.0,0.192,-21.2,0.53,Fair Market Price,,For Rent Apartemen Menteng Park - Type Studio Fully Furnished,,unresolved
LST-00130,Cosmo Mansion Tower Cosmo • 2BR Full Furnished (58 m²),https://www.rumah123.com/properti/jakarta-pusat-tanah-abang/sewa-apartemen-cosmo-terrace-type-2-bedroom-fully-furnished-apr7793890/,Jakarta Pusat,DKI Jakarta,Tanah Abang,"Tanah Abang, Jakarta Pusat",Apartemen,10000000.0,172413.7931034483,monthly,2,1,2 Bedroom,58.0,1.2387002959524325,1.571780108598274,Stasiun MRT Dukuh Atas,Tier 1: Core Urban Center (<7km),1,0,0,0,0,0,0,0,0,0,0,0,-6.20551047,106.8092941,listing,0,https://picture.rumah123.com/r123-images/360x210-crop/customer/1933702/95f3bc06c4b8366072933223928a4e31.jpg,Apartment Name: Cosmo Terrace Thamrin City Location: Thamrin Jakarta Pusat Tower / Floor / View: Middle Floor / City View Size: 58 m2 Bedroom: 2 Ba...,12781938.0,-2781938.0,-0.2454,21.8,-0.67,Fair Market Price,,Sewa Apartemen Cosmo Terrace - Type 2 Bedroom Fully Furnished,Cosmo Mansion,exact
LST-00131,Cosmo Mansion Tower Cosmo • 1BR Full Furnished (38 m²),https://www.rumah123.com/properti/jakarta-pusat-tanah-abang/sewa-apartemen-cosmo-terrace-type-1-bedroom-fully-furnished-apr7793914/,Jakarta Pusat,DKI Jakarta,Tanah Abang,"Tanah Abang, Jakarta Pusat",Apartemen,7000000.0,184210.52631578947,monthly,1,1,Studio / 1BR,38.0,1.2387002959524325,1.571780108598274,Stasiun MRT Dukuh Atas,Tier 1: Core Urban Center (<7km),1,0,0,0,0,0,0,0,0,0,0,0,-6.20551047,106.8092941,listing,0,https://picture.rumah123.com/r123-images/360x210-crop/customer/1933702/ecd138f6f98041538c4dc0a46b3fb0b4.jpg,Apartment Name: Cosmo Terrace Thamrin City Location: Thamrin Jakarta Pusat Tower / Floor / View: High Floor / City View Size: 38 m2 Bedroom: 1 Bath...,7420906.0,-420906.0,-0.0584,5.7,-0.16,Fair Market Price,,Sewa Apartemen Cosmo Terrace - Type 1 Bedroom Fully Furnished,Cosmo Mansion,exact
LST-00132,Unresolved • Menteng • Studio Full Furnished (33 m²),https://www.rumah123.com/properti/jakarta-pusat-menteng/for-rent-apartemen-menteng-park-type-studio-fully-furnished-apr7819036/,Jakarta Pusat,DKI Jakarta,Menteng,"Menteng, Jakarta Pusat",Apartemen,7500000.0,227272.7272727273,yearly,1,1,Studio / 1BR,33.0,2.215387522692101,1.487291158622338,Stasiun MRT Dukuh Atas,Tier 1: Core Urban Center (<7km),1,0,0,0,0,0,0,0,0,0,0,0,-6.1957828,106.8351718,listing,0,https://picture.rumah123.com/r123-images/360x210-crop/customer/1933702/89ad28c2ce9c438ecb1bb1767ba5edc2.jpg,"Apartment Name: Menteng Park Location: Jl. Cikini Raya No.79, RT.2/RW.2, Cikini, Menteng, Central Jakarta City 10330 Tower / Floor / View: Sapphire...",8255185.0,-755185.0,-0.0959,9.1,-0.26,Fair Market Price,,For Rent Apartemen Menteng Park - Type Studio Fully Furnished,,unresolved
LST-00133,Thamrin Residences • 3BR Furnished (105 m²),https://www.rumah123.com/properti/jakarta-pusat-thamrin/disewakan-3-br-thamrin-residence-apr7750583/,Jakarta Pusat,DKI Jakarta,Thamrin,"Thamrin, Jakarta Pusat",Apartemen,13500000.0,128571.42857142857,monthly,3,2,3 Bedroom,105.0,1.3881549432136606,0.8138062939703808,Stasiun MRT Dukuh Atas,Tier 1: Core Urban Center (<7km),0,0,0,0,0,0,0,0,0,0,0,0,-6.196800833856969,106.81653446831832,listing,0,https://picture.rumah123.com/r123-images/360x210-crop/customer/1826735/listing/apr7750583/enhanced/6e390b28e931cec9e1df8682a734b211.jpg,"Facility: * Security 24hours, Atm 24hours, Taxi 24hours, Access card, Garden, Restaurant, Minimarket, Pizza Hut Delivery, Apotik century health, De...",24148268.0,-10648268.0,-0.5815,44.1,-1.6,Deep Value Deal (Rare Find),deep,Disewakan 3 BR Thamrin Residence,Thamrin Residences,fuzzy
LST-00134,Sudirman Park • 3BR Full Furnished (78 m²),https://www.rumah123.com/properti/jakarta-pusat-tanah-abang/sudirman-park-apartment-for-rent-31-bedroom-fully-furnished-apr7769831/,Jakarta Pusat,DKI Jakarta,Tanah Abang,"Tanah Abang, Jakarta Pusat",Apartemen,12000000.0,153846.15384615384,monthly,3,2,3 Bedroom,78.0,1.2387002959524325,1.571780108598274,Stasiun MRT Dukuh Atas,Tier 1: Core Urban Center (<7km),1,0,0,0,0,0,0,0,0,0,0,0,-6.20551047,106.8092941,listing,0,https://picture.rumah123.com/r123-images/360x210-crop/customer/1933702/693bd3d1048647910683d1bf4ef1eaac.jpg,"Apartment Name: Sudirman Park Location: Jl. K.H. Mas Mansyur, RT.12/RW.11, Karet Tengsin, Tanah Abang, Central Jakarta City 10250 Tower / Floor / V...",14411642.0,-2411642.0,-0.1831,16.7,-0.5,Fair Market Price,,Sudirman Park Apartment For Rent 3+1 Bedroom Fully Furnished,Sudirman Park,exact
LST-00135,Thamrin Executive • Studio Full Furnished (33 m²),https://www.rumah123.com/properti/jakarta-pusat-tanah-abang/sewa-apartemen-thamrin-executive-tipe-studio-fully-furnished-apr7817407/,Jakarta Pusat,DKI Jakarta,Tanah Abang,"Tanah Abang, Jakarta Pusat",Apartemen,7500000.0,227272.7272727273,monthly,1,1,Studio / 1BR,33.0,1.2387002959524325,1.571780108598274,Stasiun MRT Dukuh Atas,Tier 1: Core Urban Center (<7km),1,0,0,0,0,0,0,0,0,0,0,0,-6.20551047,106.8092941,listing,0,https://picture.rumah123.com/r123-images/360x210-crop/customer/1933702/f4048bea0769ceb29187d55d55876b9b.jpg,"Apartment Name: Thamrin Executive Residence Location: Jl. Kebon Kacang Raya,Kebon Melati Tanah Abang Jakarta Pusat 10230 Tower / Floor / View: Midd...",7335695.0,164305.0,0.0222,-2.2,0.06,Fair Market Price,,Sewa Apartemen Thamrin Executive Tipe Studio Fully Furnished,Thamrin Executive,exact
LST-00136,Unresolved • Menteng • 2BR Full Furnished (58 m²),https://www.rumah123.com/properti/jakarta-pusat-menteng/for-rent-apartemen-menteng-park-type-2-bedroom-fully-furnished-apr7793894/,Jakarta Pusat,DKI Jakarta,Menteng,"Menteng, Jakarta Pusat",Apartemen,13000000.0,224137.93103448275,monthly,2,1,2 Bedroom,58.0,2.215387522692101,1.487291158622338,Stasiun MRT Dukuh Atas,Tier 1: Core Urban Center (<7km),1,0,0,0,0,0,0,0,0,0,0,0,-6.1957828,106.8351718,listing,0,https://picture.rumah123.com/r123-images/360x210-crop/customer/1933702/045d667ba53b891f79e16bf687e31405.jpg,"Apartment Name: Menteng Park Location: Jl. Cikini Raya No.79, RT.2/RW.2, Cikini, Menteng, Central Jakarta City 10330 Tower / Floor / View: Sapphire...",13656212.0,-656212.0,-0.0492,4.8,-0.14,Fair Market Price,,For Rent Apartemen Menteng Park - Type 2 Bedroom Fully Furnished,,unresolved
LST-00137,Thamrin Residences • 1BR Full Furnished (42 m²),https://www.rumah123.com/properti/jakarta-pusat-tanah-abang/for-rent-apartemen-thamrin-residence-1-bedroom-full-furnished-apr7784536/,Jakarta Pusat,DKI Jakarta,Tanah Abang,"Tanah Abang, Jakarta Pusat",Apartemen,8000000.0,190476.19047619047,monthly,1,1,Studio / 1BR,42.0,1.2387002959524325,1.571780108598274,Stasiun MRT Dukuh Atas,Tier 1: Core Urban Center (<7km),1,0,0,0,0,0,0,0,0,0,0,0,-6.20551047,106.8092941,listing,0,https://picture.rumah123.com/r123-images/360x210-crop/customer/1933702/3fd108a98df604a181bb692436a8f59e.jpg,"Apartment Name: Thamrin Residence Location: Jl. Kebon Kacang Raya, Kebon Melati, Tanah Abang - Jakarta Pusat 10230 Tower / Floor / View: Edelweis /...",8465303.0,-465303.0,-0.0565,5.5,-0.16,Fair Market Price,,For Rent Apartemen Thamrin Residence - 1 Bedroom Full Furnished,Thamrin Residences,fuzzy
LST-00138,Cosmo Mansion Tower Cosmo • 1BR Full Furnished (38 m²),https://www.rumah123.com/properti/jakarta-pusat-tanah-abang/sewa-apartemen-cosmo-terrace-type-1-bedroom-full-furnished-apr7847827/,Jakarta Pusat,DKI Jakarta,Tanah Abang,"Tanah Abang, Jakarta Pusat",Apartemen,7500000.0,197368.4210526316,monthly,1,1,Studio / 1BR,38.0,1.2387002959524325,1.571780108598274,Stasiun MRT Dukuh Atas,Tier 1: Core Urban Center (<7km),1,0,0,0,0,0,0,0,0,0,0,0,-6.20551047,106.8092941,listing,0,https://picture.rumah123.com/r123-images/360x210-crop/customer/1933702/d07604e81a6e7b3213b2cb75c09882c2.jpg,Apartment Name: Cosmo Terrace Thamrin City Location: Thamrin Jakarta Pusat Tower / Floor / View: High Floor / City View Size: 38 m2 Bedroom: 1 Bath...,7459505.0,40495.0,0.0054,-0.5,0.01,Fair Market Price,,Sewa Apartemen Cosmo Terrace - Type 1 Bedroom Full Furnished,Cosmo Mansion,exact
LST-00139,Unresolved • Menteng • 2BR Full Furnished (60 m²),https://www.rumah123.com/properti/jakarta-pusat-menteng/for-rent-apartment-menteng-park-type-2-bedroom-fully-furnished-apr7826984/,Jakarta Pusat,DKI Jakarta,Menteng,"Menteng, Jakarta Pusat",Apartemen,14583333.333333334,243055.5555555556,yearly,2,2,2 Bedroom,60.0,2.215387522692101,1.487291158622338,Stasiun MRT Dukuh Atas,Tier 1: Core Urban Center (<7km),1,0,0,0,0,0,0,0,0,0,0,0,-6.1957828,106.8351718,listing,0,https://picture.rumah123.com/r123-images/360x210-crop/customer/1933702/1ca384d562170772380e4a6710b6957b.jpg,"Apartment Name: Menteng Park Location: Jl. Cikini Raya No.79, RT.2/RW.2, Cikini, Menteng, Central Jakarta City 10330 Tower / Floor / View: Diamond ...",13166895.0,1416438.333333334,0.1022,-10.8,0.28,Fair Market Price,,For Rent Apartment Menteng Park Type 2 Bedroom Fully Furnished,,unresolved
LST-00140,Sudirman Park • 1BR Full Furnished (48 m²),https://www.rumah123.com/properti/jakarta-pusat-tanah-abang/rent-sudirman-park-apartment-type-1-bedroom-fully-furnished-apr7847825/,Jakarta Pusat,DKI Jakarta,Tanah Abang,"Tanah Abang, Jakarta Pusat",Apartemen,8000000.0,166666.66666666666,monthly,1,1,Studio / 1BR,48.0,1.2387002959524325,1.571780108598274,Stasiun MRT Dukuh Atas,Tier 1: Core Urban Center (<7km),1,0,0,0,0,0,0,0,0,0,0,0,-6.20551047,106.8092941,listing,0,https://picture.rumah123.com/r123-images/360x210-crop/customer/1933702/b8e30efabeb59567d18cf60d113d83d9.jpg,"Apartment Name: Sudirman Park Location: Jl. K.H. Mas Mansyur, RT.12/RW.11, Karet Tengsin, Tanah Abang, Central Jakarta City 10250 Tower / Floor / V...",10213860.0,-2213860.0,-0.2443,21.7,-0.67,Fair Market Price,,Rent Sudirman Park Apartment - Type 1 Bedroom Fully Furnished,Sudirman Park,exact
LST-00141,Menara Jakarta • 2BR Furnished (88 m²),https://www.rumah123.com/properti/jakarta-pusat-kemayoran/disewakan-2-bedroom-apartemen-menara-jakarta-tower-azure-apr7832125/,Jakarta Pusat,DKI Jakarta,Kemayoran,"Kemayoran, Jakarta Pusat",Apartemen,9166666.666666666,104166.66666666666,yearly,2,2,2 Bedroom,88.0,6.471998976010265,5.272616443868521,Stasiun KRL Manggarai,Tier 1: Core Urban Center (<7km),0,0,0,0,0,0,0,0,0,0,0,0,-6.16282185,106.8558983,listing,0,https://picture.rumah123.com/r123-images/360x210-crop/customer/4381288/e72050245ab08bff854c95358f77729d.jpg,"Kesempatan terbatas buat Anda dapatkan apartemen strategis dengan return investasi tinggi di Kemayoran, Jakarta Pusat.  Apartemen ini menawarkan ke...",8783621.0,383045.6666666661,0.0427,-4.4,0.12,Fair Market Price,,Disewakan 2 Bedroom Apartemen Menara Jakarta Tower Azure,Menara Jakarta,exact
LST-00142,Cosmo Mansion Tower Cosmo • 2BR Full Furnished (89 m²),https://www.rumah123.com/properti/jakarta-pusat-tanah-abang/sewa-apartemen-cosmo-mansion-2-bedroom-fully-furnished-apr7780143/,Jakarta Pusat,DKI Jakarta,Tanah Abang,"Tanah Abang, Jakarta Pusat",Apartemen,12000000.0,134831.4606741573,monthly,2,2,2 Bedroom,89.0,1.2387002959524325,1.571780108598274,Stasiun MRT Dukuh Atas,Tier 1: Core Urban Center (<7km),1,0,0,0,0,0,0,0,0,0,0,0,-6.20551047,106.8092941,listing,0,https://picture.rumah123.com/r123-images/360x210-crop/customer/1933702/582b9a7e087d155e37470ff4a84cd296.jpg,"Apartment Name: Cosmo Manssion Location: Jl. Kebon Kacang Raya, Thamrin City, Tanah Abang, Central Jakarta City 10230 Tower / Floor / View: High Fl...",15499722.0,-3499722.0,-0.2559,22.6,-0.7,Fair Market Price,,Sewa Apartemen Cosmo Mansion - 2 Bedroom Fully Furnished,Cosmo Mansion,fuzzy
LST-00143,Unresolved • Menteng • Studio Full Furnished (33 m²),https://www.rumah123.com/properti/jakarta-pusat-menteng/for-rent-apartemen-menteng-park-type-studio-fully-furnished-apr7766542/,Jakarta Pusat,DKI Jakarta,Menteng,"Menteng, Jakarta Pusat",Apartemen,9500000.0,287878.7878787879,monthly,1,1,Studio / 1BR,33.0,2.215387522692101,1.487291158622338,Stasiun MRT Dukuh Atas,Tier 1: Core Urban Center (<7km),1,0,0,0,0,0,0,0,0,0,0,0,-6.1957828,106.8351718,listing,0,https://picture.rumah123.com/r123-images/360x210-crop/customer/1933702/6744cdb0e0929759c88628b1ce435513.jpg,"Apartment Name: Menteng Park Location: Jl. Cikini Raya No.79, RT.2/RW.2, Cikini, Menteng, Central Jakarta City 10330 Tower / Floor / View: Sapphire...",8287305.0,1212695.0,0.1366,-14.6,0.38,Fair Market Price,,For Rent Apartemen Menteng Park - Type Studio Fully Furnished,,unresolved
LST-00144,Unresolved • Menteng • 2BR Full Furnished (61 m²),https://www.rumah123.com/properti/jakarta-pusat-menteng/for-rent-apartemen-menteng-park-type-2-bedrooms-fully-furnished-apr7769824/,Jakarta Pusat,DKI Jakarta,Menteng,"Menteng, Jakarta Pusat",Apartemen,12000000.0,196721.31147540984,monthly,2,1,2 Bedroom,61.0,2.215387522692101,1.487291158622338,Stasiun MRT Dukuh Atas,Tier 1: Core Urban Center (<7km),1,0,0,0,0,0,0,0,0,0,0,0,-6.1957828,106.8351718,listing,0,https://picture.rumah123.com/r123-images/360x210-crop/customer/1933702/a0630fe14ce208423ef5da5f52acecce.jpg,"Apartment Name: Menteng Park Location: Jl. Cikini Raya No.79, RT.2/RW.2, Cikini, Menteng, Central Jakarta City 10330 Tower / Floor / View: Sapphire...",13810311.0,-1810311.0,-0.1405,13.1,-0.39,Fair Market Price,,For Rent Apartemen Menteng Park Type 2 Bedrooms Fully Furnished,,unresolved
LST-00145,Unresolved • Menteng • Studio Full Furnished (28 m²),https://www.rumah123.com/properti/jakarta-pusat-menteng/for-rent-apartemen-menteng-park-type-studio-fully-furnished-apr7810879/,Jakarta Pusat,DKI Jakarta,Menteng,"Menteng, Jakarta Pusat",Apartemen,7500000.0,267857.14285714284,monthly,1,1,Studio / 1BR,28.0,2.215387522692101,1.487291158622338,Stasiun MRT Dukuh Atas,Tier 1: Core Urban Center (<7km),1,0,0,0,0,0,0,0,0,0,0,0,-6.1957828,106.8351718,listing,0,https://picture.rumah123.com/r123-images/360x210-crop/customer/4368659/33d74dd7ffe2986caf23c09bfe3e44b7.jpg,"Apartment Name: Menteng Park Location: Jl. Cikini Raya No.79, RT.2/RW.2, Cikini, Menteng, Central Jakarta City 10330 Tower / Floor / View: Diamond ...",8151543.0,-651543.0,-0.0833,8.0,-0.23,Fair Market Price,,For Rent Apartemen Menteng Park - Type Studio Fully Furnished,,unresolved
LST-00146,Thamrin Executive • 2BR Full Furnished (78 m²),https://www.rumah123.com/properti/jakarta-pusat-tanah-abang/sewa-apartment-thamrin-executive-2-bedrooms-fully-furnished-apr7825989/,Jakarta Pusat,DKI Jakarta,Tanah Abang,"Tanah Abang, Jakarta Pusat",Apartemen,14500000.0,185897.4358974359,monthly,2,1,2 Bedroom,78.0,1.2387002959524325,1.571780108598274,Stasiun MRT Dukuh Atas,Tier 1: Core Urban Center (<7km),1,0,0,0,0,0,0,0,0,0,0,0,-6.20551047,106.8092941,listing,0,https://picture.rumah123.com/r123-images/360x210-crop/customer/4368659/33485f3971f55b3746c5bebc243d8270.jpg,"Apartment Name: Thamrin Executive Location: Jl. Kebon Kacang Raya,Kebon Melati Tanah Abang Jakarta Pusat 10230 Tower / Floor / View: Middle Floor /...",14274033.0,225967.0,0.0157,-1.6,0.04,Fair Market Price,,Sewa Apartment Thamrin Executive - 2 Bedrooms Fully Furnished,Thamrin Executive,exact
LST-00147,Unresolved • Menteng • 2BR Full Furnished (72 m²),https://www.rumah123.com/properti/jakarta-pusat-menteng/for-rent-apartemen-menteng-park-type-2-bedrooms-fully-furnished-apr7766374/,Jakarta Pusat,DKI Jakarta,Menteng,"Menteng, Jakarta Pusat",Apartemen,16000000.0,222222.22222222225,monthly,2,2,2 Bedroom,72.0,2.215387522692101,1.487291158622338,Stasiun MRT Dukuh Atas,Tier 1: Core Urban Center (<7km),1,0,0,0,0,0,0,0,0,0,0,0,-6.1957828,106.8351718,listing,0,https://picture.rumah123.com/r123-images/360x210-crop/customer/4368659/e15b8048d9ffda8359c6c0e500b9519f.jpg,"Apartment Name: Menteng Park Location: Jl. Cikini Raya No.79, RT.2/RW.2, Cikini, Menteng, Central Jakarta City 10330 Tower / Floor / View: Diamond ...",14856043.0,1143957.0,0.0742,-7.7,0.2,Fair Market Price,,For Rent Apartemen Menteng Park - Type 2 Bedrooms Fully Furnished,,unresolved
LST-00148,Unresolved • Menteng • 1BR Full Furnished (40 m²),https://www.rumah123.com/properti/jakarta-pusat-menteng/for-rent-apartemen-menteng-park-type-1-bedroom-fully-furnished-apr7805274/,Jakarta Pusat,DKI Jakarta,Menteng,"Menteng, Jakarta Pusat",Apartemen,9500000.0,237500.0,monthly,1,1,Studio / 1BR,40.0,2.215387522692101,1.487291158622338,Stasiun MRT Dukuh Atas,Tier 1: Core Urban Center (<7km),1,0,0,0,0,0,0,0,0,0,0,0,-6.1957828,106.8351718,listing,0,https://picture.rumah123.com/r123-images/360x210-crop/customer/4368659/b96a19690e382d6ff400b066afef11c8.jpg,"Apartment Name: Menteng Park Location: Jl. Cikini Raya No.79, RT.2/RW.2, Cikini, Menteng, Central Jakarta City 10330 Tower / Floor / View: Sapphire...",8794269.0,705731.0,0.0772,-8.0,0.21,Fair Market Price,,For Rent Apartemen Menteng Park - Type 1 Bedroom Fully Furnished,,unresolved
LST-00149,Unresolved • Green Lake City • 2BR Furnished (50 m²),https://www.rumah123.com/properti/jakarta-barat-green-lake-city/siap-huni-apr7848607/,Jakarta Barat,DKI Jakarta,Green Lake City,"Green Lake City, Jakarta Barat",Apartemen,3750000.0,75000.0,yearly,2,1,2 Bedroom,50.0,12.480256578284832,8.621864997684167,Stasiun KRL Tangerang,Tier 2: Inner Ring Metro (7-15km),0,0,0,1,0,1,0,0,0,0,0,0,-6.180283,106.710808,listing,0,https://picture.rumah123.com/r123-images/360x210-crop/customer/4541683/dcad2cb635ab76dee1de22b6b5e8bd50.jpg,Ini spesifikasinya Disewakan apartemen condominium Daerah green royal condohouse Luas 5x10 Kamar tidur 2  Kamar mandi 1  3 ac Sofa  Water heater  S...,4143123.0,-393123.0,-0.0997,9.5,-0.27,Fair Market Price,,"Siap Huni,",,unresolved
LST-00150,Condominium Taman Anggrek • 3BR Furnished (146 m²),https://www.rumah123.com/properti/jakarta-barat-taman-anggrek/rare-item-3-br-brand-new-di-condominium-taman-anggrek-apr7826815/,Jakarta Barat,DKI Jakarta,Taman Anggrek,"Taman Anggrek, Jakarta Barat",Apartemen,18750000.0,128424.65753424658,yearly,3,2,3 Bedroom,146.0,4.552004285367921,2.2426032048095528,Stasiun KRL Tanah Abang,Tier 1: Core Urban Center (<7km),0,0,0,0,0,0,0,0,0,0,0,0,-6.17896,106.79181,listing,0,https://picture.rumah123.com/r123-images/360x210-crop/customer/1811641/8197c54dc583b3b78b6ba6e608af2b4d.jpg,"Apartemen 20 lantai di Taman Anggrek, Jakarta Barat.  Disewakan di wilayah yang tenang. Dengan rinciannya adalah sebagai berikut:   - Kamar Tidur: ...",13372187.0,5377813.0,0.338,-40.2,0.93,Premium / High Price,,Rare Item! 3 Br Brand New di Condominium Taman Anggrek,Condominium Taman Anggrek,exact
LST-00151,Puri Mansion • 1BR Full Furnished (26 m²),https://www.rumah123.com/properti/jakarta-barat-kembangan/disewakan-full-furnish-apartemen-puri-mansion-apr7496197/,Jakarta Barat,DKI Jakarta,Kembangan,"Kembangan, Jakarta Barat",Apartemen,2916666.6666666665,112179.48717948716,yearly,1,1,Studio / 1BR,26.0,8.860588855578786,7.784531642376005,Stasiun KRL Tanah Abang,Tier 2: Inner Ring Metro (7-15km),1,0,0,0,0,0,1,1,0,0,0,0,-6.19444,106.741158,listing,0,https://picture.rumah123.com/r123-images/360x210-crop/customer/4363507/41dece01ff4749dbc9844d9bca48a8c5.jpg,*Disewa Apartemen Puri Mansion* Type studio Tower Amethyst (A) Luas 26m2 (nett) Lantai GF View swimming pool & fitness centre Hadap timur Pln 3.500...,3632763.0,-716096.3333333335,-0.2196,19.7,-0.6,Fair Market Price,,Disewakan Full Furnish Apartemen Puri Mansion*,Puri Mansion,exact
LST-00152,Grand Tropic • 3BR Semi Furnished (149 m²),https://www.rumah123.com/properti/jakarta-barat-tanjung-duren/disewakan-cepat-apartement-luas-semi-furnished-grand-tropic-apr7593513/,Jakarta Barat,DKI Jakarta,Tanjung Duren,"Tanjung Duren, Jakarta Barat",Apartemen,8250000.0,55369.12751677852,yearly,3,3,3 Bedroom,149.0,5.1099202936938335,3.072583709759156,Stasiun KRL Tanah Abang,Tier 1: Core Urban Center (<7km),0,1,0,0,0,0,0,0,0,0,0,0,-6.18036,106.783691,listing,0,https://picture.rumah123.com/r123-images/360x210-crop/customer/910486/eeaf33488c9b8c27720806d731ea91da.jpg,Luas: 149M2 Tipe : 3+1BR Kamar Tidur: 3+1  Kamar Mandi: 3+1  Tower : 1  Lantai : 1  Listrik: 6600 watt Hadap : Utara Sertifikat: SHGB  Kondisi: 1.�...,17153516.0,-8903516.0,-0.732,51.9,-2.01,Deep Value Deal (Rare Find),deep,Disewakan Cepat! Apartement Luas Semi Furnished Grand Tropic[V1],Grand Tropic,exact
LST-00153,GP Plaza • Studio Full Furnished (29 m²),https://www.rumah123.com/properti/jakarta-barat-palmerah/sewa-murah-siap-huni-apartment-gp-plaza-type-studio-unit-full-furnished-lokasi-strategis-jakarta-barat-palmerah-slipi-apr7810754/,Jakarta Barat,DKI Jakarta,Palmerah,"Palmerah, Jakarta Barat",Apartemen,6000000.0,206896.551724138,monthly,1,1,Studio / 1BR,29.0,3.301528490887044,1.843420644941435,Stasiun KRL Tanah Abang,Tier 1: Core Urban Center (<7km),1,0,0,1,0,1,0,0,0,0,0,1,-6.19174471,106.7955528,listing,0,https://picture.rumah123.com/r123-images/360x210-crop/customer/46710/fcc209ab0247afbdcc636107ed1bf1bf.jpg,"Condition :  Furnished lengkap dengan peralatan elektronik (AC, microwave, water heater, dispenser, kulkas)  Facility : Keamanan 24 jam Parkir base...",4751292.0,1248708.0,0.2333,-26.3,0.64,Fair Market Price,,"Sewa Murah & Siap Huni! Apartment Gp Plaza Type Studio, Unit Full Furnished, Lokasi Strategis Jakarta Barat (Palmerah, Slipi, Binus, Senayan, & Sudirman)",GP Plaza,exact
LST-00154,Ciputra International Tower San • Studio Full Furnished (52 m²),https://www.rumah123.com/properti/jakarta-barat-cengkareng/apartemen-mewah-siap-huni-dan-bagus-full-furnished-ciputrainternational-tower-san-fransisco-lantai-sedang-cengkareng-apr7669878/,Jakarta Barat,DKI Jakarta,Cengkareng,"Cengkareng, Jakarta Barat",Apartemen,5416666.666666667,104166.66666666669,yearly,0,0,Studio / 1BR,52.0,11.191303974360595,9.052388288360548,Stasiun KRL Tanah Abang,Tier 2: Inner Ring Metro (7-15km),1,0,0,0,0,0,0,0,0,0,0,0,-6.15224905,106.7362572,listing,0,https://picture.rumah123.com/r123-images/360x210-crop/customer/1048759/listing/apr7669878/enhanced/a323fcaa3f89b281b81a866a443b335a.jpg,APARTEMEN MEWAH  SIAP HUNI DAN BAGUS FULL FURNISHED CIPUTRA INTERNATIONAL TOWER SAN FRANCISCO LANTAI SEDANG CENGKARENG JAKARTA BARAT  LB  52 m ² K...,6135226.0,-718559.333333333,-0.1246,11.7,-0.34,Fair Market Price,,Apartemen Mewah Siap Huni dan Bagus Full Furnished Ciputrainternational Tower San Fransisco Lantai Sedang Cengkareng Jakarta Barat,Ciputra International,exact
LST-00155,Condominium Taman Anggrek • 1BR Full Furnished (50 m²),https://www.rumah123.com/properti/jakarta-barat-taman-anggrek/disewakan-apartemen-taman-anggrek-residences-2-bedrooms-fully-furnish-apr7814407/,Jakarta Barat,DKI Jakarta,Taman Anggrek,"Taman Anggrek, Jakarta Barat",Apartemen,7083333.333333333,141666.66666666666,yearly,1,1,Studio / 1BR,50.0,4.464176965053586,2.2865963895937407,Stasiun KRL Tanah Abang,Tier 1: Core Urban Center (<7km),1,0,0,0,0,0,1,0,0,0,0,0,-6.18106466425148,106.79080266137754,listing,0,https://picture.rumah123.com/r123-images/360x210-crop/customer/1022961/listing/apr7814407/enhanced/d60e042f-7048-4f63-9494-e9696e972309.png,Disewakan Apartemen Taman Anggrek Residence tipe 2 Bedrooms Fully Furnish  Tipe : 2 Bedrooms Fully Furnish  Fasilitas :  -kolam renang  -jacuzzi  -...,8009145.0,-925811.666666667,-0.1228,11.6,-0.34,Fair Market Price,,Disewakan Apartemen Taman Anggrek Residences 2 Bedrooms Fully Furnish,Condominium Taman Anggrek,exact
LST-00156,Centro City Grogol • 1BR Furnished (35 m²),https://www.rumah123.com/properti/jakarta-barat-grogol/apartemen-centro-city-1-br-living-room-dapur-bonus-ac-apr2250090/,Jakarta Barat,DKI Jakarta,Grogol,"Grogol, Jakarta Barat",Apartemen,1833333.3333333333,52380.95238095238,yearly,1,1,Studio / 1BR,35.0,4.766318346857412,2.4210415645298293,Stasiun KRL Tanah Abang,Tier 1: Core Urban Center (<7km),0,0,0,1,0,0,0,0,0,0,1,0,-6.1773679,106.7906846,listing,0,https://pic.rumah123.com/r123/360x210-crop/apartment/ap22/2250090/original/apr2250090-apartemen-di-sewa-di-central-park-jakarta-barat-15934446002099.jpg,"Apartment Name : Centro City Residence City View Pasaran ; 25-30 Juta per Tahun untuk Sewa Size : 35m2 1 Bedroom: 1 Bathroom, 1 Livingroom 1 Kitche...",4097642.0,-2264308.666666667,-0.8043,55.3,-2.21,Deep Value Deal (Rare Find),deep,"Apartemen Centro City 1 BR + Living Room Dapur, Bonus AC",Centro City Grogol,exact
LST-00157,Madison Park • 1BR Furnished (28 m²),https://www.rumah123.com/properti/jakarta-barat-tanjung-duren-selatan/1br-furnished-apartemen-madison-park-mall-central-park-apr7849937/,Jakarta Barat,DKI Jakarta,Tanjung Duren Selatan,"Tanjung Duren Selatan, Jakarta Barat",Apartemen,4333333.333333333,154761.90476190476,yearly,1,1,Studio / 1BR,28.0,4.688128398856474,2.350989517606459,Stasiun KRL Tanah Abang,Tier 1: Core Urban Center (<7km),0,0,0,0,0,0,0,0,0,0,0,0,-6.177889693289302,106.79115881495704,listing,0,https://picture.rumah123.com/r123-images/360x210-crop/customer/911010/68bc603ebe47bf8aa84f2174a90c95a0.jpg,"Disewakan CEPAT dan SEGERA 1BR Furnished Apartemen Madison Park @ Podomoro City - Mall Central Park =   -) Size = 28,79 m2 -) Lantai = Tengah -) Ko...",4362048.0,-28714.666666666977,-0.0066,0.7,-0.02,Fair Market Price,,1Br Furnished Apartemen Madison Park - Mall Central Park,Madison Park,exact
LST-00158,Unresolved • Central Park • 1BR Furnished (27 m²),https://www.rumah123.com/properti/jakarta-barat-tanjung-duren-selatan/disewakan-apartemen-royal-mediterania-garden-siap-huni-apr7800006/,Jakarta Barat,DKI Jakarta,Central Park,"Central Park, Jakarta Barat",Apartemen,5833333.333333333,216049.38271604932,yearly,1,1,Studio / 1BR,27.0,4.716486397173777,2.4566182493859112,Stasiun KRL Tanah Abang,Tier 1: Core Urban Center (<7km),0,0,0,0,0,0,0,0,0,0,0,0,-6.17882,106.789818,listing,0,https://picture.rumah123.com/r123-images/360x210-crop/customer/681164/21ec688ac05c90cbc490556c268fa8ed.jpg,"Disewakan Apartemen Royal Mediterania Garden bagus  Spesifikasi : Royal mediterania garden residence Luas 27m Lantai 08 1 kamar tidur 1 kama...",4136259.0,1697074.333333333,0.3438,-41.0,0.95,Premium / High Price,,Disewakan Apartemen Royal Mediterania Garden Central Park,,unresolved
LST-00159,Condominium Taman Anggrek • 1BR Furnished (38 m²),https://www.rumah123.com/properti/jakarta-barat-taman-anggrek/taman-anggrek-residences-1-br-furnish-rapi-murah-apr7811254/,Jakarta Barat,DKI Jakarta,Taman Anggrek,"Taman Anggrek, Jakarta Barat",Apartemen,5416666.666666667,142543.8596491228,yearly,1,1,Studio / 1BR,38.0,4.610219595941524,2.4387411788181472,Stasiun KRL Tanah Abang,Tier 1: Core Urban Center (<7km),0,0,0,0,0,0,0,0,0,0,0,0,-6.180502,106.78952,listing,0,https://picture.rumah123.com/r123-images/360x210-crop/customer/1607914/43ffaa28a2217ec7ee2eaf6fcb2d28e2.jpg,Disewakan cepat  taman anggrek residence 1 bedroom 38 m2 furnished rapi bagus  harga 65 juta saja!,4897908.0,518758.666666667,0.1007,-10.6,0.28,Fair Market Price,,Taman Anggrek Residences 1 Br Furnish Rapi Murah,Condominium Taman Anggrek,exact
LST-00160,Green Royal Condo House • 2BR Furnished (55 m²),https://www.rumah123.com/properti/jakarta-barat-semanan/condohouse-green-royal-siap-huni-semanan-jakarta-barat-apr7811153/,Jakarta Barat,DKI Jakarta,Semanan,"Semanan, Jakarta Barat",Apartemen,2750000.0,50000.0,yearly,2,1,2 Bedroom,55.0,13.590436476168165,7.870041032891375,Stasiun KRL Tangerang,Tier 2: Inner Ring Metro (7-15km),0,0,0,0,0,0,0,0,0,0,0,0,-6.16921,106.70369,listing,0,https://picture.rumah123.com/r123-images/360x210-crop/customer/1848775/listing/apr7811153/enhanced/c15e51e1d9fd02aad41d5e16f98f5325.jpg,"Apartemen di Semanan.  Cek segera apartemen 3 lantai yang asri ini,  disewakan menawarkan lingkungan fasilitas yang lengkap, cocok untuk Anda yang ...",6563032.0,-3813032.0,-0.8699,58.1,-2.39,Deep Value Deal (Rare Find),deep,Condohouse Green Royal Siap Huni Semanan Jakarta Barat,Green Royal Condo House,exact
LST-00161,Green Royal Condo House • 2BR Furnished (50 m²),https://www.rumah123.com/properti/jakarta-barat-semanan/disewakan-green-royal-condo-house-lantai-1-5x10-apr7730899/,Jakarta Barat,DKI Jakarta,Semanan,"Semanan, Jakarta Barat",Apartemen,3333333.333333333,66666.66666666667,yearly,2,1,2 Bedroom,50.0,12.677827515644914,8.908011568637834,Stasiun KRL Tangerang,Tier 2: Inner Ring Metro (7-15km),0,0,0,1,0,0,0,0,0,0,0,0,-6.167818,106.712982,listing,0,https://picture.rumah123.com/r123-images/360x210-crop/customer/1565438/listing/apr7730899/enhanced/43dbc13a7f744346e2d01adbdbb0aef8.jpg,Disewakan Condo House Green royal ukuran 5 x 10  2 kt  1 km Ac 3 + gorden Harga 40jt/tahun nego,4316505.0,-983171.666666667,-0.2585,22.8,-0.71,Fair Market Price,,Disewakan Green Royal Condo House Lantai 1 5X10,Green Royal Condo House,exact
LST-00162,Ciputra International • 2BR Full Furnished (77 m²),https://www.rumah123.com/properti/jakarta-barat-cengkareng/apartemen-ciputra-puri-unit-premium-dan-dambaan-keluarga-apr7846873/,Jakarta Barat,DKI Jakarta,Cengkareng,"Cengkareng, Jakarta Barat",Apartemen,7916666.666666667,102813.85281385282,yearly,2,2,2 Bedroom,77.0,11.191303974360595,9.052388288360548,Stasiun KRL Tanah Abang,Tier 2: Inner Ring Metro (7-15km),1,0,0,0,0,0,0,0,0,0,0,0,-6.15224905,106.7362572,listing,0,https://picture.rumah123.com/r123-images/360x210-crop/customer/1143915/fa3c9d271cb69972a01df21120fd520a.jpg,"DISEWAKAN - APARTEMEN CIPUTRA INTERNATIONAL 2 Kamar Tidur | Luas 77 m² | Full Furnished  Nikmati hunian yang luas, nyaman, dan privat di Apartemen...",7795728.0,120938.66666666698,0.0154,-1.6,0.04,Fair Market Price,,Apartemen Ciputra Puri Unit Premium dan Dambaan Keluarga,Ciputra International,exact
LST-00163,Puri Mansion • 1BR Furnished (37 m²),https://www.rumah123.com/properti/jakarta-barat-puri-mansion/ready-disewakan-type-1bedroom-furnish-apr7824053/,Jakarta Barat,DKI Jakarta,Puri Mansion,"Puri Mansion, Jakarta Barat",Apartemen,3750000.0,101351.35135135136,yearly,1,1,Studio / 1BR,37.0,10.710352089319846,9.28265282155978,Stasiun KRL Tanah Abang,Tier 2: Inner Ring Metro (7-15km),0,0,0,0,0,0,0,0,0,0,0,0,-6.181338,106.727135,listing,0,https://picture.rumah123.com/r123-images/360x210-crop/customer/4430004/351514f120df62507487357618db8a8a.jpg,Disewakan apartemen puri mansion type 1bedroom luas 37m² lantai 1  hrga 47jt/thn,3547902.0,202098.0,0.0554,-5.7,0.15,Fair Market Price,,Ready Disewakan Type 1Bedroom Furnish,Puri Mansion,exact
LST-00164,Puri Mansion • Studio Full Furnished (26 m²),https://www.rumah123.com/properti/jakarta-barat-puri-mansion/ready-disewakan-apartemen-puri-mansion-full-furnish-siap-huni-view-pool-city-apr7838615/,Jakarta Barat,DKI Jakarta,Puri Mansion,"Puri Mansion, Jakarta Barat",Apartemen,2750000.0,105769.23076923077,yearly,0,1,Studio / 1BR,26.0,10.710352089319846,9.28265282155978,Stasiun KRL Tanah Abang,Tier 2: Inner Ring Metro (7-15km),1,0,0,0,0,0,1,0,0,0,0,0,-6.181338,106.727135,listing,0,https://picture.rumah123.com/r123-images/360x210-crop/customer/4430004/02146481a9b4c9afef573206825eb370.jpg,DISEWAKAN APARTEMEN PURI MANSION  Spek - Type Studio - Luas 26m² - View pool & city - furnish - Lantai 17 - Siap Huni - Harga 33jt/thn,3303767.0,-553767.0,-0.1835,16.8,-0.5,Fair Market Price,,"Ready Disewakan Apartemen Puri Mansion Full Furnish & Siap Huni, View Pool & City",Puri Mansion,exact
LST-00165,Puri Orchard • 1BR Furnished (26 m²),https://www.rumah123.com/properti/jakarta-barat-cengkareng/siap-huni-apartemen-puri-orchard-apr7836269/,Jakarta Barat,DKI Jakarta,Cengkareng,"Cengkareng, Jakarta Barat",Apartemen,2416666.6666666665,92948.71794871794,yearly,1,1,Studio / 1BR,26.0,11.191303974360595,9.052388288360548,Stasiun KRL Tanah Abang,Tier 2: Inner Ring Metro (7-15km),0,0,0,0,0,0,0,0,0,0,0,0,-6.15224905,106.7362572,subdistrict_centroid,1,https://picture.rumah123.com/r123-images/360x210-crop/customer/4534835/listing/apr7836269/enhanced/ca69e343-173f-4c59-ae83-425931e35093.png,"Apartemen 12 lantai di Cengkareng, Jakarta Barat.  For rent di wilayah yang tenang. Dengan spesifikasinya adalah sebagai berikut:   - Kamar Tidur: ...",2883469.0,-466802.3333333335,-0.1766,16.2,-0.49,Fair Market Price,,Siap Huni Apartemen Puri Orchard,Puri Orchard,exact
LST-00166,Citra Living Kalideres • Studio Furnished (23 m²),https://www.rumah123.com/properti/jakarta-barat-kalideres/apartmen-citra-living-bagus-type-studio-apr7825378/,Jakarta Barat,DKI Jakarta,Kalideres,"Kalideres, Jakarta Barat",Apartemen,2291666.6666666665,99637.68115942027,yearly,1,1,Studio / 1BR,23.0,15.247045148511576,9.188615750920096,Stasiun KRL Tangerang,Tier 3: Outer Commuter Ring (15-28km),0,0,0,0,0,0,0,0,0,0,0,0,-6.13427895,106.7042269,listing,0,https://picture.rumah123.com/r123-images/360x210-crop/customer/1133601/b90f385a5c631a8ab5723f8ca08d2563.jpg,"Apartemen di Kalideres. (ELY)  Temukan apartemen yang asri ini,  disewakan menawarkan lingkungan fasilitas yang lengkap, cocok untuk Anda yang me...",2702556.0,-410889.3333333335,-0.1649,15.2,-0.45,Fair Market Price,,Siap Huni! Apartmen Citra Living Bagus Type Studio! dengan Harga Terjangkau,Citra Living Kalideres,exact
LST-00167,Puri Mansion • 1BR Furnished (37 m²),https://www.rumah123.com/properti/jakarta-barat-puri-mansion/apartemen-puri-mansion-1-br-furnished-apr7815209/,Jakarta Barat,DKI Jakarta,Puri Mansion,"Puri Mansion, Jakarta Barat",Apartemen,3541666.6666666665,95720.72072072072,yearly,1,1,Studio / 1BR,37.0,10.710352089319846,9.28265282155978,Stasiun KRL Tanah Abang,Tier 2: Inner Ring Metro (7-15km),0,0,0,0,0,0,1,0,0,0,0,0,-6.181338,106.727135,listing,0,https://picture.rumah123.com/r123-images/360x210-crop/customer/1791798/a96f0dd45b328b538a2d9e64b7a5110a.jpg,"Disewakan  Apartemen Puri Mansion  - Tower Amethyst (A) - Lantai 36 - Pool & City View - 1BR (37.5 m2) - Furnished - Harga sewa belum termasuk IPL,...",3566652.0,-24985.33333333349,-0.007,0.7,-0.02,Fair Market Price,,Apartemen Puri Mansion 1 Br Furnished,Puri Mansion,exact
LST-00168,St. Moritz Residences • 2BR Furnished (121 m²),https://www.rumah123.com/properti/jakarta-barat-puri-indah/disewakan-apartemen-st-moritz-new-ambassador-2br-furnished-apr7811652/,Jakarta Barat,DKI Jakarta,Puri Indah,"Puri Indah, Jakarta Barat",Apartemen,14583333.333333334,120523.41597796144,yearly,2,2,2 Bedroom,121.0,8.871799490960802,7.527029550583822,Stasiun KRL Tanah Abang,Tier 2: Inner Ring Metro (7-15km),0,0,0,0,0,0,0,0,0,0,0,0,-6.18658,106.74292,listing,0,https://picture.rumah123.com/r123-images/360x210-crop/customer/681164/51d040e8a797756af9de84a32ae6492e.jpg,Disewakan Apartemen St. Moritz New Ambassador 2BR Furnished  Spesifikasi : New ambassador tower Luas 121m Lantai 27 2 kamar tidur 2 kamar mandi Fur...,12837525.0,1745808.333333334,0.1275,-13.6,0.35,Fair Market Price,,Disewakan Apartemen St. Moritz New Ambassador 2Br Furnished,St. Moritz Residences,exact
LST-00169,St. Moritz Residences • 3BR Full Furnished (112 m²),https://www.rumah123.com/properti/jakarta-barat-puri-indah/disewakanapartemencantikstmoritz-puriindahfullyfurnished-apr7671319/,Jakarta Barat,DKI Jakarta,Puri Indah,"Puri Indah, Jakarta Barat",Apartemen,13333333.333333334,119047.61904761904,yearly,3,2,3 Bedroom,112.0,8.871799490960802,7.527029550583822,Stasiun KRL Tanah Abang,Tier 2: Inner Ring Metro (7-15km),1,0,0,0,0,0,0,0,0,0,0,0,-6.18658,106.74292,listing,0,https://picture.rumah123.com/r123-images/360x210-crop/customer/393105/listing/apr7671319/enhanced/4861f94999e65e1e3cadd25a53c46c69.jpg,Disewakan Apartemen Fully Furnished lokasi terjangkau harga affordable negotiable,11317115.0,2016218.333333334,0.164,-17.8,0.45,Fair Market Price,,Disewakan.apartemen.cantik.st.moritz Puri.indah.fully.furnished.,St. Moritz Residences,exact
LST-00170,Madison Park • 2BR Unfurnished (49 m²),https://www.rumah123.com/properti/jakarta-barat-central-park/disewakan-2br-unfurnished-apartemen-madison-park-apr7758285/,Jakarta Barat,DKI Jakarta,Central Park,"Central Park, Jakarta Barat",Apartemen,4583333.333333333,93537.4149659864,yearly,2,1,2 Bedroom,49.0,4.7633463918655625,2.40091462710712,Stasiun KRL Tanah Abang,Tier 1: Core Urban Center (<7km),0,0,1,0,0,0,1,1,0,0,0,1,-6.177137,106.790977,listing,0,https://picture.rumah123.com/r123-images/360x210-crop/customer/1765574/8fe9ca4ef79a0afa82df94058393272d.jpg,"Desain modern, rapi dan terawat    Fasilitas Apartemen:  Kolam renang & gym  Taman bermain anak  Area parkir luas & 24 jam security  Dekat Mall Tam...",5546016.0,-962682.666666667,-0.1907,17.4,-0.52,Fair Market Price,,Disewakan 2Br Unfurnished Apartemen Madison Park,Madison Park,exact
LST-00171,Unresolved • Cengkareng • Studio Furnished (23 m²),https://www.rumah123.com/properti/jakarta-barat-cengkareng/studiosewa-setahun-semifurnish-apr3580064/,Jakarta Barat,DKI Jakarta,Cengkareng,"Cengkareng, Jakarta Barat",Apartemen,1333333.3333333333,57971.01449275362,yearly,1,1,Studio / 1BR,23.0,10.592648045704957,8.350882730974956,Stasiun KRL Tanah Abang,Tier 2: Inner Ring Metro (7-15km),0,0,0,0,0,0,0,0,0,0,0,0,-6.15072,106.74405,listing,0,https://picture.rumah123.com/r123-images/360x210-crop/customer/1702207/124b2146968b5198bdc74e0aad82881d.jpg,"5 Menit dari 2 Akses pintu Tol Jorr Wi & W2  Dikeliling 5 Mall Besar ( Mall Taman Palem,Citra land, Mall Puri ,Mall Daan  Mogot , lippo Mall Puri )...",2015122.0,-681788.6666666667,-0.413,33.8,-1.14,Good Deal (Undervalued),good,"Studio,.Sewa Setahun... Semi.furnish.",,unresolved
LST-00172,Madison Park • 1BR Furnished (29 m²),https://www.rumah123.com/properti/jakarta-barat-tanjung-duren-selatan/1br-furnished-apartemen-madison-park-mall-central-park-apr7779960/,Jakarta Barat,DKI Jakarta,Tanjung Duren Selatan,"Tanjung Duren Selatan, Jakarta Barat",Apartemen,4375000.0,150862.06896551725,yearly,1,1,Studio / 1BR,29.0,4.688128398856474,2.350989517606459,Stasiun KRL Tanah Abang,Tier 1: Core Urban Center (<7km),0,0,0,0,0,0,0,0,0,0,0,0,-6.177889693289302,106.79115881495704,listing,0,https://picture.rumah123.com/r123-images/360x210-crop/customer/911010/619a33b8c46a333341c19638d215b4fd.jpg,"Disewakan CEPAT dan SEGERA 1BR Furnished Apartemen Madison Park @ Podomoro City - Mall Central Park =   -) Size = 29,74 m2 -) Lantai = Bawah -) Kon...",4416645.0,-41645.0,-0.0095,0.9,-0.03,Fair Market Price,,1Br Furnished Apartemen Madison Park - Mall Central Park,Madison Park,exact
LST-00173,Condominium Taman Anggrek • 2BR Full Furnished (50 m²),https://www.rumah123.com/properti/jakarta-barat-grogol/di-sewakan-apartemen-taman-anggrek-residences-2-bedroom-full-furnish-apr7844370/,Jakarta Barat,DKI Jakarta,Grogol,"Grogol, Jakarta Barat",Apartemen,6166666.666666667,123333.33333333334,yearly,2,1,2 Bedroom,50.0,6.075792440751978,3.373348162312078,Stasiun KRL Tanah Abang,Tier 1: Core Urban Center (<7km),1,0,0,0,0,0,1,0,0,0,0,0,-6.16184,106.791901,listing,0,https://picture.rumah123.com/r123-images/360x210-crop/customer/1628187/d6e344696bae862164955712c1ff7fa3.jpg,Di Sewakan Apartemen Taman Anggrek Residences  Tipe : 2BR  Luas : 50 m2  Kondisi : Full Furnish  Fasilitas :  - Kolam Renang out dor  - Kolam Renan...,6301597.0,-134930.33333333302,-0.0216,2.1,-0.06,Fair Market Price,,Di Sewakan Apartemen Taman Anggrek Residences 2 Bedroom Full Furnish,Condominium Taman Anggrek,exact
LST-00174,Condominium Taman Anggrek • 2BR Full Furnished (50 m²),https://www.rumah123.com/properti/jakarta-barat-grogol-petamburan/di-sewakan-apartemen-taman-anggrek-residences-2-bedroom-full-furnish-apr7844364/,Jakarta Barat,DKI Jakarta,Grogol Petamburan,"Grogol Petamburan, Jakarta Barat",Apartemen,6250000.0,125000.0,yearly,2,1,2 Bedroom,50.0,6.540353786002351,3.942065326563764,Stasiun KRL Tanah Abang,Tier 1: Core Urban Center (<7km),1,0,0,0,0,0,1,0,0,0,0,0,-6.1616793330035495,106.78459023802873,listing,0,https://picture.rumah123.com/r123-images/360x210-crop/customer/1628187/7db306e5e0018210fb3ee6732e1017c4.jpg,Di Sewakan Apartemen Taman Anggrek Residences  Tipe : 2BR  Luas : 50 m2  Kondisi : Full Furnish  Fasilitas :  - Kolam Renang out dor  - Kolam Renan...,6128751.0,121249.0,0.0196,-2.0,0.05,Fair Market Price,,Di Sewakan Apartemen Taman Anggrek Residences 2 Bedroom Full Furnish,Condominium Taman Anggrek,exact
LST-00175,Condominium Taman Anggrek • Studio Furnished (26 m²),https://www.rumah123.com/properti/jakarta-barat-tanjung-duren-selatan/disewakan-studio-full-fursh-taman-anggrek-residence-apr7785039/,Jakarta Barat,DKI Jakarta,Tanjung Duren Selatan,"Tanjung Duren Selatan, Jakarta Barat",Apartemen,4083333.3333333335,157051.28205128206,yearly,1,1,Studio / 1BR,26.0,4.524603664667863,2.2821028413396456,Stasiun KRL Tanah Abang,Tier 1: Core Urban Center (<7km),0,0,0,0,0,0,0,0,0,0,0,0,-6.179964644888827,106.7911214917424,listing,0,https://picture.rumah123.com/r123-images/360x210-crop/customer/1354111/61be1b8af8da43330aaa529faaae019e.jpg,"Apartemen Taman Anggrek Residences, Jakarta Barat  Lokasi Strategis di Kawasan Central Park Mall Podomoro City Kawasan Taman Anggrek Agung Sedayu G...",4249543.0,-166209.6666666665,-0.0399,3.9,-0.11,Fair Market Price,,Disewakan Studio Full Fursh Taman Anggrek Residence,Condominium Taman Anggrek,exact
LST-00176,Madison Park • 1BR Full Furnished (29 m²),https://www.rumah123.com/properti/jakarta-barat-central-park/disewakan-1br-unfurnished-apartemen-madison-park-lokasi-strategis-dekat-mall-central-park-dan-dekat-universitas-apr7838357/,Jakarta Barat,DKI Jakarta,Central Park,"Central Park, Jakarta Barat",Apartemen,3750000.0,129310.3448275862,yearly,1,1,Studio / 1BR,29.0,4.7633463918655625,2.40091462710712,Stasiun KRL Tanah Abang,Tier 1: Core Urban Center (<7km),1,0,1,0,0,0,1,1,0,0,0,1,-6.177137,106.790977,listing,0,https://picture.rumah123.com/r123-images/360x210-crop/customer/1765574/1fad2b3da7b339db367fdc30d74495fd.jpg,"Fully Furnished  Desain modern, rapi dan terawat    Fasilitas Apartemen:  Kolam renang & gym  Taman bermain anak  Area parkir luas & 24 jam securit...",4448395.0,-698395.0,-0.1708,15.7,-0.47,Fair Market Price,,Disewakan 1Br Unfurnished Apartemen Madison Park Lokasi Strategis Dekat Mall Central Park dan Dekat Universitas,Madison Park,exact
LST-00177,Unresolved • Meruya • 2BR Full Furnished (80 m²),https://www.rumah123.com/properti/jakarta-barat-meruya/apartment-2-br-fully-furnished-at-high-floor-at-19fl-out-of-21-fldi-meruya-jakarta-barat-apr7347928/,Jakarta Barat,DKI Jakarta,Meruya,"Meruya, Jakarta Barat",Apartemen,9000000.0,112500.0,yearly,2,2,2 Bedroom,80.0,9.836894744842825,8.836386191257029,Stasiun KRL Tanah Abang,Tier 2: Inner Ring Metro (7-15km),1,0,0,0,0,0,0,0,0,0,0,0,-6.19665,106.731857,listing,0,https://picture.rumah123.com/r123-images/360x210-crop/customer/801639/d206f59df91a7391afe54afaf97cdb9c.jpg,"Kesempatan terbatas buat Anda dapatkan apartemen strategis dengan return investasi tinggi di Meruya, Jakarta Barat.  Apartemen ini menawarkan lokas...",7753136.0,1246864.0,0.1491,-16.1,0.41,Fair Market Price,,Apartment 2 Br Fully Furnished At High Floor At 19Fl Out Of 21 Fl)Di Meruya Jakarta Barat,,unresolved
LST-00178,Condominium Taman Anggrek • 2BR Furnished (50 m²),https://www.rumah123.com/properti/jakarta-barat-taman-anggrek/taman-anggrek-residence-suite-2-bedroom-minimalis-furnish-gresss-apr2131890/,Jakarta Barat,DKI Jakarta,Taman Anggrek,"Taman Anggrek, Jakarta Barat",Apartemen,6666666.666666667,133333.33333333334,yearly,2,1,2 Bedroom,50.0,4.610219595941524,2.4387411788181472,Stasiun KRL Tanah Abang,Tier 1: Core Urban Center (<7km),0,0,0,0,0,0,1,0,0,0,0,0,-6.180502,106.78952,subdistrict_centroid,1,https://pic.rumah123.com/r123/360x210-crop/apartment/ap21/2131890/original/apr2131890-apartemen-di-sewa-di-taman-anggrek-jakarta-barat-15807102430203.jpg,Facility:Luxurious main lobbyReception deskAccess 24-hours securityOutdoor & indoor swimming poolExtension Mall Taman Anggrek in ApartmentSky bridg...,6386851.0,279815.666666667,0.0429,-4.4,0.12,Fair Market Price,,"Taman Anggrek Residence Suite 2 Bedroom Minimalis Furnish, Gresss !",Condominium Taman Anggrek,exact
LST-00179,Condominium Taman Anggrek • Studio Furnished (26 m²),https://www.rumah123.com/properti/jakarta-barat-taman-anggrek/taman-anggrek-residence-suite-studio-furnish-minimalis-cukup-siapkan-koper-anda-apr1998907/,Jakarta Barat,DKI Jakarta,Taman Anggrek,"Taman Anggrek, Jakarta Barat",Apartemen,3750000.0,144230.76923076922,yearly,1,1,Studio / 1BR,26.0,4.610219595941524,2.4387411788181472,Stasiun KRL Tanah Abang,Tier 1: Core Urban Center (<7km),0,0,0,0,0,0,1,1,0,0,0,0,-6.180502,106.78952,subdistrict_centroid,1,https://pic.rumah123.com/r123/360x210-crop/apartment/ap19/1998907/original/apr1998907-apartemen-di-sewa-di-taman-anggrek-jakarta-barat-15732822220294.jpg,"Facility: Swimming pool, fitness center, children pool, sky lobby, multi purpose hall, reception, sky garden, tenant direction, playground, sky Ter...",4091782.0,-341782.0,-0.0872,8.4,-0.24,Fair Market Price,,"Taman Anggrek Residence Suite Studio Furnish Minimalis, Cukup Siapkan Koper Anda !!",Condominium Taman Anggrek,exact
LST-00180,Condominium Taman Anggrek • Studio Semi Furnished (26 m²),https://www.rumah123.com/properti/jakarta-barat-taman-anggrek/apartemen-tipe-studio-semi-furnished-taman-anggrek-residences-di-tanjung-durenjakarta-barat-apr1892794/,Jakarta Barat,DKI Jakarta,Taman Anggrek,"Taman Anggrek, Jakarta Barat",Apartemen,3333333.333333333,128205.12820512822,yearly,0,1,Studio / 1BR,26.0,4.610219595941524,2.4387411788181472,Stasiun KRL Tanah Abang,Tier 1: Core Urban Center (<7km),0,1,0,0,0,0,0,0,0,0,0,0,-6.180502,106.78952,subdistrict_centroid,1,https://pic.rumah123.com/r123/360x210-crop/apartment/ap18/1892794/original/apr1892794-apartemen-di-sewa-di-taman-anggrek-jakarta-barat-15968837158305.jpg,"Apartemen ,Siap Huni,Harga Terjangkau Size : 26m2  1 Bathroom  Semi Furnished  ******** : Strategic Location near Mall Taman Anggrek and Centra...",3652578.0,-319244.666666667,-0.0915,8.7,-0.25,Fair Market Price,,"Apartemen Tipe Studio Semi Furnished Taman Anggrek Residences di Tanjung Duren,Jakarta Barat",Condominium Taman Anggrek,exact
LST-00181,Condominium Taman Anggrek • 2BR Full Furnished (50 m²),https://www.rumah123.com/properti/jakarta-barat-taman-anggrek/apartemen-2br-minimalis-di-tanjung-duren-jakarta-barat-apr2019996/,Jakarta Barat,DKI Jakarta,Taman Anggrek,"Taman Anggrek, Jakarta Barat",Apartemen,7083333.333333333,141666.66666666666,yearly,2,1,2 Bedroom,50.0,4.610219595941524,2.4387411788181472,Stasiun KRL Tanah Abang,Tier 1: Core Urban Center (<7km),1,0,0,0,0,0,0,0,0,0,0,0,-6.180502,106.78952,subdistrict_centroid,1,https://picture.rumah123.com/r123-images/360x210-crop/customer/1049879/2022-10-17-06-44-43-3c8585e1-1d41-497e-bd49-6d44c83adb89.jpg,"2BR Apartemen TA Residences Minimalis dan Baru Size : 50m2 Full Furnished  ******** : Strategic Location near Mall Taman Anggrek and Central P...",6881061.0,202272.33333333305,0.029,-2.9,0.08,Fair Market Price,,Apartemen 2BR Minimalis di Tanjung Duren Jakarta Barat,Condominium Taman Anggrek,exact
LST-00182,Unresolved • Cengkareng Tower G • Studio Unfurnished (24 m²),https://www.rumah123.com/properti/jakarta-barat-cengkareng/disewahkan-cepat-studio-kosongan-ada-ac-di-tower-ggedung-baru-apr7487951/,Jakarta Barat,DKI Jakarta,Cengkareng,"Cengkareng, Jakarta Barat",Apartemen,1333333.3333333333,55555.55555555556,yearly,0,1,Studio / 1BR,24.0,10.592735671537351,8.35098071288016,Stasiun KRL Tanah Abang,Tier 2: Inner Ring Metro (7-15km),0,0,1,1,0,0,0,0,0,0,0,0,-6.15072,106.744049,listing,0,https://picture.rumah123.com/r123-images/360x210-crop/customer/1702207/a5fec1f7737972464097a72d32a08f7c.jpg,"Apartemen 9 lantai di Cengkareng, Jakarta Barat.  Disewakan di wilayah yang tenang. Dengan rinciannya adalah sebagai berikut:   - Kamar Mandi: 1   ...",2324153.0,-990819.6666666667,-0.5557,42.6,-1.53,Deep Value Deal (Rare Find),deep,"Disewahkan Cepat ,Studio Kosongan Ada Ac .Di Tower G.gedung Baru.",,unresolved
LST-00183,Unresolved • Tanjung Duren Tower Edelweiss • 2BR Full Furnished (49 m²),https://www.rumah123.com/properti/jakarta-barat-tanjung-duren/disewakan-apartemen-medit-2-tower-edelweiss-lt-31-view-pool-2br-full-furnished-apr7787663/,Jakarta Barat,DKI Jakarta,Tanjung Duren,"Tanjung Duren, Jakarta Barat",Apartemen,5416666.666666667,110544.21768707484,yearly,2,1,2 Bedroom,49.0,5.1099202936938335,3.072583709759156,Stasiun KRL Tanah Abang,Tier 1: Core Urban Center (<7km),1,0,0,0,0,0,1,0,0,0,0,0,-6.18036,106.783691,listing,0,https://picture.rumah123.com/r123-images/360x210-crop/customer/4398584/f9cf39efecef21bc231af400b715f2ea.jpg,"DISEWAKAN APARTEMEN MEDITERANIA GARDEN RESIDENCE 2 - TOWER EDELWEISS  Unit nyaman di Tower Edelweiss, lantai 31 dengan view kolam renang (pool view...",6190847.0,-774180.333333333,-0.1336,12.5,-0.37,Fair Market Price,,Disewakan Apartemen Medit 2 Tower Edelweiss LT 31 View Pool 2Br Full Furnished,,unresolved
LST-00184,Madison Park • 2BR Furnished (49 m²),https://www.rumah123.com/properti/jakarta-barat-tanjung-duren-selatan/ready-survey-sewa-2-bedroom-apartemen-madison-park-tanjung-duren-selatan-furnished-lengkap-rapi-nyaman-fasilitas-apr7812305/,Jakarta Barat,DKI Jakarta,Tanjung Duren Selatan,"Tanjung Duren Selatan, Jakarta Barat",Apartemen,6250000.0,127551.02040816328,yearly,2,1,2 Bedroom,49.0,4.716486397173777,2.4566182493859112,Stasiun KRL Tanah Abang,Tier 1: Core Urban Center (<7km),0,0,0,1,0,0,0,0,0,0,0,0,-6.17882,106.789818,listing,0,https://picture.rumah123.com/r123-images/360x210-crop/customer/1142029/da4be541811398ab9a0b7806c582edf2.jpg,Ready Survey 2BR Madison Park Furnish Lengkap Tanjung Duren  Furnish: - AC - Kitchen Cabinet - Cookerhood - Kulkas - Meja Makan & Kursi - Sofa - Ra...,4920711.0,1329289.0,0.2391,-27.0,0.66,Fair Market Price,,"Ready Survey! Sewa 2 Bedroom Apartemen Madison Park Tanjung Duren Selatan Furnished Lengkap, Rapi & Nyaman, Fasilitas Lengkap",Madison Park,exact
LST-00185,Unresolved • Cengkareng • 2BR Full Furnished (48 m²),https://www.rumah123.com/properti/jakarta-barat-cengkareng/disewakan-2-bedroom-apartemen-green-sedayu-taman-palem-jakarta-barat-fully-furnished-fasilitas-lengkap-lokasi-strategis-apr7812122/,Jakarta Barat,DKI Jakarta,Cengkareng,"Cengkareng, Jakarta Barat",Apartemen,5833333.333333333,121527.77777777777,yearly,2,1,2 Bedroom,48.0,11.191303974360595,9.052388288360548,Stasiun KRL Tanah Abang,Tier 2: Inner Ring Metro (7-15km),1,0,0,0,0,0,0,0,0,0,0,0,-6.15224905,106.7362572,listing,0,https://picture.rumah123.com/r123-images/360x210-crop/customer/1142029/dae3ebbcda71fb05243d097f65bf3ce2.jpg,Rekomendasi Sewa Apartemen Jakarta Barat - 2BR Green Sedayu Furnished & Siap Huni   SPESIFIKASI UNIT Tipe: 2 Bedroom Luas: 48 m² Kamar Tidur: 2 Ka...,4574016.0,1259317.333333333,0.2432,-27.5,0.67,Fair Market Price,,"Disewakan 2 Bedroom Apartemen Green Sedayu Taman Palem Jakarta Barat Fully Furnished, Fasilitas Lengkap, Lokasi Strategis Dekat Mall Green Sedayu",,unresolved
LST-00186,West Vista Puri • 2BR Full Furnished (59 m²),https://www.rumah123.com/properti/jakarta-barat-cengkareng/hunian-premium-jakarta-barat-sewa-2-bedroom-the-crest-west-vista-puri-full-furnished-city-view-dekat-toll-jorr-lippo-apr7810763/,Jakarta Barat,DKI Jakarta,Cengkareng,"Cengkareng, Jakarta Barat",Apartemen,5666666.666666667,96045.197740113,yearly,2,1,2 Bedroom,59.0,11.191303974360595,9.052388288360548,Stasiun KRL Tanah Abang,Tier 2: Inner Ring Metro (7-15km),1,0,0,0,0,0,0,0,0,0,0,0,-6.15224905,106.7362572,listing,0,https://picture.rumah123.com/r123-images/360x210-crop/customer/1142029/51d1984f1179df593240d20c9505261d.jpg,"Hunian Premium Jakarta Barat! Sewa 2BR The Crest West Vista Puri Furnished City View Dekat Toll JORR, Lippo Mall Puri & Bandara Soetta.  Detail Uni...",5508210.0,158456.66666666698,0.0284,-2.9,0.08,Fair Market Price,,"Hunian Premium Jakarta Barat! Sewa 2 Bedroom The Crest West Vista Puri Full Furnished City View Dekat Toll Jorr, Lippo Mall Puri & Bandara Soetta.",West Vista Puri,exact
LST-00187,Condominium Taman Anggrek • 2BR Furnished (49 m²),https://www.rumah123.com/properti/jakarta-barat-taman-anggrek/sewa-apartemen-2-bedroom-madison-park-49m-furnished-lengkap-ready-survey-jakarta-barat-dekat-mall-central-park-apr7812251/,Jakarta Barat,DKI Jakarta,Taman Anggrek,"Taman Anggrek, Jakarta Barat",Apartemen,6250000.0,127551.02040816328,yearly,2,1,2 Bedroom,49.0,4.610219595941524,2.4387411788181472,Stasiun KRL Tanah Abang,Tier 1: Core Urban Center (<7km),0,0,0,1,0,0,0,0,0,0,0,0,-6.180502,106.78952,listing,0,https://picture.rumah123.com/r123-images/360x210-crop/customer/1142029/0651e4f0e06602dc59331351a80bd9a3.jpg,Sewa Apartemen 2BR Madison Park 49m² Furnished Lengkap Ready Survey Jakarta Barat    Furnish: - AC - Kitchen Cabinet - Cookerhood - Kulkas - Meja ...,5096836.0,1153164.0,0.204,-22.6,0.56,Fair Market Price,,Sewa Apartemen 2 Bedroom Madison Park 49M² Furnished Lengkap Ready Survey Jakarta Barat Dekat Mall Central Park,Condominium Taman Anggrek,exact
LST-00188,Condominium Taman Anggrek • 1BR Semi Furnished (30 m²),https://www.rumah123.com/properti/jakarta-barat-taman-anggrek/sewa-apartemen-1-bedroom-madison-park-partially-furnished-fasilitas-lengkap-homey-siap-huni-dekat-mall-central-park-apr7810348/,Jakarta Barat,DKI Jakarta,Taman Anggrek,"Taman Anggrek, Jakarta Barat",Apartemen,4416666.666666667,147222.22222222222,yearly,1,1,Studio / 1BR,30.0,4.610219595941524,2.4387411788181472,Stasiun KRL Tanah Abang,Tier 1: Core Urban Center (<7km),0,1,0,0,0,0,0,0,0,0,0,0,-6.180502,106.78952,listing,0,https://picture.rumah123.com/r123-images/360x210-crop/customer/1142029/a627c98032396ebf9b6a43f7914951ad.jpg,"Sewa Apartemen 1BR Madison Park Semi Furnished, Homey & Siap Huni Dekat Central Park  Spesifikasi Unit: Luas: 30m² 1 Kamar Tidur 1 Kamar Mandi Day...",3976292.0,440374.666666667,0.105,-11.1,0.29,Fair Market Price,,"Sewa Apartemen 1 Bedroom Madison Park Partially Furnished, Fasilitas Lengkap, Homey & Siap Huni Dekat Mall Central Park & Mall Taman Anggrek",Condominium Taman Anggrek,exact
LST-00189,Madison Park • 2BR Furnished (49 m²),https://www.rumah123.com/properti/jakarta-barat-grogol-petamburan/disewakan-2-bedroom-apartemen-madison-park-furnish-lengkap-rapi-bersih-nyaman-fasilitas-lengkap-lokasi-strategis-grogol-apr7812331/,Jakarta Barat,DKI Jakarta,Grogol Petamburan,"Grogol Petamburan, Jakarta Barat",Apartemen,6250000.0,127551.02040816328,yearly,2,1,2 Bedroom,49.0,6.261790795040544,3.659527673021703,Stasiun KRL Tanah Abang,Tier 1: Core Urban Center (<7km),0,0,0,1,0,0,0,0,0,0,0,0,-6.16343565,106.7864384,listing,0,https://picture.rumah123.com/r123-images/360x210-crop/customer/1142029/3ea55e01dee4437a761db947f6bd8dd1.jpg,"Disewakan 2 Bedroom Apartemen Madison Park Furnish Lengkap Rapi Bersih Nyaman, Grogol Petamburan, Jakarta Barat.  Furnish: - AC - Kitchen Cabinet -...",4385087.0,1864913.0,0.3544,-42.5,0.97,Premium / High Price,,"Disewakan 2 Bedroom Apartemen Madison Park Furnish Lengkap Rapi Bersih Nyaman, Fasilitas Lengkap Lokasi Strategis Grogol Petamburan, Jakarta Barat.",Madison Park,exact
LST-00190,Madison Park • 1BR Semi Furnished (30 m²),https://www.rumah123.com/properti/jakarta-barat-grogol-petamburan/disewakan-apartemen-luas-30m-1-bedroom-madison-park-jakarta-barat-partially-furnished-homey-siap-huni-fasilitas-apr7810373/,Jakarta Barat,DKI Jakarta,Grogol Petamburan,"Grogol Petamburan, Jakarta Barat",Apartemen,4416666.666666667,147222.22222222222,yearly,1,1,Studio / 1BR,30.0,6.261790795040544,3.659527673021703,Stasiun KRL Tanah Abang,Tier 1: Core Urban Center (<7km),0,1,0,0,0,0,0,0,0,0,0,0,-6.16343565,106.7864384,listing,0,https://picture.rumah123.com/r123-images/360x210-crop/customer/1142029/beb6be08895dbf5bacf797d481001442.jpg,"Disewakan 1BR Madison Park Jakarta Barat - Semi Furnished, Homey & Siap Huni fasilitas Lengkap  Spesifikasi Unit: Luas: 30m² 1 Kamar Tidur 1 Kamar...",3724921.0,691745.666666667,0.1703,-18.6,0.47,Fair Market Price,,"Disewakan Apartemen Luas 30M² 1 Bedroom Madison Park Jakarta Barat - Partially Furnished, Homey, Siap Huni, Fasilitas Lengkap, Lokasi Sangat Strategis",Madison Park,exact
LST-00191,Unresolved • Central Park • Studio Full Furnished (26 m²),https://www.rumah123.com/properti/jakarta-barat-central-park/disewakan-unit-premium-tipe-studio-apartemen-royal-mediterania-garden-residence-apr7828169/,Jakarta Barat,DKI Jakarta,Central Park,"Central Park, Jakarta Barat",Apartemen,5000000.0,192307.6923076923,yearly,1,1,Studio / 1BR,26.0,4.7633463918655625,2.40091462710712,Stasiun KRL Tanah Abang,Tier 1: Core Urban Center (<7km),1,0,0,0,0,0,0,0,0,0,0,0,-6.177137,106.790977,listing,0,https://picture.rumah123.com/r123-images/360x210-crop/customer/1123263/8eb9d189f84b85e18e0c052afe8aeb9d.jpg,"Unit studio di Royal Mediterania, Tower Favorit, dengan posisi lantai tinggi dan kondisi full furnished. Lokasi strategis dengan fasilitas aparteme...",4614595.0,385405.0,0.0802,-8.4,0.22,Fair Market Price,,Disewakan Unit Premium Tipe Studio Apartemen Royal Mediterania Garden Residence,,unresolved
LST-00192,Puri Mansion • 3BR Semi Furnished (68 m²),https://www.rumah123.com/properti/jakarta-barat-puri-mansion/apartemen-puri-manaion-type-3br-uk-68-m2-semi-furnished-jakarta-barat-apr7468538/,Jakarta Barat,DKI Jakarta,Puri Mansion,"Puri Mansion, Jakarta Barat",Apartemen,4833333.333333333,71078.43137254902,yearly,3,2,3 Bedroom,68.0,10.710352089319846,9.28265282155978,Stasiun KRL Tanah Abang,Tier 2: Inner Ring Metro (7-15km),0,1,0,0,0,0,0,0,0,0,0,0,-6.181338,106.727135,listing,0,https://picture.rumah123.com/r123-images/360x210-crop/customer/1995719/426db7b1b97ea8f1a3c8b6a206411f7e.jpg,Disewakan  Apartemen puri mansion  Type.      3 BR  UK.          68M2 Lantai.    30'an   harga 60 juta/Tahun  harga di luar ipl  air & listrik  par...,5767058.0,-933724.666666667,-0.1766,16.2,-0.49,Fair Market Price,,Apartemen Puri Manaion Type 3Br Uk 68 M2 Semi Furnished Jakarta Barat,Puri Mansion,exact
LST-00193,Puri Mansion • Studio Full Furnished (26 m²),https://www.rumah123.com/properti/jakarta-barat-puri-mansion/disewakan-apartemen-puri-mansion-type-studio-uk-26m2-fully-furnished-jakarta-barat-apr7800422/,Jakarta Barat,DKI Jakarta,Puri Mansion,"Puri Mansion, Jakarta Barat",Apartemen,3166666.6666666665,121794.87179487178,yearly,0,1,Studio / 1BR,26.0,10.710352089319846,9.28265282155978,Stasiun KRL Tanah Abang,Tier 2: Inner Ring Metro (7-15km),1,0,0,0,0,0,0,0,0,0,0,1,-6.181338,106.727135,listing,0,https://picture.rumah123.com/r123-images/360x210-crop/customer/1995719/ee91bcf9ad55f688838ee19928c2d1e5.jpg,Disewakan  Apartemen puri mansion  Type.   Studio  UK.       26M2  Lantai.   30'an  Harga 38 juta/Tahun  Harga di luar ipl  air & listrik  parkir k...,2971545.0,195121.6666666665,0.0636,-6.6,0.17,Fair Market Price,,Disewakan Apartemen Puri Mansion Type Studio Uk 26M2 Fully Furnished Jakarta Barat,Puri Mansion,exact
LST-00194,Neo Soho • Studio Full Furnished (97 m²),https://www.rumah123.com/properti/jakarta-barat-central-park/neo-soho-office-furnished-siap-pakai-untuk-kantor-eksklusif-apr7830067/,Jakarta Barat,DKI Jakarta,Central Park,"Central Park, Jakarta Barat",Apartemen,14583333.333333334,150343.64261168384,yearly,0,1,Studio / 1BR,97.0,4.7633463918655625,2.40091462710712,Stasiun KRL Tanah Abang,Tier 1: Core Urban Center (<7km),0,0,0,0,0,0,0,0,0,0,0,0,-6.177137,106.790977,listing,0,https://picture.rumah123.com/r123-images/360x210-crop/customer/869127/ae2d7e8052f643dcdad4bfdbd3a60afa.jpg,Disewakan Neo Soho Residence 2 lantai full interior kantor Luas : 97 m2 Lantai 1 - Office Room & Pantry Lantai 2 - Meeting Room Meja Kursi kantor l...,11531906.0,3051427.333333334,0.2348,-26.5,0.65,Fair Market Price,,Neo Soho Office Furnished Siap Pakai untuk Kantor Eksklusif,Neo Soho,exact
LST-00195,Condominium Taman Anggrek • Studio Furnished (26 m²),https://www.rumah123.com/properti/jakarta-barat-grogol/di-sewakan-apartemen-taman-anggrek-residences-studio-furnish-apr7844377/,Jakarta Barat,DKI Jakarta,Grogol,"Grogol, Jakarta Barat",Apartemen,4000000.0,153846.15384615384,yearly,1,1,Studio / 1BR,26.0,6.075792440751978,3.373348162312078,Stasiun KRL Tanah Abang,Tier 1: Core Urban Center (<7km),0,0,0,0,0,0,0,0,0,0,0,0,-6.16184,106.791901,listing,0,https://picture.rumah123.com/r123-images/360x210-crop/customer/1628187/b08d6926560e0917042c93c4cabada19.jpg,"Di Sewakan Apartemen Taman Anggrek Residences, Jakarta Barat  Lokasi Strategis di Kawasan Central Park Mall Podomoro City Kawasan Taman Anggrek Agu...",3913182.0,86818.0,0.0219,-2.2,0.06,Fair Market Price,,Di Sewakan Apartemen Taman Anggrek Residences Studio Furnish,Condominium Taman Anggrek,exact
LST-00196,Condominium Taman Anggrek • 1BR Furnished (38 m²),https://www.rumah123.com/properti/jakarta-barat-taman-anggrek/disewakan-taman-anggrek-residences-1-bedroom-furnished-nice-apr7820418/,Jakarta Barat,DKI Jakarta,Taman Anggrek,"Taman Anggrek, Jakarta Barat",Apartemen,5833333.333333333,153508.77192982455,yearly,1,1,Studio / 1BR,38.0,4.610219595941524,2.4387411788181472,Stasiun KRL Tanah Abang,Tier 1: Core Urban Center (<7km),0,0,0,0,0,0,0,0,0,0,0,0,-6.180502,106.78952,listing,0,https://picture.rumah123.com/r123-images/360x210-crop/customer/41967/5dc6719680ae7bd96a663f1fae068929.jpg,For rent Taman Anggrek Residences 1 bedroom luas 38m Furnished nice Harga 70 juta /tahun  For more information Hans 0878xxxxxxxx,4754095.0,1079238.333333333,0.2046,-22.7,0.56,Fair Market Price,,Disewakan Taman Anggrek Residences 1 Bedroom Furnished Nice,Condominium Taman Anggrek,exact
LST-00197,Condominium Taman Anggrek • 3BR Furnished (65 m²),https://www.rumah123.com/properti/jakarta-barat-tanjung-duren-selatan/disewakan-apartemen-3-br-furnished-di-taman-anggrek-residences-apr7838287/,Jakarta Barat,DKI Jakarta,Tanjung Duren Selatan,"Tanjung Duren Selatan, Jakarta Barat",Apartemen,8333333.333333333,128205.1282051282,yearly,3,2,3 Bedroom,65.0,4.716486397173777,2.4566182493859112,Stasiun KRL Tanah Abang,Tier 1: Core Urban Center (<7km),0,0,0,0,0,0,0,0,0,0,0,0,-6.17882,106.789818,listing,0,https://picture.rumah123.com/r123-images/360x210-crop/customer/1278127/45ce0c3d23d4f742c7d0b56ae6f030f1.jpg,"Rasakan kenyamanan tinggal di Mediterania Garden Residences 1, apartemen berfasilitas lengkap yang terletak di kawasan Podomoro City. Cocok untuk k...",8500770.0,-167436.66666666698,-0.0199,2.0,-0.05,Fair Market Price,,Disewakan Apartemen 3 BR Furnished di Taman Anggrek Residences,Condominium Taman Anggrek,exact
LST-00198,Unresolved • Tanjung Duren Selatan • 3BR Furnished (70 m²),https://www.rumah123.com/properti/jakarta-barat-tanjung-duren-selatan/sewa-apartemen-furnished-3-br-di-mediterania-garden-residences-2-apr7838434/,Jakarta Barat,DKI Jakarta,Tanjung Duren Selatan,"Tanjung Duren Selatan, Jakarta Barat",Apartemen,7083333.333333333,101190.47619047618,yearly,3,2,3 Bedroom,70.0,4.716486397173777,2.4566182493859112,Stasiun KRL Tanah Abang,Tier 1: Core Urban Center (<7km),0,0,0,0,0,0,0,0,0,0,0,0,-6.17882,106.789818,listing,0,https://picture.rumah123.com/r123-images/360x210-crop/customer/1278127/a4ee2d659b127667a913b8f727378673.jpg,"MGR 2 menghadirkan apartemen modern dengan fasilitas lengkap dan akses langsung ke pusat kota. Dikelilingi oleh mall ternama (Central Park, Neo Soh...",9595622.0,-2512288.666666667,-0.3036,26.2,-0.84,Good Deal (Undervalued),good,Sewa Apartemen Furnished 3 BR di Mediterania Garden Residences 2,,unresolved
LST-00199,Unresolved • Tanjung Duren Selatan • Studio Furnished (26 m²),https://www.rumah123.com/properti/jakarta-barat-tanjung-duren-selatan/sewa-apartemen-studio-di-royal-mediterania-garden-residences-apr7838463/,Jakarta Barat,DKI Jakarta,Tanjung Duren Selatan,"Tanjung Duren Selatan, Jakarta Barat",Apartemen,4166666.6666666665,160256.41025641025,yearly,1,1,Studio / 1BR,26.0,4.716486397173777,2.4566182493859112,Stasiun KRL Tanah Abang,Tier 1: Core Urban Center (<7km),0,0,0,0,0,0,0,0,0,0,0,0,-6.17882,106.789818,listing,0,https://picture.rumah123.com/r123-images/360x210-crop/customer/1278127/f253f6edcfb3b0bf889291c0384e04a7.jpg,"Hunian Dua tower (Lavender & Marigold) gaya Mediterranean dengan suasana mewah, akses langsung ke pusat perbelanjaan, dan fasilitas kelas atas, Roy...",4187932.0,-21265.33333333349,-0.0051,0.5,-0.01,Fair Market Price,,Sewa Apartemen Studio di Royal Mediterania Garden Residences,,unresolved
LST-00200,Neo Soho • 1BR Unfurnished (104 m²),https://www.rumah123.com/properti/jakarta-barat-tanjung-duren-selatan/disewakan-apartemen-unfurnished-di-neo-soho-luas-10429m2-apr7846234/,Jakarta Barat,DKI Jakarta,Tanjung Duren Selatan,"Tanjung Duren Selatan, Jakarta Barat",Apartemen,9916666.666666666,95352.5641025641,yearly,1,2,Studio / 1BR,104.0,4.716486397173777,2.4566182493859112,Stasiun KRL Tanah Abang,Tier 1: Core Urban Center (<7km),0,0,1,0,0,0,0,0,0,0,0,0,-6.17882,106.789818,listing,0,https://picture.rumah123.com/r123-images/360x210-crop/customer/1278127/2153f087a49daab91bc71862a92fb78f.jpg,"Location: Jl. Tanjung Duren Raya, Grogol Jakarta Barat  Size : 97,37 Net / 104,29 Gross m² Bedroom : 1 Bathroom : 2 Rent Price : Rp 119.000.000,-/...",12149128.0,-2232461.333333334,-0.203,18.4,-0.56,Fair Market Price,,"Disewakan Apartemen Unfurnished di Neo Soho - Luas 104,29M2",Neo Soho,exact
LST-00201,Unresolved • Tanjung Duren Selatan • 2BR Furnished (42 m²),https://www.rumah123.com/properti/jakarta-barat-tanjung-duren-selatan/disewakan-apartemen-furnished-di-mediterania-garden-residences-2-apr7847606/,Jakarta Barat,DKI Jakarta,Tanjung Duren Selatan,"Tanjung Duren Selatan, Jakarta Barat",Apartemen,5416666.666666667,128968.25396825398,yearly,2,1,2 Bedroom,42.0,4.716486397173777,2.4566182493859112,Stasiun KRL Tanah Abang,Tier 1: Core Urban Center (<7km),0,0,0,0,0,0,0,0,0,0,0,0,-6.17882,106.789818,listing,0,https://picture.rumah123.com/r123-images/360x210-crop/customer/1278127/5ececf25af6f343cd95eeaff2cf60c83.jpg,"MGR 2 menghadirkan apartemen modern dengan fasilitas lengkap dan akses langsung ke pusat kota. Dikelilingi oleh mall ternama (Central Park, Neo Soh...",5273138.0,143528.66666666698,0.0269,-2.7,0.07,Fair Market Price,,Disewakan Apartemen Furnished di Mediterania Garden Residences 2,,unresolved
LST-00202,Unresolved • Tanjung Duren • 2BR Full Furnished (42 m²),https://www.rumah123.com/properti/jakarta-barat-tanjung-duren/apt-medit-2-disewakan-rapih-full-furnished-cakepp-siap-huni-apr7819063/,Jakarta Barat,DKI Jakarta,Tanjung Duren,"Tanjung Duren, Jakarta Barat",Apartemen,7000000.0,166666.66666666666,monthly,2,1,2 Bedroom,42.0,5.1099202936938335,3.072583709759156,Stasiun KRL Tanah Abang,Tier 1: Core Urban Center (<7km),1,0,0,0,0,0,0,0,0,0,0,0,-6.18036,106.783691,listing,0,https://picture.rumah123.com/r123-images/360x210-crop/customer/4377120/9787c956f14832c5f1409a5421cca2c3.jpg,DIsewakan  Apt Medit 2 TjDuren 2BR luas 42m² Fullfurnished Cakep rapih Siap huni Tower Kenanga Lt rendah Ready 15sept  Hrg *68jt/thn negoo..   Ant...,5083182.0,1916818.0,0.32,-37.7,0.88,Premium / High Price,,Apt Medit 2 Disewakan Rapih Full Furnished Cakepp Siap Huni,,unresolved
LST-00203,Condominium Taman Anggrek • 3BR Semi Furnished (65 m²),https://www.rumah123.com/properti/jakarta-barat-taman-anggrek/sewa-taman-anggrek-residence-3br-semi-furnish-apr7850725/,Jakarta Barat,DKI Jakarta,Taman Anggrek,"Taman Anggrek, Jakarta Barat",Apartemen,6666666.666666667,102564.10256410256,yearly,3,2,3 Bedroom,65.0,4.610219595941524,2.4387411788181472,Stasiun KRL Tanah Abang,Tier 1: Core Urban Center (<7km),0,1,0,0,0,0,0,0,0,0,0,0,-6.180502,106.78952,listing,0,https://picture.rumah123.com/r123-images/360x210-crop/customer/1607914/b99b743fb3211e81424babb1f1d86845.jpg,Disewakan cepat paling murah  taman anggrek residence 3 br 2 kamar mandi 65 m2 bagus semi furnish  harga 80 jt saja,8878420.0,-2211753.333333333,-0.2865,24.9,-0.79,Good Deal (Undervalued),good,Sewa Taman Anggrek Residence 3Br Semi Furnish Paling Murah,Condominium Taman Anggrek,exact
LST-00204,Puri Mansion • 2BR Full Furnished (63 m²),https://www.rumah123.com/properti/jakarta-barat-cengkareng/apartemen-puri-mansion-full-furnish-apr7847517/,Jakarta Barat,DKI Jakarta,Cengkareng,"Cengkareng, Jakarta Barat",Apartemen,6250000.0,99206.3492063492,yearly,2,2,2 Bedroom,63.0,11.191303974360595,9.052388288360548,Stasiun KRL Tanah Abang,Tier 2: Inner Ring Metro (7-15km),1,0,0,1,0,0,0,0,0,0,1,0,-6.15224905,106.7362572,listing,0,https://picture.rumah123.com/r123-images/360x210-crop/customer/2059454/13c33a381c85b7c9a8d4d8ca6d1cffe1.jpg,"DISEWA Apartemen Puri Mansion Tipe 2+1, Full Furnished  Ukuran: 63m2 KT: 2+1 KM: 2 Lt. 29 View City - Kitchen Set - ⁠AC - ⁠Kompor - ⁠Kulkas -...",5398805.0,851195.0,0.1464,-15.8,0.4,Fair Market Price,,Apartemen Puri Mansion Full Furnish,Puri Mansion,exact
LST-00205,Unresolved • Tanjung Duren • 2BR Furnished (41 m²),https://www.rumah123.com/properti/jakarta-barat-tanjung-duren/disewakan-apartemen-mediterania-2-tanjung-duren-jakarta-barat-apr7848345/,Jakarta Barat,DKI Jakarta,Tanjung Duren,"Tanjung Duren, Jakarta Barat",Apartemen,5416666.666666667,132113.82113821138,yearly,2,1,2 Bedroom,41.0,5.1099202936938335,3.072583709759156,Stasiun KRL Tanah Abang,Tier 1: Core Urban Center (<7km),0,0,0,0,0,0,1,0,0,0,0,0,-6.18036,106.783691,listing,0,https://picture.rumah123.com/r123-images/360x210-crop/customer/1343705/5b5bcd50b0c007e0c32be27a58ba6db9.jpg,DiSewakan : Apartemen Mediterania Residences 2  Furnish Tower : Flamboyan Lantai : Tinggi View : Pool dan City Luas : 41m2   2 K.Tidur sudah di ren...,4341516.0,1075150.666666667,0.2213,-24.8,0.61,Fair Market Price,,"Disewakan Apartemen Mediterania 2 Tanjung Duren, Jakarta Barat",,unresolved
LST-00206,Puri Orchard • 1BR Semi Furnished (35 m²),https://www.rumah123.com/properti/jakarta-barat-cengkareng/apartemen-puri-orchard-1br-semi-furnish-disewakan-apr3450409/,Jakarta Barat,DKI Jakarta,Cengkareng,"Cengkareng, Jakarta Barat",Apartemen,2916666.6666666665,83333.33333333333,yearly,1,1,Studio / 1BR,35.0,10.592648045704957,8.350882730974956,Stasiun KRL Tanah Abang,Tier 2: Inner Ring Metro (7-15km),0,1,0,0,0,0,0,0,0,0,0,0,-6.15072,106.74405,listing,0,https://picture.rumah123.com/r123-images/360x210-crop/customer/1886981/d44e695251534469672db6799f31a9be.jpg,Disewakan Apartemen Puri Orchard  LB : 35 m2 KT : 1 KM : 1 Semi Furnish SHM Listrik 2.200 Watt  Harga Sewa : Rp. 35 Jt  Hubungi : Agustina ERA Proj...,2707812.0,208854.6666666665,0.0743,-7.7,0.2,Fair Market Price,,Apartemen Puri Orchard 1BR Semi Furnish Disewakan,Puri Orchard,exact
LST-00207,Ciputra International • 2BR Furnished (69 m²),https://www.rumah123.com/properti/jakarta-barat-puri-indah/disewakan-cepat-apartemen-di-ciputra-international-apr3288484/,Jakarta Barat,DKI Jakarta,Puri Indah,"Puri Indah, Jakarta Barat",Apartemen,4583333.333333333,66425.12077294686,yearly,2,2,2 Bedroom,69.0,8.871799490960802,7.527029550583822,Stasiun KRL Tanah Abang,Tier 2: Inner Ring Metro (7-15km),0,0,0,1,0,0,0,0,0,0,0,0,-6.18658,106.74292,listing,0,https://picture.rumah123.com/r123-images/360x210-crop/customer/1886981/2024-05-04-07-18-08-9df30a93-80d0-4fb3-a955-3d0eda492bd5.jpg,Disewakan Apartemen Ciputra Internasional Sanfrancisco Jakarta Barat  Type: 2br Uk: 69.07 m2 Kt: 2 Km: 2 Include 3 ac 1 bed 1 kulkas  Harga sewa: 5...,6017921.0,-1434587.666666667,-0.2723,23.8,-0.75,Good Deal (Undervalued),good,Disewakan Cepat Apartemen di Ciputra International,Ciputra International,exact
LST-00208,Ciputra International • 2BR Full Furnished (76 m²),https://www.rumah123.com/properti/jakarta-barat-cengkareng/disewa-apartemen-ciputra-international-2-kamar-tidur-furnished-bagus-apr3498656/,Jakarta Barat,DKI Jakarta,Cengkareng,"Cengkareng, Jakarta Barat",Apartemen,7916666.666666667,104166.66666666669,yearly,2,1,2 Bedroom,76.0,10.592721238713477,8.350967479020781,Stasiun KRL Tanah Abang,Tier 2: Inner Ring Metro (7-15km),1,0,0,0,0,0,0,0,0,0,0,0,-6.150720119476318,106.74404907226562,listing,0,https://picture.rumah123.com/r123-images/360x210-crop/customer/1846684/5b4c852da3f69848f842bd0b41502e73.jpg,"Dijual / Disewa Apartemen Ciputra International Puri Type 2 BR Tower Amsterdam, Lantai 17 Luas 76m2 (Corner) Full Furnished View city Sewa 95jt/th,...",7438192.0,478474.666666667,0.0623,-6.4,0.17,Fair Market Price,,Disewa dan Dijual Apartemen Ciputra International 2 Kamar Tidur Furnished Bagusan,Ciputra International,exact
LST-00209,West Vista Puri • Studio Full Furnished (30 m²),https://www.rumah123.com/properti/jakarta-barat-cengkareng/apart-west-vista-jakbar-luas-30m2-full-furnish-siap-huni-apr7474826/,Jakarta Barat,DKI Jakarta,Cengkareng,"Cengkareng, Jakarta Barat",Apartemen,3750000.0,125000.0,yearly,0,1,Studio / 1BR,30.0,10.592735671537351,8.35098071288016,Stasiun KRL Tanah Abang,Tier 2: Inner Ring Metro (7-15km),1,0,0,0,0,0,0,0,0,0,0,0,-6.15072,106.744049,listing,0,https://picture.rumah123.com/r123-images/360x210-crop/customer/1049868/79c27a0e0a620220471363c616d03c3e.jpg,Disewakan  Apartemen West Vista Cengkareng Jakarta Barat Lantai : 25 Luas : 30m2 / Studio Kamar mandi : 1 Furnished:  Full Furnish Harga Sewa : 45 ...,3602454.0,147546.0,0.0401,-4.1,0.11,Fair Market Price,,Apart West Vista Jakbar Luas 30M2 Full Furnish Siap Huni,West Vista Puri,exact
LST-00210,Green Royal Condo House • 2BR Unfurnished (48 m²),https://www.rumah123.com/properti/jakarta-barat-semanan/unfurnished-apartemen-green-royal-condo-house-apr3466100/,Jakarta Barat,DKI Jakarta,Semanan,"Semanan, Jakarta Barat",Apartemen,5200000.0,108333.33333333331,monthly,2,1,2 Bedroom,48.0,13.634525846858953,7.866661714447723,Stasiun KRL Tangerang,Tier 2: Inner Ring Metro (7-15km),0,0,1,0,0,0,0,0,1,0,0,0,-6.168361795258061,106.70356315977172,listing,0,https://picture.rumah123.com/r123-images/360x210-crop/customer/1228541/a4803a5b261c3112e56c0346c31199b1.jpg,"Green Royal Condo House berlokasi strategis, apartemen ini memiliki akses mudah menuju Stasiun Kalideres, Bandara Soekarno-Hatta, serta pusat perbe...",4428250.0,771750.0,0.1607,-17.4,0.44,Fair Market Price,,Unfurnished Apartemen Green Royal Condo House,Green Royal Condo House,exact
LST-00211,Unresolved • Kalideres • 1BR Furnished (48 m²),https://www.rumah123.com/properti/jakarta-barat-kalideres/furnished-apartemen-citralake-suites-dekat-bandara-soekarnohatta-apr2242711/,Jakarta Barat,DKI Jakarta,Kalideres,"Kalideres, Jakarta Barat",Apartemen,8100000.0,168750.0,monthly,1,1,Studio / 1BR,48.0,14.889026914316652,10.338648409458711,Stasiun KRL Tangerang,Tier 2: Inner Ring Metro (7-15km),0,0,0,0,0,0,0,0,0,0,0,0,-6.1280307,106.7125811,listing,0,https://picture.rumah123.com/r123-images/360x210-crop/customer/1228541/149c0b2884465a7933cb7b10b470219c.jpg,"CitraLake Suites Apartment menghadirkan hunian modern dan nyaman di kawasan Kalideres, Jakarta Barat, dengan fasilitas gedung lengkap seperti keama...",5943310.0,2156690.0,0.3096,-36.3,0.85,Premium / High Price,,Furnished Apartemen Citralake Suites Dekat Bandara Soekarno-Hatta,,unresolved
LST-00212,Grand Madison • 1BR Furnished (51 m²),https://www.rumah123.com/properti/jakarta-barat-grogol/furnished-apartemen-grand-madison-dekat-central-park-mall-apr2512023/,Jakarta Barat,DKI Jakarta,Grogol,"Grogol, Jakarta Barat",Apartemen,9400000.0,184313.72549019608,monthly,1,1,Studio / 1BR,51.0,4.879782224014439,2.616694680734327,Stasiun KRL Tanah Abang,Tier 1: Core Urban Center (<7km),0,0,0,0,0,0,0,1,0,0,0,0,-6.1779867014642,106.7885686964,listing,0,https://picture.rumah123.com/r123-images/360x210-crop/customer/1228541/49e03864c1a7b00d5f6ece1272f6fcf8.jpg,"Grand Madison Apartment menghadirkan hunian modern dan nyaman di kawasan Tanjung Duren Selatan dengan fasilitas lengkap seperti pusat kebugaran, da...",7685713.0,1714287.0,0.2013,-22.3,0.55,Fair Market Price,,Furnished Apartemen Grand Madison Dekat Central Park Mall,Grand Madison,exact
LST-00213,Condominium Taman Anggrek • 2BR Furnished (88 m²),https://www.rumah123.com/properti/jakarta-barat-taman-anggrek/disewakan-segera-unit-include-ipl-2br-taman-anggrek-condominium-apr7580865/,Jakarta Barat,DKI Jakarta,Taman Anggrek,"Taman Anggrek, Jakarta Barat",Apartemen,12000000.0,136363.63636363635,monthly,2,2,2 Bedroom,88.0,4.610219595941524,2.4387411788181472,Stasiun KRL Tanah Abang,Tier 1: Core Urban Center (<7km),0,0,0,0,0,0,0,0,0,0,0,0,-6.180502,106.78952,listing,0,https://picture.rumah123.com/r123-images/360x210-crop/customer/4407644/f8eb9bb8f907bfd5b7ad30bc14130eef.jpg,"Apartemen 1 lantai di Taman Anggrek, Jakarta Barat.  For rent di wilayah yang tenang. Dengan rinciannya adalah sebagai berikut:   - Kamar Tidur: 2 ...",11243240.0,756760.0,0.0651,-6.7,0.18,Fair Market Price,,Disewakan Segera Unit Include IPL 2Br Taman Anggrek Condominium,Condominium Taman Anggrek,fuzzy
LST-00214,Condominium Taman Anggrek • 3BR Furnished (146 m²),https://www.rumah123.com/properti/jakarta-barat-taman-anggrek/disewakan-unit-3-br-di-taman-anggrek-condominum-apr7848222/,Jakarta Barat,DKI Jakarta,Taman Anggrek,"Taman Anggrek, Jakarta Barat",Apartemen,16250000.0,111301.3698630137,yearly,3,2,3 Bedroom,146.0,4.551852495191764,2.156063480537044,Stasiun KRL Tanah Abang,Tier 1: Core Urban Center (<7km),0,0,0,0,0,0,0,0,0,0,0,0,-6.177810977192847,106.79309564540064,listing,0,https://picture.rumah123.com/r123-images/360x210-crop/customer/1811641/722fde29dedcbb08f82bdc0f5f70f34a.jpg,"Apartemen di Taman Anggrek.  Temukan apartemen 18 lantai yang modern ini,  disewakan menawarkan lingkungan fasilitas yang lengkap, cocok untuk Anda...",14901178.0,1348822.0,0.0867,-9.1,0.24,Fair Market Price,,Disewakan Unit 3 Br di Taman Anggrek Condominum,Condominium Taman Anggrek,fuzzy
LST-00215,Condominium Taman Anggrek • 2BR Furnished (88 m²),https://www.rumah123.com/properti/jakarta-barat-taman-anggrek/disewakan-condominium-taman-anggrek-2-bedroom-siap-huni-apr7803700/,Jakarta Barat,DKI Jakarta,Taman Anggrek,"Taman Anggrek, Jakarta Barat",Apartemen,10000000.0,113636.36363636365,yearly,2,1,2 Bedroom,88.0,4.550264680217007,2.2282892887141523,Stasiun KRL Tanah Abang,Tier 1: Core Urban Center (<7km),0,0,0,0,0,0,0,0,0,0,0,0,-6.17880305694483,106.79200216913148,listing,0,https://picture.rumah123.com/r123-images/360x210-crop/customer/1811641/4557a4c64a0ebd696fe42f87a6c1e9de.jpg,"Kesempatan terbatas buat Anda dapatkan apartemen nyaman dengan return investasi tinggi di Taman Anggrek, Jakarta Barat.  Apartemen ini menawarkan k...",12296487.0,-2296487.0,-0.2067,18.7,-0.57,Fair Market Price,,Disewakan Condominium Taman Anggrek 2 Bedroom Siap Huni,Condominium Taman Anggrek,exact
LST-00216,Condominium Taman Anggrek • 2BR Furnished (88 m²),https://www.rumah123.com/properti/jakarta-barat-taman-anggrek/disewakan-unit-brand-new-2-br-di-taman-anggrek-condominum-apr7848171/,Jakarta Barat,DKI Jakarta,Taman Anggrek,"Taman Anggrek, Jakarta Barat",Apartemen,12916666.666666666,146780.303030303,yearly,2,2,2 Bedroom,88.0,4.550264680217007,2.2282892887141523,Stasiun KRL Tanah Abang,Tier 1: Core Urban Center (<7km),0,0,0,0,0,0,0,0,0,0,0,0,-6.17880305694483,106.79200216913148,listing,0,https://picture.rumah123.com/r123-images/360x210-crop/customer/1811641/075652b16efb15ef5d0663abc4ed6904.jpg,"Apartemen 40 lantai di Taman Anggrek, Jakarta Barat.  Disewakan di wilayah yang nyaman. Dengan spesifikasinya adalah sebagai berikut:   - Kamar Tid...",11167402.0,1749264.666666666,0.1455,-15.7,0.4,Fair Market Price,,Disewakan Unit Brand New 2 Br di Taman Anggrek Condominum,Condominium Taman Anggrek,fuzzy
LST-00217,St. Moritz Residences Tower Royal • 3BR Furnished (112 m²),https://www.rumah123.com/properti/jakarta-barat-puri-indah/apartemen-3br-disewakan-st-moritz-tower-royal-nomor-unit-bagus-apr7849575/,Jakarta Barat,DKI Jakarta,Puri Indah,"Puri Indah, Jakarta Barat",Apartemen,10833333.333333334,96726.19047619047,yearly,3,2,3 Bedroom,112.0,8.871799490960802,7.527029550583822,Stasiun KRL Tanah Abang,Tier 2: Inner Ring Metro (7-15km),0,0,0,0,0,0,0,0,0,0,0,0,-6.18658,106.74292,listing,0,https://picture.rumah123.com/r123-images/360x210-crop/customer/1493860/ee17faf56db52062f7ba1ae947d7917e.jpg,"Dijual/Disewakan Apartemen St Moritz Tower Royal Puri Indah, Jakarta Barat  Nomor Unit Hoki Bagus  Tower Royal - Common Lift View ke Utara - Plong ...",10979188.0,-145854.66666666605,-0.0134,1.3,-0.04,Fair Market Price,,Apartemen 3Br Disewakan St Moritz Tower Royal Nomor Unit Bagus,St. Moritz Residences,exact
LST-00218,Albatros Daan Mogot • Studio Furnished (38 m²),https://www.rumah123.com/properti/jakarta-barat-daan-mogot/apartemen-type-premium-studio-unit-baru-apr7810159/,Jakarta Barat,DKI Jakarta,Daan Mogot,"Daan Mogot, Jakarta Barat",Apartemen,2916666.6666666665,76754.38596491228,yearly,1,1,Studio / 1BR,38.0,8.664265627387184,6.357588937754532,Stasiun KRL Tanah Abang,Tier 2: Inner Ring Metro (7-15km),0,0,0,0,0,0,0,0,0,0,0,0,-6.15797,106.760597,listing,0,https://picture.rumah123.com/r123-images/360x210-crop/customer/1878795/e0d9480c77d564cbe13e40da8e42040c.jpg,"Unit belum dipakai UNFURNISH kondisi sesuai foto , lantai rendah , lingkungan sudah ramai",4119162.0,-1202495.3333333335,-0.3452,29.2,-0.95,Good Deal (Undervalued),good,Albatros Premium Studio Unit Baru 100%,Albatros Daan Mogot,exact
LST-00219,Puri Mansion Tower Beryl • Studio Full Furnished (26 m²),https://www.rumah123.com/properti/jakarta-barat-puri-indah/apartemen-puri-mansion-studio-full-furnished-tower-beryl-pui-indah-outer-ring-road-jakarta-barat-disewakan-apr7717889/,Jakarta Barat,DKI Jakarta,Puri Indah,"Puri Indah, Jakarta Barat",Apartemen,2916666.6666666665,112179.48717948716,yearly,1,1,Studio / 1BR,26.0,8.871799490960802,7.527029550583822,Stasiun KRL Tanah Abang,Tier 2: Inner Ring Metro (7-15km),1,0,0,0,0,0,0,0,0,0,0,0,-6.18658,106.74292,listing,0,https://picture.rumah123.com/r123-images/360x210-crop/customer/1660459/936201781a479dc9ec497e0531bbdfee.jpg,"Apartemen di Puri Indah.  Dapatkan apartemen 37 lantai yang nyaman ini,  disewakan menghadirkan lingkungan fasilitas yang lengkap, cocok untuk Anda...",3693344.0,-776677.3333333335,-0.2361,21.0,-0.65,Fair Market Price,,Apartemen Puri Mansion Studio Full Furnished Tower Beryl Pui Indah Outer Ring Road Jakarta Barat Disewakan,Puri Mansion,exact
LST-00220,Puri Mansion Tower Beryl • 2BR Furnished (49 m²),https://www.rumah123.com/properti/jakarta-barat-puri-mansion/apartemen-puri-mansion-2-br-disewa-tower-beryl-lantai-31-apr7713466/,Jakarta Barat,DKI Jakarta,Puri Mansion,"Puri Mansion, Jakarta Barat",Apartemen,5000000.0,102040.8163265306,yearly,2,2,2 Bedroom,49.0,10.710352089319846,9.28265282155978,Stasiun KRL Tanah Abang,Tier 2: Inner Ring Metro (7-15km),0,0,0,0,0,0,0,0,0,0,0,0,-6.181338,106.727135,listing,0,https://picture.rumah123.com/r123-images/360x210-crop/customer/1660459/9a5fac1f2c64db24566bdcbf738607d1.jpg,"Apartemen di Puri Mansion.  Miliki apartemen 31 lantai yang asri ini,  disewakan menghadirkan lingkungan fasilitas yang lengkap, cocok untuk Anda y...",3454127.0,1545873.0,0.3699,-44.8,1.02,Premium / High Price,,Apartemen Puri Mansion 2 br Disewa Tower Beryl Lantai 31,Puri Mansion,exact
LST-00221,Unresolved • Central Park • 2BR Full Furnished (76 m²),https://www.rumah123.com/properti/jakarta-barat-central-park/apartemen-grand-madison-2-br-disewakan-central-park-neo-soho-grogol-jakarta-barat-apr7822643/,Jakarta Barat,DKI Jakarta,Central Park,"Central Park, Jakarta Barat",Apartemen,8750000.0,115131.57894736844,yearly,2,2,2 Bedroom,76.0,4.7633463918655625,2.40091462710712,Stasiun KRL Tanah Abang,Tier 1: Core Urban Center (<7km),1,0,0,0,0,0,0,0,0,0,0,0,-6.177137,106.790977,listing,0,https://picture.rumah123.com/r123-images/360x210-crop/customer/1660459/3c8672af382531c98f14693c044ef243.jpg,"1. full furnished 2. bagus dan ready 3. sewa 105 juta per tahun minimal 2 tahun 4. strategis dekat central park, taman anggrek, citraland dan daera...",11472710.0,-2722710.0,-0.2709,23.7,-0.75,Good Deal (Undervalued),good,Apartemen Grand Madison 2 br Disewakan Central Park Neo Soho Grogol Jakarta Barat,,unresolved
LST-00222,Condominium Taman Anggrek • 3BR Full Furnished (146 m²),https://www.rumah123.com/properti/jakarta-barat-taman-anggrek/condominium-taman-anggrek-3br-full-furnished-grogol-jakarta-barat-dekat-central-park-dan-citra-land-apr7761243/,Jakarta Barat,DKI Jakarta,Taman Anggrek,"Taman Anggrek, Jakarta Barat",Apartemen,12500000.0,85616.43835616438,yearly,3,2,3 Bedroom,146.0,4.610219595941524,2.4387411788181472,Stasiun KRL Tanah Abang,Tier 1: Core Urban Center (<7km),1,0,0,0,0,0,0,0,0,0,0,0,-6.180502,106.78952,listing,0,https://picture.rumah123.com/r123-images/360x210-crop/customer/1660459/1826816a7c17f31c43207bb78148e496.jpg,"Apartemen 40 lantai di Taman Anggrek, Jakarta Barat.  Disewakan di wilayah yang nyaman. Dengan kategorinya adalah sebagai berikut:   - Kamar Tidur:...",21106227.0,-8606227.0,-0.5238,40.8,-1.44,Good Deal (Undervalued),good,Condominium Taman Anggrek 3Br Full Furnished Grogol Jakarta Barat Dekat Central Park dan Citra Land,Condominium Taman Anggrek,fuzzy
LST-00223,Bassura City • 2BR Furnished (43 m²),https://www.rumah123.com/properti/jakarta-timur-jatinegara/apart-2-br-view-pool-alamanda-bassura-city-cipinang-besar-jaktim-apr7376373/,Jakarta Timur,DKI Jakarta,Jatinegara,"Jatinegara, Jakarta Timur",Apartemen,3916666.6666666665,91085.27131782944,yearly,2,1,2 Bedroom,43.0,6.755278299744561,3.559571109128097,Stasiun KRL Manggarai,Tier 1: Core Urban Center (<7km),0,0,0,0,0,0,1,0,0,0,0,0,-6.223749,106.879232,listing,0,https://picture.rumah123.com/r123-images/360x210-crop/customer/1299771/338c7f5a4b2f339f5898221263e1fbdc.jpg,"Kesempatan terbatas buat Anda dapatkan apartemen nyaman dengan return investasi tinggi di Jatinegara, Jakarta Timur.  Apartemen ini menawarkan loka...",4751932.0,-835265.3333333335,-0.1933,17.6,-0.53,Fair Market Price,,Apart 2 BR View Pool Alamanda Bassura City Cipinang Besar Jaktim,Bassura City,exact
LST-00224,Unresolved • Cakung • 2BR Furnished (36 m²),https://www.rumah123.com/properti/jakarta-timur-cakung/unit-tipe-2-kamarinterior-baru-mewah-lengkap-lantai-17-apr7773783/,Jakarta Timur,DKI Jakarta,Cakung,"Cakung, Jakarta Timur",Apartemen,4000000.0,111111.11111111112,yearly,2,1,2 Bedroom,36.0,14.247127961765283,6.593635055197172,Stasiun KRL Bekasi,Tier 2: Inner Ring Metro (7-15km),0,0,0,0,0,0,0,0,0,0,0,0,-6.2048263,106.948821,listing,0,https://picture.rumah123.com/r123-images/360x210-crop/customer/1456904/095a24e1880d6ece3bfec1ec59a2ffe3.jpg,"Apartemen Sentra Timur Residence lantai 17 di Cakung, Jakarta Timur.  Disewakan di wilayah yang strategus. Dengan rinciannya adalah sebagai berikut...",3470728.0,529272.0,0.1419,-15.2,0.39,Fair Market Price,,Unit Tipe 2 Kamar Interior Baru Mewah Lengkap Lantai 17I,,unresolved
LST-00225,Unresolved • Cakung • 2BR Semi Furnished (36 m²),https://www.rumah123.com/properti/jakarta-timur-cakung/promo-2jt-2kamar-semi-furnished-baru-gressss-apr2477942/,Jakarta Timur,DKI Jakarta,Cakung,"Cakung, Jakarta Timur",Apartemen,2083333.3333333333,57870.370370370365,yearly,2,1,2 Bedroom,36.0,14.063997196732158,8.295393375194978,Stasiun KRL Bekasi,Tier 2: Inner Ring Metro (7-15km),0,1,0,0,0,0,0,0,0,0,0,1,-6.18489,106.94493,listing,0,https://pic.rumah123.com/r123/360x210-crop/apartment/ap24/2477942/original/apr2477942-apartemen-di-sewa-di-cakung-jakarta-timur-16290080723197.jpg,"DiSewakan Apartemen Nyaman, Aman, Private, Parkir Gratis. SEMI FURNISHED Apartemen Sentra Timur Residence, di dalam Kawasan Sentra Timur Superblock...",2605121.0,-521787.66666666674,-0.2235,20.0,-0.61,Fair Market Price,,"Disewakan Apartemen 2 Kamar Semi Furnish, Bersih Lantai 10",,unresolved
LST-00226,Unresolved • Cakung • 2BR Semi Furnished (36 m²),https://www.rumah123.com/properti/jakarta-timur-cakung/apartement-semi-furnish-cakep-bersih-dapurnya-matap-apr7811138/,Jakarta Timur,DKI Jakarta,Cakung,"Cakung, Jakarta Timur",Apartemen,2500000.0,69444.44444444444,monthly,2,1,2 Bedroom,36.0,14.265812489133753,6.586708961708784,Stasiun KRL Bekasi,Tier 2: Inner Ring Metro (7-15km),0,1,0,0,0,0,0,0,0,0,1,0,-6.204681675423046,106.94898549818134,listing,0,https://picture.rumah123.com/r123-images/360x210-crop/customer/1456904/dd01afaa118850c8741f42390bfd2909.jpg,"Apartemen ini menawarkan lokasi yang strategis serta memiliki nilai tepat yang siap untuk segera Anda sewa, utamanya bagi Anda yang mencari hunian ...",2806721.0,-306721.0,-0.1157,10.9,-0.32,Fair Market Price,,"Apartement Semi Furnish, Cakep Bersih Dapurnya Matap",,unresolved
LST-00227,Sedayu City Suites • Studio Furnished (28 m²),https://www.rumah123.com/properti/jakarta-timur-cakung/disewakan-furnish-studio-apartemen-sedayu-city-apr3566167/,Jakarta Timur,DKI Jakarta,Cakung,"Cakung, Jakarta Timur",Apartemen,3166666.6666666665,113095.23809523808,yearly,0,0,Studio / 1BR,28.0,14.063997196732158,8.295393375194978,Stasiun KRL Bekasi,Tier 2: Inner Ring Metro (7-15km),0,0,0,1,0,0,0,0,0,0,0,0,-6.18489,106.94493,listing,0,https://picture.rumah123.com/r123-images/360x210-crop/customer/1990859/listing/apr3566167/enhanced/b062838861fd8ee0e6cab4f11e3d089f.jpg,Luas 28 Furnish : Bed Tv Kulkas  AC  Harga 38 jt/th  #susan,3568290.0,-401623.3333333335,-0.1194,11.3,-0.33,Fair Market Price,,Disewakan Furnish Studio Apartemen Sedayu City,Sedayu City Suites,exact
LST-00228,Bassura City • 2BR Full Furnished (34 m²),https://www.rumah123.com/properti/jakarta-timur-jatinegara/apartment-cantik-2-kamar-full-furnished-siap-huni-di-bassura-city-apr3517703/,Jakarta Timur,DKI Jakarta,Jatinegara,"Jatinegara, Jakarta Timur",Apartemen,3250000.0,95588.23529411764,yearly,2,1,2 Bedroom,34.0,7.584742001616322,4.512041242245638,Stasiun KRL Manggarai,Tier 2: Inner Ring Metro (7-15km),1,0,0,0,0,0,1,1,0,0,0,1,-6.23168,106.88464,listing,0,https://picture.rumah123.com/r123-images/360x210-crop/customer/2048272/fa527c2b0dd867c386a652b9369d9686.jpg,"Merupakan apartment superblock yang memiliki kelengkapan fasilitas sebagai berikut: access card, TV kabel, parkir basement, swimming pool, fitness ...",3612641.0,-362641.0,-0.1058,10.0,-0.29,Fair Market Price,,Apartment Cantik 2 Kamar Full Furnished Siap Huni Di Bassura City,Bassura City,exact
LST-00229,Cleon Park JGC • Studio Furnished (32 m²),https://www.rumah123.com/properti/jakarta-timur-cakung/di-sewakan-apt-cleon-studio-furnish-cakung-jakkarta-apr7614965/,Jakarta Timur,DKI Jakarta,Cakung,"Cakung, Jakarta Timur",Apartemen,4583333.333333333,143229.16666666666,yearly,0,1,Studio / 1BR,32.0,13.488302193538072,8.396577413691325,Stasiun KRL Bekasi,Tier 2: Inner Ring Metro (7-15km),0,0,0,0,0,0,0,0,0,0,0,0,-6.18874163,106.9403369,listing,0,https://picture.rumah123.com/r123-images/360x210-crop/customer/1968330/3ba2c084b9eebedd6ebc4a6bc30b8b51.jpg,"Kesempatan terbatas buat Anda dapatkan apartemen nyaman dengan return investasi tinggi di Cakung, Jakarta Timur.  Apartemen ini menawarkan kelengka...",3779152.0,804181.333333333,0.1929,-21.3,0.53,Fair Market Price,,Di Sewakan Apt Cleon Studio Furnish Cakung Jakkarta,Cleon Park JGC,exact
LST-00230,Patria Park Cawang • 2BR Furnished (76 m²),https://www.rumah123.com/properti/jakarta-timur-cawang/disewakan-apartement-patria-park-furnished-apr7814641/,Jakarta Timur,DKI Jakarta,Cawang,"Cawang, Jakarta Timur",Apartemen,8500000.0,111842.1052631579,monthly,2,2,2 Bedroom,76.0,14.28344921892035,11.059408666635788,Stasiun KRL Depok Baru,Tier 2: Inner Ring Metro (7-15km),0,0,0,0,0,0,0,0,0,0,0,0,-6.31741,106.889,listing,0,https://picture.rumah123.com/r123-images/360x210-crop/customer/1276484/f10f1dfea1050d3631b4b7c5df4ea401.jpg,Disewakan Apartement Patria Park  2Bedroom Luas: 76 sqm  High floor view Bandara Halim Harga : 8.5juta/bulan Sewa Minimal 1 Tahun  exclued tax 10% ...,8454991.0,45009.0,0.0053,-0.5,0.01,Fair Market Price,,Disewakan Apartement Patria Park Furnished,Patria Park Cawang,exact
LST-00231,Tifolia Apartment • 2BR Furnished (30 m²),https://www.rumah123.com/properti/jakarta-timur-pulomas/disewakan-apart-tifolia-lantai-15-funished-apr7824273/,Jakarta Timur,DKI Jakarta,Pulomas,"Pulomas, Jakarta Timur",Apartemen,4583333.333333333,152777.77777777778,yearly,2,1,2 Bedroom,30.0,8.124276904442418,5.393629816618108,Stasiun KRL Manggarai,Tier 2: Inner Ring Metro (7-15km),0,0,0,0,0,0,0,0,0,0,0,0,-6.17726,106.886292,listing,0,https://picture.rumah123.com/r123-images/360x210-crop/customer/1970989/07796660c8b2095fb1076ad20ac862a7.jpg,Sewa apart tifolia Lantai 15 FF 2br 55juta/thn nepis (exclude IPL)  san,3768869.0,814464.333333333,0.1957,-21.6,0.54,Fair Market Price,,Disewakan Apart Tifolia Lantai 15 Funished,Tifolia Apartment,exact
LST-00232,Tifolia Apartment • 2BR Furnished (43 m²),https://www.rumah123.com/properti/jakarta-timur-kayu-putih/disewakanapartemen-tifoliabagus-siap-huni-apr7848826/,Jakarta Timur,DKI Jakarta,Kayu Putih,"Kayu Putih, Jakarta Timur",Apartemen,3166666.6666666665,73643.41085271318,yearly,2,1,2 Bedroom,43.0,14.28344921892035,11.059408666635788,Stasiun KRL Depok Baru,Tier 2: Inner Ring Metro (7-15km),0,0,0,0,0,0,0,0,0,0,0,0,-6.31741,106.889,listing,0,https://picture.rumah123.com/r123-images/360x210-crop/customer/2107653/179c6a3a166f443c3be9817918f234cc.jpg,"Disewakan Apartemen Tifolia,Bagus,siap huni Lt 43m² lantai 32 Kt 2//Km 1 PPJB  Harga : 38jt/th(nepis)  Hubungi :  rina -0821xxxxxxxx B.Vny",5995315.0,-2828648.333333333,-0.6383,47.2,-1.76,Deep Value Deal (Rare Find),deep,"Disewakan.apartemen Tifolia,Bagus Siap Huni",Tifolia Apartment,exact
LST-00233,Unresolved • Jatinegara • Studio Furnished (36 m²),https://www.rumah123.com/properti/jakarta-timur-jatinegara/sewa-apartemen-the-hive-cawang-studio-bagus-apr7833636/,Jakarta Timur,DKI Jakarta,Jatinegara,"Jatinegara, Jakarta Timur",Apartemen,5833333.333333333,162037.03703703702,yearly,0,1,Studio / 1BR,36.0,14.28344921892035,11.059408666635788,Stasiun KRL Depok Baru,Tier 2: Inner Ring Metro (7-15km),0,0,0,0,0,0,0,0,0,0,0,0,-6.31741,106.889,listing,0,https://picture.rumah123.com/r123-images/360x210-crop/customer/4521922/1966f832db56a94f7fba826c51bf138c.jpg,Sewa apartemen the hive Cawang furnished lengkap,5984058.0,-150724.66666666698,-0.0255,2.5,-0.07,Fair Market Price,,Sewa Apartemen The Hive Cawang Studio Bagus,,unresolved
LST-00234,Transpark Cibubur • Studio Furnished (22 m²),https://www.rumah123.com/properti/jakarta-timur-cibubur/apartemen-di-sewa-tipe-studio-full-furniture-di-apartemen-trans-studio-cibubur-apr7767980/,Jakarta Timur,DKI Jakarta,Cibubur,"Cibubur, Jakarta Timur",Apartemen,4166666.6666666665,189393.9393939394,yearly,0,1,Studio / 1BR,22.0,18.36377962780643,8.982117676463927,Stasiun KRL Depok Baru,Tier 3: Outer Commuter Ring (15-28km),0,0,0,0,0,0,0,0,0,0,0,0,-6.35611,106.895111,listing,0,https://picture.rumah123.com/r123-images/360x210-crop/customer/607567/d7d343886df1a2e2b03934e345c24d53.jpg,"Apartemen 20 lantai di Cibubur, Jakarta Timur.  For rent di wilayah yang tenang. Dengan spesifikasinya adalah sebagai berikut:   - Kamar Mandi: 1  ...",2550770.0,1615896.6666666665,0.4907,-63.3,1.35,Premium / High Price,,Apartemen di Sewa Tipe Studio Full Furniture di Apartemen Trans Studio Cibubur,Transpark Cibubur,exact
LST-00235,Signature Park Grande • 1BR Full Furnished (40 m²),https://www.rumah123.com/properti/jakarta-timur-cawang/good-price-ipl-included-1br-full-furnished-signature-park-grande-apr7754019/,Jakarta Timur,DKI Jakarta,Cawang,"Cawang, Jakarta Timur",Apartemen,7000000.0,175000.0,yearly,1,1,Studio / 1BR,40.0,6.445899587723696,4.201328654233238,Stasiun KRL Manggarai,Tier 1: Core Urban Center (<7km),1,0,0,0,0,0,0,0,0,0,0,0,-6.244173208153583,106.86619837854926,listing,0,https://picture.rumah123.com/r123-images/360x210-crop/customer/4379986/a05dd60064c26f15bf9f28191b2d76c2.jpg,"Please visit and follow our Tiktok & Instagram: pureperty Our Website: ********  Thank you!  Apartemen 1 lantai di Cawang, Jakarta Timur.  Disewaka...",4831157.0,2168843.0,0.3708,-44.9,1.02,Premium / High Price,,Good Price! IPL Included 1Br Full Furnished Signature Park Grande,Signature Park Grande,exact
LST-00236,Unresolved • Cakung Tower Shafire • 2BR Furnished (52 m²),https://www.rumah123.com/properti/jakarta-timur-cakung/apartemen-sentra-tower-shafire-timur-cakung-jakarta-timur-apr7850785/,Jakarta Timur,DKI Jakarta,Cakung,"Cakung, Jakarta Timur",Apartemen,3333333.333333333,64102.56410256411,yearly,2,1,2 Bedroom,52.0,14.162941881927535,6.457944442358867,Stasiun KRL Bekasi,Tier 2: Inner Ring Metro (7-15km),0,0,0,0,0,0,0,0,0,0,0,0,-6.2084546,106.9481214,listing,0,https://picture.rumah123.com/r123-images/360x210-crop/customer/4371055/f4dae13eab3707ad9bf030ad87ee6451.jpg,"apartemen Sentra Timur cakung jakarta timur - Tower Shafire - ⁠lantai 19 - ⁠type 2BR luas Gross 52 m2; net: 18 an m2. - ⁠view.sunrise - ...",5808191.0,-2474857.666666667,-0.5553,42.6,-1.53,Deep Value Deal (Rare Find),deep,Apartemen Sentra Tower Shafire Timur Cakung Jakarta Timur,,unresolved
LST-00237,Transpark Cibubur • Studio Full Furnished (25 m²),https://www.rumah123.com/properti/jakarta-timur-cibubur/di-sewakan-full-furnished-apartemen-transpark-cibubur-apr7850238/,Jakarta Timur,DKI Jakarta,Cibubur,"Cibubur, Jakarta Timur",Apartemen,3166666.6666666665,126666.66666666666,yearly,0,1,Studio / 1BR,25.0,18.36377962780643,8.982117676463927,Stasiun KRL Depok Baru,Tier 3: Outer Commuter Ring (15-28km),1,0,0,0,0,0,0,0,0,0,0,0,-6.35611,106.895111,listing,0,https://picture.rumah123.com/r123-images/360x210-crop/customer/2168956/a317bd6b31a451ac5d322c4559d6b9ec.jpg,Di Sewakan Apartement Transpark Cibubur  Spesifikasi : LT/LB  : Gross 25 m2 KT  : 1 KM  : 1 Lantai : 37 Hadap  : Jalan Raya Alternatif Cibubur List...,4905893.0,-1739226.3333333335,-0.4378,35.5,-1.2,Good Deal (Undervalued),good,Di Sewakan Full Furnished Apartemen Transpark Cibubur,Transpark Cibubur,exact
LST-00238,The Oak Tower Tower B • 2BR Full Furnished (42 m²),https://www.rumah123.com/properti/jakarta-timur-pulo-gadung/disewakan-apartemen-oak-tower-b-lantai-21-2-bedroom-full-furnish-dekat-kelapa-gading-pulo-gadung-apr7842682/,Jakarta Timur,DKI Jakarta,Pulo Gadung,"Pulo Gadung, Jakarta Timur",Apartemen,3800000.0,90476.19047619047,monthly,2,1,2 Bedroom,42.0,9.08096283211486,6.0959330835197925,Stasiun KRL Manggarai,Tier 2: Inner Ring Metro (7-15km),1,0,0,0,0,0,0,0,0,0,0,0,-6.181712,106.8974964,listing,0,https://picture.rumah123.com/r123-images/360x210-crop/customer/1808098/63249cb74800a8fab5c03db0d60d6edc.jpg,Nikmati hunian nyaman di Apartemen Oak Tower B dengan tipe 2 Bedroom Full Furnish yang berada di lantai 21. Unit ini menawarkan hunian praktis di l...,4400002.0,-600002.0,-0.1466,13.6,-0.4,Fair Market Price,,"Disewakan Apartemen Oak Tower B Lantai 21 - 2 Bedroom Full Furnish, Dekat Kelapa Gading, Pulo Gadung",The Oak Tower,exact
LST-00239,The Oak Tower Tower B • 2BR Full Furnished (42 m²),https://www.rumah123.com/properti/jakarta-timur-pulo-gadung/disewakan-apartemen-oak-tower-b-lantai-8-2-bedroom-full-furnish-dekat-busway-pulo-gadung-apr7842610/,Jakarta Timur,DKI Jakarta,Pulo Gadung,"Pulo Gadung, Jakarta Timur",Apartemen,3916666.6666666665,93253.96825396824,yearly,2,1,2 Bedroom,42.0,9.08096283211486,6.0959330835197925,Stasiun KRL Manggarai,Tier 2: Inner Ring Metro (7-15km),1,0,0,0,0,0,0,0,1,0,0,0,-6.181712,106.8974964,listing,0,https://picture.rumah123.com/r123-images/360x210-crop/customer/1808098/7560f504567eb1b0d1122acde4fd6118.jpg,Nikmati hunian nyaman di Apartemen Oak Tower B dengan tipe 2 Bedroom Full Furnish yang berada di lantai 8. Unit ini cocok untuk Anda yang mencari a...,4512907.0,-596240.3333333335,-0.1417,13.2,-0.39,Fair Market Price,,"Disewakan Apartemen Oak Tower B Lantai 8 - 2 Bedroom Full Furnish, Dekat Busway, Pulo Gadung",The Oak Tower,exact
LST-00240,Unresolved • Pulo Gadung Tower C • 2BR Full Furnished (36 m²),https://www.rumah123.com/properti/jakarta-timur-pulo-gadung/disewakan-apartemen-gading-icon-tower-c-lantai-8-2-bedroom-full-furnish-dekat-busway-pulo-gadung-apr7842574/,Jakarta Timur,DKI Jakarta,Pulo Gadung,"Pulo Gadung, Jakarta Timur",Apartemen,3500000.0,97222.22222222222,monthly,2,1,2 Bedroom,36.0,9.08096283211486,6.0959330835197925,Stasiun KRL Manggarai,Tier 2: Inner Ring Metro (7-15km),1,0,0,0,0,0,0,0,1,0,0,0,-6.181712,106.8974964,listing,0,https://picture.rumah123.com/r123-images/360x210-crop/customer/1808098/54fa91681e7519433eeea81281c1d40d.jpg,Nikmati hunian nyaman di Apartemen Gading Icon Tower C dengan tipe 2 Bedroom Full Furnish yang berada di lantai 8. Unit ini cocok untuk Anda yang m...,3887831.0,-387831.0,-0.1051,10.0,-0.29,Fair Market Price,,"Disewakan Apartemen Gading Icon Tower C Lantai 8 - 2 Bedroom Full Furnish, Dekat Busway, Pulo Gadung",,unresolved
LST-00241,Tifolia Apartment • Studio Semi Furnished (21 m²),https://www.rumah123.com/properti/jakarta-timur-pulomas/apartemen-sewa-di-pulomas-tifolia-studio-semifurnished-lantairendah-dekatbusway-lrt-mall-kelapagadin-apr7616412/,Jakarta Timur,DKI Jakarta,Pulomas,"Pulomas, Jakarta Timur",Apartemen,2083333.3333333333,99206.3492063492,yearly,0,1,Studio / 1BR,21.0,8.124276904442418,5.393629816618108,Stasiun KRL Manggarai,Tier 2: Inner Ring Metro (7-15km),0,1,0,1,0,0,0,0,1,0,0,0,-6.17726,106.886292,listing,0,https://picture.rumah123.com/r123-images/360x210-crop/customer/1961334/07de0364c36e5d210d8e3b27e45cc9a8.jpg,"Disewakan apartemen Tifolia Pulomas  Tipe Studio 1 kamar tidur, 1 kamar mandi, lantai rendah Semi furnished AC, TV, dispenser, Bed  Hadap utara (  ...",1913638.0,169695.33333333326,0.085,-8.9,0.23,Fair Market Price,,"Apartemen Sewa, Tifolia di Pulomas, Tifolia Studio Semi.furnished Lantai.rendah. Dekat.busway LRT Mall Kelapa.gadin",Tifolia Apartment,exact
LST-00242,Unresolved • Pulo Gadung Tower C • Studio Full Furnished (21 m²),https://www.rumah123.com/properti/jakarta-timur-pulo-gadung/disewakan-apartemen-studio-gading-icon-tower-c-lantai-15-full-furnish-dekat-busway-pulo-gadung-apr7842543/,Jakarta Timur,DKI Jakarta,Pulo Gadung,"Pulo Gadung, Jakarta Timur",Apartemen,2500000.0,119047.61904761904,monthly,1,1,Studio / 1BR,21.0,9.08096283211486,6.0959330835197925,Stasiun KRL Manggarai,Tier 2: Inner Ring Metro (7-15km),1,0,0,0,0,0,0,0,1,0,0,0,-6.181712,106.8974964,listing,0,https://picture.rumah123.com/r123-images/360x210-crop/customer/1808098/f5ff14f4b3c6c17e76e93850f6b414a3.jpg,Nikmati hunian praktis dan nyaman di Apartemen Gading Icon Tower C dengan tipe Studio Full Furnish yang berada di lantai 15. Unit ini cocok untuk A...,2566574.0,-66574.0,-0.0263,2.6,-0.07,Fair Market Price,,"Disewakan Apartemen Studio Gading Icon Tower C Lantai 15 - Full Furnish, Dekat Busway, Pulo Gadung",,unresolved
LST-00243,The Oak Tower Tower B Pool View • Studio Furnished (23 m²),https://www.rumah123.com/properti/jakarta-timur-pulo-gadung/disewakan-cepat-studio-oak-tower-b-view-kolam-lantai-5-dekat-halte-busway-pulo-gadung-apr7832493/,Jakarta Timur,DKI Jakarta,Pulo Gadung,"Pulo Gadung, Jakarta Timur",Apartemen,2166666.6666666665,94202.89855072464,yearly,1,1,Studio / 1BR,23.0,9.01934088321383,6.148717735140796,Stasiun KRL Manggarai,Tier 2: Inner Ring Metro (7-15km),0,0,0,0,0,0,1,0,1,0,0,0,-6.177488068143855,106.89526480209958,listing,0,https://picture.rumah123.com/r123-images/360x210-crop/customer/1808098/86d11ddfaab826560e6a244a7e8edb56.jpg,"Nikmati hunian yang nyaman dan praktis di Oak Tower B, Pulo Gadung. Unit studio ini berada di lantai 5 dengan view kolam renang dan menghadap Barat...",2842843.0,-676176.3333333335,-0.2716,23.8,-0.75,Good Deal (Undervalued),good,"Disewakan Cepat Studio Oak Tower B - View Kolam, Lantai 5, Dekat Halte Busway Pulo Gadung",The Oak Tower,exact
LST-00244,Bassura City • 2BR Furnished (34 m²),https://www.rumah123.com/properti/jakarta-timur-jatinegara/disewakan-apartment-bassura-city-jatinegara-jaktim-apr7779899/,Jakarta Timur,DKI Jakarta,Jatinegara,"Jatinegara, Jakarta Timur",Apartemen,5000000.0,147058.82352941178,yearly,2,1,2 Bedroom,34.0,6.670137921392139,3.581676443291726,Stasiun KRL Manggarai,Tier 1: Core Urban Center (<7km),0,0,0,0,0,0,0,0,0,0,0,0,-6.22750897,106.8773311,listing,0,https://picture.rumah123.com/r123-images/360x210-crop/customer/2074635/9f4fc9dd0aa3b8245ba9374064741181.jpg,"DIJUAL/ DISEWAKAN     Apartment Bassura City  Tower/View: Jasmin/city  Size: 34 m2  Bedroom: 2  Bathroom: 1 Condition: Furnished. Full furniture, k...",3746524.0,1253476.0,0.2886,-33.5,0.79,Premium / High Price,,Disewakan Apartment Bassura City Jatinegara Jaktim,Bassura City,exact
LST-00245,Cleon Park JGC • Studio Full Furnished (24 m²),https://www.rumah123.com/properti/jakarta-timur-jakarta-garden-city/apartemen-furnished-mewah-di-cleon-park-jakarta-garden-city-apr7308257/,Jakarta Timur,DKI Jakarta,Jakarta Garden City,"Jakarta Garden City, Jakarta Timur",Apartemen,5000000.0,208333.3333333333,yearly,0,1,Studio / 1BR,24.0,15.52237316758342,8.729526355819363,Stasiun KRL Bekasi,Tier 3: Outer Commuter Ring (15-28km),1,0,0,0,0,0,0,0,0,0,0,0,-6.17111,106.9552,listing,0,https://picture.rumah123.com/r123-images/360x210-crop/customer/1891926/9e776cb86afe09238f2bccf1b6acfa75.jpg,SEWA  Apartemen Cleon Park Type : Studio Luas bangunan : 24m2 Harga : Rp.60 jt / thn Kondisi apartemen: Full  Furnish Kamar Tidur : 1 Kamar Mandi :...,4481868.0,518132.0,0.1094,-11.6,0.3,Fair Market Price,,Apartemen Furnished Mewah di Cleon Park Jakarta Garden City (Jgc) Cakung Jakarta Timur,Cleon Park JGC,exact
LST-00246,The Oak Tower • 2BR Full Furnished (42 m²),https://www.rumah123.com/properti/jakarta-timur-pulo-gadung/disewakan-2br-full-furnish-oak-tower-lt-12-view-jalan-dekat-lrt-pulo-mas-pulo-gadung-apr7814543/,Jakarta Timur,DKI Jakarta,Pulo Gadung,"Pulo Gadung, Jakarta Timur",Apartemen,4700000.0,111904.76190476192,monthly,2,1,2 Bedroom,42.0,8.970645325895326,6.133719543756412,Stasiun KRL Manggarai,Tier 2: Inner Ring Metro (7-15km),1,0,0,0,0,0,0,0,1,0,0,0,-6.176506745816306,106.89436357987056,listing,0,https://picture.rumah123.com/r123-images/360x210-crop/customer/1808098/b69b3e980c0e901e95bc491eee2b669e.jpg,"Cari hunian nyaman, praktis, dan siap huni di Pulo Gadung? Unit ini bisa jadi pilihan yang tepat!  Nikmati kenyamanan tinggal di Oak Tower Pulo Gad...",4475811.0,224189.0,0.0489,-5.0,0.13,Fair Market Price,,"Disewakan 2Br Full Furnish Oak Tower LT 12 - View Jalan, Dekat LRT Pulo Mas, Pulo Gadung",The Oak Tower,exact
LST-00247,The Oak Tower Tower B Pool View • Studio Furnished (23 m²),https://www.rumah123.com/properti/jakarta-timur-pulo-gadung/disewakan-studio-oak-tower-b-lt-9-view-kolam-sunset-akses-transportasi-mudah-pulo-gadung-apr7814488/,Jakarta Timur,DKI Jakarta,Pulo Gadung,"Pulo Gadung, Jakarta Timur",Apartemen,3500000.0,152173.91304347827,monthly,1,1,Studio / 1BR,23.0,8.986712760039845,6.144036975070561,Stasiun KRL Manggarai,Tier 2: Inner Ring Metro (7-15km),0,0,0,0,0,0,1,0,0,0,0,0,-6.1766347444839305,106.89457815659176,listing,0,https://picture.rumah123.com/r123-images/360x210-crop/customer/1808098/69dc611227991ae7db8c7b489adb3476.jpg,Hunian Nyaman dengan View Kolam Renang & Pemandangan Sunset! Nikmati tinggal di Oak Tower dengan unit Studio di lantai 9 yang nyaman dan praktis. M...,2521263.0,978737.0,0.328,-38.8,0.9,Premium / High Price,,"Disewakan Studio Oak Tower B LT. 9 - View Kolam Sunset, Akses Transportasi Mudah, Pulo Gadung",The Oak Tower,exact
LST-00248,The Oak Tower Tower B • Studio Unfurnished (23 m²),https://www.rumah123.com/properti/jakarta-timur-pulo-gadung/disewakan-oak-tower-b-jaktim-lantai-15-unfurnish-hadap-barat-type-studio-apr7814458/,Jakarta Timur,DKI Jakarta,Pulo Gadung,"Pulo Gadung, Jakarta Timur",Apartemen,2083333.3333333333,90579.71014492754,yearly,1,1,Studio / 1BR,23.0,9.015681668411442,6.143160568502449,Stasiun KRL Manggarai,Tier 2: Inner Ring Metro (7-15km),0,0,0,0,0,0,1,0,0,0,0,0,-6.177573400434194,106.89526480209958,listing,0,https://picture.rumah123.com/r123-images/360x210-crop/customer/1808098/58e6c011fbff75dbed03b717e0fa3f67.jpg,Miliki kesempatan tinggal di apartemen dengan suasana nyaman dan pemandangan kolam renang yang asri. Unit studio unfurnish ini sangat cocok bagi An...,2918959.0,-835625.6666666667,-0.3373,28.6,-0.93,Good Deal (Undervalued),good,"Disewakan Oak Tower B Jaktim - Lantai 15, Unfurnish, Hadap Barat, Type Studio",The Oak Tower,exact
LST-00249,The Oak Tower Tower B Pool View • 1BR Semi Furnished (42 m²),https://www.rumah123.com/properti/jakarta-timur-pulo-gadung/disewakan-one-bedroom-oak-tower-b-lantai-11-view-kolam-renang-semi-furnish-pool-dan-gym-jaktim-apr7814437/,Jakarta Timur,DKI Jakarta,Pulo Gadung,"Pulo Gadung, Jakarta Timur",Apartemen,2750000.0,65476.19047619047,yearly,1,1,Studio / 1BR,42.0,9.02371745501663,6.152562072538998,Stasiun KRL Manggarai,Tier 2: Inner Ring Metro (7-15km),0,1,0,0,0,0,1,1,0,0,0,0,-6.177488068143855,106.8953077174438,listing,0,https://picture.rumah123.com/r123-images/360x210-crop/customer/1808098/47b5d73a360ed6ba4ec7f22c989aa64e.jpg,Cari hunian yang nyaman untuk ditempati sendiri maupun sebagai investasi? Unit 1 Bedroom seluas 42 m² ini bisa menjadi pilihan yang tepat. Berada ...,3615184.0,-865184.0,-0.2735,23.9,-0.75,Good Deal (Undervalued),good,"Disewakan One Bedroom Oak Tower B - Lantai 11, View Kolam Renang, Semi Furnish, Pool dan Gym, Jaktim",The Oak Tower,exact
LST-00250,Cleon Park JGC • 1BR Full Furnished (32 m²),https://www.rumah123.com/properti/jakarta-timur-jakarta-garden-city/apartment-cleon-park-jgc-full-furnished-disewakan-apr7814360/,Jakarta Timur,DKI Jakarta,Jakarta Garden City,"Jakarta Garden City, Jakarta Timur",Apartemen,4166666.6666666665,130208.33333333331,yearly,1,1,Studio / 1BR,32.0,15.586084622283838,8.621961788838401,Stasiun KRL Bekasi,Tier 3: Outer Commuter Ring (15-28km),1,0,0,0,0,0,0,0,0,0,0,0,-6.171755,106.955978,listing,0,https://picture.rumah123.com/r123-images/360x210-crop/customer/1739070/c93bb95cf880db5eb7de82e81c178ae2.jpg,Disewakan Apartemen Cleon Park  Jakarta Garden City  Apartemen Full Furnished   Type : Studio Luas Tanah : 32m² Kamar Tidur : 1 Kamar Mandi : 1 Li...,5447151.0,-1280484.3333333335,-0.268,23.5,-0.74,Fair Market Price,,Apartment Cleon Park Jgc Full Furnished Disewakan,Cleon Park JGC,exact
LST-00251,Cleon Park JGC • 1BR Full Furnished (32 m²),https://www.rumah123.com/properti/jakarta-timur-jakarta-garden-city/disewakan-cleon-park-apartemen-nyaman-full-furnished-apr7805693/,Jakarta Timur,DKI Jakarta,Jakarta Garden City,"Jakarta Garden City, Jakarta Timur",Apartemen,6500000.0,203125.0,monthly,1,1,Studio / 1BR,32.0,15.585836399733587,8.622062883741526,Stasiun KRL Bekasi,Tier 3: Outer Commuter Ring (15-28km),1,0,0,0,0,0,0,0,0,0,0,0,-6.171755389066635,106.95597577909852,listing,0,https://picture.rumah123.com/r123-images/360x210-crop/customer/2065550/4389410c66aeac095b31c576fa217f8d.jpg,Disewakan Cleon Park Apartemen Nyaman Full Furnished  Rasakan kenyamanan tinggal di apartemen modern dengan desain minimalis dan sudah dilengkapi f...,5161470.0,1338530.0,0.2306,-25.9,0.63,Fair Market Price,,Disewakan Cleon Park Apartemen Nyaman Full Furnished,Cleon Park JGC,exact
LST-00252,Cleon Park JGC • 1BR Furnished (32 m²),https://www.rumah123.com/properti/jakarta-timur-jakarta-garden-city/disewakan-apartemen-cleon-park-di-lantai-27-tinggal-bawa-koper-apr7805666/,Jakarta Timur,DKI Jakarta,Jakarta Garden City,"Jakarta Garden City, Jakarta Timur",Apartemen,5500000.0,171875.0,monthly,1,1,Studio / 1BR,32.0,15.30011241273674,8.239379108457513,Stasiun KRL Bekasi,Tier 3: Outer Commuter Ring (15-28km),0,0,0,0,0,0,0,0,0,0,0,0,-6.1769249,106.95464,listing,0,https://picture.rumah123.com/r123-images/360x210-crop/customer/2065550/6e985415cb3aacba963e7423ff2c2a57.jpg,Disewakan Apartemen Cleon Park Di Lantai 27 Tinggal Bawa Koper Rasakan kenyamanan tinggal di apartemen modern dengan desain minimalis dan sudah dil...,4811662.0,688338.0,0.1337,-14.3,0.37,Fair Market Price,,Disewakan Apartemen Cleon Park di Lantai 27 Tinggal Bawa Koper,Cleon Park JGC,exact
LST-00253,Unresolved • Cawang • 4BR+ Full Furnished (90 m²),https://www.rumah123.com/properti/jakarta-timur-cawang/apartemen-3-1-fully-furnished-dilokasi-yang-sangat-strategis-apr7344117/,Jakarta Timur,DKI Jakarta,Cawang,"Cawang, Jakarta Timur",Apartemen,7083333.333333333,78703.7037037037,yearly,4,3,4+ Bedroom,90.0,7.864340766984697,5.626244570855632,Stasiun KRL Manggarai,Tier 2: Inner Ring Metro (7-15km),1,0,0,0,0,0,0,0,1,0,0,0,-6.25444,106.87435,listing,0,https://picture.rumah123.com/r123-images/360x210-crop/customer/967946/d1376c5b37caa6ffac309764f9a0aae6.jpg,Disewakan Apartemen 3 + 1 BR fully furnished lakosi sangat strategis didepan halte transjakarta cawang  • Luas : 90 m² • Kamar tidur : 3 + 1 �...,9479515.0,-2396181.666666667,-0.2914,25.3,-0.8,Good Deal (Undervalued),good,Apartemen 3 + 1 Fully Furnished Dilokasi Yang Sangat Strategis,,unresolved
LST-00254,Tifolia Apartment • Studio Full Furnished (21 m²),https://www.rumah123.com/properti/jakarta-timur-pulomas/disewa-segera-apartemen-tifolia-tipe-studio-full-furnish-apr7799323/,Jakarta Timur,DKI Jakarta,Pulomas,"Pulomas, Jakarta Timur",Apartemen,2916666.6666666665,138888.88888888888,yearly,0,1,Studio / 1BR,21.0,8.124276904442418,5.393629816618108,Stasiun KRL Manggarai,Tier 2: Inner Ring Metro (7-15km),1,0,0,0,0,0,0,0,0,0,0,0,-6.17726,106.886292,listing,0,https://picture.rumah123.com/r123-images/360x210-crop/customer/4398081/4baa5225129682d0a7714b6dd7e2a136.jpg,"*DISEWA SEGERA!!!* Apartemen Tifolia Lt 12 @ Pulomas Luas 21 m², PPJB, Studio, 1 KM, 1300 watt, Furnish. *Harga sewa 35 jt/th*  Hubungi : Anton Pr...",2563616.0,353050.6666666665,0.129,-13.8,0.35,Fair Market Price,,Disewa Segera!!! Apartemen Tifolia Tipe Studio Full Furnish,Tifolia Apartment,exact
LST-00255,The Oak Tower Tower A • 1BR Full Furnished (42 m²),https://www.rumah123.com/properti/jakarta-timur-pulo-gadung/disewakan-one-bedroom-apartemen-oak-tower-a-full-furnish-lantai-2-view-jalan-arah-barat-jaktim-apr7799229/,Jakarta Timur,DKI Jakarta,Pulo Gadung,"Pulo Gadung, Jakarta Timur",Apartemen,3750000.0,89285.71428571429,yearly,1,1,Studio / 1BR,42.0,9.000334450847507,6.145083848564253,Stasiun KRL Manggarai,Tier 2: Inner Ring Metro (7-15km),1,0,0,1,0,0,0,0,0,0,1,0,-6.177018740301111,106.89487856400144,listing,0,https://picture.rumah123.com/r123-images/360x210-crop/customer/1808098/c27120f4b005702f76f41327511235f6.jpg,"DESKRIPSI: Untuk Anda yang sibuk dan tidak mau repot. Unit ini sudah full furnish lengkap - spring bed, lemari, kulkas, AC 2 unit, TV, kitchen set....",4269274.0,-519274.0,-0.1297,12.2,-0.36,Fair Market Price,,"Disewakan One Bedroom Apartemen Oak Tower A - Full Furnish, Lantai 2, View Jalan Arah Barat, Jaktim",The Oak Tower,exact
LST-00256,The Oak Tower Tower A • 2BR Full Furnished (42 m²),https://www.rumah123.com/properti/jakarta-timur-pulo-gadung/isewakan-two-bedroom-oak-tower-a-pulo-gadung-lantai-6-full-furnish-view-city-light-apr7799227/,Jakarta Timur,DKI Jakarta,Pulo Gadung,"Pulo Gadung, Jakarta Timur",Apartemen,4300000.0,102380.95238095238,monthly,2,1,2 Bedroom,42.0,9.000334450847507,6.145083848564253,Stasiun KRL Manggarai,Tier 2: Inner Ring Metro (7-15km),1,0,0,0,0,0,0,0,0,0,0,0,-6.177018740301111,106.89487856400144,listing,0,https://picture.rumah123.com/r123-images/360x210-crop/customer/1808098/7dcf2137aaaa5c89d6be1931eee5a4f9.jpg,"DESKRIPSI : 2 Bedroom bersih, siap huni, di Tower A Oak Tower. Unit lantai 6, view langsung ke Jalan hadap Barat, hangat saat sore. Cocok untuk And...",4403943.0,-103943.0,-0.0239,2.4,-0.07,Fair Market Price,,"Disewakan Two Bedroom Oak Tower A Pulo Gadung - Lantai 6, Full Furnish, View City Light",The Oak Tower,exact
LST-00257,The Oak Tower Tower A • 2BR Full Furnished (42 m²),https://www.rumah123.com/properti/jakarta-timur-pulo-gadung/disewakan-2br-oak-tower-a-full-furnish-lantai-3-cocok-untuk-pasangan-mudapulo-gadung-apr7799208/,Jakarta Timur,DKI Jakarta,Pulo Gadung,"Pulo Gadung, Jakarta Timur",Apartemen,4000000.0,95238.09523809524,monthly,2,1,2 Bedroom,42.0,8.990554357342186,6.124637113846763,Stasiun KRL Manggarai,Tier 2: Inner Ring Metro (7-15km),1,0,0,0,0,0,0,0,0,0,0,0,-6.177445401993534,106.89496439468992,listing,0,https://picture.rumah123.com/r123-images/360x210-crop/customer/1808098/33cb1264dfb7e680422f233f338ae69f.jpg,"DESKRIPSI : Lokasi paling efisien untuk Anda yang bekerja di area Pulogadung, Rawamangun, atau Kelapa Gading. Akses tol Cakung-Cikampek dekat, dan ...",4534654.0,-534654.0,-0.1255,11.8,-0.35,Fair Market Price,,"Disewakan 2Br Oak Tower A - Full Furnish, Lantai 3, Cocok untuk Pasangan Muda,Pulo Gadung",The Oak Tower,exact
LST-00258,The Oak Tower Tower A Pool View • 2BR Full Furnished (42 m²),https://www.rumah123.com/properti/jakarta-timur-pulo-gadung/disewakan-2-bedroom-full-furnish-lantai-tinggi-view-kolam-renang-apartemen-oak-tower-a-jaktim-apr7799195/,Jakarta Timur,DKI Jakarta,Pulo Gadung,"Pulo Gadung, Jakarta Timur",Apartemen,4200000.0,100000.0,monthly,2,1,2 Bedroom,42.0,9.016588588134375,6.155733224512816,Stasiun KRL Manggarai,Tier 2: Inner Ring Metro (7-15km),1,0,0,0,0,0,1,0,0,0,0,0,-6.177146738844949,106.89509314072262,listing,0,https://picture.rumah123.com/r123-images/360x210-crop/customer/1808098/6edeeebc8ca50e70ed09ffa7bace2ed1.jpg,"Nikmati kenyamanan tinggal di apartemen dengan unit yang siap huni, lengkap dengan furnitur, serta memiliki view jalan menghadap ke arah timur yang...",4337253.0,-137253.0,-0.0322,3.2,-0.09,Fair Market Price,,"Disewakan 2 Bedroom Full Furnish Lantai Tinggi - View Kolam Renang, Apartemen Oak Tower A Jaktim",The Oak Tower,exact
LST-00259,Bassura City Tower Dahlia • 2BR Furnished (34 m²),https://www.rumah123.com/properti/jakarta-timur-jatinegara/sewa-2br-furnished-apartemen-bassura-city-tower-dahlia-apr7798926/,Jakarta Timur,DKI Jakarta,Jatinegara,"Jatinegara, Jakarta Timur",Apartemen,4250000.0,125000.0,yearly,2,1,2 Bedroom,34.0,6.670137921392139,3.581676443291726,Stasiun KRL Manggarai,Tier 1: Core Urban Center (<7km),0,0,0,0,0,0,0,0,0,0,0,0,-6.22750897,106.8773311,listing,0,https://picture.rumah123.com/r123-images/360x210-crop/customer/75556/2bfd5f79ec5dadcba83efbb80f51ae23.jpg,Cari unit sewa type 2BR furnished? Ada nih di tower Dahlia   Apartemen Bassura City  Tower Dahlia Lantai 19 View Kota Luas unit 34m  Type 2BR 2 Kam...,3690719.0,559281.0,0.1411,-15.2,0.39,Fair Market Price,,Sewa 2Br Furnished Apartemen Bassura City Tower Dahlia,Bassura City,exact
LST-00260,Bassura City Tower Geranium • 2BR Full Furnished (48 m²),https://www.rumah123.com/properti/jakarta-timur-jatinegara/disewakan-apartemen-bassura-tower-geranium-apr7782833/,Jakarta Timur,DKI Jakarta,Jatinegara,"Jatinegara, Jakarta Timur",Apartemen,4000000.0,83333.33333333333,yearly,2,1,2 Bedroom,48.0,6.670137921392139,3.581676443291726,Stasiun KRL Manggarai,Tier 1: Core Urban Center (<7km),1,0,0,1,0,0,0,0,0,0,0,0,-6.22750897,106.8773311,listing,0,https://picture.rumah123.com/r123-images/360x210-crop/customer/4427181/7c9ff80cf854e76177b6f29aa6ccd2f8.jpg,"Disewakan Apartemen Bassura, Tower Geranium   Lantai 20 2BR Full furnished  Full interior  AC 2  Kasur Lemari Kulkas TV  Sofa Dispenser  Water heat...",5606749.0,-1606749.0,-0.3377,28.7,-0.93,Good Deal (Undervalued),good,"Disewakan Apartemen Bassura, Tower Geranium",Bassura City,exact
LST-00261,MTH Square • 2BR Furnished (44 m²),https://www.rumah123.com/properti/jakarta-timur-jatinegara/apartemen-2br-furnish-mth-square-jakarta-timur-apr7782626/,Jakarta Timur,DKI Jakarta,Jatinegara,"Jatinegara, Jakarta Timur",Apartemen,5833333.333333333,132575.75757575757,yearly,2,1,2 Bedroom,44.0,6.670137921392139,3.581676443291726,Stasiun KRL Manggarai,Tier 1: Core Urban Center (<7km),0,0,0,0,0,0,0,0,0,0,0,0,-6.22750897,106.8773311,listing,0,https://picture.rumah123.com/r123-images/360x210-crop/customer/4431873/30c85979a205a5fe57c1cf959d5e2cb7.jpg,Disewakan apartemen 2BR MTH Square Jakarta timur   Nama apartemen : MTH Square  Tower : utama (1 tower aja) Lantai : 15 View : city  Type bedroom: ...,4913401.0,919932.333333333,0.1716,-18.7,0.47,Fair Market Price,,Apartemen 2Br Furnish Mth Square Jakarta Timur,MTH Square,exact
LST-00262,Bassura City • 2BR Full Furnished (34 m²),https://www.rumah123.com/properti/jakarta-timur-jatinegara/apartment-keren-2-br-full-furnished-siap-huni-di-bassura-city-apr3555662/,Jakarta Timur,DKI Jakarta,Jatinegara,"Jatinegara, Jakarta Timur",Apartemen,3333333.333333333,98039.21568627452,yearly,2,1,2 Bedroom,34.0,7.584742001616322,4.512041242245638,Stasiun KRL Manggarai,Tier 2: Inner Ring Metro (7-15km),1,0,0,0,0,0,1,1,0,0,0,1,-6.23168,106.88464,listing,0,https://picture.rumah123.com/r123-images/360x210-crop/customer/2048272/0cd3f72a3a84f385aec70955a8114948.jpg,"Merupakan apartment superblock yang memiliki kelengkapan fasilitas sebagai berikut: access card, TV kabel, parkir basement, swimming pool, fitness ...",3524157.0,-190823.66666666695,-0.0557,5.4,-0.15,Fair Market Price,,Apartment keren 2 BR Full furnished siap huni di Bassura City,Bassura City,exact
LST-00263,Sakura Garden City • Studio Full Furnished (36 m²),https://www.rumah123.com/properti/jakarta-timur-ciracas/apartemen-studio-sakura-garden-city-full-furnished-bagus-apr7675943/,Jakarta Timur,DKI Jakarta,Ciracas,"Ciracas, Jakarta Timur",Apartemen,4166666.6666666665,115740.74074074072,yearly,0,1,Studio / 1BR,36.0,15.291983178738429,8.944335786752305,Stasiun KRL Depok Baru,Tier 3: Outer Commuter Ring (15-28km),1,0,0,0,0,0,0,0,0,0,0,0,-6.3335145,106.8783073,listing,0,https://picture.rumah123.com/r123-images/360x210-crop/customer/1655369/listing/apr7675943/enhanced/4b2da0dd9785e58add7f9d29d47dbcdf.jpg,"DISEWA - APARTEMEN SAKURA GARDEN CITY   Hunian modern, siap huni, cocok untuk investasi maupun tinggal sendiri!  ✨ Detail Unit: - Tipe: Studio Pl...",5474315.0,-1307648.3333333335,-0.273,23.9,-0.75,Good Deal (Undervalued),good,Apartemen Studio Sakura Garden City Full Furnished Bagus,Sakura Garden City,exact
LST-00264,Signature Park Grande • 2BR Full Furnished (53 m²),https://www.rumah123.com/properti/jakarta-timur-cawang/apartemen-signature-park-grande-cawang-2br-full-furnished-siap-huni-apr7764302/,Jakarta Timur,DKI Jakarta,Cawang,"Cawang, Jakarta Timur",Apartemen,9583333.333333334,180817.6100628931,yearly,2,1,2 Bedroom,53.0,7.86450965270701,5.626349468065597,Stasiun KRL Manggarai,Tier 2: Inner Ring Metro (7-15km),1,0,0,0,0,0,1,0,0,0,0,0,-6.25444,106.874352,listing,0,https://picture.rumah123.com/r123-images/360x210-crop/customer/2062501/b2d5b89456243b88638ed0553b4a106c.jpg,"DISEWAKAN Apartemen Signature Park Grande full furnished, Cawang, Jakarta Timur  Tower  Green Lantai 6 View  Kolam renang Kamar tidur  2 Kamar mand...",7546939.0,2036394.333333334,0.2389,-27.0,0.66,Fair Market Price,,Apartemen Signature Park Grande Cawang 2Br Full Furnished - Siap Huni,Signature Park Grande,exact
LST-00265,Signature Park Grande • Studio Full Furnished (25 m²),https://www.rumah123.com/properti/jakarta-timur-kramat-jati/for-rent-apartemen-signature-park-grande-studio-fully-furnished-apr7690746/,Jakarta Timur,DKI Jakarta,Kramat Jati,"Kramat Jati, Jakarta Timur",Apartemen,7500000.0,300000.0,monthly,1,1,Studio / 1BR,25.0,9.012481242329295,7.5487070604792,Stasiun KRL Manggarai,Tier 2: Inner Ring Metro (7-15km),1,0,0,0,0,0,0,0,0,0,0,0,-6.27606376,106.8654901,listing,0,https://picture.rumah123.com/r123-images/360x210-crop/customer/4368659/listing/apr7690746/enhanced/00332882fa8dc08d95df5dc91c33135e.jpg,"Apartment Name: Signature Park Grande Location: Jl. MT Haryono kav. 20, Kramat Jati, Jakarta Timur Tower / Floor / View: Light / Low Floor / City V...",3809941.0,3690059.0,0.6773,-96.9,1.86,Overpriced / Luxury Tag,,For Rent Apartemen Signature Park Grande - Studio Fully Furnished,Signature Park Grande,exact
LST-00266,Signature Park Grande • 2BR Furnished (53 m²),https://www.rumah123.com/properti/jakarta-timur-cawang/disewakan-apartemen-dengan-design-dan-furniture-mewah-signature-park-grande-jl-mt-haryono-kav-20-cawang-jakarta-timur-apr7764019/,Jakarta Timur,DKI Jakarta,Cawang,"Cawang, Jakarta Timur",Apartemen,9000000.0,169811.320754717,yearly,2,1,2 Bedroom,53.0,7.86450965270701,5.626349468065597,Stasiun KRL Manggarai,Tier 2: Inner Ring Metro (7-15km),0,0,0,0,0,0,0,0,0,0,0,0,-6.25444,106.874352,listing,0,https://picture.rumah123.com/r123-images/360x210-crop/customer/811752/2466a1c79f636b961519e119aa50c01b.jpg,"DISEWAKAN Apartemen dengan design dan furniture mewah. Signature Park Grande Jl  MT Haryono Kav 20, Cawang, Jakarta Timur  - ⁠Tower : Green - ⁠...",6510492.0,2489508.0,0.3238,-38.2,0.89,Premium / High Price,,"Disewakan Apartemen dengan Design dan Furniture Mewah. Signature Park Grande Jl Mt Haryono Kav 20, Cawang, Jakarta Timur",Signature Park Grande,exact
LST-00267,Callia Apartment • 1BR Furnished (43 m²),https://www.rumah123.com/properti/jakarta-timur-pulo-gadung/disewa-apartemen-callia-pulo-gadung-apr7764005/,Jakarta Timur,DKI Jakarta,Pulo Gadung,"Pulo Gadung, Jakarta Timur",Apartemen,4583333.333333333,106589.1472868217,yearly,1,1,Studio / 1BR,43.0,7.81040687630694,4.660549984903866,Stasiun KRL Manggarai,Tier 2: Inner Ring Metro (7-15km),0,0,0,0,0,0,0,0,0,0,0,0,-6.19329934,106.8889122,listing,0,https://picture.rumah123.com/r123-images/360x210-crop/customer/1958358/f5a926ae4524cbe7b837be9a14b8f0a3.jpg,1 Kamar Tidur 1 Kamar Mandi Tipe 43 Lantai 6  WK,4346809.0,236524.33333333305,0.053,-5.4,0.15,Fair Market Price,,Disewa Apartemen Callia Pulo Gadung,Callia Apartment,exact
LST-00268,Bassura City • 2BR Furnished (34 m²),https://www.rumah123.com/properti/jakarta-timur-jatinegara/apartment-cantik-2-kamar-siap-huni-di-bassura-city-apr3505389/,Jakarta Timur,DKI Jakarta,Jatinegara,"Jatinegara, Jakarta Timur",Apartemen,3500000.0,102941.17647058824,yearly,2,1,2 Bedroom,34.0,7.584742001616322,4.512041242245638,Stasiun KRL Manggarai,Tier 2: Inner Ring Metro (7-15km),0,0,0,0,0,0,1,1,0,0,0,1,-6.23168,106.88464,listing,0,https://picture.rumah123.com/r123-images/360x210-crop/customer/2048272/4d70b9875b9febaf361be39e24cb999f.jpg,"Merupakan apartment superblock yang memiliki kelengkapan fasilitas sebagai berikut: access card, TV kabel, parkir basement, swimming pool, fitness ...",3123491.0,376509.0,0.1138,-12.1,0.31,Fair Market Price,,Apartment cantik 2 kamar siap huni di Bassura City,Bassura City,exact
LST-00269,Sedayu City Suites • 1BR Furnished (37 m²),https://www.rumah123.com/properti/jakarta-timur-cakung/disewakan-apartemen-sedayu-city-suites-1bedroom-fulnish-cakung-jakarta-timur-apr7724040/,Jakarta Timur,DKI Jakarta,Cakung,"Cakung, Jakarta Timur",Apartemen,4583333.333333333,123873.87387387386,yearly,1,1,Studio / 1BR,37.0,13.488302193538072,8.396577413691325,Stasiun KRL Bekasi,Tier 2: Inner Ring Metro (7-15km),0,0,0,0,0,0,0,0,0,0,0,0,-6.18874163,106.9403369,listing,0,https://picture.rumah123.com/r123-images/360x210-crop/customer/1905961/listing/apr7724040/enhanced/d173367b86743e3be2f4141f7dfd5300.jpg,Disewakan Apartemen Sedayu City Suites . Cakung Jakarta Utara luas 37m . 1 bedroom  furnish  lt 21 harga 55 juta/ tahun,3577524.0,1005809.333333333,0.2478,-28.1,0.68,Fair Market Price,,Disewakan Apartemen Sedayu City Suites 1.Bedroom Fulnish Cakung Jakarta Timur,Sedayu City Suites,exact
LST-00270,Sedayu City Suites • Studio Furnished (28 m²),https://www.rumah123.com/properti/jakarta-timur-cakung/disewakan-apartemen-sedayu-city-suites-studio-28m-furnish-cakung-jakarta-timur-apr7724003/,Jakarta Timur,DKI Jakarta,Cakung,"Cakung, Jakarta Timur",Apartemen,2916666.6666666665,104166.66666666666,yearly,0,1,Studio / 1BR,28.0,13.488302193538072,8.396577413691325,Stasiun KRL Bekasi,Tier 2: Inner Ring Metro (7-15km),0,0,0,0,0,0,0,0,0,0,0,0,-6.18874163,106.9403369,listing,0,https://picture.rumah123.com/r123-images/360x210-crop/customer/1905961/listing/apr7724003/enhanced/8810529e4d340fc3992fde9ad2cfc903.jpg,Disewakan Apartemen Sedayu City Suites . Cakung Jakarta Utara luas 28m . furnish  lt 20. harga 35 juta/ tahun,3568362.0,-651695.3333333335,-0.2017,18.3,-0.55,Fair Market Price,,Disewakan Apartemen Sedayu City Suites Studio 28M Furnish Cakung Jakarta Timur,Sedayu City Suites,exact
LST-00271,Signature Park Grande • 2BR Full Furnished (45 m²),https://www.rumah123.com/properti/jakarta-timur-jakarta-garden-city/dijual-dan-disewakan-bulanan-apartemen-di-signature-park-grande-jl-mt-haryono-fully-furnished-berkualitas-luas-45-apr7723978/,Jakarta Timur,DKI Jakarta,Jakarta Garden City,"Jakarta Garden City, Jakarta Timur",Apartemen,15000000.0,333333.3333333333,monthly,2,1,2 Bedroom,45.0,15.586084622283838,8.621961788838401,Stasiun KRL Bekasi,Tier 3: Outer Commuter Ring (15-28km),1,0,0,1,0,0,0,0,0,0,0,0,-6.171755,106.955978,listing,0,https://picture.rumah123.com/r123-images/360x210-crop/customer/443816/listing/apr7723978/enhanced/f3707e3e7ac0b21dd2211aa0a5413b17.jpg,"Apartemen 8 lantai di Jakarta Garden City, Jakarta Timur.  For rent di wilayah yang tenang. Dengan kategorinya adalah sebagai berikut:   - Kamar Ti...",4953188.0,10046812.0,1.108,-202.8,3.05,Overpriced / Luxury Tag,,"Dijual dan Disewakan Bulanan Apartemen di Signature Park Grande Jl Mt Haryono Fully Furnished Berkualitas Luas 45 2Kamar Tidur Ber Ac Ruang Tamu Ac Kmr Mandi Ruang Masak Siaap Huni Lengkap dengan Perabotan Harga Penawaran 2,M Nego Sampai Dealsewa 15 Jt Pe",Signature Park Grande,exact
LST-00272,Cleon Park JGC • Studio Furnished (27 m²),https://www.rumah123.com/properti/jakarta-timur-cakung/for-rent-free-ipl-cleon-park-apartemen-jakarta-garden-city-tipe-studio-furnished-barang-trendy-langsung-hunicakung-apr7297502/,Jakarta Timur,DKI Jakarta,Cakung,"Cakung, Jakarta Timur",Apartemen,3750000.0,138888.88888888888,yearly,1,1,Studio / 1BR,27.0,14.064105748733574,8.295312990682158,Stasiun KRL Bekasi,Tier 2: Inner Ring Metro (7-15km),0,0,0,0,0,0,0,0,0,0,0,0,-6.18489,106.944931,listing,0,https://picture.rumah123.com/r123-images/360x210-crop/customer/4355770/a5d60d0771cad05df7f154dbe4457015.jpg,"[ FOR RENT ]FREE IPL CLEON PARK APARTEMEN JAKARTA GARDEN CITY TIPE STUDIO FURNISHED BARANG TRENDY LANGSUNG HUNI CAKUNG, JAKARTA TIMUR =============...",3470294.0,279706.0,0.0775,-8.1,0.21,Fair Market Price,,"[ For Rent ]Free IPL Cleon Park Apartemen Jakarta Garden City Tipe Studio Furnished Barang Trendy Langsung Hunicakung, Jakarta Timur",Cleon Park JGC,exact
LST-00273,Green Bay Pluit • 2BR Furnished (52 m²),https://www.rumah123.com/properti/jakarta-timur-cawang/premium-lt-8-2br-52m-green-signature-apr7707465/,Jakarta Timur,DKI Jakarta,Cawang,"Cawang, Jakarta Timur",Apartemen,7250000.0,139423.07692307694,yearly,2,1,2 Bedroom,52.0,7.86450965270701,5.626349468065597,Stasiun KRL Manggarai,Tier 2: Inner Ring Metro (7-15km),0,0,0,0,0,0,0,0,0,0,0,0,-6.25444,106.874352,listing,0,https://picture.rumah123.com/r123-images/360x210-crop/customer/1972063/listing/apr7707465/enhanced/c12ee7b4f47462ee9ab70adb5ec3a8be.jpg,*JUAL CEPET/SEWA* APT GREEN SIGNATURE PARK PREMIUM TOWER LT 8 MEWAH NICE DESIGN  SIAP HUNI MT HARYONO CAWANG JAKARTA SELATAN  *LUAS. 52m. KT 2. KM ...,6826688.0,423312.0,0.0602,-6.2,0.17,Fair Market Price,,Premium LT 8 2Br 52M Green Signature.,Green Bay Pluit,exact
LST-00274,Bassura City • 2BR Unfurnished (34 m²),https://www.rumah123.com/properti/jakarta-timur-jatinegara/disewa-apartemen-bassura-2br-unfurnished-apr7699545/,Jakarta Timur,DKI Jakarta,Jatinegara,"Jatinegara, Jakarta Timur",Apartemen,2833333.333333333,83333.33333333334,yearly,2,1,2 Bedroom,34.0,6.670137921392139,3.581676443291726,Stasiun KRL Manggarai,Tier 1: Core Urban Center (<7km),0,0,1,0,0,0,0,0,0,0,0,0,-6.22750897,106.8773311,subdistrict_centroid,1,https://picture.rumah123.com/r123-images/360x210-crop/customer/1967365/48bb324d68a5e7bfe506b033fe9181e4.jpg,"Disewa Apartemen Bassura 2BR - JAKARTA TIMUR    Spesifikasi Unit: Luas: 34 m² 2 Bedroom 1 Bathroom Unfurnished   Fasilitas Apartemen: ...",3890235.0,-1056901.666666667,-0.317,27.2,-0.87,Good Deal (Undervalued),good,Disewa Apartemen Bassura 2Br Unfurnished,Bassura City,exact
LST-00275,Bassura City • Studio Furnished (21 m²),https://www.rumah123.com/properti/jakarta-timur-jatinegara/sewa-studio-furnished-apartemen-bassura-city-ada-water-heater-apr7699430/,Jakarta Timur,DKI Jakarta,Jatinegara,"Jatinegara, Jakarta Timur",Apartemen,3700000.0,176190.47619047618,monthly,0,1,Studio / 1BR,21.0,6.670137921392139,3.581676443291726,Stasiun KRL Manggarai,Tier 1: Core Urban Center (<7km),0,0,0,0,0,1,0,0,0,0,0,0,-6.22750897,106.8773311,listing,0,https://picture.rumah123.com/r123-images/360x210-crop/customer/75556/listing/apr7699430/enhanced/893d2beeef6d3e738dbc5787c7680e0c.jpg,Cari unit sewa studio Furnished? Ada nih sebelah mall   Apartemen Bassura City  Tower Edelweiss  Lantai 17 View Kota Luas unit 21m² Type Studio  1...,2667336.0,1032664.0,0.3273,-38.7,0.9,Premium / High Price,,Sewa Studio Furnished Apartemen Bassura City Ada Water Heater,Bassura City,exact
LST-00276,Callia Apartment • 1BR Full Furnished (43 m²),https://www.rumah123.com/properti/jakarta-timur-pulo-gadung/disewakan-apartemen-callia-1-kamar-full-furnish-tahunan-bulanan-apr7699297/,Jakarta Timur,DKI Jakarta,Pulo Gadung,"Pulo Gadung, Jakarta Timur",Apartemen,3875000.0,90116.27906976744,yearly,1,1,Studio / 1BR,43.0,7.81040687630694,4.660549984903866,Stasiun KRL Manggarai,Tier 2: Inner Ring Metro (7-15km),1,0,0,0,0,0,0,0,0,0,0,0,-6.19329934,106.8889122,listing,0,https://picture.rumah123.com/r123-images/360x210-crop/customer/871145/listing/apr7699297/enhanced/b3cd978edc19800f5f20993dcd8ef620.jpg,"Disewakan apartemen callia 1 kamar full furnish tahunan bulanan , lt 40, hadap kelapa gading",4686680.0,-811680.0,-0.1902,17.3,-0.52,Fair Market Price,,Disewakan Apartemen Callia 1 Kamar Full Furnish Tahunan Bulanan,Callia Apartment,exact
LST-00277,Unresolved • Cawang • 2BR Full Furnished (49 m²),https://www.rumah123.com/properti/jakarta-timur-cawang/disewakan-cepat-appartement-siapa-huni-bagus-dan-harga-terbaik-apr7691447/,Jakarta Timur,DKI Jakarta,Cawang,"Cawang, Jakarta Timur",Apartemen,6666666.666666667,136054.42176870749,yearly,2,1,2 Bedroom,49.0,7.86450965270701,5.626349468065597,Stasiun KRL Manggarai,Tier 2: Inner Ring Metro (7-15km),1,0,0,0,0,0,0,0,0,0,0,0,-6.25444,106.874352,listing,0,https://picture.rumah123.com/r123-images/360x210-crop/customer/709277/listing/apr7691447/enhanced/7b0d85972c4c37bd0199091b9d0bde1a.jpg,"Disewakan Apartemen Signature Park Grande Tower Green Signature Jl.MT Haryono Jakarta Luas 49 m2 , 2BR , Lt 11 Full Furnished  2200 Watt  80 jt / t...",6506216.0,160450.66666666698,0.0244,-2.5,0.07,Fair Market Price,,Disewakan Cepat Appartement Siapa Huni Bagus dan Harga Terbaik,,unresolved
LST-00278,Unresolved • Cawang • 2BR Furnished (53 m²),https://www.rumah123.com/properti/jakarta-timur-cawang/disewakan-apartemen-grand-signature-park-cawang-jakarta-timur-apr7651661/,Jakarta Timur,DKI Jakarta,Cawang,"Cawang, Jakarta Timur",Apartemen,7500000.0,141509.43396226416,monthly,2,1,2 Bedroom,53.0,6.8792583752677015,4.885123246765154,Stasiun KRL Manggarai,Tier 1: Core Urban Center (<7km),0,0,0,0,0,0,0,0,0,0,0,0,-6.2511722,106.8653464,listing,0,https://picture.rumah123.com/r123-images/360x210-crop/customer/1809344/9f46e0a957b9a3596493b4c2495fb9e7.jpg,"Disewakan segera apartemen 2BR Grand Signature Park Cawang Jakarta Timur. Lokasi strategis di Timur Jakarta akses ke Dewi Sartika, Otista dan Pintu...",5602779.0,1897221.0,0.2916,-33.9,0.8,Premium / High Price,,Disewakan Apartemen Grand Signature Park Cawang Jakarta Timur,,unresolved
LST-00279,Patria Park Cawang • 2BR Full Furnished (58 m²),https://www.rumah123.com/properti/jakarta-timur-cawang/di-sewakan-apartemen-patria-park-full-furnished-apr7644674/,Jakarta Timur,DKI Jakarta,Cawang,"Cawang, Jakarta Timur",Apartemen,6500000.0,112068.96551724138,monthly,2,2,2 Bedroom,58.0,14.28344921892035,11.059408666635788,Stasiun KRL Depok Baru,Tier 2: Inner Ring Metro (7-15km),1,0,0,0,0,0,0,0,0,0,0,0,-6.31741,106.889,listing,0,https://picture.rumah123.com/r123-images/360x210-crop/customer/1276484/1924ae7f2303153bd06b5e962f723fed.jpg,Di Sewakan  Apartemen Patria Park 2 BR  Luas 54 sqm  Lantai 25 Harga 6.5jt/bulan  Hubungi  Rossa : 0811152xxxx,7592839.0,-1092839.0,-0.1554,14.4,-0.43,Fair Market Price,,Di Sewakan Apartemen Patria Park Full Furnished,Patria Park Cawang,exact
LST-00280,Patria Park Cawang • 2BR Furnished (58 m²),https://www.rumah123.com/properti/jakarta-timur-cawang/disewakan-apartemen-patria-park-full-furmished-apr7644667/,Jakarta Timur,DKI Jakarta,Cawang,"Cawang, Jakarta Timur",Apartemen,6500000.0,112068.96551724138,monthly,2,1,2 Bedroom,58.0,14.28344921892035,11.059408666635788,Stasiun KRL Depok Baru,Tier 2: Inner Ring Metro (7-15km),0,0,0,0,0,0,0,0,0,0,0,0,-6.31741,106.889,listing,0,https://picture.rumah123.com/r123-images/360x210-crop/customer/1276484/5d05882e06ae77712b9ef886e65e3d9b.jpg,Di Sewakan  Apartemen Patria Park 2 BR  Luas 54 sqm  Lantai 21 Harga 6.5jt/bulan  Hubungi  Rossa : 0811152xxxx,6336400.0,163600.0,0.0255,-2.6,0.07,Fair Market Price,,Disewakan Apartemen Patria Park Full Furmished,Patria Park Cawang,exact
LST-00281,Bassura City • 1BR Furnished (34 m²),https://www.rumah123.com/properti/jakarta-timur-jatinegara/sewa-1br-furnished-apartemen-bassura-city-interior-lux-apr7644559/,Jakarta Timur,DKI Jakarta,Jatinegara,"Jatinegara, Jakarta Timur",Apartemen,4500000.0,132352.9411764706,monthly,1,1,Studio / 1BR,34.0,6.670137921392139,3.581676443291726,Stasiun KRL Manggarai,Tier 1: Core Urban Center (<7km),0,0,0,0,0,0,0,0,0,0,0,0,-6.22750897,106.8773311,listing,0,https://picture.rumah123.com/r123-images/360x210-crop/customer/75556/b4c0b9bc61cad99110f00207c2c874cf.jpg,Cari unit sewa type 1BR? Ada nih di tower Edelweiss.  Apartemen Bassura City  Tower Edelweiss  View Kota  Luas unit 34m² Type 1BR  1 Kamar Tidur  ...,4206300.0,293700.0,0.0675,-7.0,0.19,Fair Market Price,,Sewa 1Br Furnished Apartemen Bassura City Interior Lux,Bassura City,exact
LST-00282,Bassura City Tower C • Studio Furnished (21 m²),https://www.rumah123.com/properti/jakarta-timur-jatinegara/sewa-studio-furnished-atas-mall-apartemen-bassura-city-tower-c-apr7644548/,Jakarta Timur,DKI Jakarta,Jatinegara,"Jatinegara, Jakarta Timur",Apartemen,3500000.0,166666.66666666666,monthly,0,1,Studio / 1BR,21.0,6.670137921392139,3.581676443291726,Stasiun KRL Manggarai,Tier 1: Core Urban Center (<7km),0,0,0,0,0,0,0,0,0,0,0,0,-6.22750897,106.8773311,listing,0,https://picture.rumah123.com/r123-images/360x210-crop/customer/75556/2acafd443b6bbd88351e79812adb32a6.jpg,Cari unit sewa atas mall? Ada nih di tower Cattleya   Apartemen Bassura City  Tower Cattleya Lantai 25 View Kota Luas unit 21m² Type Studio 1 Kama...,2669255.0,830745.0,0.271,-31.1,0.75,Premium / High Price,,Sewa Studio Furnished Atas Mall Apartemen Bassura City Tower C,Bassura City,exact
LST-00283,Bassura City • 2BR Unfurnished (38 m²),https://www.rumah123.com/properti/jakarta-timur-jatinegara/sewa-2-kamar-hook-apartemen-bassura-city-kosongan-apr7644545/,Jakarta Timur,DKI Jakarta,Jatinegara,"Jatinegara, Jakarta Timur",Apartemen,2666666.6666666665,70175.43859649122,yearly,2,1,2 Bedroom,38.0,6.670137921392139,3.581676443291726,Stasiun KRL Manggarai,Tier 1: Core Urban Center (<7km),0,0,1,0,0,0,0,0,0,0,0,0,-6.22750897,106.8773311,listing,0,https://picture.rumah123.com/r123-images/360x210-crop/customer/75556/0939f7a3981d8320727a1aa915ba3fd7.jpg,Cari unit sewa type 2BR kosongan? Coba cek yg ini!  Apartemen Bassura City  Tower Flamboyan  Lantai 9 View Kota Luas unit 38m² Type 2BR Hook  2 Ka...,4027604.0,-1360937.3333333335,-0.4123,33.8,-1.13,Good Deal (Undervalued),good,Sewa 2 Kamar Hook Apartemen Bassura City Kosongan,Bassura City,exact
LST-00284,Bassura City • 1BR Furnished (38 m²),https://www.rumah123.com/properti/jakarta-timur-cawang/disewakan-apartemen-bassura-city-furnished-apr7644484/,Jakarta Timur,DKI Jakarta,Cawang,"Cawang, Jakarta Timur",Apartemen,6000000.0,157894.73684210525,monthly,1,1,Studio / 1BR,38.0,14.28344921892035,11.059408666635788,Stasiun KRL Depok Baru,Tier 2: Inner Ring Metro (7-15km),0,0,0,0,0,0,0,0,0,0,0,0,-6.31741,106.889,listing,0,https://picture.rumah123.com/r123-images/360x210-crop/customer/1276484/7cfe13cad1655cdeda25abfd640ba5df.jpg,Disewakan Apartement Bassura City  2Br jadi 1 Br luas 38sqm  harga 6jt/bulan  hubungi Rossa : 0811152xxxx,5456031.0,543969.0,0.095,-10.0,0.26,Fair Market Price,,Disewakan Apartemen Bassura City Furnished,Bassura City,exact
LST-00285,Transpark Cibubur • 3BR Full Furnished (70 m²),https://www.rumah123.com/properti/jakarta-timur-cibubur/disewakan-apartemen-transpark-cibubur-3-br-fully-furnished-apr7627727/,Jakarta Timur,DKI Jakarta,Cibubur,"Cibubur, Jakarta Timur",Apartemen,7083333.333333333,101190.47619047618,yearly,3,2,3 Bedroom,70.0,18.36377962780643,8.982117676463927,Stasiun KRL Depok Baru,Tier 3: Outer Commuter Ring (15-28km),1,0,0,0,0,0,0,0,0,0,0,0,-6.35611,106.895111,listing,0,https://picture.rumah123.com/r123-images/360x210-crop/customer/1973850/73cc7360f680b1e59ded4c3de31a8ee5.jpg,"Disewakan Apartemen Transpark Cibubur, Tower Aurora, Cimanggis Depok . Fully Furnished  Luas bangunan : 71,20 m2 Kamar Tidur : 3 Kamar mandi : 2 Li...",7342581.0,-259247.66666666695,-0.0359,3.5,-0.1,Fair Market Price,,"Disewakan Apartemen Transpark Cibubur, 3 Br Fully Furnished",Transpark Cibubur,exact
LST-00286,Green Pramuka City • 2BR Furnished (56 m²),https://www.rumah123.com/properti/jakarta-timur-rawamangun/sewa-apartemen-furnish-green-pramuka-apr7605695/,Jakarta Timur,DKI Jakarta,Rawamangun,"Rawamangun, Jakarta Timur",Apartemen,4000000.0,71428.57142857143,monthly,2,1,2 Bedroom,56.0,7.683223704114997,4.473880155651045,Stasiun KRL Manggarai,Tier 2: Inner Ring Metro (7-15km),0,0,0,0,0,0,0,0,0,0,0,0,-6.19669,106.888428,listing,0,https://picture.rumah123.com/r123-images/360x210-crop/customer/4358915/ff6e84f17024e9efc6ac7c6b72e6fcf2.jpg,"Apartemen 26 lantai di Rawamangun, Jakarta Timur.  Disewakan di wilayah yang asri. Dengan spesifikasinya adalah sebagai berikut:   - Kamar Tidur: 2...",6528761.0,-2528761.0,-0.4899,38.7,-1.35,Good Deal (Undervalued),good,Sewa Apartemen Furnish Green Pramuka,Green Pramuka City,exact
LST-00287,Cleon Park JGC • Studio Full Furnished (32 m²),https://www.rumah123.com/properti/jakarta-timur-jakarta-garden-city/apartemen-cleon-park-jgc-type-studio-32m2-full-furnished-siap-huni-cleon-park-apr7458488/,Jakarta Timur,DKI Jakarta,Jakarta Garden City,"Jakarta Garden City, Jakarta Timur",Apartemen,3750000.0,117187.5,yearly,0,1,Studio / 1BR,32.0,15.586084622283838,8.621961788838401,Stasiun KRL Bekasi,Tier 3: Outer Commuter Ring (15-28km),1,0,0,0,0,0,0,0,1,0,0,0,-6.171755,106.955978,listing,0,https://picture.rumah123.com/r123-images/360x210-crop/customer/1892087/852e49b4b74c98bc9967812c326ca244.jpg,Disewakan apartemen cleon park JGC siap huni type studio 32m2 full furnished  keamanan 24 jam dekat dengan stasiun cakung toll jorr toll priok loka...,5239502.0,-1489502.0,-0.3345,28.4,-0.92,Good Deal (Undervalued),good,Apartemen Cleon Park Jgc Type Studio 32m2 Full Furnished Siap Huni cleon park,Cleon Park JGC,exact
LST-00288,Signature Park Grande • 2BR Furnished (49 m²),https://www.rumah123.com/properti/jakarta-timur-kramat-jati/amazing-2-kamar-tidur-lantai-10-di-signature-park-grande-apr7399080/,Jakarta Timur,DKI Jakarta,Kramat Jati,"Kramat Jati, Jakarta Timur",Apartemen,5833333.333333333,119047.61904761904,yearly,2,1,2 Bedroom,49.0,9.696421253173844,7.8673769162635985,Stasiun KRL Manggarai,Tier 2: Inner Ring Metro (7-15km),0,0,0,1,0,0,1,0,0,0,0,0,-6.27577,106.876183,listing,0,https://picture.rumah123.com/r123-images/360x210-crop/customer/4385531/1485205fd589a19b6cb30b33d6300b6d.jpg,Apartemen manis di Signature Park Grande - Tower Green Signature lantai 10  2 Kamar Tidur 1 Kamar Mandi Full AC  Fasilitas apartemen : Kolam Renang...,4972502.0,860831.333333333,0.1597,-17.3,0.44,Fair Market Price,,Amazing 2 Kamar Tidur Lantai 10 Di Signature Park Grande,Signature Park Grande,exact
LST-00289,Bassura City • 2BR Full Furnished (34 m²),https://www.rumah123.com/properti/jakarta-timur-jatinegara/apartment-elegant-di-atas-mall-2-br-siap-huni-di-bassura-city-apr3607802/,Jakarta Timur,DKI Jakarta,Jatinegara,"Jatinegara, Jakarta Timur",Apartemen,3750000.0,110294.11764705884,yearly,2,1,2 Bedroom,34.0,7.585158547899618,4.512414318542035,Stasiun KRL Manggarai,Tier 2: Inner Ring Metro (7-15km),1,0,0,0,0,0,0,0,0,0,0,0,-6.23168,106.884644,listing,0,https://picture.rumah123.com/r123-images/360x210-crop/customer/2048272/9fe4305f296c0ed7c3d75493c91e9626.jpg,"Apartment Name: Bassura City Location: Jatinegara, Jakarta Timur Tower/Floor/View: Alamanda/25 Condition: Full Furnished Facility: Merupakan superb...",4154076.0,-404076.0,-0.1023,9.7,-0.28,Fair Market Price,,Apartment Elegant Di Atas Mall 2 Br Siap Huni Di Bassura City,Bassura City,exact
LST-00290,Cleon Park JGC • Studio Furnished (25 m²),https://www.rumah123.com/properti/jakarta-timur-cakung/disewa-apartemen-type-studio-furnish-baru-handover-cleon-park-jakarta-garden-city-apr3256041/,Jakarta Timur,DKI Jakarta,Cakung,"Cakung, Jakarta Timur",Apartemen,3250000.0,130000.0,yearly,1,1,Studio / 1BR,25.0,14.063997196732158,8.295393375194978,Stasiun KRL Bekasi,Tier 2: Inner Ring Metro (7-15km),0,0,0,0,0,0,0,0,0,0,0,0,-6.18489,106.94493,listing,0,https://picture.rumah123.com/r123-images/360x210-crop/customer/930891/2024-04-01-03-08-25-2e803bab-2d8c-4d91-b013-3942061e323d.png,"Disewa Apartemen Type Studio Furnish, Baru Handover @Cleon Park Jakarta Garden City  Apartemen Cleon Park, Cakung, Cakung Timur, Jakarta Timur LT/L...",3118905.0,131095.0,0.0412,-4.2,0.11,Fair Market Price,,"Disewa Apartemen Type Studio Furnish, Baru Handover @Cleon Park Jakarta Garden City",Cleon Park JGC,exact
LST-00291,Unresolved • Cawang • Studio Full Furnished (34 m²),https://www.rumah123.com/properti/jakarta-timur-cawang/apartemen-furnished-bagus-studio-apr3623831/,Jakarta Timur,DKI Jakarta,Cawang,"Cawang, Jakarta Timur",Apartemen,5000000.0,147058.82352941178,monthly,1,1,Studio / 1BR,34.0,7.864340766984697,5.626244570855632,Stasiun KRL Manggarai,Tier 2: Inner Ring Metro (7-15km),1,0,0,1,0,0,0,0,0,0,0,0,-6.25444,106.87435,listing,0,https://picture.rumah123.com/r123-images/360x210-crop/customer/1037282/f845823a36b2be2cc1811ddd3b3b392f.jpg,"Apartment Name: Tamansari The Hive cawangLocation: Jl. DI Pandjaitan Kav. 3 – 4, Cawang  Condition: Fully Furnished with AC, LCD TV, Kulkas, Micr...",4651731.0,348269.0,0.0722,-7.5,0.2,Fair Market Price,,Apartemen Furnished Bagus Studio,,unresolved
LST-00292,Bassura City • 2BR Full Furnished (35 m²),https://www.rumah123.com/properti/jakarta-timur-cipinang/apartemen-bassura-city-full-furnished-2-br-di-jakarta-timur-apr3473364/,Jakarta Timur,DKI Jakarta,Cipinang,"Cipinang, Jakarta Timur",Apartemen,4166666.6666666665,119047.61904761904,yearly,2,1,2 Bedroom,35.0,8.702756183020291,5.363520656338527,Stasiun KRL Manggarai,Tier 2: Inner Ring Metro (7-15km),1,0,0,0,0,0,0,0,0,0,0,0,-6.20989,106.89872,listing,0,https://picture.rumah123.com/r123-images/360x210-crop/customer/2076574/e794853dc7726e2330d393afca139185.jpg,Disewakan Apartemen Bassura City 2 BR di Jakarta Timur   Luas Bangunan 35 m² 2 Kamar Tidur  1 Kamar Mandi  Lantai 16 Tower Genarium Air PAM  Listr...,4078269.0,88397.66666666651,0.0214,-2.2,0.06,Fair Market Price,,Apartemen Bassura City Full Furnished 2 BR di Jakarta Timur ,Bassura City,exact
LST-00293,Sedayu City Suites • Studio Semi Furnished (28 m²),https://www.rumah123.com/properti/jakarta-timur-cakung/apartemen-semi-furnished-type-studio-sedayu-city-suites-apr3381441/,Jakarta Timur,DKI Jakarta,Cakung,"Cakung, Jakarta Timur",Apartemen,2666666.6666666665,95238.09523809524,yearly,0,1,Studio / 1BR,28.0,14.063997196732158,8.295393375194978,Stasiun KRL Bekasi,Tier 2: Inner Ring Metro (7-15km),0,1,0,0,0,0,0,0,0,0,0,0,-6.18489,106.94493,listing,0,https://picture.rumah123.com/r123-images/360x210-crop/customer/1351551/2024-07-20-10-17-57-93471fe5-df62-4da6-990a-2743714b7f19.jpg,Apartemen Sedayu City Suites semi furnished type studio lokasi strategis selangkah ke kelapa gading,2755686.0,-89019.33333333349,-0.0328,3.2,-0.09,Fair Market Price,,Apartemen Semi Furnished Type Studio Sedayu City Suites,Sedayu City Suites,exact
LST-00294,Unresolved • Cawang Tower The • 2BR Furnished (43 m²),https://www.rumah123.com/properti/jakarta-timur-cawang/disewa-apartemen-signature-park-tower-the-light-furnished-apr2951986/,Jakarta Timur,DKI Jakarta,Cawang,"Cawang, Jakarta Timur",Apartemen,8000000.0,186046.51162790696,yearly,2,1,2 Bedroom,43.0,7.864340766984697,5.626244570855632,Stasiun KRL Manggarai,Tier 2: Inner Ring Metro (7-15km),0,0,0,0,0,0,1,0,0,0,0,0,-6.25444,106.87435,listing,0,https://picture.rumah123.com/r123-images/360x210-crop/customer/1642571/2023-07-15-04-16-38-e96100c9-7862-4984-b85e-25d7d3b969fa.jpg,Disewa Apartemen Signature Park Tower The Light Furnished  LB: 43 m2 KT: 2 KM: 1 View Pool Listrik: 2200 watt Sertifikat: PPJB  Lokasi Strategis - ...,4099522.0,3900478.0,0.6686,-95.1,1.84,Overpriced / Luxury Tag,,Disewa Apartemen Signature Park Tower The Light Furnished,,unresolved
LST-00295,Unresolved • Matraman • 1BR Furnished (53 m²),https://www.rumah123.com/properti/jakarta-timur-matraman/s-m-property-apartemen-soho-menteng-square-matraman-jakarta-timur-apr2843981/,Jakarta Timur,DKI Jakarta,Matraman,"Matraman, Jakarta Timur",Apartemen,3750000.0,70754.71698113208,yearly,1,1,Studio / 1BR,53.0,5.538253034892918,2.263453245625087,Stasiun KRL Manggarai,Tier 1: Core Urban Center (<7km),0,0,1,1,0,0,0,0,0,0,0,0,-6.20435,106.8699,listing,0,https://picture.rumah123.com/r123-images/360x210-crop/customer/28676/2023-03-04-04-00-26-8cbf01d0-54be-40ae-bf40-7024cc843a45.jpg,"Sangat cocok untuk hunian/kantor, Tidak Diperbolehkan untuk jual makanan/minuman, Non Furnish, City View, AC 2, Listrik 3520 Watt, (Disewa atau Dij...",7560792.0,-3810792.0,-0.7012,50.4,-1.93,Deep Value Deal (Rare Find),deep,S M Property Apartemen Soho Menteng Square Matraman Jakarta Timur,,unresolved
LST-00296,Unresolved • Cibubur • Studio Full Furnished (23 m²),https://www.rumah123.com/properti/jakarta-timur-cibubur/trans-park-cibubur-studio-full-furnish-bulanan-apr2838306/,Jakarta Timur,DKI Jakarta,Cibubur,"Cibubur, Jakarta Timur",Apartemen,4500000.0,195652.1739130435,monthly,1,0,Studio / 1BR,23.0,18.36372966154695,8.98201814013528,Stasiun KRL Depok Baru,Tier 3: Outer Commuter Ring (15-28km),1,0,0,0,0,0,0,0,0,0,0,0,-6.35611,106.89511,listing,0,https://picture.rumah123.com/r123-images/360x210-crop/customer/70170/2023-02-25-12-31-59-8db8fff6-aff6-405c-9ada-753932b8c1ac.jpg,Disewakan Apartemen Transpark Cibubur  Apartemen Superblok Dengan Mall Trans Studio  Apartemen Tipe Studio Luas 23m  Fully Furnish  Lantai 17 City ...,3550872.0,949128.0,0.2369,-26.7,0.65,Fair Market Price,,Trans Park Cibubur Studio Full Furnish Bulanan,,unresolved
LST-00297,Gold Coast PIK • Studio Full Furnished (29 m²),https://www.rumah123.com/properti/jakarta-utara-pantai-indah-kapuk/disewakan-apartmen-gold-coast-pik-studio-siap-huni-80jttahun-apr7791428/,Jakarta Utara,DKI Jakarta,Pantai Indah Kapuk,"Pantai Indah Kapuk, Jakarta Utara",Apartemen,6250000.0,215517.24137931035,yearly,1,1,Studio / 1BR,29.0,14.675711474438309,12.023233832245896,Stasiun KRL Tanah Abang,Tier 2: Inner Ring Metro (7-15km),1,0,0,0,0,0,1,0,0,0,0,0,-6.10262276392724,106.74115147116392,listing,0,https://picture.rumah123.com/r123-images/360x210-crop/customer/1777048/b0a6196c4d85fd21b59aae0d73ac5891.jpg,Disewakan Apartmen Gold Coast  Tower Atlantic Tipe Studio Luas 29m2 Full Furnished Siap Huni Unit Rapih  View Laut+View Pool  Harga Sewa 75jt/Tahun...,5571592.0,678408.0,0.1149,-12.2,0.32,Fair Market Price,,Disewakan Apartmen Gold Coast Pik Studio Siap Huni 75Jt/Tahun,Gold Coast PIK,exact
LST-00298,The Summit Residences • 2BR Furnished (151 m²),https://www.rumah123.com/properti/jakarta-utara-kelapa-gading/disewakan-apartemen-2-bedroom-full-furnish-the-summit-kelapa-gading-jakut-apr7774710/,Jakarta Utara,DKI Jakarta,Kelapa Gading,"Kelapa Gading, Jakarta Utara",Apartemen,16666666.666666666,110375.27593818984,yearly,2,2,2 Bedroom,151.0,10.667378438399515,8.037634400035223,Stasiun KRL Manggarai,Tier 2: Inner Ring Metro (7-15km),0,0,0,0,0,0,0,0,0,0,0,0,-6.16076844,106.9035302,listing,0,https://picture.rumah123.com/r123-images/360x210-crop/customer/1976482/cb52012216b4235e45e4b6e28f926c77.jpg,"DISEWAKAN APARTEMENT THE SUMMIT, ,KELAPA GADING, JAKUT   Hunian premium di jantung Kelapa Gading dengan akses langsung ke Mall Kelapa Gading (MKG)....",17876623.0,-1209956.333333334,-0.0701,6.8,-0.19,Fair Market Price,,Siap Huni Apartemen 2 Kamar Furnish Mewah di The Summit Kelapa Gading,The Summit Residences,exact
LST-00299,Gold Coast PIK • Studio Furnished (28 m²),https://www.rumah123.com/properti/jakarta-utara-pantai-indah-kapuk/disewakan-apt-gold-coast-pik-studio-28-m2-view-terindah-apr7846563/,Jakarta Utara,DKI Jakarta,Pantai Indah Kapuk,"Pantai Indah Kapuk, Jakarta Utara",Apartemen,5416666.666666667,193452.38095238092,yearly,0,1,Studio / 1BR,28.0,11.367918798293845,10.022317904565083,Stasiun KRL Tanah Abang,Tier 2: Inner Ring Metro (7-15km),0,0,0,0,0,0,0,0,0,0,0,0,-6.12371,106.877,listing,0,https://picture.rumah123.com/r123-images/360x210-crop/customer/4437197/e43701777c86bcd87c10c83b62184ce7.jpg,️ GOLD COAST PIK 公寓出租   Gold Coast PIK   Studio 单间|28 平方米  全套家具|拎包即可入住  Million Dollar View|超赞景观  �...,3342795.0,2073871.666666667,0.4827,-62.0,1.33,Premium / High Price,,Disewakan Apt Gold Coast Pik Studio 28 M2 View Terindah,Gold Coast PIK,exact
LST-00300,Unresolved • Kelapa Gading • 2BR Full Furnished (45 m²),https://www.rumah123.com/properti/jakarta-utara-kelapa-gading/disewaka-cepat-unit-di-apartement-moi-lantai-menengah-apr7848681/,Jakarta Utara,DKI Jakarta,Kelapa Gading,"Kelapa Gading, Jakarta Utara",Apartemen,7083333.333333333,157407.4074074074,yearly,2,1,2 Bedroom,45.0,10.667378438399515,8.037634400035223,Stasiun KRL Manggarai,Tier 2: Inner Ring Metro (7-15km),1,0,0,0,0,0,0,0,0,0,0,0,-6.16076844,106.9035302,listing,0,https://picture.rumah123.com/r123-images/360x210-crop/customer/1940613/f19bb2b3d2a2010da956dd5d3cf49085.jpg,Luas bangunan: 45 m2 Kamar tidur : 2 Kamar mandi : 1 Lantai : 11 Full Furnished,5673648.0,1409685.333333333,0.2219,-24.8,0.61,Fair Market Price,,Disewaka Cepat Unit di Apartement Moi Lantai Menengah,,unresolved
LST-00301,Tokyo Riverside PIK 2 • Studio Furnished (21 m²),https://www.rumah123.com/properti/jakarta-utara-pantai-indah-kapuk-2/apartemen-tokyo-riverside-pik-2-studio-furnish-murah-apr7264049/,Jakarta Utara,DKI Jakarta,Pantai Indah Kapuk 2,"Pantai Indah Kapuk 2, Jakarta Utara",Apartemen,1916666.6666666667,91269.84126984129,yearly,1,1,Studio / 1BR,21.0,19.856577827132323,15.06958050701512,Stasiun KRL Tangerang,Tier 3: Outer Commuter Ring (15-28km),0,0,0,0,0,0,0,0,0,0,0,0,-6.066228,106.711853,listing,0,https://picture.rumah123.com/r123-images/360x210-crop/customer/669115/ffc0c89e15d58a84c16ae084793ac945.jpg,"Apartemen Tokyo Riverside PIK2 Tower Ishikawa Type Studio Ukuran 21m2 Furnished",1596237.0,320429.66666666674,0.1829,-20.1,0.5,Fair Market Price,,Apartemen Tokyo Riverside Pik 2 Studio Furnish,Tokyo Riverside PIK 2,exact
LST-00302,Gold Coast PIK • Studio Full Furnished (28 m²),https://www.rumah123.com/properti/jakarta-utara-pantai-indah-kapuk/sewa-mewah-unit-studio-apartemen-gold-coast-pik-apr7846607/,Jakarta Utara,DKI Jakarta,Pantai Indah Kapuk,"Pantai Indah Kapuk, Jakarta Utara",Apartemen,5666666.666666667,202380.9523809524,yearly,0,0,Studio / 1BR,28.0,14.675786961931234,12.023318175087477,Stasiun KRL Tanah Abang,Tier 2: Inner Ring Metro (7-15km),1,0,0,0,0,0,0,0,0,0,0,0,-6.102623,106.74115,listing,0,https://picture.rumah123.com/r123-images/360x210-crop/customer/1984664/15a3505bc37a4b22b887555015431afc.jpg,DISEWA CEPAT  APART GOLD COAST  STUDIO FULL FURNISH CAKEP MEWAH 68 juta/ tahun nego,6004304.0,-337637.333333333,-0.0579,5.6,-0.16,Fair Market Price,,Sewa Mewah Unit Studio Apartemen Gold Coast Pik,Gold Coast PIK,exact
LST-00303,Gold Coast PIK • Studio Full Furnished (28 m²),https://www.rumah123.com/properti/jakarta-utara-pantai-indah-kapuk/termurah-furnish-gold-coast-apartemen-pik-apr7823652/,Jakarta Utara,DKI Jakarta,Pantai Indah Kapuk,"Pantai Indah Kapuk, Jakarta Utara",Apartemen,5416666.666666667,193452.38095238092,yearly,0,0,Studio / 1BR,28.0,14.675786961931234,12.023318175087477,Stasiun KRL Tanah Abang,Tier 2: Inner Ring Metro (7-15km),1,0,0,0,0,0,0,0,0,0,0,0,-6.102623,106.74115,listing,0,https://picture.rumah123.com/r123-images/360x210-crop/customer/1984664/09cae7001abf0a17b1fab5281e1aa2b9.jpg,BARU RENOVV  DISEWA APARTEMEN GOLD COAST PIK STUDIO FULL FURNISH RAPIH CAKEP HARGA 65 juta/ TAHUN READY STOCK,5978176.0,-561509.333333333,-0.0986,9.4,-0.27,Fair Market Price,,Termurah Furnish Gold Coast Apartemen Pik,Gold Coast PIK,exact
LST-00304,Tokyo Riverside PIK 2 Sea View • 2BR Full Furnished (36 m²),https://www.rumah123.com/properti/jakarta-utara-pantai-indah-kapuk-2/sewa-cepat-apartemen-tokyo-pik2-2br-full-furnished-view-laut-cakep-apr7786716/,Jakarta Utara,DKI Jakarta,Pantai Indah Kapuk 2,"Pantai Indah Kapuk 2, Jakarta Utara",Apartemen,4583333.333333333,127314.8148148148,yearly,2,1,2 Bedroom,36.0,19.856577827132323,15.06958050701512,Stasiun KRL Tangerang,Tier 3: Outer Commuter Ring (15-28km),1,0,0,0,0,0,0,0,0,0,0,0,-6.066228,106.711853,listing,0,https://picture.rumah123.com/r123-images/360x210-crop/customer/1426918/a8fc6c68f23d9007dd4a4b945831f207.jpg,"Sewa cepat apartemen tokyo pik2 2br full furnished view laut cakep more info call/wa thx",3510571.0,1072762.333333333,0.2666,-30.6,0.73,Fair Market Price,,Sewa Cepat Apartemen Tokyo Pik2 2Br Full Furnished View Laut Cakep,Tokyo Riverside PIK 2,exact
LST-00305,Gold Coast PIK • 1BR Full Furnished (34 m²),https://www.rumah123.com/properti/jakarta-utara-pantai-indah-kapuk/apartemen-gold-coast-pik-type-1-br-34m2-ff-pik-apr7758942/,Jakarta Utara,DKI Jakarta,Pantai Indah Kapuk,"Pantai Indah Kapuk, Jakarta Utara",Apartemen,6250000.0,183823.5294117647,yearly,1,1,Studio / 1BR,34.0,14.675786961931234,12.023318175087477,Stasiun KRL Tanah Abang,Tier 2: Inner Ring Metro (7-15km),0,0,0,0,0,0,0,0,0,0,0,0,-6.102623,106.74115,listing,0,https://picture.rumah123.com/r123-images/360x210-crop/customer/1995719/listing/apr7758942/enhanced/3c22072d7e1e156f6cbce621ad0f7f67.jpg,Disewakan cepat  type 1 BR Uk 34m2  furnish low floor  tower Honolulu,7071522.0,-821522.0,-0.1235,11.6,-0.34,Fair Market Price,,Apartemen Gold Coast Pik Type 1 Br 34M2 Ff Pik,Gold Coast PIK,exact
LST-00306,Tokyo Riverside PIK 2 • Studio Furnished (21 m²),https://www.rumah123.com/properti/jakarta-utara-pantai-indah-kapuk-2/disewa-murah-apartemen-studio-tokyo-pik-2-furnish-bagus-apr7818640/,Jakarta Utara,DKI Jakarta,Pantai Indah Kapuk 2,"Pantai Indah Kapuk 2, Jakarta Utara",Apartemen,2083333.3333333333,99206.3492063492,yearly,1,1,Studio / 1BR,21.0,19.856577827132323,15.06958050701512,Stasiun KRL Tangerang,Tier 3: Outer Commuter Ring (15-28km),0,0,0,0,0,0,0,0,0,0,0,0,-6.066228,106.711853,listing,0,https://picture.rumah123.com/r123-images/360x210-crop/customer/1426355/5a6268596ce1b3f09eca30c366cb4013.jpg,"Disewakan Apartemen Tokyo Riverside PIK 2 Pantai Indah Kapuk 2 Studio Furnish Bagus Lengkap Murah  Siap Huni Lantai Tinggi  Harga Sewa 2...",1546404.0,536929.3333333333,0.298,-34.7,0.82,Premium / High Price,,Disewa Murah Apartemen Studio Tokyo Pik 2 Furnish Bagus,Tokyo Riverside PIK 2,exact
LST-00307,Sedayu City Suites • 1BR Full Furnished (37 m²),https://www.rumah123.com/properti/jakarta-utara-kelapa-gading/disewakan-apartemen-sedayu-city-kelapa-gading-jakarta-utara-apr7816831/,Jakarta Utara,DKI Jakarta,Kelapa Gading,"Kelapa Gading, Jakarta Utara",Apartemen,4583333.333333333,123873.87387387386,yearly,1,1,Studio / 1BR,37.0,10.667378438399515,8.037634400035223,Stasiun KRL Manggarai,Tier 2: Inner Ring Metro (7-15km),1,0,0,1,0,0,0,0,0,0,0,0,-6.16076844,106.9035302,listing,0,https://picture.rumah123.com/r123-images/360x210-crop/customer/1909109/b5bc38c0abbccb55a2944fa28dc40222.jpg,"Disewakan Apartemen Sedayu City Kelapa Gading Jakarta Utara  Luas 37 m² Lantai 2 KM 1  KT 1 Full Furnished (AC, Kulkas, Bed, TV, lemari pakaian, m...",4986376.0,-403042.666666667,-0.0843,8.1,-0.23,Fair Market Price,,Disewakan Apartemen Sedayu City Kelapa Gading Jakarta Utara,Sedayu City Suites,exact
LST-00308,Tokyo Riverside PIK 2 • Studio Furnished (21 m²),https://www.rumah123.com/properti/jakarta-utara-pantai-indah-kapuk-2/disewakan-apartemen-tokyo-riverside-pik-2-studio-apr7846541/,Jakarta Utara,DKI Jakarta,Pantai Indah Kapuk 2,"Pantai Indah Kapuk 2, Jakarta Utara",Apartemen,1083333.3333333333,51587.30158730158,yearly,0,0,Studio / 1BR,21.0,19.856577827132323,15.06958050701512,Stasiun KRL Tangerang,Tier 3: Outer Commuter Ring (15-28km),0,0,0,0,0,0,0,0,0,0,0,0,-6.066228,106.711853,listing,0,https://picture.rumah123.com/r123-images/360x210-crop/customer/1757334/78e738aa5287a78d00cf2bf0ee4d31e6.jpg,Disewakan apartemen tokyo riverside pik 2 studio,1581094.0,-497760.66666666674,-0.3781,31.5,-1.04,Good Deal (Undervalued),good,Disewakan Apartemen Tokyo Riverside Pik 2 Studio,Tokyo Riverside PIK 2,exact
LST-00309,Unresolved • Pantai Mutiara Sea View • 2BR Furnished (150 m²),https://www.rumah123.com/properti/jakarta-utara-pantai-mutiara/full-sea-view-apartemen-pantai-mutiara-150m-furnished-apr7740581/,Jakarta Utara,DKI Jakarta,Pantai Mutiara,"Pantai Mutiara, Jakarta Utara",Apartemen,15000000.0,100000.0,yearly,2,2,2 Bedroom,150.0,12.597346472286135,9.844532502164997,Stasiun KRL Tanah Abang,Tier 2: Inner Ring Metro (7-15km),0,0,0,0,0,0,0,0,0,0,0,0,-6.099147,106.791357,listing,0,https://picture.rumah123.com/r123-images/360x210-crop/customer/4486429/listing/apr7740581/enhanced/42dee4dd3996ffce05817e7db3a98c03.png,Bangun Setiap Hari dengan Pemandangan Laut Lepas  Nikmati pengalaman tinggal di salah satu unit terbaik Apartemen Pantai Mutiara Tower Enggano. Ber...,16694876.0,-1694876.0,-0.1071,10.2,-0.29,Fair Market Price,,Full Sea View! Apartemen Pantai Mutiara 150M² Furnished *,,unresolved
LST-00310,Unresolved • Pluit • 3BR Furnished (101 m²),https://www.rumah123.com/properti/jakarta-utara-pluit/apartemen-apr7796853/,Jakarta Utara,DKI Jakarta,Pluit,"Pluit, Jakarta Utara",Apartemen,10833333.333333334,107260.72607260729,yearly,3,2,3 Bedroom,101.0,11.115110459512994,8.339815295590071,Stasiun KRL Tanah Abang,Tier 2: Inner Ring Metro (7-15km),0,0,0,0,0,0,0,0,0,0,0,0,-6.11555,106.783783,listing,0,https://picture.rumah123.com/r123-images/360x210-crop/customer/393105/6956434c6c192b871699bd9faef9e0e6.jpg,Disewakan Apartemen CBD Pluit Tower Akasia 3 BR renov dan spt baru,7388830.0,3444503.333333334,0.3827,-46.6,1.05,Premium / High Price,,"Apartemen,",,unresolved
LST-00311,Gold Coast PIK Tower Atlantic Sea View • 1BR Furnished (51 m²),https://www.rumah123.com/properti/jakarta-utara-pantai-indah-kapuk/apartemen-goldcoast-tower-atlantic-sea-view-apr7823688/,Jakarta Utara,DKI Jakarta,Pantai Indah Kapuk,"Pantai Indah Kapuk, Jakarta Utara",Apartemen,8750000.0,171568.6274509804,yearly,1,1,Studio / 1BR,51.0,14.675786961931234,12.023318175087477,Stasiun KRL Tanah Abang,Tier 2: Inner Ring Metro (7-15km),0,0,0,0,0,0,0,0,0,0,0,0,-6.102623,106.74115,listing,0,https://picture.rumah123.com/r123-images/360x210-crop/customer/4518394/7a99b40e089c43f678bd9b11874f8f9d.jpg,"Apartemen nyaman dengan pemandangan laut, sudah dilengkapi berbagai perabot dan kebutuhan sehari-hari.   Detail Unit: -Luas 51 m² -1 Bedroom -1 Ba...",9717547.0,-967547.0,-0.1049,10.0,-0.29,Fair Market Price,,Apartemen Goldcoast Tower Atlantic Sea View,Gold Coast PIK,exact
LST-00312,Tokyo Riverside PIK 2 Tower Dontonburi • 2BR Furnished (36 m²),https://www.rumah123.com/properti/jakarta-utara-pantai-indah-kapuk-2/disewakan-apartemen-tokyo-riverside-tower-dontonburi-apr7843549/,Jakarta Utara,DKI Jakarta,Pantai Indah Kapuk 2,"Pantai Indah Kapuk 2, Jakarta Utara",Apartemen,3333333.333333333,92592.5925925926,yearly,2,1,2 Bedroom,36.0,19.856577827132323,15.06958050701512,Stasiun KRL Tangerang,Tier 3: Outer Commuter Ring (15-28km),0,0,0,0,0,0,0,0,0,0,0,0,-6.066228,106.711853,listing,0,https://picture.rumah123.com/r123-images/360x210-crop/customer/1068996/2992c969b19d43dc265334c647df978e.jpg,Disewakan Apartemen Tokyo Riverside Tower Dontonburi Tower Dontonburi Luas 36m2 Lantai 28 Kamar tidur 2 Kamar mandi 1 Furnish lengkap Tinggal Bawa ...,2900260.0,433073.333333333,0.1392,-14.9,0.38,Fair Market Price,,Disewakan Apartemen Tokyo Riverside Tower Dontonburi,Tokyo Riverside PIK 2,exact
LST-00313,French Walk MOI • 3BR Semi Furnished (115 m²),https://www.rumah123.com/properti/jakarta-utara-kelapa-gading/apartemen-french-walk-siap-huni-dekat-akses-tol-dekat-pusat-perbelanjaan-apr7740912/,Jakarta Utara,DKI Jakarta,Kelapa Gading,"Kelapa Gading, Jakarta Utara",Apartemen,7500000.0,65217.391304347824,yearly,3,2,3 Bedroom,115.0,10.667378438399515,8.037634400035223,Stasiun KRL Manggarai,Tier 2: Inner Ring Metro (7-15km),0,1,0,1,0,1,0,0,0,0,0,0,-6.16076844,106.9035302,listing,0,https://picture.rumah123.com/r123-images/360x210-crop/customer/1905956/listing/apr7740912/enhanced/e956df66f57844a96d0c3709d9eebab6.jpg,"Tower Paris Garden Luas Bangunan 115m2 Kamar Tidur 3+1 Kamar Mandi 2+1 Listrik 4400Watt Air PAM Semi furnished (4 unit AC, Water Heater, Gorden jen...",11603667.0,-4103667.0,-0.4364,35.4,-1.2,Good Deal (Undervalued),good,Apartemen French Walk Siap Huni Dekat Akses Tol Dekat Pusat Perbelanjaan,French Walk MOI,exact
LST-00314,Gold Coast PIK • 1BR Full Furnished (44 m²),https://www.rumah123.com/properti/jakarta-utara-pantai-indah-kapuk/gold-coast-apartemen-type-1br-uk44m2-fully-furnish-pik-apr7758964/,Jakarta Utara,DKI Jakarta,Pantai Indah Kapuk,"Pantai Indah Kapuk, Jakarta Utara",Apartemen,11000000.0,250000.0,monthly,1,1,Studio / 1BR,44.0,14.675786961931234,12.023318175087477,Stasiun KRL Tanah Abang,Tier 2: Inner Ring Metro (7-15km),1,0,0,0,0,0,0,0,0,0,0,0,-6.102623,106.74115,listing,0,https://picture.rumah123.com/r123-images/360x210-crop/customer/1995719/listing/apr7758964/enhanced/bf9da52149fedfd3d952ca2a68db05a5.jpg,Disewakan cepat type 1 BR  Uk 44 m2  fully furnish  low floor  Honolulu tower,9030260.0,1969740.0,0.1973,-21.8,0.54,Fair Market Price,,Gold Coast Apartemen Type 1Br Uk44m2 Fully Furnish Pik,Gold Coast PIK,exact
LST-00315,Tokyo Riverside PIK 2 • 2BR Furnished (36 m²),https://www.rumah123.com/properti/jakarta-utara-pantai-indah-kapuk-2/disewakan-paling-murah-2br-tokyo-riverside-pik-2-new-apr7846534/,Jakarta Utara,DKI Jakarta,Pantai Indah Kapuk 2,"Pantai Indah Kapuk 2, Jakarta Utara",Apartemen,1666666.6666666667,46296.2962962963,yearly,2,1,2 Bedroom,36.0,19.856577827132323,15.06958050701512,Stasiun KRL Tangerang,Tier 3: Outer Commuter Ring (15-28km),0,0,0,0,0,0,0,0,0,0,0,0,-6.066228,106.711853,listing,0,https://picture.rumah123.com/r123-images/360x210-crop/customer/1757334/40a972cebf8caad2d9b6eebc64d66e8c.jpg,Disewakan apartemen tokyo riverside pik 2,3127109.0,-1460442.3333333333,-0.6293,46.7,-1.73,Deep Value Deal (Rare Find),deep,Disewakan Paling Murah 2Br Tokyo Riverside Pik 2 New,Tokyo Riverside PIK 2,exact
LST-00316,The Summit Residences Tower Everest • 2BR Furnished (45 m²),https://www.rumah123.com/properti/jakarta-utara-kelapa-gading/apartemen-type-loft-the-summit-residences-tower-everest-kelapa-gading-apr3619257/,Jakarta Utara,DKI Jakarta,Kelapa Gading,"Kelapa Gading, Jakarta Utara",Apartemen,13333333.333333334,296296.2962962963,yearly,2,1,2 Bedroom,45.0,10.667378438399515,8.037634400035223,Stasiun KRL Manggarai,Tier 2: Inner Ring Metro (7-15km),0,0,0,0,0,0,0,0,0,0,0,0,-6.16076844,106.9035302,subdistrict_centroid,1,https://picture.rumah123.com/r123-images/360x210-crop/customer/26853/b1a205f3a1a5a3c9b6ec728b99a23123.jpg,"Apartemen Type Loft The Summit Residences Tower Everest kelapa Gading  Apartemen Type Loft/ 2 Lantai , The Summit Residences Tower Everest Kelapa G...",5109479.0,8223854.333333334,0.9592,-161.0,2.64,Overpriced / Luxury Tag,,Apartemen Type Loft The Summit Residences Tower Everest kelapa Gading ,The Summit Residences,exact
LST-00317,Gold Coast PIK Sea View • 1BR Furnished (34 m²),https://www.rumah123.com/properti/jakarta-utara-pantai-indah-kapuk/disewakan-unit-apartemen-gold-coast-luas-34m2-sea-view-apr7787626/,Jakarta Utara,DKI Jakarta,Pantai Indah Kapuk,"Pantai Indah Kapuk, Jakarta Utara",Apartemen,7083333.333333333,208333.3333333333,yearly,1,1,Studio / 1BR,34.0,14.675786961931234,12.023318175087477,Stasiun KRL Tanah Abang,Tier 2: Inner Ring Metro (7-15km),0,0,0,1,0,0,0,0,0,0,0,0,-6.102623,106.74115,listing,0,https://picture.rumah123.com/r123-images/360x210-crop/customer/1689143/d4f49ff2da11433eaeb38db9761de794.jpg,"Disewakan Unit Apartemen Gold Coast   Luas 34m2 Sea View 1 Kamar Tidur Furnished (ada sofa, kasur, kulkas 2 pintu, AC, TV di kamar tidur, TV di rua...",6313215.0,770118.333333333,0.1151,-12.2,0.32,Fair Market Price,,Disewakan Unit Apartemen Gold Coast Luas 34M2 Sea View,Gold Coast PIK,exact
LST-00318,Gold Coast PIK • 2BR Full Furnished (58 m²),https://www.rumah123.com/properti/jakarta-utara-pantai-indah-kapuk/disewakan-apartemen-goldcoast-siap-huni-full-furnished-apr7845990/,Jakarta Utara,DKI Jakarta,Pantai Indah Kapuk,"Pantai Indah Kapuk, Jakarta Utara",Apartemen,9166666.666666666,158045.97701149425,yearly,2,1,2 Bedroom,58.0,14.675786961931234,12.023318175087477,Stasiun KRL Tanah Abang,Tier 2: Inner Ring Metro (7-15km),1,0,0,0,0,0,0,0,0,0,0,0,-6.102623,106.74115,listing,0,https://picture.rumah123.com/r123-images/360x210-crop/customer/51703/2e52cb14d60c0d79bfcf280895286124.jpg,Disewakan Apartemen Goldcoast  2BR 58m² Unit ready  Full furnished View mangrove  Informasi detail   Hubungi  lia natalia  Ritzland property Jual ...,8941391.0,225275.66666666605,0.0249,-2.5,0.07,Fair Market Price,,Disewakan Apartemen Goldcoast Siap Huni Full Furnished,Gold Coast PIK,exact
LST-00319,Gold Coast PIK • Studio Full Furnished (34 m²),https://www.rumah123.com/properti/jakarta-utara-pantai-indah-kapuk/disewakan-apartemen-goldcoast-siap-huni-full-furnished-apr7849609/,Jakarta Utara,DKI Jakarta,Pantai Indah Kapuk,"Pantai Indah Kapuk, Jakarta Utara",Apartemen,9166666.666666666,269607.8431372549,yearly,0,0,Studio / 1BR,34.0,14.675786961931234,12.023318175087477,Stasiun KRL Tanah Abang,Tier 2: Inner Ring Metro (7-15km),1,0,0,0,0,0,0,0,0,0,0,0,-6.102623,106.74115,listing,0,https://picture.rumah123.com/r123-images/360x210-crop/customer/51703/d2ec11b1ffb0b6d2c8b97cf3d5281261.jpg,Disewakan Apartemen Goldcoast  -1BR -Harga : 110jt  -unit ready  -furnish  Informasi detail   Hubungi  lia natalia  Ritzland property Jual - beli -...,7653925.0,1512741.666666666,0.1804,-19.8,0.5,Fair Market Price,,Disewakan Apartemen Goldcoast Siap Huni Full Furnished,Gold Coast PIK,exact
LST-00320,The Kensington • 2BR Furnished (79 m²),https://www.rumah123.com/properti/jakarta-utara-kelapa-gading/kelapa-gading-apartemen-kensington-royal-suites-furnished-lantai-midle-apr7764722/,Jakarta Utara,DKI Jakarta,Kelapa Gading,"Kelapa Gading, Jakarta Utara",Apartemen,10000000.0,126582.27848101266,yearly,2,2,2 Bedroom,79.0,10.667378438399515,8.037634400035223,Stasiun KRL Manggarai,Tier 2: Inner Ring Metro (7-15km),0,0,0,0,0,0,0,0,0,0,0,0,-6.16076844,106.9035302,listing,0,https://picture.rumah123.com/r123-images/360x210-crop/customer/752679/e53101de2b97b52573b5754eb9675eae.jpg,"Apartemen Kensington Sumarecon Kelapa Gading Jakarta Utara.  Apartemen premium Di Kawasan mix used Sumarecon Kelapa Gading,Jakarta Utara. Dengan ko...",8169655.0,1830345.0,0.2022,-22.4,0.56,Fair Market Price,,Apartemen Kensington Kelapa Gading. Royal Suites 2 BR Furnished Lantai 17,The Kensington,exact
LST-00321,Tokyo Riverside PIK 2 • Studio Semi Furnished (21 m²),https://www.rumah123.com/properti/jakarta-utara-pantai-indah-kapuk-2/disewakan-apartemen-tokyo-riverside-pik-2-semi-furnish-apr7846726/,Jakarta Utara,DKI Jakarta,Pantai Indah Kapuk 2,"Pantai Indah Kapuk 2, Jakarta Utara",Apartemen,1750000.0,83333.33333333333,yearly,0,0,Studio / 1BR,21.0,19.856577827132323,15.06958050701512,Stasiun KRL Tangerang,Tier 3: Outer Commuter Ring (15-28km),0,1,0,0,0,0,0,0,0,0,0,0,-6.066228,106.711853,listing,0,https://picture.rumah123.com/r123-images/360x210-crop/customer/1757334/761c894620f5ce993a4adc85bf9580d7.jpg,Disewakan apartemen tokyo riverside semi furnish,1187928.0,562072.0,0.3874,-47.3,1.07,Premium / High Price,,Disewakan Apartemen Tokyo Riverside Pik 2 Semi Furnish,Tokyo Riverside PIK 2,exact
LST-00322,Unresolved • Sunter • 2BR Furnished (42 m²),https://www.rumah123.com/properti/jakarta-utara-sunter/sewakan-cepat-apartemen-keren-bagus-rapi-dan-rapi-2br-d-sunter-icon-jakut-apr7687812/,Jakarta Utara,DKI Jakarta,Sunter,"Sunter, Jakarta Utara",Apartemen,4166666.6666666665,99206.3492063492,yearly,2,1,2 Bedroom,42.0,9.40503224265084,8.052302498261486,Stasiun KRL Tanah Abang,Tier 2: Inner Ring Metro (7-15km),0,0,0,0,0,0,0,0,0,0,0,0,-6.13717,106.865242,listing,0,https://picture.rumah123.com/r123-images/360x210-crop/customer/4367927/listing/apr7687812/enhanced/75f62207126e52a18140ab6dd97e3f63.jpg,"Segera sewakan unit apartmen bagus dan rapi, susah dapat seperti unit ini. 2br, semua sudah tersedia kecuali tempat tidur kamar utama dan mesin cuc...",3764755.0,401911.6666666665,0.1014,-10.7,0.28,Fair Market Price,,Sewakan Cepat Apartemen Keren Bagus Rapi dan Rapi 2Br Dì Sunter Icon Jakut.,,unresolved
LST-00323,Green Bay Pluit • 3BR Full Furnished (49 m²),https://www.rumah123.com/properti/jakarta-utara-pluit/disewakan-apartemen-greenbay-pluit-3br-modern-interior-full-furnished-apr7832749/,Jakarta Utara,DKI Jakarta,Pluit,"Pluit, Jakarta Utara",Apartemen,4583333.333333333,93537.4149659864,yearly,3,1,3 Bedroom,49.0,11.922225168175377,9.148509553060832,Stasiun KRL Tanah Abang,Tier 2: Inner Ring Metro (7-15km),1,0,0,0,0,0,0,0,0,0,0,0,-6.1098879330001,106.7783792,listing,0,https://picture.rumah123.com/r123-images/360x210-crop/customer/4521097/f0606787e7b65b5403ef04c6e5d1c1d9.jpg,"DISEWAKAN UNIT APARTEMEN GREENBAY 3BR FULL FURNISH Unit interior upgrade Apartement murah Green Bay Pluit, unit clean tinggal bawa koper✨ Lokasi ...",5388763.0,-805429.666666667,-0.1619,14.9,-0.45,Fair Market Price,,Disewakan Apartemen Greenbay Pluit 3Br - Modern Interior Full Furnished,Green Bay Pluit,exact
LST-00324,Gold Coast PIK • 2BR Furnished (58 m²),https://www.rumah123.com/properti/jakarta-utara-pantai-indah-kapuk/seaview-murah-apartemen-gold-coast-58m-ada-2-balkon-apr7603494/,Jakarta Utara,DKI Jakarta,Pantai Indah Kapuk,"Pantai Indah Kapuk, Jakarta Utara",Apartemen,8750000.0,150862.06896551725,yearly,2,1,2 Bedroom,58.0,14.675786961931234,12.023318175087477,Stasiun KRL Tanah Abang,Tier 2: Inner Ring Metro (7-15km),0,0,0,0,0,0,0,0,0,1,0,0,-6.102623,106.74115,listing,0,https://picture.rumah123.com/r123-images/360x210-crop/customer/4340500/1be10dfdc427e757811bbe8361573ab4.jpg,Disewakan apartemen goldcoast view terbaik seaview ada 2 balkon untuk menikmati pemandangan  uk 58m furnish  caspy icon Property 0852xxxxxxxx,8831342.0,-81342.0,-0.0093,0.9,-0.03,Fair Market Price,,Seaview Murah Apartemen Gold Coast 58M Ada 2 Balkon,Gold Coast PIK,exact
LST-00325,Menara Kelapa Gading • 3BR Full Furnished (140 m²),https://www.rumah123.com/properti/jakarta-utara-kelapa-gading/yuk-jadikan-kondominium-menara-kelapa-gading-sebagai-hunian-nyaman-anda-full-furnished-jakarta-utara-024-apr7790133/,Jakarta Utara,DKI Jakarta,Kelapa Gading,"Kelapa Gading, Jakarta Utara",Apartemen,7916666.666666667,56547.61904761905,yearly,3,3,3 Bedroom,140.0,10.667378438399515,8.037634400035223,Stasiun KRL Manggarai,Tier 2: Inner Ring Metro (7-15km),1,0,0,0,0,0,0,0,0,0,0,0,-6.16076844,106.9035302,listing,0,https://picture.rumah123.com/r123-images/360x210-crop/customer/4472829/c5a6f4cd161e0291e26a078b81fd5a4e.jpg,"Hunian luas, nyaman, dan siap huni dengan kondisi full furnished. Sangat cocok untuk keluarga yang menginginkan tempat tinggal strategis dengan fas...",15340096.0,-7423429.333333333,-0.6615,48.4,-1.82,Deep Value Deal (Rare Find),deep,"Yuk, Jadikan Kondominium Menara Kelapa Gading Sebagai Hunian Nyaman Anda Full Furnished, Jakarta Utara, 024",Menara Kelapa Gading,exact
LST-00326,City Home MOI • 2BR Furnished (45 m²),https://www.rumah123.com/properti/jakarta-utara-kelapa-gading/apartemen-cityhome-moi-45m-2kt-1km-furnish-apr7824198/,Jakarta Utara,DKI Jakarta,Kelapa Gading,"Kelapa Gading, Jakarta Utara",Apartemen,3916666.6666666665,87037.03703703704,yearly,2,1,2 Bedroom,45.0,10.667378438399515,8.037634400035223,Stasiun KRL Manggarai,Tier 2: Inner Ring Metro (7-15km),0,0,0,0,0,0,0,0,0,0,0,0,-6.16076844,106.9035302,listing,0,https://picture.rumah123.com/r123-images/360x210-crop/customer/922761/2f05db21767d9efaac2a15a14874081b.jpg,"Disewa apartemen cityhome moi ukuran 45m, 2kt, 1km, furnish hrg 47jt/ th",5646553.0,-1729886.3333333335,-0.3658,30.6,-1.01,Good Deal (Undervalued),good,"Apartemen Cityhome Moi 45M, 2Kt, 1Km Furnish",City Home MOI,exact
LST-00327,City Home MOI • 2BR Full Furnished (45 m²),https://www.rumah123.com/properti/jakarta-utara-kelapa-gading/apartemen-city-home-size-45m-type-2br-kelapa-gading-jakarta-utara-apr7667039/,Jakarta Utara,DKI Jakarta,Kelapa Gading,"Kelapa Gading, Jakarta Utara",Apartemen,5000000.0,111111.11111111112,yearly,2,1,2 Bedroom,45.0,10.667378438399515,8.037634400035223,Stasiun KRL Manggarai,Tier 2: Inner Ring Metro (7-15km),1,0,0,0,0,0,0,0,0,0,0,0,-6.16076844,106.9035302,listing,0,https://picture.rumah123.com/r123-images/360x210-crop/customer/825335/listing/apr7667039/enhanced/ba726653fd51daa2bf5683d899cfda09.jpg,Apartemen City Home size 45m type 2BR Kelapa Gading Jakarta Utara  Apartemen full furnished siap huni  Nama Apartemen : City Home Lokasi : Kelapa G...,6056793.0,-1056793.0,-0.1917,17.4,-0.53,Fair Market Price,,Apartemen City Home Size 45M Type 2Br Kelapa Gading Jakarta Utara,City Home MOI,exact
LST-00328,The Mansion Kemayoran Tower Emerald • 1BR Furnished (33 m²),https://www.rumah123.com/properti/jakarta-utara-sunter/sewa-jual-apartemen-mansion-bougenvillel-tower-emerald-kemayoran-apr7744383/,Jakarta Utara,DKI Jakarta,Sunter,"Sunter, Jakarta Utara",Apartemen,3750000.0,113636.36363636365,yearly,1,1,Studio / 1BR,33.0,9.40503224265084,8.052302498261486,Stasiun KRL Tanah Abang,Tier 2: Inner Ring Metro (7-15km),0,0,0,0,0,0,0,0,0,0,0,0,-6.13717,106.865242,listing,0,https://picture.rumah123.com/r123-images/360x210-crop/customer/1778980/listing/apr7744383/enhanced/32ced57bfd9b41eb8e608b25089b8aa3.jpg,DISEWAKAN / DIJUAL Apartemen Mansion Bougenville Tower Emerald   - 1BR  - furnish  - view Lapangan Golf - Shgb - Listrik 4400  SEWA : 45 Jt../thn J...,4367059.0,-617059.0,-0.1523,14.1,-0.42,Fair Market Price,,Sewa / Jual Apartemen Mansion Bougenvillel Tower Emerald Kemayoran,The Mansion Kemayoran,exact
LST-00329,Gading Resort Residences • 4BR+ Furnished (210 m²),https://www.rumah123.com/properti/jakarta-utara-kelapa-gading/disewakan-apartemen-gading-resort-gandeng-lantai-rendah-apr7768098/,Jakarta Utara,DKI Jakarta,Kelapa Gading,"Kelapa Gading, Jakarta Utara",Apartemen,20833333.33333333,99206.3492063492,yearly,5,3,4+ Bedroom,210.0,10.667378438399515,8.037634400035223,Stasiun KRL Manggarai,Tier 2: Inner Ring Metro (7-15km),0,0,0,0,0,0,0,0,0,0,0,0,-6.16076844,106.9035302,listing,0,https://picture.rumah123.com/r123-images/360x210-crop/customer/70688/52d441303bbcaa5d8e31ba566d2d035c.jpg,Disewakan unit gandeng  Gading Resort Residences  Lantai 2 Tower E Kamar tidur 5+1 Kamar mandi 3+1 luas 210m2 Harga 250 juta per th nego,20148750.0,684583.3333333284,0.0334,-3.4,0.09,Fair Market Price,,Disewakan Apartemen Gading Resort Gandeng Lantai Rendah,Gading Resort Residences,exact
LST-00330,Green Bay Pluit • 2BR Full Furnished (77 m²),https://www.rumah123.com/properti/jakarta-utara-pluit/disewakan-cepat-condominium-greenbay-type-2br-full-furnish-luxury-apr7811114/,Jakarta Utara,DKI Jakarta,Pluit,"Pluit, Jakarta Utara",Apartemen,7666666.666666667,99567.09956709958,yearly,2,2,2 Bedroom,77.0,11.115110459512994,8.339815295590071,Stasiun KRL Tanah Abang,Tier 2: Inner Ring Metro (7-15km),1,0,0,0,0,0,0,0,0,0,0,0,-6.11555,106.783783,listing,0,https://picture.rumah123.com/r123-images/360x210-crop/customer/1873737/75ee19fc9f520a42744aed144f3b02be.jpg,Spesifikasi Condominium Greenbay Pluit -tower : M -tipe : 2br -luas :77m -kondisi : Furnish -View: laut -listrik : 3300 watt -lantai: sedang -Harga...,7686200.0,-19533.333333333023,-0.0025,0.3,-0.01,Fair Market Price,,Disewakan Cepat Condominium Greenbay Type 2Br Full Furnish Luxury,Green Bay Pluit,exact
LST-00331,Osaka Riverview PIK 2 • Studio Furnished (15 m²),https://www.rumah123.com/properti/jakarta-utara-pantai-indah-kapuk-2/apartment-furnished-osaka-residence-pik2-studio-dekat-bandara-dekat-tol-apr7446118/,Jakarta Utara,DKI Jakarta,Pantai Indah Kapuk 2,"Pantai Indah Kapuk 2, Jakarta Utara",Apartemen,1666666.6666666667,111111.11111111112,yearly,0,0,Studio / 1BR,15.0,17.841837112636878,14.38253048041888,Stasiun KRL Tangerang,Tier 3: Outer Commuter Ring (15-28km),0,0,0,0,0,0,0,0,0,0,0,0,-6.081831197492676,106.72132643948976,listing,0,https://picture.rumah123.com/r123-images/360x210-crop/customer/861464/29dddaa6b75873032f5dd277b012507c.jpg,Di Sewakan Cepat Apt Osaka Residence PIK2  Ukuran : 15m2 Type : Studio 1 kamar 1 kamar mandi Furnished   Fasilitas lengkap  Harga Sewa : Rp 20.000....,1849490.0,-182823.33333333328,-0.1041,9.9,-0.29,Fair Market Price,,Apartment Furnished Osaka Residence PIK2 Studio Dekat Bandara Dekat Tol,Osaka Riverview PIK 2,exact
LST-00332,Gold Coast PIK Sea View • 1BR Full Furnished (51 m²),https://www.rumah123.com/properti/jakarta-utara-pantai-indah-kapuk/gold-coast-apartemen-pik-51m2-2-kamar-lantai-tinggi-view-laut-bebas-banjir-full-furnished-harga-bagus-apr7773047/,Jakarta Utara,DKI Jakarta,Pantai Indah Kapuk,"Pantai Indah Kapuk, Jakarta Utara",Apartemen,7500000.0,147058.82352941178,yearly,2,1,2 Bedroom,51.0,14.675786961931234,12.023318175087477,Stasiun KRL Tanah Abang,Tier 2: Inner Ring Metro (7-15km),1,0,0,0,0,0,0,0,0,0,0,0,-6.102623,106.74115,listing,0,https://picture.rumah123.com/r123-images/360x210-crop/customer/861464/3468daacbaeca0393afcefaa7dec4784.jpg,Disewakan  Apt. Gold Coast PIK Ukuran : 51 m2 Tower : Bahama Furnished  Kamar tidur : 1 Kamar mandi : 1 View laut  Harga : 90.000.000/thn nego,9154096.0,-1654096.0,-0.1993,18.1,-0.55,Fair Market Price,,"Gold Coast Apartemen Pik, 51M2, 1 Kamar, Lantai Tinggi, View Laut, Bebas Banjir, Full Furnished, Harga Bagus",Gold Coast PIK,exact
LST-00333,Green Lake Sunter • 2BR Full Furnished (55 m²),https://www.rumah123.com/properti/jakarta-utara-sunter/green-lake-apt-sunter-unit-connecting-2-jadi-1-full-furnished-siap-huni-apr2914568/,Jakarta Utara,DKI Jakarta,Sunter,"Sunter, Jakarta Utara",Apartemen,6250000.0,113636.36363636365,yearly,2,2,2 Bedroom,55.0,9.215680608812065,7.502900660228582,Stasiun KRL Manggarai,Tier 2: Inner Ring Metro (7-15km),1,0,0,0,0,0,0,0,0,0,1,0,-6.14756,106.87617,listing,0,https://picture.rumah123.com/r123-images/360x210-crop/customer/861464/2023-06-02-04-40-49-a6eb8be9-1cb5-4259-8c72-a7b9e1b504f4.jpg,Di Sewakan segera!!  Green Lake Apt Sunter Unit connecting 2 jadi 1 Full furnished :  1 Ruang Keluarga 1 Ruang makan 1 Kitchen Set 2 Kamar tidur  2...,5508489.0,741511.0,0.1263,-13.5,0.35,Fair Market Price,, Green Lake Apt Sunter Unit Connecting 2 Jadi 1 Full Furnished Siap Huni,Green Lake Sunter,exact
LST-00334,Ancol Mansion • 1BR Full Furnished (66 m²),https://www.rumah123.com/properti/jakarta-utara-ancol/disewakan-apartemen-ancol-mansion-66m2-fullfurnishhadap-swimmingpool-apr3604425/,Jakarta Utara,DKI Jakarta,Ancol,"Ancol, Jakarta Utara",Apartemen,6250000.0,94696.9696969697,yearly,1,1,Studio / 1BR,66.0,9.89320846985066,7.903001636848267,Stasiun KRL Tanah Abang,Tier 2: Inner Ring Metro (7-15km),1,0,0,0,0,0,1,0,0,0,0,0,-6.123829,106.8465335,listing,0,https://picture.rumah123.com/r123-images/360x210-crop/customer/29253/eeeff8e2226cba201a2583fa0f477b50.jpg,"DISEWAKAN Apartemen Ancol Mansion 66m2 (FullFurnish-Hadap SwimmingPool)  欲了解更多信息，请联系我 (Yù liǎojiě gèng duō xìnxī, q�...",7278466.0,-1028466.0,-0.1523,14.1,-0.42,Fair Market Price,,DISEWAKAN Apartemen Ancol Mansion 66m2 (FullFurnish-Hadap SwimmingPool),Ancol Mansion,exact
LST-00335,City Home MOI • Studio Furnished (35 m²),https://www.rumah123.com/properti/jakarta-utara-kelapa-gading/disewakan-apartement-studio-apr7691851/,Jakarta Utara,DKI Jakarta,Kelapa Gading,"Kelapa Gading, Jakarta Utara",Apartemen,5416666.666666667,154761.90476190476,yearly,0,1,Studio / 1BR,35.0,11.367918798293845,10.022317904565083,Stasiun KRL Tanah Abang,Tier 2: Inner Ring Metro (7-15km),0,0,0,0,0,0,0,0,0,0,0,0,-6.12371,106.877,listing,0,https://picture.rumah123.com/r123-images/360x210-crop/customer/4403100/listing/apr7691851/enhanced/4ebf8d939b4c19258d902c2d873301c1.jpg,Disewakan Apartement,4007305.0,1409361.666666667,0.3014,-35.2,0.83,Premium / High Price,,Disewakan Apartement Cityhome,City Home MOI,exact
LST-00336,Tokyo Riverside PIK 2 • 1BR Full Furnished (36 m²),https://www.rumah123.com/properti/jakarta-utara-pantai-indah-kapuk-2/di-pik-2-tokyo-riverside-2br-ff-kece-apr7459493/,Jakarta Utara,DKI Jakarta,Pantai Indah Kapuk 2,"Pantai Indah Kapuk 2, Jakarta Utara",Apartemen,3166666.6666666665,87962.96296296296,yearly,1,1,Studio / 1BR,36.0,19.856577827132323,15.06958050701512,Stasiun KRL Tangerang,Tier 3: Outer Commuter Ring (15-28km),1,0,0,0,0,0,0,0,0,0,0,0,-6.066228,106.711853,listing,0,https://picture.rumah123.com/r123-images/360x210-crop/customer/1974542/1c43caf1be5b0a51b50e7b4eecc69d9e.jpg,✨ SEWA MURAH DI PIK 2! APARTEMEN TOKYO RIVERSIDE 2BR dijadikan 1BR alias 1BR SUPER .. FULL FURNISHED CUMA 38 JUTA/TAHUN! ✨  Langsung bawa koper...,4575697.0,-1409030.3333333335,-0.3681,30.8,-1.01,Good Deal (Undervalued),good,Di Pik 2 Tokyo Riverside 2Br Ff Kece,Tokyo Riverside PIK 2,exact
LST-00337,Ancol Mansion • 1BR Furnished (67 m²),https://www.rumah123.com/properti/jakarta-utara-ancol/disewakan-apartemen-ancol-mansion-67m2-furnish-hadap-laut-apr3581924/,Jakarta Utara,DKI Jakarta,Ancol,"Ancol, Jakarta Utara",Apartemen,6666666.666666667,99502.48756218904,yearly,1,1,Studio / 1BR,67.0,10.070224633401152,8.0504307559182,Stasiun KRL Tanah Abang,Tier 2: Inner Ring Metro (7-15km),0,0,0,0,0,0,0,0,0,0,0,0,-6.121994057107645,106.84596711120604,listing,0,https://picture.rumah123.com/r123-images/360x210-crop/customer/29253/listing/apr3581924/enhanced/c68af041352120d48672bab005552971.jpg,"DISEWAKAN Apartemen Ancol Mansion 67m2 (Furnish-Hadap Laut)  欲了解更多信息,请联系我 (Yù liǎojiě gèng duō xìnxī, qǐng liánxì w...",6753494.0,-86827.33333333302,-0.0129,1.3,-0.04,Fair Market Price,,Disewakan Apartemen Ancol Mansion 67M2 Furnish Hadap Laut,Ancol Mansion,exact
LST-00338,Tokyo Riverside PIK 2 • 2BR Furnished (40 m²),https://www.rumah123.com/properti/jakarta-utara-pantai-indah-kapuk-2/apartement-tokyo-riverside-pantai-indah-kapuk-jakarta-utara-apr3095449/,Jakarta Utara,DKI Jakarta,Pantai Indah Kapuk 2,"Pantai Indah Kapuk 2, Jakarta Utara",Apartemen,1916666.6666666667,47916.66666666667,yearly,2,1,2 Bedroom,40.0,11.367918798293845,10.022317904565083,Stasiun KRL Tanah Abang,Tier 2: Inner Ring Metro (7-15km),0,0,0,0,0,0,0,0,0,0,0,0,-6.12371,106.877,listing,0,https://picture.rumah123.com/r123-images/360x210-crop/customer/1710299/2023-11-15-03-24-38-d5632576-fbe0-4338-a792-da765f02562c.jpg,Apartement Tokyo Riverside Pantai Indah Kapuk Jakarta Utara   LT: 40  2 KT  1 kamar mandi  PLN 1300W,4383320.0,-2466653.333333333,-0.8272,56.3,-2.28,Deep Value Deal (Rare Find),deep,Apartement Tokyo Riverside Pantai Indah Kapuk Jakarta Utara ,Tokyo Riverside PIK 2,exact
LST-00339,Tokyo Riverside PIK 2 • Studio Unfurnished (21 m²),https://www.rumah123.com/properti/jakarta-utara-pantai-indah-kapuk-2/disewakan-apartemen-studio-unfurnished-di-tokyo-riverside-pik-2-apr7544178/,Jakarta Utara,DKI Jakarta,Pantai Indah Kapuk 2,"Pantai Indah Kapuk 2, Jakarta Utara",Apartemen,1250000.0,59523.80952380953,yearly,1,1,Studio / 1BR,21.0,23.373284897120225,16.3302392875427,Stasiun KRL Tangerang,Tier 3: Outer Commuter Ring (15-28km),0,0,1,0,0,0,0,0,0,0,0,0,-6.041889893363702,106.69149510738316,listing,0,https://picture.rumah123.com/r123-images/360x210-crop/customer/2146177/aa9dc36dd0a916862e3b4f5320e553ea.jpg,"Hunian yang nyaman, aman, lokasi strategis, akses mudah dijangkau terdapat free shuttle ke PIK 1 dan ke PIK 2 Milenial. Dekat akses tol PIK 2. Terd...",1390394.0,-140394.0,-0.1064,10.1,-0.29,Fair Market Price,,Disewakan Apartemen Studio Unfurnished di Tokyo Riverside Pik 2,Tokyo Riverside PIK 2,exact
LST-00340,Gading Nias • 2BR Furnished (36 m²),https://www.rumah123.com/properti/jakarta-utara-pegangsaan/disewakanapartemen-gading-nias-residences-2-bedroom-pegangsaan-apr7848856/,Jakarta Utara,DKI Jakarta,Pegangsaan,"Pegangsaan, Jakarta Utara",Apartemen,1250000.0,34722.22222222222,yearly,2,1,2 Bedroom,36.0,4.000133511649935,1.262332258662496,Stasiun KRL Manggarai,Tier 1: Core Urban Center (<7km),0,0,0,0,0,0,0,0,0,0,0,0,-6.19959,106.85498,listing,0,https://picture.rumah123.com/r123-images/360x210-crop/customer/1905961/bdbdd15da84a47b615e899bb0d14f800.jpg,Di sewakan Apartemen Nias Residences - pegangsaan 2 bedroom  1 kmr mndi  unfurnish  hrga 15 juta,5800943.0,-4550943.0,-1.5349,78.5,-4.22,Deep Value Deal (Rare Find),deep,Disewakan.apartemen Gading Nias Residences 2 Bedroom Pegangsaan.,Gading Nias,exact
LST-00341,French Walk MOI • 3BR Furnished (83 m²),https://www.rumah123.com/properti/jakarta-utara-kelapa-gading/disewakan-lyon-garden-luas-83-m-apr7806696/,Jakarta Utara,DKI Jakarta,Kelapa Gading,"Kelapa Gading, Jakarta Utara",Apartemen,8166666.666666667,98393.57429718877,yearly,3,2,3 Bedroom,83.0,10.667378438399515,8.037634400035223,Stasiun KRL Manggarai,Tier 2: Inner Ring Metro (7-15km),0,0,0,0,0,0,0,0,0,0,0,0,-6.16076844,106.9035302,listing,0,https://picture.rumah123.com/r123-images/360x210-crop/customer/70688/925c330f7d1fd6af6869c3ee8f77144f.jpg,Disewakan  Apartemen French walk moi Baru renov Lyon garden Luas 83 3 bedroom  1 kamar mandi dalam 2+1 bathroom Lantai 19 Furnished View lepas.  Hr...,8826672.0,-660005.333333333,-0.0777,7.5,-0.21,Fair Market Price,,Disewakan Lyon Garden Luas 83 M,French Walk MOI,exact
LST-00342,The Kensington • 1BR Full Furnished (31 m²),https://www.rumah123.com/properti/jakarta-utara-kelapa-gading/disewakan-apartemen-kensington-clifford-1-br-apr7814322/,Jakarta Utara,DKI Jakarta,Kelapa Gading,"Kelapa Gading, Jakarta Utara",Apartemen,6666666.666666667,215053.76344086023,yearly,1,1,Studio / 1BR,31.0,10.667378438399515,8.037634400035223,Stasiun KRL Manggarai,Tier 2: Inner Ring Metro (7-15km),0,0,0,1,0,0,0,0,0,0,0,0,-6.16076844,106.9035302,listing,0,https://picture.rumah123.com/r123-images/360x210-crop/customer/70688/82743fef9f411c272428d39110bfb309.jpg,"Disewakan Apartemen Kensington 1 BR Luas 31 m Km 1 Ff Ac, microwave, kulkas, TV Lt 19 Tower Clifford Ipl 24 rb/m Harga 80 jt",4397448.0,2269218.666666667,0.4161,-51.6,1.14,Premium / High Price,,Disewakan Apartemen Kensington Clifford 1 Br,The Kensington,exact
LST-00343,City Home MOI • 2BR Furnished (45 m²),https://www.rumah123.com/properti/jakarta-utara-kelapa-gading/disewakan-apartemen-cityhome-hadap-timur-lepas-apr7832050/,Jakarta Utara,DKI Jakarta,Kelapa Gading,"Kelapa Gading, Jakarta Utara",Apartemen,6666666.666666667,148148.14814814815,yearly,2,1,2 Bedroom,45.0,10.667378438399515,8.037634400035223,Stasiun KRL Manggarai,Tier 2: Inner Ring Metro (7-15km),0,0,0,0,0,0,0,0,0,0,0,0,-6.16076844,106.9035302,listing,0,https://picture.rumah123.com/r123-images/360x210-crop/customer/70688/7fc9d45b03807a85dca1df75dd2d7f7f.jpg,Disewakan Apartemen City Home hadap timur lepas tower santa monica KT 2 KM 1 ukuran 45 m furnished 80 juta nego,5279749.0,1386917.666666667,0.2332,-26.3,0.64,Fair Market Price,,Disewakan Apartemen Cityhome Hadap Timur Lepas,City Home MOI,exact
LST-00344,Regatta Sea View • 3BR Semi Furnished (242 m²),https://www.rumah123.com/properti/jakarta-utara-pluit/sewa-apartemen-regatta-mewah-view-laut-semi-furnished-di-pluit-dekat-akses-tol-dan-pusat-perbelanjaan-dan-dekat-pusat-apr7555901/,Jakarta Utara,DKI Jakarta,Pluit,"Pluit, Jakarta Utara",Apartemen,20833333.33333333,86088.15426997245,yearly,3,3,3 Bedroom,242.0,11.367918798293845,10.022317904565083,Stasiun KRL Tanah Abang,Tier 2: Inner Ring Metro (7-15km),0,1,0,0,0,0,0,0,0,0,0,0,-6.12371,106.877,listing,0,https://picture.rumah123.com/r123-images/360x210-crop/customer/1907015/ee6b9eb1cb0b28253f8cc0be04950494.jpg,"Apartemen Regatta adalah kondominium mewah berdesain ikonik seperti kapal layar di kawasan Pantai Mutiara, Jakarta Utara, yang dikembangkan oleh In...",17616447.0,3216886.3333333284,0.1677,-18.3,0.46,Fair Market Price,,Sewa Apartemen Regatta Mewah View Laut Semi Furnished di Pluit Dekat Akses Tol dan Pusat Perbelanjaan dan Dekat Pusat Perdagangan,Regatta,exact
LST-00345,The Kensington Tower Clifford • 1BR Full Furnished (31 m²),https://www.rumah123.com/properti/jakarta-utara-kelapa-gading/disewakan-tipe-1-kamar-tidur-siap-huni-view-city-di-menara-clifford-apartemen-the-kensington-royal-suites-dekat-mal-apr7652745/,Jakarta Utara,DKI Jakarta,Kelapa Gading,"Kelapa Gading, Jakarta Utara",Apartemen,7083333.333333333,228494.623655914,yearly,1,1,Studio / 1BR,31.0,10.667378438399515,8.037634400035223,Stasiun KRL Manggarai,Tier 2: Inner Ring Metro (7-15km),0,0,0,0,0,0,0,0,0,0,0,0,-6.16076844,106.9035302,listing,0,https://picture.rumah123.com/r123-images/360x210-crop/customer/1907015/110b4614380d926482e290c0f25067a9.jpg,The Kensington Royal Suites. Sebuah kawasan eksklusif residensial yang begitu memanjakan penghuninya dengan kehadiran landscape berkonsep Lifestyle...,4503065.0,2580268.333333333,0.453,-57.3,1.25,Premium / High Price,,Disewakan Tipe 1 Kamar Tidur Furnished Siap Huni View City di Menara Clifford Apartemen The Kensington Royal Suites Dekat Mal Kelapa Gading dan Mal Bella Terra,The Kensington,exact
LST-00346,Menara Marina Condominium • 2BR Furnished (108 m²),https://www.rumah123.com/properti/jakarta-utara-pluit/sewa-apartemen-menara-marina-condominium-jakarta-utara-apr7815998/,Jakarta Utara,DKI Jakarta,Pluit,"Pluit, Jakarta Utara",Apartemen,6250000.0,57870.37037037037,yearly,2,2,2 Bedroom,108.0,11.115110459512994,8.339815295590071,Stasiun KRL Tanah Abang,Tier 2: Inner Ring Metro (7-15km),0,0,0,0,0,0,0,0,0,0,0,0,-6.11555,106.783783,listing,0,https://picture.rumah123.com/r123-images/360x210-crop/customer/4407971/64996485c503b448b0a384657ca144c8.jpg,"Dijual/sewa Apartemen Menara Marina Condominium JAKARTA UTARA (depan Pantai Mutiara pluit)  Luas 108m2 2KT+1, 2KM+1 VIEW LAUT  Jual di 1,9 m Sewa d...",9996117.0,-3746117.0,-0.4696,37.5,-1.29,Good Deal (Undervalued),good,Sewa Apartemen Menara Marina Condominium Jakarta Utara,Menara Marina Condominium,exact
LST-00347,Sherwood Kelapa Gading • 2BR Full Furnished (95 m²),https://www.rumah123.com/properti/jakarta-utara-kelapa-gading/apartemen-sherwood-kelapa-gading-apr7503962/,Jakarta Utara,DKI Jakarta,Kelapa Gading,"Kelapa Gading, Jakarta Utara",Apartemen,7083333.333333333,74561.40350877192,yearly,2,2,2 Bedroom,95.0,12.22869333011405,9.46738805364631,Stasiun KRL Manggarai,Tier 2: Inner Ring Metro (7-15km),1,0,0,0,0,0,0,0,0,0,0,0,-6.15808,106.918152,listing,0,https://picture.rumah123.com/r123-images/360x210-crop/customer/1791276/c6e2e462bf5ad25ac32ec592abf5fe5f.jpg,"Sewa Apartemen Sherwood PL Full furnished Mewah, Rapi, Terawat Lb 94m² Kt 2+1 / Km 2+1 Listrik 2200 watt",10597945.0,-3514611.666666667,-0.4029,33.2,-1.11,Good Deal (Undervalued),good,Apartemen Sherwood Kelapa Gading,Sherwood Kelapa Gading,exact
LST-00348,Northland Ancol Residence • 2BR Furnished (72 m²),https://www.rumah123.com/properti/jakarta-utara-ancol/apartemen-northland-ancol-furnish-rapi-apr7798015/,Jakarta Utara,DKI Jakarta,Ancol,"Ancol, Jakarta Utara",Apartemen,3583333.333333333,49768.51851851852,yearly,2,2,2 Bedroom,72.0,8.982109221089015,6.738563321967475,Stasiun KRL Tanah Abang,Tier 2: Inner Ring Metro (7-15km),0,0,0,0,0,0,0,0,0,0,0,0,-6.12912,106.833351,listing,0,https://picture.rumah123.com/r123-images/360x210-crop/customer/1791276/af93102042731146f0d39aea85e6fae6.jpg,"Disewa apartemen Northland rapi, Furnish, siap masuk 72m² KT 2 KM 2 Sea View",6347265.0,-2763931.666666667,-0.5717,43.5,-1.57,Deep Value Deal (Rare Find),deep,Apartemen Northland Ancol Furnish Rapi,Northland Ancol Residence,exact
LST-00349,Tokyo Riverside PIK 2 • 2BR Semi Furnished (36 m²),https://www.rumah123.com/properti/jakarta-utara-pantai-indah-kapuk-2/disewa-cepat-apart-tokyo-2br-uk-36sqm-kosongan-ready-huni-apr7663593/,Jakarta Utara,DKI Jakarta,Pantai Indah Kapuk 2,"Pantai Indah Kapuk 2, Jakarta Utara",Apartemen,2333333.333333333,64814.81481481482,yearly,2,1,2 Bedroom,36.0,23.373284897120225,16.3302392875427,Stasiun KRL Tangerang,Tier 3: Outer Commuter Ring (15-28km),0,1,1,1,0,0,0,0,0,0,1,0,-6.041889893363702,106.69149510738316,listing,0,https://picture.rumah123.com/r123-images/360x210-crop/customer/1757306/6c87ee93cfef28f19054dc92422b6ee3.jpg,"DISEWAKAN CEPAT Apart Tokyo Riverside  2BR tower chikusei Uk 36sqm Kosongan Kondisi semi furnish ( ac 1 , kabinet dapur , tv)  Harga sewa : Rp 28jt...",1812530.0,520803.333333333,0.2526,-28.7,0.69,Fair Market Price,,Disewa Cepat Apart Tokyo 2Br Uk 36Sqm Semi Furnish Ready Huni,Tokyo Riverside PIK 2,exact
LST-00350,Pluit Sea View • 2BR Full Furnished (35 m²),https://www.rumah123.com/properti/jakarta-utara-muara-baru/disewakan-apartemen-pluit-seaview-bulanan-full-furnish-lantai-10a-apr7748313/,Jakarta Utara,DKI Jakarta,Muara Baru,"Muara Baru, Jakarta Utara",Apartemen,3200000.0,91428.57142857143,monthly,2,1,2 Bedroom,35.0,11.09172130783706,8.383236198632716,Stasiun KRL Tanah Abang,Tier 2: Inner Ring Metro (7-15km),1,0,0,0,0,0,0,0,0,0,0,0,-6.11059,106.802437,listing,0,https://picture.rumah123.com/r123-images/360x210-crop/customer/4469135/00d955d9373f2a18b361f4c8ae4712b1.jpg,Disewakan  apartemen pluit seaview luas 35 2kt full furnish min. 3bulan,3412551.0,-212551.0,-0.0643,6.2,-0.18,Fair Market Price,,Disewakan Apartemen Pluit Seaview Bulanan Full Furnish Lantai 10A,Pluit Sea View,exact
LST-00351,Unresolved • Pantai Indah Kapuk • 3BR Full Furnished (113 m²),https://www.rumah123.com/properti/jakarta-utara-pantai-indah-kapuk/113m2-full-furnish-ready-to-use-apr7498855/,Jakarta Utara,DKI Jakarta,Pantai Indah Kapuk,"Pantai Indah Kapuk, Jakarta Utara",Apartemen,20833333.33333333,184365.78171091445,yearly,3,2,3 Bedroom,113.0,14.675786961931234,12.023318175087477,Stasiun KRL Tanah Abang,Tier 2: Inner Ring Metro (7-15km),1,0,0,0,0,0,0,0,0,0,0,0,-6.102623,106.74115,listing,0,https://picture.rumah123.com/r123-images/360x210-crop/customer/1901664/3090ed9e4c0412d1e7c6b28dd931fb05.jpg,3+1 BR Full Furnish harga 250jt/m2,14678209.0,6155124.333333328,0.3502,-41.9,0.96,Premium / High Price,,113m2 full furnish ready to use,,unresolved
LST-00352,Tokyo Riverside PIK 2 • 1BR Full Furnished (21 m²),https://www.rumah123.com/properti/jakarta-utara-pantai-indah-kapuk-2/disewa-apartemen-tokyo-riverside-view-ruko-harvard-highzone-apr7421761/,Jakarta Utara,DKI Jakarta,Pantai Indah Kapuk 2,"Pantai Indah Kapuk 2, Jakarta Utara",Apartemen,2333333.333333333,111111.11111111112,yearly,1,1,Studio / 1BR,21.0,19.856577827132323,15.06958050701512,Stasiun KRL Tangerang,Tier 3: Outer Commuter Ring (15-28km),1,0,0,1,0,0,0,0,0,0,0,0,-6.066228,106.711853,listing,0,https://picture.rumah123.com/r123-images/360x210-crop/customer/2174323/9ebbe0f8f5b571658ff6256908b95163.jpg,"*WTL / Disewa Apartemen Tokyo Riverside View Ruko Harvard HIGHZONE""  Kelebihan highzone tidak berisik Tower D Type : Studio Full Furnish: * AC * TV...",1955679.0,377654.333333333,0.1766,-19.3,0.49,Fair Market Price,,Disewa Apartemen Tokyo Riverside View Ruko Harvard Highzone,Tokyo Riverside PIK 2,exact
LST-00353,Green Bay Pluit • 2BR Full Furnished (74 m²),https://www.rumah123.com/properti/jakarta-utara-pluit/disewakan-condominium-greenbay-type-2-br-furnish-apr7834877/,Jakarta Utara,DKI Jakarta,Pluit,"Pluit, Jakarta Utara",Apartemen,7083333.333333333,95720.72072072072,yearly,2,2,2 Bedroom,74.0,11.115110459512994,8.339815295590071,Stasiun KRL Tanah Abang,Tier 2: Inner Ring Metro (7-15km),1,0,0,0,0,0,0,0,0,0,0,0,-6.11555,106.783783,listing,0,https://picture.rumah123.com/r123-images/360x210-crop/customer/1873737/1d14ae7073da3635a08ce410a7a151a5.jpg,Spesifikasi Condominium Greenbay Pluit -tower : L -tipe : 2br -luas :74m -kondisi : Full Furnish -View: laut -listrik : 3300 watt -lantai: sedang H...,6483277.0,600056.333333333,0.0885,-9.3,0.24,Fair Market Price,,Disewakan Condominium Greenbay Type 2 Br Furnish,Green Bay Pluit,exact
LST-00354,Green Bay Pluit • 2BR Unfurnished (35 m²),https://www.rumah123.com/properti/jakarta-utara-pluit/disewakan-cepat-apartemen-greenbay-type-2br-kosongan-unfurnish-apr7842796/,Jakarta Utara,DKI Jakarta,Pluit,"Pluit, Jakarta Utara",Apartemen,2000000.0,57142.857142857145,yearly,2,1,2 Bedroom,35.0,11.115110459512994,8.339815295590071,Stasiun KRL Tanah Abang,Tier 2: Inner Ring Metro (7-15km),0,0,1,0,0,0,1,0,0,0,0,0,-6.11555,106.783783,listing,0,https://picture.rumah123.com/r123-images/360x210-crop/customer/1873737/54bcb783c35b75ad4d41f5eef8dba89e.jpg,Spesifikasi Apartemen Green Bay tahap I -tower D -tipe 2Br -luas : 35m2 -kondisi Kosongan -View: pool -listrik : 2200 watt -lantai:  sedang -Ting...,2931155.0,-931155.0,-0.3822,31.8,-1.05,Good Deal (Undervalued),good,Disewakan Cepat Apartemen Greenbay Type 2Br Kosongan/ Unfurnish,Green Bay Pluit,exact
LST-00355,Gold Coast PIK • 3BR Semi Furnished (82 m²),https://www.rumah123.com/properti/jakarta-utara-pantai-indah-kapuk/disewa-apartemen-gold-coast-3br-82m2-semi-furnish-apr7844651/,Jakarta Utara,DKI Jakarta,Pantai Indah Kapuk,"Pantai Indah Kapuk, Jakarta Utara",Apartemen,15000000.0,182926.82926829267,yearly,3,2,3 Bedroom,82.0,14.675786961931234,12.023318175087477,Stasiun KRL Tanah Abang,Tier 2: Inner Ring Metro (7-15km),0,1,0,0,0,0,0,0,0,0,1,0,-6.102623,106.74115,listing,0,https://picture.rumah123.com/r123-images/360x210-crop/customer/1251877/a27d88aa6eb3c59df741e87aebec1ead.jpg,Disewakan Apartemen Gold Coast Tower Honolulu Lantai tinggi Uk 82m2 Kamar Tidur 3 Kamar Mandi 2 Semi Furnish Kitchen set Kulkas Meja makan Lemari b...,8861652.0,6138348.0,0.5263,-69.3,1.45,Premium / High Price,,Disewa Apartemen Gold Coast 3Br 82M2 Semi Furnish,Gold Coast PIK,exact
LST-00356,Northland Ancol Residence • 3BR Full Furnished (67 m²),https://www.rumah123.com/properti/jakarta-utara-ancol/apartemen-northland-ancol-residence-apr7733484/,Jakarta Utara,DKI Jakarta,Ancol,"Ancol, Jakarta Utara",Apartemen,5000000.0,74626.86567164179,yearly,3,2,3 Bedroom,67.0,8.982109221089015,6.738563321967475,Stasiun KRL Tanah Abang,Tier 2: Inner Ring Metro (7-15km),1,0,0,0,0,0,0,0,0,0,0,0,-6.12912,106.833351,listing,0,https://picture.rumah123.com/r123-images/360x210-crop/customer/4484662/listing/apr7733484/enhanced/c648cff5c7a50cb02e5263ff0eb13ec3.jpg,*WTL/Disewakan*  *Apartment Northland Ancol Residence* Private lift Luas 67m2 3KT + 2KM Fully Furnished City view  Harga 60 jt nego  *BANGJRY_PROPE...,6471804.0,-1471804.0,-0.258,22.7,-0.71,Fair Market Price,,Apartemen Northland Ancol Residence,Northland Ancol Residence,exact
LST-00357,Ancol Mansion • 3BR Semi Furnished (235 m²),https://www.rumah123.com/properti/jakarta-utara-ancol/apartment-ancol-mansion-apr7733492/,Jakarta Utara,DKI Jakarta,Ancol,"Ancol, Jakarta Utara",Apartemen,15000000.0,63829.78723404255,yearly,3,2,3 Bedroom,235.0,8.982109221089015,6.738563321967475,Stasiun KRL Tanah Abang,Tier 2: Inner Ring Metro (7-15km),0,1,0,0,0,0,0,0,0,0,0,0,-6.12912,106.833351,listing,0,https://picture.rumah123.com/r123-images/360x210-crop/customer/4484662/listing/apr7733492/enhanced/0683314e1e1c90d00f2cea3122ad5a5b.png,*WTL/WTS (JUAL/SEWA)* *APARTMENT ANCOL MANSION*   3BR+1 view laut dan city Luas +-235m2 Lantai 32 private lift Semi furnished Bekas disewa bule Har...,19594817.0,-4594817.0,-0.2672,23.4,-0.73,Fair Market Price,,Apartment Ancol Mansion,Ancol Mansion,exact
LST-00358,Unresolved • Pluit • 2BR Full Furnished (35 m²),https://www.rumah123.com/properti/jakarta-utara-pluit/disewakan-apartement-furnised-2br-10-sekolahan-di-pluit-apr7848240/,Jakarta Utara,DKI Jakarta,Pluit,"Pluit, Jakarta Utara",Apartemen,2666666.6666666665,76190.47619047618,yearly,2,1,2 Bedroom,35.0,11.115110459512994,8.339815295590071,Stasiun KRL Tanah Abang,Tier 2: Inner Ring Metro (7-15km),1,0,0,0,0,0,0,0,0,0,0,0,-6.11555,106.783783,listing,0,https://picture.rumah123.com/r123-images/360x210-crop/customer/4536944/5bf3db01dcb6c306c1c5b8b80bb367f0.jpg,"Disewakan unit 2BR full furnished di apartemen Greenbay terhubung baywalk mall Pluit, kondisi unit yang rapih dan terawat bisa jadi pilihan yang co...",3544224.0,-877557.3333333335,-0.2845,24.8,-0.78,Good Deal (Undervalued),good,Disewakan Apartement Furnised 2Br 10 Sekolahan di Pluit,,unresolved
LST-00359,Gading Resort Residences • 1BR Furnished (105 m²),https://www.rumah123.com/properti/jakarta-utara-kelapa-gading/gading-resort-residence-moi-31br-lantai-3-furnished-apr7820312/,Jakarta Utara,DKI Jakarta,Kelapa Gading,"Kelapa Gading, Jakarta Utara",Apartemen,10833333.333333334,103174.60317460318,yearly,3,2,3 Bedroom,105.0,10.667378438399515,8.037634400035223,Stasiun KRL Manggarai,Tier 2: Inner Ring Metro (7-15km),0,0,0,0,0,0,1,0,0,0,0,0,-6.16076844,106.9035302,listing,0,https://picture.rumah123.com/r123-images/360x210-crop/customer/4429053/795d1fa0ce492e8c79b7250eab705551.jpg,"HARGA JUAL Rp 1,9 M HARGA SEWA Rp 130 Juta/tahun Minimal Sewa 2 tahun  Tower D Lantai 3 Pool View Luas 105 m² 3+1 Kamar Tidur 2+1 Kamar Mandi Full...",9367160.0,1466173.333333334,0.1454,-15.7,0.4,Fair Market Price,,Gading Resort Residence Moi 3+1Br - Lantai 3 - Furnished,Gading Resort Residences,exact
LST-00360,Tokyo Riverside PIK 2 • 2BR Full Furnished (36 m²),https://www.rumah123.com/properti/jakarta-utara-pantai-indah-kapuk-2/apartemen-tokyo-full-furnish-di-pantai-indah-kapuk-2-apr7850057/,Jakarta Utara,DKI Jakarta,Pantai Indah Kapuk 2,"Pantai Indah Kapuk 2, Jakarta Utara",Apartemen,4833333.333333333,134259.25925925924,yearly,2,1,2 Bedroom,36.0,19.856577827132323,15.06958050701512,Stasiun KRL Tangerang,Tier 3: Outer Commuter Ring (15-28km),1,0,0,0,0,0,0,0,0,0,0,0,-6.066228,106.711853,listing,0,https://picture.rumah123.com/r123-images/360x210-crop/customer/1750026/c88dd1adba22a2b47aa16d834d28cdf1.jpg,"Apartemen di Pantai Indah Kapuk 2.  Cek segera apartemen 1 lantai yang nyaman ini,  disewakan menghadirkan lingkungan fasilitas yang lengkap, cocok...",3499192.0,1334141.333333333,0.323,-38.1,0.89,Premium / High Price,,Apartemen Tokyo Full Furnish di Pantai Indah Kapuk 2,Tokyo Riverside PIK 2,exact
LST-00361,Green Lake Sunter • 2BR Furnished (36 m²),https://www.rumah123.com/properti/jakarta-utara-sunter/green-lake-sunter-2br-full-furnished-rapi-siap-huni-apr7615461/,Jakarta Utara,DKI Jakarta,Sunter,"Sunter, Jakarta Utara",Apartemen,3750000.0,104166.66666666669,yearly,2,1,2 Bedroom,36.0,9.40503224265084,8.052302498261486,Stasiun KRL Tanah Abang,Tier 2: Inner Ring Metro (7-15km),0,0,0,0,0,0,0,0,0,0,0,0,-6.13717,106.865242,listing,0,https://picture.rumah123.com/r123-images/360x210-crop/customer/4429053/listing/apr7615461/enhanced/2a6b40291798e3b490a7b04335a77fef.jpg,"Unit rapi dan terawat di Lantai 1, menawarkan aksesibilitas terbaik dan kenyamanan maksimal. Sangat cocok bagi profesional maupun keluarga kecil ya...",3322041.0,427959.0,0.1212,-12.9,0.33,Fair Market Price,,Green Lake Sunter 2Br - Southern - Low Floor,Green Lake Sunter,exact
LST-00362,Unresolved • Kelapa Gading • 3BR Furnished (122 m²),https://www.rumah123.com/properti/jakarta-utara-kelapa-gading/sewa-cepat-apt-paladian-122m2-lantai-rendah-apr7596800/,Jakarta Utara,DKI Jakarta,Kelapa Gading,"Kelapa Gading, Jakarta Utara",Apartemen,10000000.0,81967.2131147541,yearly,3,3,3 Bedroom,122.0,10.667378438399515,8.037634400035223,Stasiun KRL Manggarai,Tier 2: Inner Ring Metro (7-15km),0,0,0,0,0,0,1,0,0,0,0,0,-6.16076844,106.9035302,listing,0,https://picture.rumah123.com/r123-images/360x210-crop/customer/1770046/14380012983a0d86f7004a137daf8456.jpg,"*Sewa Cepat Apt Paladian 122m2 Lantai Rendah @120 jt/thn*  SHMRS, Tower C Lt 7, Furnished LB 122m2 KT/KM 3+1/3+1, view Pool 4400 W, 5AC",11728905.0,-1728905.0,-0.1595,14.7,-0.44,Fair Market Price,,Sewa Cepat Apt Paladian 122M2 Lantai Rendah,,unresolved
LST-00363,Tokyo Riverside PIK 2 Sea View • 2BR Unfurnished (36 m²),https://www.rumah123.com/properti/jakarta-utara-pantai-indah-kapuk-2/disewakan-apartment-tokyo-riverside-2br-36m2-kosongan-ac-view-laut-apr3323657/,Jakarta Utara,DKI Jakarta,Pantai Indah Kapuk 2,"Pantai Indah Kapuk 2, Jakarta Utara",Apartemen,1916666.6666666667,53240.740740740745,yearly,2,1,2 Bedroom,36.0,23.6970675968868,16.65577912700755,Stasiun KRL Tangerang,Tier 3: Outer Commuter Ring (15-28km),0,0,1,1,0,0,0,0,0,0,0,0,-6.038538146659271,106.69109268921348,listing,0,https://picture.rumah123.com/r123-images/360x210-crop/customer/1896653/2024-06-03-17-07-34-a425f7fc-db58-4d86-bfc2-4f72f560b309.jpg,Disewakan Apartment PIK 2 Tokyo Riverside Tipe 2BR Kosongan Termurah Pantai Indah Kapuk 2  Tipe - 2BR Ukuran - 36m2   Mid Zone  View Laut  Kosongan...,2544475.0,-627808.3333333333,-0.2833,24.7,-0.78,Good Deal (Undervalued),good,Disewakan Apartment Tokyo Riverside 2Br 36M2 Kosongan + Ac View Laut,Tokyo Riverside PIK 2,exact
LST-00364,Ancol Mansion • 1BR Furnished (172 m²),https://www.rumah123.com/properti/jakarta-utara-ancol/disewakan-apartemen-ancol-mansion-172m2-31brhadap-city-apr7673608/,Jakarta Utara,DKI Jakarta,Ancol,"Ancol, Jakarta Utara",Apartemen,15833333.333333334,92054.26356589148,yearly,3,3,3 Bedroom,172.0,8.982109221089015,6.738563321967475,Stasiun KRL Tanah Abang,Tier 2: Inner Ring Metro (7-15km),0,0,0,0,0,0,0,0,0,0,0,0,-6.12912,106.833351,listing,0,https://picture.rumah123.com/r123-images/360x210-crop/customer/29253/listing/apr7673608/enhanced/0a78da0c2382325759234b837582528c.jpg,"DISEWAKAN Apartemen Ancol Mansion 172m2 (3+1BR-Hadap City)  欲了解更多信息,请联系我 (Yù liǎojiě gèng duō xìnxī, qǐng liánxì w�...",15103561.0,729772.333333334,0.0472,-4.8,0.13,Fair Market Price,,Disewakan Apartemen Ancol Mansion 172M2 (3+1Br-Hadap City),Ancol Mansion,exact
LST-00365,Tokyo Riverside PIK 2 • Studio Unfurnished (21 m²),https://www.rumah123.com/properti/jakarta-utara-pantai-indah-kapuk-2/disewa-apartemen-tokyo-riverside-tipe-studio-21m-kosongan-unfurnished-apr7780021/,Jakarta Utara,DKI Jakarta,Pantai Indah Kapuk 2,"Pantai Indah Kapuk 2, Jakarta Utara",Apartemen,1083333.3333333333,51587.30158730158,yearly,0,1,Studio / 1BR,21.0,19.856577827132323,15.06958050701512,Stasiun KRL Tangerang,Tier 3: Outer Commuter Ring (15-28km),0,0,1,0,0,0,0,0,0,0,0,0,-6.066228,106.711853,listing,0,https://picture.rumah123.com/r123-images/360x210-crop/customer/2074514/e72a405c5ed5c48031da9bd883af7aa9.jpg,Disewakan Apartemen Tokyo Riverside PIK 2  ✨ Detail Unit - Tipe: Studio - Luas: 21m² - Kondisi: Unfurnished - Sertifikat: PPJB   Fasilitas Apart...,1562563.0,-479229.66666666674,-0.3663,30.7,-1.01,Good Deal (Undervalued),good,Disewa Apartemen Tokyo Riverside Pik 2Tipe Studio 21M² Kosongan Unfurnished,Tokyo Riverside PIK 2,exact
LST-00366,Tokyo Riverside PIK 2 • 2BR Unfurnished (36 m²),https://www.rumah123.com/properti/jakarta-utara-pantai-indah-kapuk-2/disewa-2-bedroom-apartemen-tokyo-riverside-pik-2-unfurnished-kosongan-apr7822467/,Jakarta Utara,DKI Jakarta,Pantai Indah Kapuk 2,"Pantai Indah Kapuk 2, Jakarta Utara",Apartemen,1833333.3333333333,50925.92592592593,yearly,2,1,2 Bedroom,36.0,19.856577827132323,15.06958050701512,Stasiun KRL Tangerang,Tier 3: Outer Commuter Ring (15-28km),0,0,1,0,0,0,0,0,0,0,0,0,-6.066228,106.711853,listing,0,https://picture.rumah123.com/r123-images/360x210-crop/customer/2074514/b40ae517421790901127c22223d1ec9c.jpg,Disewakan Apartemen Tokyo Riverside PIK 2  ✨ Detail Unit - Tipe: 2 bedroom - Luas: 36m² - Kondisi: unfurnished - Sertifikat: PPJB   Fasilitas Ap...,3133421.0,-1300087.6666666667,-0.536,41.5,-1.47,Good Deal (Undervalued),good,Disewa 2 Bedroom Apartemen Tokyo Riverside Pik 2 Unfurnished Kosongan,Tokyo Riverside PIK 2,exact
LST-00367,Tokyo Riverside PIK 2 • Studio Furnished (21 m²),https://www.rumah123.com/properti/jakarta-utara-pantai-indah-kapuk-2/disewa-studio-apartemen-tokyo-riverside-furnished-apr7848305/,Jakarta Utara,DKI Jakarta,Pantai Indah Kapuk 2,"Pantai Indah Kapuk 2, Jakarta Utara",Apartemen,1666666.6666666667,79365.07936507936,yearly,0,1,Studio / 1BR,21.0,19.856577827132323,15.06958050701512,Stasiun KRL Tangerang,Tier 3: Outer Commuter Ring (15-28km),0,0,0,0,0,0,0,0,0,0,0,0,-6.066228,106.711853,listing,0,https://picture.rumah123.com/r123-images/360x210-crop/customer/2074514/494a5c3956c8832bc98d874e317b16fe.jpg,Disewakan Apartemen Tokyo Riverside PIK 2  ✨ Detail Unit - Tipe: Studio - Luas: 21m² - Kondisi: Furnished - Sertifikat: PPJB   Fasilitas Apartem...,1410604.0,256062.66666666677,0.1668,-18.2,0.46,Fair Market Price,,Disewa Studio Apartemen Tokyo Riverside Pik 2 Furnished,Tokyo Riverside PIK 2,exact
LST-00368,French Walk MOI • 3BR Full Furnished (85 m²),https://www.rumah123.com/properti/jakarta-utara-kelapa-gading/apartemen-nyaman-siap-huni-lokasi-strategis-di-lyon-frenchwalk-moi-kelapa-gading-apr7788246/,Jakarta Utara,DKI Jakarta,Kelapa Gading,"Kelapa Gading, Jakarta Utara",Apartemen,9583333.333333334,112745.09803921568,yearly,3,2,3 Bedroom,85.0,10.667378438399515,8.037634400035223,Stasiun KRL Manggarai,Tier 2: Inner Ring Metro (7-15km),1,0,0,0,0,0,0,0,0,0,1,0,-6.16076844,106.9035302,listing,0,https://picture.rumah123.com/r123-images/360x210-crop/customer/1971822/8357e055d7bb1b3ac919fd1250aeb530.jpg,Disewa Apartemen Furnish di Lyon Frenchwalk Moi Kelapa Gading   Lb 85m Kt 2+1 Km 1+1 Kitchen set Full Furnish   Harga sewa 115jt/th nego  #mei,8546588.0,1036745.333333334,0.1145,-12.1,0.31,Fair Market Price,,Apartemen Nyaman Siap Huni Lokasi Strategis di Lyon Frenchwalk Moi Kelapa Gading,French Walk MOI,exact
LST-00369,Tokyo Riverside PIK 2 Tower Ginza • 2BR Furnished (36 m²),https://www.rumah123.com/properti/jakarta-utara-pantai-indah-kapuk-2/disewakan-apartemen-tokyo-riverside-tower-ginza-uk-36m-2-br-full-furniture-bagus-dan-bersih-apr7844490/,Jakarta Utara,DKI Jakarta,Pantai Indah Kapuk 2,"Pantai Indah Kapuk 2, Jakarta Utara",Apartemen,3750000.0,104166.66666666669,yearly,2,1,2 Bedroom,36.0,19.856577827132323,15.06958050701512,Stasiun KRL Tangerang,Tier 3: Outer Commuter Ring (15-28km),0,0,0,0,0,0,0,0,0,0,0,0,-6.066228,106.711853,listing,0,https://picture.rumah123.com/r123-images/360x210-crop/customer/4364857/9ed670d5bba7dbbca8885426966db513.jpg,Untuk Info Representative Untuk Hubungi: Whatsapp: 0813xxxxxxxx SIANLY TAN MARKETING - BOSTON PIK 2 Official Property Agent's Office for PIK 2 & Go...,2545632.0,1204368.0,0.3874,-47.3,1.07,Premium / High Price,,Disewakan Apartemen Tokyo Riverside Tower Ginza Uk 36M² 2 Br Full Furniture Bagus dan Bersih,Tokyo Riverside PIK 2,exact
LST-00370,Pacific Garden Campus Town • 1BR Full Furnished (55 m²),https://www.rumah123.com/properti/tangerang-alam-sutera/jarang-ada-full-furnish-2-unit-jadi-1-apartmen-pacific-gardena1-apr7719558/,Tangerang,Banten,Alam Sutera,"Alam Sutera, Tangerang",Apartemen,7083333.333333333,128787.87878787878,yearly,1,2,Studio / 1BR,55.0,18.70666064640257,8.09954934668883,Stasiun KRL Rawabuntu (BSD),Tier 3: Outer Commuter Ring (15-28km),1,0,0,0,0,0,0,0,0,0,0,0,-6.25276,106.656647,listing,0,https://picture.rumah123.com/r123-images/360x210-crop/customer/910486/listing/apr7719558/enhanced/98dc13b99dff36aa76ee492608676291.jpg,Luas Bangunan : 55 m² Lantai : 15 Kamar Tidur : 1 Kamar Mandi : 2 Listrik : 5700 watt Hadap : Barat & Utara View : City & Danau  Sertifikat : PPJB...,6450595.0,632738.333333333,0.0936,-9.8,0.26,Fair Market Price,,Jarang Ada Full Furnish 2 Unit Jadi 1 Apartmen Pacific Garden[A1],Pacific Garden Campus Town,fuzzy
LST-00371,Unresolved • Alam Sutera • Studio Furnished (33 m²),https://www.rumah123.com/properti/tangerang-alam-sutera/apartemen-studio-satu-menit-ke-gerbang-tol-apr3614095/,Tangerang,Banten,Alam Sutera,"Alam Sutera, Tangerang",Apartemen,4583333.333333333,138888.88888888888,yearly,1,1,Studio / 1BR,33.0,18.70666064640257,8.09954934668883,Stasiun KRL Rawabuntu (BSD),Tier 3: Outer Commuter Ring (15-28km),0,0,0,0,0,0,1,1,0,0,0,0,-6.25276,106.656647,listing,0,https://picture.rumah123.com/r123-images/360x210-crop/customer/2166781/bb4d98b921e39f4a2f654b1d6c207bf7.png,Fasilitas gedung - Rooftop Garden - Sky Pool - Playground - Hanging Garden - Garden Plaza - Fitness Lounge  Kampus terdekat - Bunda Mulia - Binus -...,3807151.0,776182.333333333,0.1855,-20.4,0.51,Fair Market Price,,Apartemen Studio Satu Menit Ke Gerbang Tol,,unresolved
LST-00372,Sky House Alam Sutera • 2BR Full Furnished (48 m²),https://www.rumah123.com/properti/tangerang-alam-sutera/sewa-sky-house-alam-sutera-2br-full-furnished-view-city-apr7717094/,Tangerang,Banten,Alam Sutera,"Alam Sutera, Tangerang",Apartemen,5000000.0,104166.66666666669,yearly,2,1,2 Bedroom,48.0,18.70666064640257,8.09954934668883,Stasiun KRL Rawabuntu (BSD),Tier 3: Outer Commuter Ring (15-28km),1,0,0,0,0,0,0,0,0,0,0,0,-6.25276,106.656647,listing,0,https://picture.rumah123.com/r123-images/360x210-crop/customer/53509/listing/apr7717094/enhanced/060012b646da555ba31710a2218c7e59.jpg,:fire: DISEWAKAN - APARTEMEN PREMIUM SKY HOUSE ALAM SUTERA :fire:   Sky House Alam Sutera - Tangerang Lokasi strategis di jantung kawasan Alam Sute...,5672883.0,-672883.0,-0.1263,11.9,-0.35,Fair Market Price,,Sewa Sky House Alam Sutera 2Br Full Furnished View City,Sky House Alam Sutera,exact
LST-00373,Unresolved • Gading Serpong • 1BR Full Furnished (45 m²),https://www.rumah123.com/properti/tangerang-gading-serpong/sewa-apartemen-skandinavia-full-furnished-1-kamar-tidur-fasilitas-premium-apr7649628/,Tangerang,Banten,Gading Serpong,"Gading Serpong, Tangerang",Apartemen,6500000.0,144444.44444444444,monthly,1,1,Studio / 1BR,45.0,20.73591581365966,2.1015844043326872,Stasiun KRL Tangerang,Tier 3: Outer Commuter Ring (15-28km),1,0,0,0,0,0,0,0,0,0,0,0,-6.1956,106.63289,listing,0,https://picture.rumah123.com/r123-images/360x210-crop/customer/1094854/3c4c9571f4b5703712630584bcd68c8f.jpg,"Hallo Bp/Ibu, Kami dari Agent HOST by Skandinavia Apartemen  #WTR #Disewakan dapat disewa perbulan/bulanan/tahunan  Akses : Tol Jakarta - Tan...",5001178.0,1498822.0,0.2621,-30.0,0.72,Fair Market Price,,Sewa Apartemen Skandinavia Full Furnished 1 Kamar Tidur Fasilitas Premium,,unresolved
LST-00374,The Lloyd Alam Sutera • 3BR Furnished (133 m²),https://www.rumah123.com/properti/tangerang-alam-sutera-2/disewakan-low-rise-apartment-lloyd-3-br-jarang-ada-apr7786779/,Tangerang,Banten,Alam Sutera 2,"Alam Sutera 2, Tangerang",Apartemen,10416666.666666666,78320.80200501252,yearly,3,2,3 Bedroom,133.0,16.854110264326298,5.579523693266808,Stasiun KRL Tangerang,Tier 3: Outer Commuter Ring (15-28km),0,0,0,0,0,0,0,0,0,0,0,0,-6.213143,106.667595,listing,0,https://picture.rumah123.com/r123-images/360x210-crop/customer/2037419/0ceb7042019fe9629c55e59920cabeaa.jpg,"Apartemen di Alam Sutera 2.  Temukan apartemen 6 lantai yang modern ini,  disewakan menawarkan lingkungan fasilitas yang lengkap, cocok untuk Anda ...",12037878.0,-1621211.333333334,-0.1447,13.5,-0.4,Fair Market Price,,Apartemen Lloyd Alam Sutera Low Rise 3 BR . Disewakan Murah !,The Lloyd Alam Sutera,exact
LST-00375,Brooklyn Alam Sutera • 1BR Full Furnished (81 m²),https://www.rumah123.com/properti/tangerang-alam-sutera/sewa-cepat-murah-soho-furnish-mezzanine-brooklyn-alam-suterac1-apr7765280/,Tangerang,Banten,Alam Sutera,"Alam Sutera, Tangerang",Apartemen,10416666.666666666,128600.82304526748,yearly,1,1,Studio / 1BR,81.0,18.70666064640257,8.09954934668883,Stasiun KRL Rawabuntu (BSD),Tier 3: Outer Commuter Ring (15-28km),1,0,0,0,0,0,0,0,0,0,0,0,-6.25276,106.656647,listing,0,https://picture.rumah123.com/r123-images/360x210-crop/customer/910486/664a2e33976ebb3f2cfdf7e03480bca3.jpg,Luas Bangunan : 81 m² Kamar Tidur : 2 Kamar Mandi : 1 Hadap : Selatan  Kondisi Unit : 1.⁠ ⁠Full Furnished dengan Interior 2.⁠ ⁠Rapi Terawa...,7943984.0,2472682.666666666,0.271,-31.1,0.75,Premium / High Price,,Sewa Cepat Murah Soho Furnish Mezzanine Brooklyn Alam Sutera[C1],Brooklyn Alam Sutera,exact
LST-00376,Paddington Heights • 2BR Full Furnished (94 m²),https://www.rumah123.com/properti/tangerang-alam-sutera/disewakan-paddington-full-furnished-lantai-rendah-di-alam-suteral1-apr7809537/,Tangerang,Banten,Alam Sutera,"Alam Sutera, Tangerang",Apartemen,7083333.333333333,75354.60992907801,yearly,2,2,2 Bedroom,94.0,18.70666064640257,8.09954934668883,Stasiun KRL Rawabuntu (BSD),Tier 3: Outer Commuter Ring (15-28km),1,0,0,0,0,0,1,0,0,0,0,0,-6.25276,106.656647,listing,0,https://picture.rumah123.com/r123-images/360x210-crop/customer/910486/d7e2ba91d3e622cad9cf6274c3469557.jpg,Luas  : 94 meter Kamar Mandi : 2+1 Kamar Tidur: 2+1 Listrik : 4.400 watt Hadap : Pool IPL :2.7 Juta/ bulan Sertifikat: Ppjb siap AJB   Kondisi Unit...,9516037.0,-2432703.666666667,-0.2952,25.6,-0.81,Good Deal (Undervalued),good,Disewakan Paddington Full Furnished Lantai Rendah di Alam Sutera[L1],Paddington Heights,exact
LST-00377,The Lloyd Alam Sutera • 3BR Unfurnished (128 m²),https://www.rumah123.com/properti/tangerang-alam-sutera/view-pool-3br-unfurnished-apartemen-lloyd-alam-suterac0-apr7830165/,Tangerang,Banten,Alam Sutera,"Alam Sutera, Tangerang",Apartemen,10416666.666666666,81380.20833333333,yearly,3,2,3 Bedroom,128.0,18.70666064640257,8.09954934668883,Stasiun KRL Rawabuntu (BSD),Tier 3: Outer Commuter Ring (15-28km),0,0,1,0,0,0,1,0,0,0,0,0,-6.25276,106.656647,listing,0,https://picture.rumah123.com/r123-images/360x210-crop/customer/910486/7080f0478558306feab38a60fda5af6e.jpg,Luas Bangunan : 128m² Lantai : 5 Kamar Tidur : 3+1 Kamar Mandi : 2 Hadap : Timur Sertifikat : PPJB Listrik : 4400 watt  Kondisi Unit : 1.⁠ ⁠Ko...,11480120.0,-1063453.333333334,-0.0972,9.3,-0.27,Fair Market Price,,View Pool 3Br Unfurnished Apartemen Lloyd Alam Sutera[C0],The Lloyd Alam Sutera,exact
LST-00378,Springwood Residence • 1BR Furnished (26 m²),https://www.rumah123.com/properti/tangerang-alam-sutera/include-ipl-near-binus-apartemen-springwood-residence-alam-sutera-apr3603755/,Tangerang,Banten,Alam Sutera,"Alam Sutera, Tangerang",Apartemen,3000000.0,115384.6153846154,yearly,1,1,Studio / 1BR,26.0,18.706340553825594,8.099440972466178,Stasiun KRL Rawabuntu (BSD),Tier 3: Outer Commuter Ring (15-28km),0,0,0,0,0,0,0,0,0,0,0,0,-6.25276,106.65665,listing,0,https://picture.rumah123.com/r123-images/360x210-crop/customer/911633/81dbb6f91b2297af4c6a623ba93c83bc.jpg,"Hallo ka agency kita fleksibel untuk masa sewa periode tertentu.  Bisa di booking untuk masuk sewa dibbrapa bulan kedepan, jadi kk2 ga perlu panik ...",3500735.0,-500735.0,-0.1544,14.3,-0.42,Fair Market Price,,Include IPL Near Binus Apartemen Springwood Residence Alam Sutera,Springwood Residence,exact
LST-00379,The Lloyd Alam Sutera • Studio Furnished (128 m²),https://www.rumah123.com/properti/tangerang-alam-sutera/best-view-serasa-di-new-york-lloyd-apartment-alam-sutera-hanya-3-menit-dari-toll-area-sejuk-fasilitas-bintang-lima-apr7782867/,Tangerang,Banten,Alam Sutera,"Alam Sutera, Tangerang",Apartemen,15000000.0,117187.5,yearly,0,0,Studio / 1BR,128.0,18.70666064640257,8.09954934668883,Stasiun KRL Rawabuntu (BSD),Tier 3: Outer Commuter Ring (15-28km),0,0,0,0,0,0,0,0,0,0,0,0,-6.25276,106.656647,listing,0,https://picture.rumah123.com/r123-images/360x210-crop/customer/791227/f0bdba0454ce5d6ec3ab11ab2585cd97.jpg,Best View! Serasa di New York! Lloyd Apartment Alam Sutera! Hanya 3 Menit Dari Toll! Area Sejuk Fasilitas Bintang Lima!,11651745.0,3348255.0,0.2526,-28.7,0.69,Fair Market Price,,Best View! Serasa di New York! Lloyd Apartment Alam Sutera! Hanya 3 Menit Dari Toll! Area Sejuk Fasilitas Bintang Lima!,The Lloyd Alam Sutera,exact
LST-00380,The Lloyd Alam Sutera • 2BR Furnished (109 m²),https://www.rumah123.com/properti/tangerang-alam-sutera/super-best-view-lloyd-alam-sutera-apartemen-terbaik-eksklusif-fasilitas-bintang-lima-tipe-2-kamar-apr7793371/,Tangerang,Banten,Alam Sutera,"Alam Sutera, Tangerang",Apartemen,11500000.0,105504.58715596332,yearly,2,2,2 Bedroom,109.0,18.70666064640257,8.09954934668883,Stasiun KRL Rawabuntu (BSD),Tier 3: Outer Commuter Ring (15-28km),0,0,0,0,0,0,0,0,0,0,0,0,-6.25276,106.656647,listing,0,https://picture.rumah123.com/r123-images/360x210-crop/customer/791227/00f350ab11fad84912a0a76aef2a075b.jpg,Super Best View! Lloyd Alam Sutera! Apartemen Terbaik Eksklusif Fasilitas Bintang Lima!,9431679.0,2068321.0,0.1983,-21.9,0.55,Fair Market Price,,Super Best View! Lloyd Alam Sutera! Apartemen Terbaik Eksklusif Fasilitas Bintang Lima! Tipe 2 Kamar,The Lloyd Alam Sutera,exact
LST-00381,The Lloyd Alam Sutera • Studio Furnished (106 m²),https://www.rumah123.com/properti/tangerang-alam-sutera/serasa-di-villa-lloyd-apartment-alam-sutera-2-kamar-tinggal-bawa-koper-fasilitas-bintang-lima-apr7821614/,Tangerang,Banten,Alam Sutera,"Alam Sutera, Tangerang",Apartemen,11666666.666666666,110062.893081761,yearly,0,0,Studio / 1BR,106.0,18.70666064640257,8.09954934668883,Stasiun KRL Rawabuntu (BSD),Tier 3: Outer Commuter Ring (15-28km),0,0,0,0,0,0,0,0,0,0,0,0,-6.25276,106.656647,listing,0,https://picture.rumah123.com/r123-images/360x210-crop/customer/791227/98d374f30b790a4cf8e76ac0cd8d7f16.jpg,Serasa di Villa! Lloyd Apartment Alam Sutera 2 Kamar Tinggal Bawa Koper! Fasilitas Bintang Lima!,9128115.0,2538551.666666666,0.2454,-27.8,0.67,Fair Market Price,,Serasa di Villa! Lloyd Apartment Alam Sutera 2 Kamar Tinggal Bawa Koper! Fasilitas Bintang Lima!,The Lloyd Alam Sutera,exact
LST-00382,U Residence Karawaci Tower 1 • Studio Furnished (31 m²),https://www.rumah123.com/properti/tangerang-lippo-karawaci/siap-huni-studio-apartemen-u-residence-tower-1-dekat-uph-dan-supermal-karawaci-apr7840582/,Tangerang,Banten,Lippo Karawaci,"Lippo Karawaci, Tangerang",Apartemen,2916666.6666666665,94086.02150537634,yearly,0,1,Studio / 1BR,31.0,23.314168810356414,6.136740871239539,Stasiun KRL Tangerang,Tier 3: Outer Commuter Ring (15-28km),0,0,0,0,0,0,0,0,0,0,0,0,-6.22692,106.609879,listing,0,https://picture.rumah123.com/r123-images/360x210-crop/customer/1969242/c30fb6e3dc0d79f84364d0ea6786de02.jpg,"Lokasi yang sangat strategis, berada di jantung Lippo Karawaci. Connecting dengan Supermal Karawaci, lain dari pada yang lain, lokasi Smart City. I...",3427106.0,-510439.3333333335,-0.1613,14.9,-0.44,Fair Market Price,,Siap Huni Studio Apartemen U Residence Tower 1 Dekat Uph dan Supermal Karawaci,U Residence Karawaci,fuzzy
LST-00383,U Residence Karawaci Tower 2 • Studio Furnished (98 m²),https://www.rumah123.com/properti/tangerang-karawaci/apartemen-u-residence-tower-2-karawaci-gus-furnished-tower-2-apr3309263/,Tangerang,Banten,Karawaci,"Karawaci, Tangerang",Apartemen,8750000.0,89285.71428571429,yearly,0,1,Studio / 1BR,98.0,20.98637754624333,3.023484907337409,Stasiun KRL Tangerang,Tier 3: Outer Commuter Ring (15-28km),0,0,0,0,0,0,0,0,0,0,0,0,-6.20376,106.63022,listing,0,https://picture.rumah123.com/r123-images/360x210-crop/customer/1969242/2024-05-22-02-57-54-a9e2d366-248e-4d00-9fe1-6bca352b0912.jpg,"Lokasi yang sangat strategis, berada di jantung Lippo Karawaci. Connecting dengan Supermal Karawaci, lain dari pada yang lain, lokasi Smart City. ...",10495823.0,-1745823.0,-0.1819,16.6,-0.5,Fair Market Price,,Apartemen U Residence Tower 2 Karawaci Gus Furnished Tower 2,U Residence Karawaci,fuzzy
LST-00384,Unresolved • BSD Tower Bristol • 3BR Furnished (120 m²),https://www.rumah123.com/properti/tangerang-bsd/paling-murahhh-apartemen-sky-house-tower-bristol-city-view-kawasan-elite-terbaik-tinggal-jalan-kaki-ke-mall-aeon-apr7348820/,Tangerang,Banten,BSD,"BSD, Tangerang",Apartemen,7500000.0,62500.0,yearly,3,2,3 Bedroom,120.0,17.014475657921245,4.4103487765652165,Stasiun KRL Rawabuntu (BSD),Tier 3: Outer Commuter Ring (15-28km),0,0,0,0,0,0,0,0,0,0,0,0,-6.28217,106.684921,listing,0,https://picture.rumah123.com/r123-images/360x210-crop/customer/791227/3ae4b9558a4a71f356b5a2ff4f1ee123.jpg,Paling Murahhh! Apartemen 3+1 Kamar Sky House Tower Bristol City View! Kawasan Elite Terbaik Tinggal Jalan Kaki Ke Mall Aeon,13175938.0,-5675938.0,-0.5635,43.1,-1.55,Deep Value Deal (Rare Find),deep,Paling Murahhh! Apartemen Sky House Tower Bristol City View! Kawasan Elite Terbaik Tinggal Jalan Kaki ke Mall Aeon,,unresolved
LST-00385,Paddington Heights • Studio Furnished (32 m²),https://www.rumah123.com/properti/tangerang-alam-sutera/1-menit-ke-kampus-apartemen-paddington-siap-huni-double-bed-fasilitas-lengkap-keamanan-terjamin-apr7747884/,Tangerang,Banten,Alam Sutera,"Alam Sutera, Tangerang",Apartemen,3416666.6666666665,106770.83333333331,yearly,0,0,Studio / 1BR,32.0,18.70666064640257,8.09954934668883,Stasiun KRL Rawabuntu (BSD),Tier 3: Outer Commuter Ring (15-28km),0,0,0,0,0,0,0,0,0,0,0,0,-6.25276,106.656647,listing,0,https://picture.rumah123.com/r123-images/360x210-crop/customer/791227/listing/apr7747884/enhanced/ee749c1a48b36dce12763157fc017288.jpg,1 Menit ke Kampus! Apartemen Paddington Siap Huni Double Bed! Fasilitas Lengkap Keamanan Terjamin!,3880997.0,-464330.3333333335,-0.1274,12.0,-0.35,Fair Market Price,,1 Menit ke Kampus! Apartemen Paddington Siap Huni Double Bed! Fasilitas Lengkap Keamanan Terjamin!,Paddington Heights,exact
LST-00386,Saumata Private Lift • 2BR Full Furnished (124 m²),https://www.rumah123.com/properti/tangerang-alam-sutera/apartemen-paling-mewah-di-alam-sutera-saumata-premiere-full-furnished-with-private-lift-kawasan-terbaik-untuk-tinggal-apr7427609/,Tangerang,Banten,Alam Sutera,"Alam Sutera, Tangerang",Apartemen,14166666.666666666,114247.311827957,yearly,2,2,2 Bedroom,124.0,18.70666064640257,8.09954934668883,Stasiun KRL Rawabuntu (BSD),Tier 3: Outer Commuter Ring (15-28km),1,0,0,0,0,0,0,0,0,0,0,0,-6.25276,106.656647,listing,0,https://picture.rumah123.com/r123-images/360x210-crop/customer/791227/9777814486c912428d2737cade294c21.jpg,Apartemen Paling Mewah Di Alam Sutera! Saumata Premiere Full Furnished With Private Lift! Kawasan Terbaik Untuk Tinggal Cocok Bisa Nego,13284796.0,881870.666666666,0.0643,-6.6,0.18,Fair Market Price,,Termurah! Apartemen Paling Mewah di Alam Sutera! Saumata Premiere Full Furnished With Private Lift! Kawasan Terbaik untuk Tinggal Cocok bisa Nego,Saumata,exact
LST-00387,Paddington Heights • Studio Furnished (31 m²),https://www.rumah123.com/properti/tangerang-alam-sutera/termurahhh-jalan-kaki-ke-kampus-sebelah-binus-univ-apartemen-paddington-sebelah-binus-kawasan-pendidikan-super-nyaman-apr7359876/,Tangerang,Banten,Alam Sutera,"Alam Sutera, Tangerang",Apartemen,3500000.0,112903.2258064516,yearly,0,0,Studio / 1BR,31.0,18.70666064640257,8.09954934668883,Stasiun KRL Rawabuntu (BSD),Tier 3: Outer Commuter Ring (15-28km),0,0,0,0,0,0,0,0,0,0,0,0,-6.25276,106.656647,listing,0,https://picture.rumah123.com/r123-images/360x210-crop/customer/791227/1d63fd224f4cb25c21abda5c974bbc4a.jpg,Jalan Kaki Ke Kampus! Apartemen Paddington Sebelah Binus Kawasan Pendidikan Super Nyaman Fasilitas Bintang Lima   Tipe Studio Ready Stock,3754324.0,-254324.0,-0.0701,6.8,-0.19,Fair Market Price,,Termurahhh! Jalan Kaki ke Kampus! Sebelah Binus Univ! Apartemen Paddington Sebelah Binus Kawasan Pendidikan Super Nyaman Fasilitas Bintang Lima,Paddington Heights,exact
LST-00388,U Residence Karawaci Tower 3 • Studio Furnished (35 m²),https://www.rumah123.com/properti/tangerang-lippo-karawaci/siap-huni-apartemen-u-residence-tower-3-dekat-dgn-uph-dan-supermal-karawaci-apr7844065/,Tangerang,Banten,Lippo Karawaci,"Lippo Karawaci, Tangerang",Apartemen,4000000.0,114285.71428571428,yearly,0,1,Studio / 1BR,35.0,23.314168810356414,6.136740871239539,Stasiun KRL Tangerang,Tier 3: Outer Commuter Ring (15-28km),0,0,0,0,0,0,0,0,0,0,0,0,-6.22692,106.609879,listing,0,https://picture.rumah123.com/r123-images/360x210-crop/customer/52025/8438b8e77b172b393bbaec3a62f8e046.jpg,"Lokasi yang sangat strategis, berada di jantung Lippo Karawaci. Connecting dengan Supermal Karawaci, lain dari pada yang lain, lokasi Smart City. I...",3518963.0,481037.0,0.1281,-13.7,0.35,Fair Market Price,,Siap Huni Apartemen U Residence Tower 3 Dekat Dgn Uph dan Supermal Karawaci,U Residence Karawaci,fuzzy
LST-00389,The Lloyd Alam Sutera • 3BR Full Furnished (128 m²),https://www.rumah123.com/properti/tangerang-alam-sutera/disewakan-apartemen-3-bedroom-the-lloyd-alam-sutera-apr7819300/,Tangerang,Banten,Alam Sutera,"Alam Sutera, Tangerang",Apartemen,13333333.333333334,104166.66666666669,yearly,3,2,3 Bedroom,128.0,18.70666064640257,8.09954934668883,Stasiun KRL Rawabuntu (BSD),Tier 3: Outer Commuter Ring (15-28km),1,0,0,0,0,0,1,0,0,1,0,0,-6.25276,106.656647,listing,0,https://picture.rumah123.com/r123-images/360x210-crop/customer/920480/dec266d7a78f6401862f6f97237805bb.jpg,TOWER A *LANTAI 2 3 KT 2 KM SERVICR AREA BALCON HADAP KOLAM RENANG 128.4 METER FULL FURNISHED  *HUB:* *MEIRISKA (MELODY PROPERTY)* 0811889xxxx,12760917.0,572416.333333334,0.0439,-4.5,0.12,Fair Market Price,,Disewakan Apartemen 3 Bedroom The Lloyd Alam Sutera,The Lloyd Alam Sutera,exact
LST-00390,The Lloyd Alam Sutera • 4BR+ Furnished (218 m²),https://www.rumah123.com/properti/tangerang-alam-sutera/disewakan-special-unit-gandeng-lloyd-alam-sutera-apr7812173/,Tangerang,Banten,Alam Sutera,"Alam Sutera, Tangerang",Apartemen,24166666.666666668,110856.26911314986,yearly,4,4,4+ Bedroom,218.0,18.70666064640257,8.09954934668883,Stasiun KRL Rawabuntu (BSD),Tier 3: Outer Commuter Ring (15-28km),0,0,0,0,0,0,0,0,0,0,0,0,-6.25276,106.656647,listing,0,https://picture.rumah123.com/r123-images/360x210-crop/customer/920480/7bc522e433af7ea7c26aad513e06bc7a.jpg,KT : 3+1  KM : 3+1 Luas : 218 m2 Lantai : 3  HUB: MEI 0811889xxxx MELODY PRO,15734931.0,8431735.666666668,0.4291,-53.6,1.18,Premium / High Price,,Disewakan Special Unit Gandeng Lloyd Alam Sutera,The Lloyd Alam Sutera,exact
LST-00391,Unresolved • Gading Serpong • 2BR Furnished (45 m²),https://www.rumah123.com/properti/tangerang-gading-serpong/disewakan-mtown-ellis-2br-lt-30furnish-bagus-gading-serpong-apr7332146/,Tangerang,Banten,Gading Serpong,"Gading Serpong, Tangerang",Apartemen,4000000.0,88888.88888888889,yearly,2,1,2 Bedroom,45.0,20.371621719416744,5.1115596333950215,Stasiun KRL Tangerang,Tier 3: Outer Commuter Ring (15-28km),0,0,0,0,0,0,0,0,0,0,0,0,-6.22255,106.63623,listing,0,https://picture.rumah123.com/r123-images/360x210-crop/customer/33242/b77de8102a54aeebf8abc74e29c5325b.jpg,"Disewakan cepat Aparyemen Mtown Residence  Tower Ellis Lt.30 luas 45m 2 Br 1 Kamar mandi Furnish sesuai foto  Harga Rp.48.000.000,-/tahun L...",4680034.0,-680034.0,-0.157,14.5,-0.43,Fair Market Price,,Disewakan Mtown Ellis 2Br LT 30.Furnish Bagus @Gading Serpong,,unresolved
LST-00392,Unresolved • Alam Sutera • Studio Furnished (32 m²),https://www.rumah123.com/properti/tangerang-alam-sutera/jalan-kaki-ke-kampus-apartemen-siap-huni-tinggal-bawa-koper-furnished-bagus-sangat-terawat-cocok-untuk-mahasiswa-parkir-apr7307383/,Tangerang,Banten,Alam Sutera,"Alam Sutera, Tangerang",Apartemen,3500000.0,109375.0,yearly,0,0,Studio / 1BR,32.0,18.70666064640257,8.09954934668883,Stasiun KRL Rawabuntu (BSD),Tier 3: Outer Commuter Ring (15-28km),0,0,0,0,0,0,0,0,0,0,0,1,-6.25276,106.656647,listing,0,https://picture.rumah123.com/r123-images/360x210-crop/customer/791227/listing/apr7307383/enhanced/087352efb431851ab426ce734df2d8fc.jpg,Jalan Kaki Ke Kampus! Apartemen Siap Huni Tinggal Bawa Koper Furnished Bagus Sangat Terawat! Cocok Untuk Mahasiswa Parkir Sangat Luas,3305216.0,194784.0,0.0573,-5.9,0.16,Fair Market Price,,Jamin Paling Murah! Jalan Kaki ke Kampus! Apartemen Siap Huni Tinggal Bawa Koper Furnished Bagus Sangat Terawat! Cocok untuk Mahasiswa Parkir Sangat Luas,,unresolved
LST-00393,Pacific Garden Campus Town • Studio Furnished (21 m²),https://www.rumah123.com/properti/tangerang-alam-sutera/disewakan-murah-apartment-pacific-garden-tipe-studio-alam-sutera-apr7815878/,Tangerang,Banten,Alam Sutera,"Alam Sutera, Tangerang",Apartemen,3833333.3333333335,182539.6825396825,yearly,1,1,Studio / 1BR,21.0,18.70666064640257,8.09954934668883,Stasiun KRL Rawabuntu (BSD),Tier 3: Outer Commuter Ring (15-28km),0,0,0,0,0,0,0,0,0,0,0,0,-6.25276,106.656647,listing,0,https://picture.rumah123.com/r123-images/360x210-crop/customer/1565438/5b57a36f394551dd38fcb7354881a175.jpg,"Apartment Pacific garden alam sutera samping binus, uk 21m2, 46jt/th",2327303.0,1506030.3333333335,0.499,-64.7,1.37,Premium / High Price,,Disewakan Murah Apartment Pacific Garden Tipe Studio Alam Sutera,Pacific Garden Campus Town,fuzzy
LST-00394,Unresolved • Gading Serpong • 2BR Furnished (46 m²),https://www.rumah123.com/properti/tangerang-gading-serpong/disewakan-apartment-di-gading-serpong-dekat-mall-sms-apr7831082/,Tangerang,Banten,Gading Serpong,"Gading Serpong, Tangerang",Apartemen,4583333.333333333,99637.68115942027,yearly,2,1,2 Bedroom,46.0,20.371621719416744,5.1115596333950215,Stasiun KRL Tangerang,Tier 3: Outer Commuter Ring (15-28km),0,0,0,1,0,1,0,0,0,0,0,0,-6.22255,106.63623,listing,0,https://picture.rumah123.com/r123-images/360x210-crop/customer/1565438/aeb8f1cac19622750551a83a88488e5b.jpg,Apartment Mtown Residence  Gading Serpong depan mall SMS pasar  sinpasa 2 bedroom  Tower bryant  Fasilitas:  Ac masing2 kamar Water heater Kulkas B...,4483577.0,99756.33333333302,0.022,-2.2,0.06,Fair Market Price,,Disewakan Apartment di Gading Serpong Dekat Mall Sms,,unresolved
LST-00395,Casa De Parco BSD • Studio Furnished (27 m²),https://www.rumah123.com/properti/tangerang-bsd-city/disewajual-unit-baru-tipe-studio-casa-de-parco-bsd-city-furnished-apr7643482/,Tangerang,Banten,BSD City,"BSD City, Tangerang",Apartemen,4166666.6666666665,154320.98765432098,yearly,1,1,Studio / 1BR,27.0,21.465591640271533,3.618465263703696,Stasiun KRL Rawabuntu (BSD),Tier 3: Outer Commuter Ring (15-28km),0,0,0,0,0,0,0,0,0,0,0,0,-6.305697958215916,106.652035140085,listing,0,https://picture.rumah123.com/r123-images/360x210-crop/customer/1830458/0fbf97c2243d02fc0bc17df352b0928d.jpg,For Sale/For Rent  Apartment Casa De Parco BSD City  Tower : Gardenia Lantai : 17 View : City  Furnished Unit Baru (Belum Pernah Dihuni)  Harga : R...,3409290.0,757376.6666666665,0.2006,-22.2,0.55,Fair Market Price,,Disewa/Jual Unit Baru Tipe Studio Casa De Parco BSD City - Furnished,Casa De Parco BSD,exact
LST-00396,Scientia Residences • Studio Full Furnished (36 m²),https://www.rumah123.com/properti/tangerang-gading-serpong/disewakan-apartemen-scientia-gading-serpong-dekat-umn-1-bedroom-full-furnish-apr7709703/,Tangerang,Banten,Gading Serpong,"Gading Serpong, Tangerang",Apartemen,2916666.6666666665,81018.51851851851,yearly,0,0,Studio / 1BR,36.0,20.371621719416744,5.1115596333950215,Stasiun KRL Tangerang,Tier 3: Outer Commuter Ring (15-28km),1,0,0,0,0,0,0,0,0,0,0,0,-6.22255,106.63623,listing,0,https://picture.rumah123.com/r123-images/360x210-crop/customer/1113886/listing/apr7709703/enhanced/30255dc1f00c2422982e3886d5862ab5.jpg,Disewakan Apartemen Scientia Gading Serpong dekat UMN 1 Bedroom Full Furnish  Luas 36 m2 1 Bedroom Full Furnished View City Lantai 10  Harga Sewa 3...,3867436.0,-950769.3333333336,-0.2822,24.6,-0.78,Good Deal (Undervalued),good,Disewakan Apartemen Scientia Gading Serpong Dekat Umn 1 Bedroom Full Furnish,Scientia Residences,exact
LST-00397,Elevee Alam Sutera • 4BR+ Furnished (149 m²),https://www.rumah123.com/properti/tangerang-alam-sutera/disewakan-brand-new-apartemen-31-elevee-alam-sutera-apr7826592/,Tangerang,Banten,Alam Sutera,"Alam Sutera, Tangerang",Apartemen,11666666.666666666,78299.77628635346,yearly,4,3,4+ Bedroom,149.0,18.70666064640257,8.09954934668883,Stasiun KRL Rawabuntu (BSD),Tier 3: Outer Commuter Ring (15-28km),0,0,0,0,0,0,0,0,0,0,0,0,-6.25276,106.656647,listing,0,https://picture.rumah123.com/r123-images/360x210-crop/customer/920480/listing/apr7826592/enhanced/a9d285b0-27e3-4c4a-838f-1e20d23107a6.png,Luas 149meter Tower 2 Non pet Brand new Lantai 30-29 View city dan fasilitas seta forest *Best View* 3KT  2KM 1 KT Pembantu dan 1 KM Pembantu  Incl...,13810850.0,-2144183.333333334,-0.1687,15.5,-0.46,Fair Market Price,,Disewakan Brand New Apartemen 3+1 Elevee Alam Sutera,Elevee Alam Sutera,exact
LST-00398,Marigold Nava Park • 2BR Furnished (90 m²),https://www.rumah123.com/properti/tangerang-selatan-bsd/2br-apartment-marigold-navapark-at-bsd-city-apr7703506/,Tangerang,Banten,BSD City,"BSD City, Tangerang",Apartemen,8333333.333333333,92592.59259259258,yearly,2,2,2 Bedroom,90.0,21.167499222021046,4.330141909148439,Stasiun KRL Rawabuntu (BSD),Tier 3: Outer Commuter Ring (15-28km),0,0,0,0,0,0,0,0,0,0,0,0,-6.2969526344847,106.65026699809,listing,0,https://picture.rumah123.com/r123-images/360x210-crop/customer/4387033/listing/apr7703506/enhanced/568b702e2f42df8d918299de4aec597d.jpg,"[FOR RENT] 2BR Apartment in Marigold Navapark BSD City Tower 7  Size: 90m2 Type: 2BR Semi-furnished  Located in premium and comfort BSD neigh...",10493541.0,-2160207.666666667,-0.2305,20.6,-0.63,Fair Market Price,,2Br Apartment Marigold Navapark At BSD City,Marigold Nava Park,exact
LST-00399,Unresolved • Gading Serpong • 1BR Full Furnished (45 m²),https://www.rumah123.com/properti/tangerang-gading-serpong/apartemen-mtown-signature-di-gading-serpong-depan-mall-sms-apr7690551/,Tangerang,Banten,Gading Serpong,"Gading Serpong, Tangerang",Apartemen,4166666.6666666665,92592.59259259258,yearly,1,1,Studio / 1BR,45.0,20.371621719416744,5.1115596333950215,Stasiun KRL Tangerang,Tier 3: Outer Commuter Ring (15-28km),1,0,0,0,0,0,0,0,0,0,0,0,-6.22255,106.63623,listing,0,https://picture.rumah123.com/r123-images/360x210-crop/customer/1803259/listing/apr7690551/enhanced/a402ab5457ac03f87b0b74349a9142a3.jpg,"Tower Herald Lt 29&32 Type 1Br Luas 42m Siap HUNi FULL FURNISH Cakeep INTERIOR DESIGN PPJB Siap AJB Listrik 2200 VIEW: CITY harga sewa 50 ju...",4760962.0,-594295.3333333335,-0.1333,12.5,-0.37,Fair Market Price,,"Apartemen 1Br Mtown Signature, di Gading Serpong, Depan Mall Sms View City Fully Furnish",,unresolved
LST-00400,Saumata • 2BR Furnished (124 m²),https://www.rumah123.com/properti/tangerang-alam-sutera/disewakan-unit-cantik-termurah-21-bedroom-saumata-apartemen-apr7844009/,Tangerang,Banten,Alam Sutera,"Alam Sutera, Tangerang",Apartemen,15416666.666666666,124327.95698924732,yearly,2,2,2 Bedroom,124.0,18.70666064640257,8.09954934668883,Stasiun KRL Rawabuntu (BSD),Tier 3: Outer Commuter Ring (15-28km),0,0,0,0,0,0,0,0,0,0,0,0,-6.25276,106.656647,listing,0,https://picture.rumah123.com/r123-images/360x210-crop/customer/920480/listing/apr7844009/enhanced/99aa9c47-9d19-497c-8278-824a185ad8d8.png,PRIVATE LIFT FURNISHED Kamar Tidur : 2 Kamar Mandi :2 SHM Kamr Pembantu dan Kamar Mandi Pembantu : 1 +1  Luas bangunan : 124m2 FURNISHER BAGUS CANT...,11354263.0,4062403.666666666,0.3059,-35.8,0.84,Premium / High Price,,Disewakan Unit Cantik Termurah!! 2+1 Bedroom Saumata Apartemen,Saumata,exact
LST-00401,Sky House Alam Sutera • 1BR Furnished (19 m²),https://www.rumah123.com/properti/tangerang-alam-sutera/disewa-apartment-sky-house-alam-sutera-apr7823276/,Tangerang,Banten,Alam Sutera,"Alam Sutera, Tangerang",Apartemen,2833333.333333333,149122.80701754388,yearly,1,1,Studio / 1BR,19.0,17.509459785276952,5.718275678926686,Stasiun KRL Tangerang,Tier 3: Outer Commuter Ring (15-28km),0,0,0,0,0,0,0,0,0,0,0,0,-6.219248975808043,106.6619520968008,listing,0,https://picture.rumah123.com/r123-images/360x210-crop/customer/44469/ff3fa6bd00befd29abea1c2146458f6a.jpg,DISEWA Apartment Sky House Alam Sutera  *TYPE STUDIO* - Type     : Studio - Ukuran : +/- 19 m  - View     : City  Tower ACacia  - ⁠*Lantai 32 K* ...,2553769.0,279564.333333333,0.1039,-10.9,0.29,Fair Market Price,,Disewa Apartment Sky House Alam Sutera,Sky House Alam Sutera,exact
LST-00402,The Lloyd Alam Sutera • 2BR Full Furnished (100 m²),https://www.rumah123.com/properti/tangerang-alam-sutera/disewakan-apartemen-lloyd-2-bedroom-furnished-baru-dan-bagus-apr3436244/,Tangerang,Banten,Alam Sutera,"Alam Sutera, Tangerang",Apartemen,8750000.0,87500.0,yearly,2,2,2 Bedroom,100.0,18.70668768121769,8.099566145914201,Stasiun KRL Rawabuntu (BSD),Tier 3: Outer Commuter Ring (15-28km),1,0,0,0,0,0,0,0,0,0,0,0,-6.25275993347168,106.65664672851562,listing,0,https://picture.rumah123.com/r123-images/360x210-crop/customer/1895105/0ab56b360b66cea32c2b053dc5b10b67.jpg,"Disewakan Apartemen Lloyd 2 Bedroom  - Luas 100 Mtr - Full Furnished - Siap Huni  - Bagus dan Rapi  Harga 90  Juta / tahun nego  Hub: Ricky...",9306604.0,-556604.0,-0.0617,6.0,-0.17,Fair Market Price,,Disewakan Apartemen Lloyd 2 Bedroom Furnished Baru dan Bagus,The Lloyd Alam Sutera,exact
LST-00403,Elevee Alam Sutera • 2BR Full Furnished (89 m²),https://www.rumah123.com/properti/tangerang-alam-sutera/apartemen-baru-elevee-alam-sutera-pet-friendly-apartment-fully-furnished-tinggal-bawa-koper-segudang-fasilitas-apr7815000/,Tangerang,Banten,Alam Sutera,"Alam Sutera, Tangerang",Apartemen,6666666.666666667,74906.36704119851,yearly,2,2,2 Bedroom,89.0,18.70666064640257,8.09954934668883,Stasiun KRL Rawabuntu (BSD),Tier 3: Outer Commuter Ring (15-28km),1,0,0,0,0,0,0,0,0,0,0,0,-6.25276,106.656647,listing,0,https://picture.rumah123.com/r123-images/360x210-crop/customer/791227/13a74b112d21ebc2de2005119f5265a5.jpg,Apartemen Baru! Elevee Alam Sutera! Pet Friendly Apartment! Fully Furnished Tinggal Bawa Koper! Segudang Fasilitas!,9469216.0,-2802549.333333333,-0.3509,29.6,-0.97,Good Deal (Undervalued),good,Apartemen Baru! Elevee Alam Sutera! Pet Friendly Apartment! Fully Furnished Tinggal Bawa Koper! Segudang Fasilitas!,Elevee Alam Sutera,exact
LST-00404,The Lloyd Alam Sutera • Studio Full Furnished (128 m²),https://www.rumah123.com/properti/tangerang-alam-sutera/view-pool-lloyd-3-kamar-fully-furnished-tinggal-bawa-koper-apartemen-terbaik-alam-sutera-cocok-untuk-keluarga-apr7832181/,Tangerang,Banten,Alam Sutera,"Alam Sutera, Tangerang",Apartemen,13333333.333333334,104166.66666666669,yearly,0,0,Studio / 1BR,128.0,18.70666064640257,8.09954934668883,Stasiun KRL Rawabuntu (BSD),Tier 3: Outer Commuter Ring (15-28km),1,0,0,0,0,0,1,0,0,0,0,0,-6.25276,106.656647,listing,0,https://picture.rumah123.com/r123-images/360x210-crop/customer/791227/listing/apr7832181/enhanced/d0f1caed2fcf59dc293c50bf7feb1643.jpg,View Pool! Lloyd 3 Kamar Fully Furnished! Tinggal Bawa Koper! Apartemen Terbaik Alam Sutera! Cocok untuk Keluarga!,12836462.0,496871.333333334,0.038,-3.9,0.1,Fair Market Price,,View Pool! Lloyd 3 Kamar Fully Furnished! Tinggal Bawa Koper! Apartemen Terbaik Alam Sutera! Cocok untuk Keluarga!,The Lloyd Alam Sutera,exact
LST-00405,Paddington Heights • 2BR Full Furnished (77 m²),https://www.rumah123.com/properti/tangerang-alam-sutera/langsung-bawa-koper-fully-furnished-apartment-di-paddington-alam-sutera-tipe-2-kamar-fasilitas-lengkap-free-parking-apr7771337/,Tangerang,Banten,Alam Sutera,"Alam Sutera, Tangerang",Apartemen,7083333.333333333,91991.341991342,yearly,2,2,2 Bedroom,77.0,18.70666064640257,8.09954934668883,Stasiun KRL Rawabuntu (BSD),Tier 3: Outer Commuter Ring (15-28km),1,0,0,0,0,0,0,0,0,0,0,1,-6.25276,106.656647,listing,0,https://picture.rumah123.com/r123-images/360x210-crop/customer/791227/listing/apr7771337/enhanced/bbbe99ba-8235-4cfc-8f51-918131a0de6f.png,Langsung Bawa Koper! Fully Furnished Apartment di Paddington Alam Sutera Tipe 2 Kamar! Fasilitas Lengkap! Free Parking!,6469363.0,613970.333333333,0.0907,-9.5,0.25,Fair Market Price,,Langsung Bawa Koper! Fully Furnished Apartment di Paddington Alam Sutera Tipe 2 Kamar! Fasilitas Lengkap! Free Parking!,Paddington Heights,exact
LST-00406,The Lloyd Alam Sutera • 2BR Furnished (99 m²),https://www.rumah123.com/properti/tangerang-alam-sutera/tinggal-bawa-koper-serasa-di-new-york-lloyd-apartment-alam-sutera-area-eksklusif-udara-sejuk-apr7770144/,Tangerang,Banten,Alam Sutera,"Alam Sutera, Tangerang",Apartemen,8750000.0,88383.83838383839,yearly,2,2,2 Bedroom,99.0,18.70666064640257,8.09954934668883,Stasiun KRL Rawabuntu (BSD),Tier 3: Outer Commuter Ring (15-28km),0,0,0,0,0,0,0,0,0,0,0,0,-6.25276,106.656647,listing,0,https://picture.rumah123.com/r123-images/360x210-crop/customer/791227/64dacc064d03f8a56b9977b3218c3888.jpg,Tinggal Bawa Koper! Serasa di New York! Lloyd Apartment Alam Sutera! Area Eksklusif Udara Sejuk!,8766619.0,-16619.0,-0.0019,0.2,-0.01,Fair Market Price,,Tinggal Bawa Koper! Serasa di New York! Lloyd Apartment Alam Sutera! Area Eksklusif Udara Sejuk!,The Lloyd Alam Sutera,exact
LST-00407,Midtown Residence Serpong • 1BR Full Furnished (41 m²),https://www.rumah123.com/properti/tangerang-gading-serpong/apartemen-m-town-signature-gading-serpong-full-furnished-persis-depan-mall-sms-apr3051549/,Tangerang,Banten,Gading Serpong,"Gading Serpong, Tangerang",Apartemen,4583333.333333333,111788.61788617884,yearly,1,1,Studio / 1BR,41.0,20.371621719416744,5.1115596333950215,Stasiun KRL Tangerang,Tier 3: Outer Commuter Ring (15-28km),1,0,0,1,0,0,0,0,0,0,1,0,-6.22255,106.63623,listing,0,https://picture.rumah123.com/r123-images/360x210-crop/customer/163509/fe5d44677b716a983722063ebbc0b671.jpg,- 1 Bed Room - City View - full interior design - Luas 41 m2 - FURNISHED - 2 AC - 1 Unit TV - 1 Unit Water Hiter - 1 Unit Kulkas - Kitchen Set - Ti...,4052242.0,531091.333333333,0.1232,-13.1,0.34,Fair Market Price,,Apartemen M Town Signature Gading Serpong Full Furnished Persis Depan Mall Sms,Midtown Residence Serpong,exact
LST-00408,Brooklyn Alam Sutera • 1BR Furnished (35 m²),https://www.rumah123.com/properti/tangerang-alam-sutera/flexible-jangka-waktu-sewa-brooklyn-alam-sutera-furnished-mewah-view-bagus-apr2948824/,Tangerang,Banten,Alam Sutera,"Alam Sutera, Tangerang",Apartemen,4170000.0,119142.85714285714,daily,1,1,Studio / 1BR,35.0,18.706340553825594,8.099440972466178,Stasiun KRL Rawabuntu (BSD),Tier 3: Outer Commuter Ring (15-28km),0,0,0,0,0,0,0,0,0,0,0,0,-6.25276,106.65665,listing,0,https://picture.rumah123.com/r123-images/360x210-crop/customer/1746902/2023-07-12-02-47-59-04d6f517-979b-4d65-abbc-fe2a0318ca1c.jpg,"DIJUAL / DISEWA BISA SEWA MINGGUAN, BULANAN, TAHUNAN   Apartment Brooklyn Alam Sutera  Luas 35sqm City View cakep  Lokasi strategis dekat Mall Livi...",3743656.0,426344.0,0.1079,-11.4,0.3,Fair Market Price,,Flexible Jangka Waktu Sewa Mingguan Bulanan Tahunan Brooklyn Alam Sutera Furnished Mewah View Bagus,Brooklyn Alam Sutera,exact
LST-00409,Unresolved • BSD • 2BR Full Furnished (50 m²),https://www.rumah123.com/properti/tangerang-bsd/cantik-furnish-sudah-termasuk-biaya-ipl-apr7705509/,Tangerang,Banten,BSD,"BSD, Tangerang",Apartemen,5833333.333333333,116666.66666666666,yearly,2,1,2 Bedroom,50.0,17.014475657921245,4.4103487765652165,Stasiun KRL Rawabuntu (BSD),Tier 3: Outer Commuter Ring (15-28km),1,0,0,0,0,0,1,0,0,0,0,0,-6.28217,106.684921,listing,0,https://picture.rumah123.com/r123-images/360x210-crop/customer/432102/listing/apr7705509/enhanced/58e83a0738c82464cb1197e7e9d28433.jpg,"Disewakan Cepat Apt Skyhouse BSD 2 Bedroom   Lt 06 Tower Jervois 48,32 m2 view pool Full furnished Mewah  Disewakan 70 juta per tahun nego incl IPL...",6193159.0,-359825.666666667,-0.0599,5.8,-0.16,Fair Market Price,,Cantik Furnish Sudah Termasuk Biaya IPL,,unresolved
LST-00410,Pacific Garden Campus Town • 1BR Semi Furnished (24 m²),https://www.rumah123.com/properti/tangerang-alam-sutera/apartemen-pasific-garden-sebelah-binus-alam-sutera-apr7412460/,Tangerang,Banten,Alam Sutera,"Alam Sutera, Tangerang",Apartemen,2500000.0,104166.66666666669,yearly,1,1,Studio / 1BR,24.0,18.70666064640257,8.09954934668883,Stasiun KRL Rawabuntu (BSD),Tier 3: Outer Commuter Ring (15-28km),0,1,0,1,0,0,0,0,0,0,0,0,-6.25276,106.656647,listing,0,https://picture.rumah123.com/r123-images/360x210-crop/customer/929488/b15955fff6bae3568a9cc184b7d721a8.jpg,Tipe studio semi furnish dapet ac,2772305.0,-272305.0,-0.1034,9.8,-0.28,Fair Market Price,,Apartemen Pasific Garden Sebelah Binus Alam Sutera,Pacific Garden Campus Town,fuzzy
LST-00411,Midtown Residence Serpong • 2BR Full Furnished (35 m²),https://www.rumah123.com/properti/tangerang-gading-serpong/disewakan-apartement-favorit-kamu-m-town-full-furnish-apr7847786/,Tangerang,Banten,Gading Serpong,"Gading Serpong, Tangerang",Apartemen,4000000.0,114285.71428571428,yearly,2,1,2 Bedroom,35.0,20.371621719416744,5.1115596333950215,Stasiun KRL Tangerang,Tier 3: Outer Commuter Ring (15-28km),1,0,0,0,0,0,0,0,0,0,0,0,-6.22255,106.63623,listing,0,https://picture.rumah123.com/r123-images/360x210-crop/customer/340417/c903e9a67dccc3ef5fe51971a75899e1.jpg,"Kesempatan terbatas buat Anda dapatkan apartemen nyaman dengan return investasi tinggi di Gading Serpong, Tangerang.  Apartemen ini menawarkan kele...",3629565.0,370435.0,0.0972,-10.2,0.27,Fair Market Price,,Disewakan Apartement Favorit Kamu M Town Full Furnish,Midtown Residence Serpong,exact
LST-00412,Scientia Residences • 1BR Furnished (34 m²),https://www.rumah123.com/properti/tangerang-gading-serpong/disewakan-apartemen-scientia-residence-deket-kampus-umn-apr7820190/,Tangerang,Banten,Gading Serpong,"Gading Serpong, Tangerang",Apartemen,2500000.0,73529.41176470589,yearly,1,0,Studio / 1BR,34.0,20.371621719416744,5.1115596333950215,Stasiun KRL Tangerang,Tier 3: Outer Commuter Ring (15-28km),0,0,0,0,0,0,0,0,0,0,0,0,-6.22255,106.63623,listing,0,https://picture.rumah123.com/r123-images/360x210-crop/customer/340417/5fc53c16ff03919ebeef2c37e09cbe57.jpg,"Apartemen di Gading Serpong.  Dapatkan apartemen 1 lantai yang asri ini,  disewakan menawarkan lingkungan fasilitas yang lengkap, cocok untuk Anda ...",3627667.0,-1127667.0,-0.3723,31.1,-1.02,Good Deal (Undervalued),good,Disewakan Apartemen Scientia Residence Deket Kampus Umn,Scientia Residences,exact
LST-00413,U Residence Karawaci Tower 2 • Studio Furnished (35 m²),https://www.rumah123.com/properti/tangerang-lippo-karawaci/siap-huni-studio-apartemen-u-recidence-tower-2-dekat-dengan-uph-dan-supermal-karawaci-apr7850087/,Tangerang,Banten,Lippo Karawaci,"Lippo Karawaci, Tangerang",Apartemen,3333333.333333333,95238.09523809524,yearly,0,1,Studio / 1BR,35.0,23.314168810356414,6.136740871239539,Stasiun KRL Tangerang,Tier 3: Outer Commuter Ring (15-28km),0,0,0,0,0,0,0,0,0,0,0,0,-6.22692,106.609879,listing,0,https://picture.rumah123.com/r123-images/360x210-crop/customer/52025/f3c2420b719ba6b7496c6005482a8299.jpg,"Lokasi yang sangat strategis, berada di jantung Lippo Karawaci. Connecting dengan Supermal Karawaci, lain dari pada yang lain, lokasi Smart City. I...",3641485.0,-308151.666666667,-0.0884,8.5,-0.24,Fair Market Price,,Siap Huni Studio Apartemen U Recidence Tower 2 Dekat dengan Uph dan Supermal Karawaci,U Residence Karawaci,fuzzy
LST-00414,Carstensz Residence • Studio Full Furnished (43 m²),https://www.rumah123.com/properti/tangerang-gading-serpong/disewakan-apartemen-carstensz-studio-full-furnish-apr7803878/,Tangerang,Banten,Gading Serpong,"Gading Serpong, Tangerang",Apartemen,5833333.333333333,135658.91472868217,yearly,1,1,Studio / 1BR,43.0,21.993137995263336,7.964938116090967,Stasiun KRL Rawabuntu (BSD),Tier 3: Outer Commuter Ring (15-28km),1,0,0,0,0,0,0,0,0,0,0,0,-6.269868576895182,106.63075369111928,listing,0,https://picture.rumah123.com/r123-images/360x210-crop/customer/669115/6c3650aaaaeb407bd5bcde1bf2c99fcf.jpg,"Apartemen di Gading Serpong.  Dapatkan apartemen 1 lantai yang asri ini,  disewakan menawarkan lingkungan fasilitas yang lengkap, cocok untuk Anda ...",4984314.0,849019.333333333,0.1573,-17.0,0.43,Fair Market Price,,Disewakan Apartemen Carstensz Studio Full Furnish,Carstensz Residence,exact
LST-00415,Carstensz Residence • 1BR Furnished (36 m²),https://www.rumah123.com/properti/tangerang-gading-serpong/disewakan-apartemen-carstenz-1-bedroom-furnish-nego-apr7803880/,Tangerang,Banten,Gading Serpong,"Gading Serpong, Tangerang",Apartemen,5416666.666666667,150462.96296296298,yearly,1,1,Studio / 1BR,36.0,21.993137995263336,7.964938116090967,Stasiun KRL Rawabuntu (BSD),Tier 3: Outer Commuter Ring (15-28km),0,0,0,0,0,0,0,0,0,0,0,0,-6.269868576895182,106.63075369111928,listing,0,https://picture.rumah123.com/r123-images/360x210-crop/customer/669115/141cad3b5afa0c5bd8ca53a4f9b1f573.jpg,"Apartemen di Gading Serpong.  Miliki apartemen 1 lantai yang nyaman ini,  disewakan menawarkan lingkungan fasilitas yang lengkap, cocok untuk Anda ...",3775038.0,1641628.666666667,0.3611,-43.5,0.99,Premium / High Price,,Disewakan Apartemen Carstenz 1 Bedroom Furnish Nego,Carstensz Residence,exact
LST-00416,U Residence Karawaci Tower 2 • 2BR Full Furnished (96 m²),https://www.rumah123.com/properti/tangerang-karawaci/disewakan-u-residence-tower-2-full-furnished-bagus-connecting-supermal-karawaci-apr7791847/,Tangerang,Banten,Karawaci,"Karawaci, Tangerang",Apartemen,10416666.666666666,108506.94444444444,yearly,2,2,2 Bedroom,96.0,20.986488050046308,3.0234957415640764,Stasiun KRL Tangerang,Tier 3: Outer Commuter Ring (15-28km),1,0,0,0,0,0,0,0,0,0,0,0,-6.20376,106.630219,listing,0,https://picture.rumah123.com/r123-images/360x210-crop/customer/68627/da191d68482b058e9a381e7984253501.jpg,Disewakan u residence tower 2 full furnished 2 bedroom connecting supermal karawwci.,10090325.0,326341.66666666605,0.0318,-3.2,0.09,Fair Market Price,,Disewakan U Residence Tower 2 Full Furnished Bagus Connecting Supermal Karawaci,U Residence Karawaci,fuzzy
LST-00417,U Residence Karawaci • 1BR Furnished (60 m²),https://www.rumah123.com/properti/tangerang-karawaci/disewakan-bizloft-u-residence-supermal-karawaci-apr7612276/,Tangerang,Banten,Karawaci,"Karawaci, Tangerang",Apartemen,3333333.333333333,55555.55555555556,yearly,1,1,Studio / 1BR,60.0,20.986488050046308,3.0234957415640764,Stasiun KRL Tangerang,Tier 3: Outer Commuter Ring (15-28km),0,0,1,0,0,0,0,0,0,0,0,0,-6.20376,106.630219,listing,0,https://picture.rumah123.com/r123-images/360x210-crop/customer/68627/7b75b2630c885e2a490860072b812050.jpg,U Residence Bizlofts Supermal Karawaci Luas 60m Lantai 25 Unfurnished,7174125.0,-3840791.666666667,-0.7665,53.5,-2.11,Deep Value Deal (Rare Find),deep,Disewakan Bizloft U Residence Supermal Karawaci,U Residence Karawaci,exact
LST-00418,Midtown Residence Serpong Tower Franklin Pool View • 2BR Semi Furnished (45 m²),https://www.rumah123.com/properti/tangerang-gading-serpong/disewakan-2br-apartemen-mtown-tower-franklin-pool-view-apr7779093/,Tangerang,Banten,Gading Serpong,"Gading Serpong, Tangerang",Apartemen,3750000.0,83333.33333333333,yearly,2,1,2 Bedroom,45.0,21.0573495920598,0.2048137033228905,Stasiun KRL Tangerang,Tier 3: Outer Commuter Ring (15-28km),0,1,0,1,0,0,1,0,0,0,0,0,-6.17831,106.632,listing,0,https://picture.rumah123.com/r123-images/360x210-crop/customer/4463427/95d9c60933d98ff4c29d6b139533ca18.jpg,Disewakan Apartemen M-Town Tower Franklin Pool View Lantai 29  2BR Semi Furnished 3 unit AC  Harga 45juta/th Deposit 5juta (imelda),4066025.0,-316025.0,-0.0809,7.8,-0.22,Fair Market Price,,Disewakan 2Br Apartemen M-Town Tower Franklin Pool View,Midtown Residence Serpong,exact
LST-00419,Paddington Heights • 3BR Furnished (94 m²),https://www.rumah123.com/properti/tangerang-alam-sutera/disewa-cepat-apartemen-paddington-heightalam-sutera-apr7790637/,Tangerang,Banten,Alam Sutera,"Alam Sutera, Tangerang",Apartemen,10000000.0,106382.97872340426,yearly,3,1,3 Bedroom,94.0,21.0573495920598,0.2048137033228905,Stasiun KRL Tangerang,Tier 3: Outer Commuter Ring (15-28km),0,0,0,0,0,0,0,0,0,0,0,0,-6.17831,106.632,listing,0,https://picture.rumah123.com/r123-images/360x210-crop/customer/4463427/a42606097e295248ba5cedc4741eeb42.jpg,DISEWA CEPAT  Apartemen Paddington Height Alam Sutera  ▪️Tower South ▪️Type 2 BR+1 ▪️Lantai : 20 ▪️Luas : 94.5 meter (semigross) �...,10592195.0,-592195.0,-0.0575,5.6,-0.16,Fair Market Price,,Disewa Cepat Apartemen Paddington Heightalam Sutera,Paddington Heights,exact
LST-00420,Unresolved • Alam Sutera • 1BR Full Furnished (45 m²),https://www.rumah123.com/properti/tangerang-alam-sutera/di-sewakan-cep-apt-1br-silk-wood-alam-sutera-apr7790616/,Tangerang,Banten,Alam Sutera,"Alam Sutera, Tangerang",Apartemen,3750000.0,83333.33333333333,yearly,1,1,Studio / 1BR,45.0,21.0573495920598,0.2048137033228905,Stasiun KRL Tangerang,Tier 3: Outer Commuter Ring (15-28km),1,0,0,0,0,0,0,0,0,0,0,0,-6.17831,106.632,listing,0,https://picture.rumah123.com/r123-images/360x210-crop/customer/4463427/c63653c9ab07cb5fb3478c12470c554c.jpg,"Di sewakan cepat Apt 1Br silk wood Tower oak Lantai 3 View danau Full furnished IPL 1jt/bulan Luaa 45m² Harga sewa 45juta/tahun Deposit 7,5jt  (iw...",5372996.0,-1622996.0,-0.3596,30.2,-0.99,Good Deal (Undervalued),good,Di Sewakan Apt 1Br Silk Wood Alam Sutera,,unresolved
LST-00421,Scientia Residences • 1BR Semi Furnished (41 m²),https://www.rumah123.com/properti/tangerang-gading-serpong/disewakan-apartement-1br-scientia-gading-serpong-apr7808118/,Tangerang,Banten,Gading Serpong,"Gading Serpong, Tangerang",Apartemen,3166666.6666666665,77235.77235772357,yearly,1,1,Studio / 1BR,41.0,21.0573495920598,0.2048137033228905,Stasiun KRL Tangerang,Tier 3: Outer Commuter Ring (15-28km),0,1,0,1,0,0,1,1,0,0,0,0,-6.17831,106.632,listing,0,https://picture.rumah123.com/r123-images/360x210-crop/customer/4463427/ec41be58d69972e00277633061c06f5b.jpg,"DiSEWAKAN APARTEMENT SCIENTIA  Tower D LANTAI 5 Se-Lantai dengan Swimming Pool + Joggging track + Gym  1 BR + 1 bathroom Semi furnish :  2 AC, Kulk...",3114623.0,52043.66666666651,0.0166,-1.7,0.05,Fair Market Price,,Disewakan Apartement 1Br Scientia Gading Serpong,Scientia Residences,exact
LST-00422,Residence 8 Senopati • Studio Furnished (21 m²),https://www.rumah123.com/properti/tangerang-gading-serpong/disewakan-studio-apartmen-mtown-residence-gading-serpong-apr7813396/,Tangerang,Banten,Gading Serpong,"Gading Serpong, Tangerang",Apartemen,1833333.3333333333,87301.5873015873,yearly,0,1,Studio / 1BR,21.0,21.0573495920598,0.2048137033228905,Stasiun KRL Tangerang,Tier 3: Outer Commuter Ring (15-28km),0,0,1,1,0,0,0,0,0,0,0,0,-6.17831,106.632,listing,0,https://picture.rumah123.com/r123-images/360x210-crop/customer/4463427/e09721f8a38fcf5bc1e58a07e99a67c2.jpg,Disewakan Apartmen : Mtown residence Gading serpong Lantai 30 Tower Dakota Tipe Studio Kosongan (tanpa ac) Harga sewa 22juta/th  More info : BELIND...,2069669.0,-236335.66666666677,-0.1213,11.4,-0.33,Fair Market Price,,Disewakan Studio Apartmen Mtown Residence Gading Serpong,Residence 8 Senopati,fuzzy
LST-00423,Brooklyn Alam Sutera • Studio Full Furnished (35 m²),https://www.rumah123.com/properti/tangerang-alam-sutera/disewakan-apt-brooklyn-studio-alam-sutera-apr7838846/,Tangerang,Banten,Alam Sutera,"Alam Sutera, Tangerang",Apartemen,4166666.6666666665,119047.61904761904,yearly,0,1,Studio / 1BR,35.0,21.0573495920598,0.2048137033228905,Stasiun KRL Tangerang,Tier 3: Outer Commuter Ring (15-28km),1,0,0,1,0,1,0,0,0,0,1,0,-6.17831,106.632,listing,0,https://picture.rumah123.com/r123-images/360x210-crop/customer/4463427/0977ebb318af7d065fe440a3aca44817.jpg,DISEWAKAN  Apt Brooklyn - Studio @alam sutera Full Furnished View Living World Bed set Lemari pakaian Meja rias AC Water Heater TV Kompor Listrik K...,4098542.0,68124.66666666651,0.0165,-1.7,0.05,Fair Market Price,,Disewakan Apt Brooklyn Studio Alam Sutera,Brooklyn Alam Sutera,exact
LST-00424,Scientia Residences • 1BR Furnished (34 m²),https://www.rumah123.com/properti/tangerang-gading-serpong/disewakan-apartemen-scientia-residence-gading-serpong-apr7761464/,Tangerang,Banten,Gading Serpong,"Gading Serpong, Tangerang",Apartemen,3333333.333333333,98039.21568627452,yearly,1,1,Studio / 1BR,34.0,21.0573495920598,0.2048137033228905,Stasiun KRL Tangerang,Tier 3: Outer Commuter Ring (15-28km),0,0,0,0,0,0,0,0,0,0,0,0,-6.17831,106.632,listing,0,https://picture.rumah123.com/r123-images/360x210-crop/customer/4463427/e3b4a648f1cd3651b19aad0f8511a844.jpg,"DISEWAKAN Apartemen Scientia Residences Tower C, Lantai 1027 Gading Serpong Selangkah ke Kampus UMN  - Luas 34,57 m² - 1 Bedroom - 1 Bathroom - Fu...",3661914.0,-328580.666666667,-0.094,9.0,-0.26,Fair Market Price,,Disewakan Apartemen Scientia Residence Gading Serpong,Scientia Residences,exact
LST-00425,The Branz BSD • 2BR Full Furnished (62 m²),https://www.rumah123.com/properti/tangerang-bsd-city/for-rent-apt-branz-bsd-2br-fully-furnished-mewah-dan-premium-apr7415676/,Tangerang,Banten,BSD City,"BSD City, Tangerang",Apartemen,7500000.0,120967.74193548386,yearly,2,1,2 Bedroom,62.0,22.09993369572312,5.249134148322959,Stasiun KRL Rawabuntu (BSD),Tier 3: Outer Commuter Ring (15-28km),1,0,0,0,0,0,0,0,0,0,0,0,-6.29632,106.64049,listing,0,https://picture.rumah123.com/r123-images/360x210-crop/customer/1108714/d138c58416f18996f0139621c2371286.jpg,"Apartemen di Branz BSD City.  Temukan apartemen yang asri ini,  disewakan menawarkan lingkungan fasilitas yang lengkap, cocok untuk Anda yang mengi...",6296870.0,1203130.0,0.1749,-19.1,0.48,Fair Market Price,,For Rent Apt Branz BSD 2Br Fully Furnished Mewah dan Premium.,The Branz BSD,exact
LST-00426,Midtown Residence Serpong • 2BR Furnished (62 m²),https://www.rumah123.com/properti/tangerang-gading-serpong/disewakan-2br-apartment-m-town-signature-apr7752949/,Tangerang,Banten,Gading Serpong,"Gading Serpong, Tangerang",Apartemen,6250000.0,100806.45161290324,yearly,2,1,2 Bedroom,62.0,21.0573495920598,0.2048137033228905,Stasiun KRL Tangerang,Tier 3: Outer Commuter Ring (15-28km),0,0,0,1,0,0,0,0,0,0,0,0,-6.17831,106.632,listing,0,https://picture.rumah123.com/r123-images/360x210-crop/customer/4463427/listing/apr7752949/enhanced/f8c5e9a62882a8e6d04fa0c40691d065.jpg,"DISEWAKAN CEPAT : Apartment M Town Signature Tower Herald Type 2 BR Luas bangunan : 62,36 m2 ( netto ) Hook , Hadap Timur Selatan. PLN 3500W AC 3 u...",6162726.0,87274.0,0.0141,-1.4,0.04,Fair Market Price,,Disewakan 2Br Apartment M Town Signature,Midtown Residence Serpong,exact
LST-00427,Unresolved • Alam Sutera • Studio Furnished (20 m²),https://www.rumah123.com/properti/tangerang-alam-sutera/disewakan-cepat-apartemen-silktown-alam-sutera-tipe-studio-termurah-dan-strategis-apr7789418/,Tangerang,Banten,Alam Sutera,"Alam Sutera, Tangerang",Apartemen,1916666.6666666667,95833.33333333334,yearly,1,1,Studio / 1BR,20.0,18.70666064640257,8.09954934668883,Stasiun KRL Rawabuntu (BSD),Tier 3: Outer Commuter Ring (15-28km),0,0,0,0,0,0,0,0,0,0,0,0,-6.25276,106.656647,listing,0,https://picture.rumah123.com/r123-images/360x210-crop/customer/738176/9a39a096b310348feee3d605395fd7e9.jpg,Disewakan cepat unit apartemen siap huni di Silktown Alam Sutera dengan penawaran harga terbaik di kelasnya. Hunian vertikal yang sangat ideal bagi...,2692827.0,-776160.3333333333,-0.34,28.8,-0.94,Good Deal (Undervalued),good,Disewakan Cepat Apartemen Silktown Alam Sutera Tipe Studio Termurah dan Strategis,,unresolved
LST-00428,Silkwood Residences Tower Oak • Studio Furnished (33 m²),https://www.rumah123.com/properti/tangerang-alam-sutera/disewakan-studio-furnished-luas-33m-apartemen-silkwood-tower-oak-samping-binus-apr7814778/,Tangerang,Banten,Alam Sutera,"Alam Sutera, Tangerang",Apartemen,3166666.6666666665,95959.59595959596,yearly,1,1,Studio / 1BR,33.0,18.70666064640257,8.09954934668883,Stasiun KRL Rawabuntu (BSD),Tier 3: Outer Commuter Ring (15-28km),0,0,0,0,0,0,0,0,0,0,0,0,-6.25276,106.656647,listing,0,https://picture.rumah123.com/r123-images/360x210-crop/customer/738176/e8c574809023701244ead18938dfd614.jpg,Menemukan hunian sewa yang sangat strategis dan nyaman di kawasan penyangga kampus kini semakin mudah. Disewakan unit siap huni di Apartemen Silkwo...,4000024.0,-833357.3333333335,-0.2336,20.8,-0.64,Fair Market Price,,Disewakan Studio Furnished Luas 33M² Apartemen Silkwood Tower Oak Samping Binus,Silkwood Residences,exact
LST-00429,The Lloyd Alam Sutera • Studio Furnished (128 m²),https://www.rumah123.com/properti/tangerang-alam-sutera/disewakan-apartemen-mewah-lloyd-alam-sutera-3-br-luas-128m-view-taman-siap-huni-apr7743554/,Tangerang,Banten,Alam Sutera,"Alam Sutera, Tangerang",Apartemen,11250000.0,87890.625,yearly,0,0,Studio / 1BR,128.0,18.70666064640257,8.09954934668883,Stasiun KRL Rawabuntu (BSD),Tier 3: Outer Commuter Ring (15-28km),0,0,0,0,0,0,0,0,0,0,0,0,-6.25276,106.656647,listing,0,https://picture.rumah123.com/r123-images/360x210-crop/customer/738176/listing/apr7743554/enhanced/d4b7e0613c230d77a3b4496273bed2e7.png,"Disewakan segera unit hunian premium di Lloyd Alam Sutera. Apartemen ini menawarkan konsep hunian yang mewah, asri, dan sangat homy dengan view lan...",12901937.0,-1651937.0,-0.137,12.8,-0.38,Fair Market Price,,"Disewakan Apartemen Mewah Lloyd Alam Sutera - 3 BR, Luas 128M², View Taman, Siap Huni!",The Lloyd Alam Sutera,exact
LST-00430,The Branz BSD • 2BR Furnished (65 m²),https://www.rumah123.com/properti/tangerang-bsd/apartemen-the-branz-bsd-serpong-2br-furnished-apr3057730/,Tangerang,Banten,BSD,"BSD, Tangerang",Apartemen,11666666.666666666,179487.17948717947,yearly,2,1,2 Bedroom,65.0,17.01457265731179,4.410336810066898,Stasiun KRL Rawabuntu (BSD),Tier 3: Outer Commuter Ring (15-28km),0,0,0,0,0,0,0,0,0,0,0,0,-6.28217,106.68492,listing,0,https://picture.rumah123.com/r123-images/360x210-crop/customer/1295099/2023-10-18-15-45-16-2e122c69-7b05-4cb4-be1b-0acaa0440d60.jpg,DISEWAKAN Apartemen Branz BSD  2 BR Tower C Luas 65m  Furnished lantai 23 Harga Sudah Termasuk IPL / Service Charge,7242960.0,4423706.666666666,0.4767,-61.1,1.31,Premium / High Price,,Apartemen The Branz BSD Serpong 2Br Furnished,The Branz BSD,exact
LST-00431,U Residence Karawaci • Studio Full Furnished (35 m²),https://www.rumah123.com/properti/tangerang-karawaci/apartemen-u-residence-type-studio-fully-furnished-apr7816314/,Tangerang,Banten,Karawaci,"Karawaci, Tangerang",Apartemen,3750000.0,107142.85714285714,yearly,0,1,Studio / 1BR,35.0,20.986488050046308,3.0234957415640764,Stasiun KRL Tangerang,Tier 3: Outer Commuter Ring (15-28km),1,0,0,1,1,0,0,0,0,0,0,0,-6.20376,106.630219,listing,0,https://picture.rumah123.com/r123-images/360x210-crop/customer/1295099/77685805c512c6e0ea0ce4af08b11555.jpg,Disewakan Apartemen Type Studio di U Residence Karawaci  Luas 35m Fully Furnished Type Studio Highlights: High Speed Internet Access  AC Heating Mi...,3602461.0,147539.0,0.0401,-4.1,0.11,Fair Market Price,,Apartemen U Residence Type Studio Fully Furnished,U Residence Karawaci,fuzzy
LST-00432,Midtown Residence Serpong • Studio Furnished (25 m²),https://www.rumah123.com/properti/tangerang-gading-serpong/disewakan-apartemen-studio-midtown-residence-gading-serpong-furnished-siap-huni-apr7730195/,Tangerang,Banten,Gading Serpong,"Gading Serpong, Tangerang",Apartemen,2166666.6666666665,86666.66666666666,yearly,1,1,Studio / 1BR,25.0,20.371621719416744,5.1115596333950215,Stasiun KRL Tangerang,Tier 3: Outer Commuter Ring (15-28km),0,0,0,0,0,0,0,0,0,0,0,0,-6.22255,106.63623,listing,0,https://picture.rumah123.com/r123-images/360x210-crop/customer/59677/listing/apr7730195/enhanced/ae6c79dbc06ae8971dd08c82e525e380.png,"Disewakan unit studio di Tower Franklin, Midtown Residence Gading Serpong. Hunian dengan lokasi sangat strategis, ideal bagi eksekutif muda maupun ...",3214597.0,-1047930.3333333336,-0.3945,32.6,-1.09,Good Deal (Undervalued),good,"Disewakan Apartemen Studio Midtown Residence Gading Serpong - Furnished, Siap Huni!",Midtown Residence Serpong,exact
LST-00433,Unresolved • Gading Serpong • 3BR Full Furnished (105 m²),https://www.rumah123.com/properti/tangerang-gading-serpong/rainbow-spring-condovilla-3-br-full-furnished-di-gading-serpong-apr7450739/,Tangerang,Banten,Gading Serpong,"Gading Serpong, Tangerang",Apartemen,10416666.666666666,99206.3492063492,yearly,3,2,3 Bedroom,105.0,20.371621719416744,5.1115596333950215,Stasiun KRL Tangerang,Tier 3: Outer Commuter Ring (15-28km),1,0,0,0,0,0,0,0,0,0,0,0,-6.22255,106.63623,listing,0,https://picture.rumah123.com/r123-images/360x210-crop/customer/49248/2b29e3394a182520b2fa9aa0063a5f7e.jpg,Apartemen konsep Rumah Rumah konsep Apartemen paduan antara rumah dan apartemen Rainbow Springs CondoVillas Summarecon Serpong  Dijual Apartemen Ra...,9470440.0,946226.666666666,0.0952,-10.0,0.26,Fair Market Price,,Rainbow Spring Condovilla 3 Br Full Furnished di Gading Serpong,,unresolved
LST-00434,The Branz BSD • 1BR Furnished (58 m²),https://www.rumah123.com/properti/tangerang-bsd-city/disewakan-apartemen-cantik-branz-bsd-city-apr7838342/,Tangerang,Banten,BSD City,"BSD City, Tangerang",Apartemen,6666666.666666667,114942.5287356322,yearly,1,1,Studio / 1BR,58.0,17.014475657921245,4.4103487765652165,Stasiun KRL Rawabuntu (BSD),Tier 3: Outer Commuter Ring (15-28km),0,0,0,0,0,0,0,0,0,0,0,0,-6.28217,106.684921,listing,0,https://picture.rumah123.com/r123-images/360x210-crop/customer/1644514/8af9d4c5ccfee13cf0853af74c33c9d3.jpg,"Disewakan APARTEMEN BRANZ BSD *HIGH END Apartemen 1BR - B, The BRANZ BSD CITY* * Lantai 35 * Luas semigross 58.64m2 * TOWER B ( lobby terbesar ).  ...",6988558.0,-321891.333333333,-0.0472,4.6,-0.13,Fair Market Price,,Disewakan Apartemen Cantik Branz BSD City,The Branz BSD,exact
LST-00435,Sky House BSD • 2BR Furnished (48 m²),https://www.rumah123.com/properti/tangerang-bsd/apartment-sky-house-bsd-2-bedroom-for-rent-furnish-apr7799665/,Tangerang,Banten,BSD,"BSD, Tangerang",Apartemen,6250000.0,130208.33333333331,yearly,2,1,2 Bedroom,48.0,17.014475657921245,4.4103487765652165,Stasiun KRL Rawabuntu (BSD),Tier 3: Outer Commuter Ring (15-28km),0,0,0,0,0,0,1,0,0,0,0,0,-6.28217,106.684921,listing,0,https://picture.rumah123.com/r123-images/360x210-crop/customer/1224633/395497f4db06c75bf597a8ac90dc772b.jpg,"For Rent Apartment Sky House BSD view : pool luas : 48.32m² 2 Bedroom, 1 kamar mandi tower : Jervois  Harga sewa : 6.5juta/bulan (exc IPL) min sew...",5570562.0,679438.0,0.1151,-12.2,0.32,Fair Market Price,,Apartment Sky House BSD 2 Bedroom For Rent Furnish,Sky House BSD,exact
LST-00436,Unresolved • Alam Sutera • Studio Full Furnished (32 m²),https://www.rumah123.com/properti/tangerang-alam-sutera/disewakan-apartemen-studio-32m2-fullyfurnish-harga-45jt-th-apr7838894/,Tangerang,Banten,Alam Sutera,"Alam Sutera, Tangerang",Apartemen,3750000.0,117187.5,yearly,0,1,Studio / 1BR,32.0,18.70666064640257,8.09954934668883,Stasiun KRL Rawabuntu (BSD),Tier 3: Outer Commuter Ring (15-28km),1,0,0,0,0,0,0,0,0,0,0,0,-6.25276,106.656647,listing,0,https://picture.rumah123.com/r123-images/360x210-crop/customer/718810/e05f956278a5b5702565a9536bbc675e.jpg,"Apartment Name: BROOKLYN Alam Sutera, Serpong Tangerang Location: Serpong Tangerang Tower/Floor/View: A/27O Size: 30 m2 Studio Bedroom: 1 Bathroom:...",4322390.0,-572390.0,-0.1421,13.2,-0.39,Fair Market Price,,Disewakan Apartemen Studio 32M2 Fullyfurnish Harga 45Jt /Th,,unresolved
LST-00437,Sky House BSD • 2BR Full Furnished (48 m²),https://www.rumah123.com/properti/tangerang-bsd-city/disewakan-apartemen-skyhouse-bsd-2-bedroom-full-furnished-apr7845713/,Tangerang,Banten,BSD City,"BSD City, Tangerang",Apartemen,6500000.0,135416.66666666666,yearly,2,1,2 Bedroom,48.0,17.014475657921245,4.4103487765652165,Stasiun KRL Rawabuntu (BSD),Tier 3: Outer Commuter Ring (15-28km),1,0,0,0,0,0,1,0,0,0,0,0,-6.28217,106.684921,listing,0,https://picture.rumah123.com/r123-images/360x210-crop/customer/4397052/5de1759e8a7ff87d456dbc54b68aab44.jpg,DISEWAKAN  Apartemen Skyhouse BSD Tower : Jervouis 1 Lantai 19  Luas Bangunan : 48.42 2 Bedroom   Full Furnished  Hadap : Norh west (kolam renang) ...,5981956.0,518044.0,0.0831,-8.7,0.23,Fair Market Price,,Disewakan Apartemen Skyhouse BSD 2 Bedroom Full Furnished,Sky House BSD,exact
LST-00438,The Branz BSD • 1BR Full Furnished (58 m²),https://www.rumah123.com/properti/tangerang-bsd-city/disewakan-apartemen-mewah-premium-1-kamar-tidur-fully-furnished-branz-bsd-city-apr7846793/,Tangerang,Banten,BSD City,"BSD City, Tangerang",Apartemen,7500000.0,129310.3448275862,yearly,1,1,Studio / 1BR,58.0,17.014475657921245,4.4103487765652165,Stasiun KRL Rawabuntu (BSD),Tier 3: Outer Commuter Ring (15-28km),1,0,0,0,0,0,0,0,0,0,0,0,-6.28217,106.684921,listing,0,https://picture.rumah123.com/r123-images/360x210-crop/customer/4397052/a0ccdd4f7fa6a53d46b1be8bf11099dd.jpg,DISEWAKAN   BRANZ BSD CITY | Apartemen MEWAH Premium 1 Kamar Tidur berperabot lengkap (fully furnished)  Tower B  Detail properti :  - 1 Kamar Tidu...,7434100.0,65900.0,0.0088,-0.9,0.02,Fair Market Price,,Disewakan Apartemen Mewah Premium 1 Kamar Tidur Fully Furnished Branz BSD City,The Branz BSD,exact
LST-00439,Saumata • 2BR Full Furnished (128 m²),https://www.rumah123.com/properti/tangerang-alam-sutera/disewakan-apartemen-saumata-2bedrooms-apr7752855/,Tangerang,Banten,Alam Sutera,"Alam Sutera, Tangerang",Apartemen,15000000.0,117187.5,yearly,2,2,2 Bedroom,128.0,18.70666064640257,8.09954934668883,Stasiun KRL Rawabuntu (BSD),Tier 3: Outer Commuter Ring (15-28km),1,0,0,0,0,0,0,0,0,0,0,0,-6.25276,106.656647,listing,0,https://picture.rumah123.com/r123-images/360x210-crop/customer/4461890/listing/apr7752855/enhanced/3870eb7d0bcd23e7c1ce94a657f6c9f9.jpg,DISEWAKAN  ✨ Apartemen Full Furnished  Luas: 128 m²  2 Bedroom  Full Furnished  Listrik 8.800 Watt  IPL Rp10 juta / 3 bulan       Harga: Rp 180J...,12741376.0,2258624.0,0.1632,-17.7,0.45,Fair Market Price,,Disewakan Apartemen Saumata 2.Bed.rooms,Saumata,exact
LST-00440,U Residence Karawaci • 1BR Furnished (60 m²),https://www.rumah123.com/properti/tangerang-lippo-karawaci/apart-u-residences-1-sp-deal-furnished-bagus-apr3432402/,Tangerang,Banten,Lippo Karawaci,"Lippo Karawaci, Tangerang",Apartemen,5500000.0,91666.66666666669,yearly,1,1,Studio / 1BR,60.0,23.314058683139592,6.136695030649507,Stasiun KRL Tangerang,Tier 3: Outer Commuter Ring (15-28km),0,0,0,1,0,1,0,0,0,0,0,0,-6.22692,106.60988,listing,0,https://picture.rumah123.com/r123-images/360x210-crop/customer/1241458/6fc89dcbd8c39eb891cc794c4ce9fa92.jpg,"Terawat, bersih, nyaman Lantai tengah Cocok buat keluarga muda, dosen, guru, pegawai, mahasiswa Water heater yang bagus Ac dingin",5210255.0,289745.0,0.0541,-5.6,0.15,Fair Market Price,,"Apart. U Residences 1, Sp. Deal, Furnished, Bagus",U Residence Karawaci,fuzzy
LST-00441,U Residence Karawaci Golf View • 1BR Furnished (61 m²),https://www.rumah123.com/properti/tangerang-lippo-karawaci/u-residence-1-sp-deal-golf-view-bagus-siap-huni-furnished-apr3415025/,Tangerang,Banten,Lippo Karawaci,"Lippo Karawaci, Tangerang",Apartemen,5500000.0,90163.9344262295,yearly,1,1,Studio / 1BR,61.0,23.314058683139592,6.136695030649507,Stasiun KRL Tangerang,Tier 3: Outer Commuter Ring (15-28km),0,0,0,0,0,0,1,1,0,0,0,0,-6.22692,106.60988,listing,0,https://picture.rumah123.com/r123-images/360x210-crop/customer/1241458/f7525d3877492f4ff09780b68afead7d.jpg,"Semua lengkap, posisi lantai baik, View : Golf, Swimming Pool, Serpong City , Fitness, tempat main anak, Ruang serba guna Langsung Supermall, Lanta...",5463920.0,36080.0,0.0066,-0.7,0.02,Fair Market Price,,"U Residence 1, Sp Deal, Golf View, Bagus Siap Huni Furnished",U Residence Karawaci,fuzzy
LST-00442,U Residence Karawaci Golf View • 1BR Furnished (60 m²),https://www.rumah123.com/properti/tangerang-gading-serpong/u-residences-lippo-karawaci-bagus-view-golf-menarik-apr3456901/,Tangerang,Banten,Gading Serpong,"Gading Serpong, Tangerang",Apartemen,5416666.666666667,90277.77777777778,yearly,1,1,Studio / 1BR,60.0,20.371621719416744,5.1115596333950215,Stasiun KRL Tangerang,Tier 3: Outer Commuter Ring (15-28km),0,0,0,0,0,0,0,0,0,0,0,0,-6.22255,106.63623,listing,0,https://picture.rumah123.com/r123-images/360x210-crop/customer/1241458/4de5a30311d765d521d2def8874ef540.jpg,"Menarik, tenang, siap hujini, bersih terawat View menawan bagus Unit baru jarang di pakai Cocok buat keluarga muda, mahasiswa",5272710.0,143956.66666666698,0.0269,-2.7,0.07,Fair Market Price,,"U Residences Lippo Karawaci, Bagus, View Golf, Menarik",U Residence Karawaci,fuzzy
LST-00443,U Residence Karawaci • 1BR Furnished (60 m²),https://www.rumah123.com/properti/tangerang-lippo-karawaci/apart-u-residences-1-sp-deal-furnished-1bed-apr3449577/,Tangerang,Banten,Lippo Karawaci,"Lippo Karawaci, Tangerang",Apartemen,5666666.666666667,94444.44444444444,yearly,1,1,Studio / 1BR,60.0,23.314058683139592,6.136695030649507,Stasiun KRL Tangerang,Tier 3: Outer Commuter Ring (15-28km),0,0,0,0,0,0,0,0,0,0,0,0,-6.22692,106.60988,listing,0,https://picture.rumah123.com/r123-images/360x210-crop/customer/1241458/c64967fe4dc2fd6738db0ab7c8283ad3.jpg,"Viewnya bagus, Golf segar hijau, Air panas deal drop bagus aman, cepat panas Design renovasi, layout beda dg std. 1 bed, dg sirkulasi layout yang n...",5404784.0,261882.66666666695,0.0473,-4.8,0.13,Fair Market Price,,"Apart U Residences 1, Sp. Deal, Furnished 1bed",U Residence Karawaci,fuzzy
LST-00444,U Residence Karawaci • 1BR Furnished (60 m²),https://www.rumah123.com/properti/tangerang-karawaci/apart-u-residences-1-sp-deal-1bed-furnished-apr3449561/,Tangerang,Banten,Karawaci,"Karawaci, Tangerang",Apartemen,5500000.0,91666.66666666669,yearly,1,1,Studio / 1BR,60.0,20.98637754624333,3.023484907337409,Stasiun KRL Tangerang,Tier 3: Outer Commuter Ring (15-28km),0,0,0,0,0,0,1,0,0,0,0,0,-6.20376,106.63022,listing,0,https://picture.rumah123.com/r123-images/360x210-crop/customer/1241458/080c99b98875b61a7e4b31b80439fb0a.jpg,"View : Swimming Pool, Golf, City Bagus, bersih siap huni. Deal harga sampai jadi Lay outnya khusus sdh direnovasi dari std.",6281500.0,-781500.0,-0.1329,12.4,-0.37,Fair Market Price,,"Apart U Residences 1, Sp. Deal, 1bed Furnished",U Residence Karawaci,fuzzy
LST-00445,U Residence Karawaci • 1BR Furnished (60 m²),https://www.rumah123.com/properti/tangerang-lippo-karawaci/u-residences-1-sp-deal-furnished-view-ok-bagus-apr3456886/,Tangerang,Banten,Lippo Karawaci,"Lippo Karawaci, Tangerang",Apartemen,5750000.0,95833.33333333331,yearly,1,1,Studio / 1BR,60.0,23.314058683139592,6.136695030649507,Stasiun KRL Tangerang,Tier 3: Outer Commuter Ring (15-28km),0,0,0,0,0,0,0,0,0,0,0,0,-6.22692,106.60988,listing,0,https://picture.rumah123.com/r123-images/360x210-crop/customer/1241458/080c99b98875b61a7e4b31b80439fb0a.jpg,"Unit bersih, siapa  pakai, bagus Lantai 11 tengah, tidak dari lift Nyaman, tenang, menarik Layout 1 Bed yang beda dengan unit lain Tertata dengan b...",5562209.0,187791.0,0.0332,-3.4,0.09,Fair Market Price,,"U Residences 1, Sp Deal, Furnished, View Ok Bagus",U Residence Karawaci,fuzzy
LST-00446,Embarcadero Bintaro • Studio Furnished (110 m²),https://www.rumah123.com/properti/tangerang-selatan-bintaro/disewakan-apartemen-embarcadero-bintaro-apr7843556/,Tangerang Selatan,Banten,Bintaro,"Bintaro, Tangerang Selatan",Apartemen,15000000.0,136363.63636363635,yearly,0,0,Studio / 1BR,110.0,14.635311908981269,1.88077029974464,Stasiun KRL Jurang Mangu (Bintaro),Tier 2: Inner Ring Metro (7-15km),0,0,0,0,0,0,0,0,0,0,0,0,-6.28352,106.711,listing,0,https://picture.rumah123.com/r123-images/360x210-crop/customer/68/9a37aa9e60fdea662ba6b77b913f2882.jpg,APARTEMEN EMBARCADERO BINTARO TANGERANG SELATAN *FORT SALE & FOR RENT*.  Lb 110.5 m2 Kt 3 Kamar Mandi 2 Listrik 11.000 Full Furnised FOR RENT  Harg...,15098711.0,-98711.0,-0.0066,0.7,-0.02,Fair Market Price,,Disewakan Apartemen Embarcadero Bintaro,Embarcadero Bintaro,exact
LST-00447,Embarcadero Bintaro • 2BR Furnished (64 m²),https://www.rumah123.com/properti/tangerang-selatan-bintaro/eastern-wing-embarcadero-suites-2-bdr-minimalist-unit-apr2702593/,Tangerang Selatan,Banten,Bintaro,"Bintaro, Tangerang Selatan",Apartemen,7916666.666666667,123697.91666666669,yearly,2,2,2 Bedroom,64.0,13.196618892687576,0.8997197178715167,Stasiun KRL Jurang Mangu (Bintaro),Tier 2: Inner Ring Metro (7-15km),0,0,0,0,0,0,0,0,0,0,0,0,-6.28241,106.72635,listing,0,https://picture.rumah123.com/r123-images/360x210-crop/customer/25897/2022-09-08-07-13-27-65f0ac50-7b90-4aa9-bafc-ff9d03936d92.jpg,Unit minimalist dan sangat bagus untuk disewakan serta tinggal membawa koper saja.  1 kamar tidur digunakan sebagai kamar kerja namun bisa menjadi ...,8530326.0,-613659.333333333,-0.0747,7.2,-0.21,Fair Market Price,,"Eastern Wing Embarcadero Suites, 2 Bdr Minimalist Unit",Embarcadero Bintaro,exact
LST-00448,Unresolved • Pondok Aren • 2BR Full Furnished (82 m²),https://www.rumah123.com/properti/tangerang-selatan-pondok-aren/sewa-apartemen-bintaro-2-kamar-bedroom-at-the-accent-apartment-full-furnished-apr7308509/,Tangerang Selatan,Banten,Pondok Aren,"Pondok Aren, Tangerang Selatan",Apartemen,10416666.666666666,127032.52032520324,yearly,2,1,2 Bedroom,82.0,12.910691973578643,1.8481696449718144,Stasiun KRL Jurang Mangu (Bintaro),Tier 2: Inner Ring Metro (7-15km),1,0,0,1,0,1,0,0,0,1,0,0,-6.274156,106.72346,listing,0,https://picture.rumah123.com/r123-images/360x210-crop/customer/398698/580af50e554f1e7143e88d674d206e03.jpg,"Fasilitas: Existing 2 Kamar Tidur 1 Kamar Mandi Luas sewa 60 m2 Balkon TV + Sofa 2 AC Water heater Mesin cuci front load Kulkas Microwave...",9908942.0,507724.6666666661,0.05,-5.1,0.14,Fair Market Price,,Sewa Apartemen Bintaro 2 Kamar Bedroom At The Accent Apartment Full Furnished,,unresolved
LST-00449,Unresolved • Bintaro • 2BR Furnished (38 m²),https://www.rumah123.com/properti/tangerang-selatan-bintaro/apartemen-baru-2-kamar-siap-huni-dekat-pusat-perbelanjaan-apr7845955/,Tangerang Selatan,Banten,Bintaro,"Bintaro, Tangerang Selatan",Apartemen,4583333.333333333,120614.03508771928,yearly,2,1,2 Bedroom,38.0,13.19670559789285,0.8997217613026535,Stasiun KRL Jurang Mangu (Bintaro),Tier 2: Inner Ring Metro (7-15km),0,0,0,1,0,0,1,0,0,0,0,0,-6.28241,106.726349,subdistrict_centroid,1,https://picture.rumah123.com/r123-images/360x210-crop/customer/4540713/listing/apr7845955/enhanced/fcebf643d0b7aa7a99c053e8d5d80eac.jpg,"Apartemen baru 2 kamar dilengkapi 3 unit AC, lokasi strategis dekat pusat perbelanjaan dan akses tol. Dilengkapi dengan fasilitas kolam renang dan ...",3353824.0,1229509.333333333,0.3123,-36.7,0.86,Premium / High Price,,Apartemen Baru 2 Kamar Siap Huni Dekat Pusat Perbelanjaan,,unresolved
LST-00450,The Kensington • 2BR Full Furnished (52 m²),https://www.rumah123.com/properti/tangerang-selatan-bsd/apartemen-sky-house-2br-bsd-unit-baru-view-pool-lantai-rendah-tower-kensington-tower-terbaru-samping-aeon-mall-1-menit-apr7845770/,Tangerang Selatan,Banten,BSD,"BSD, Tangerang Selatan",Apartemen,6500000.0,125000.0,yearly,2,1,2 Bedroom,52.0,21.365185417243254,4.077276069524725,Stasiun KRL Rawabuntu (BSD),Tier 3: Outer Commuter Ring (15-28km),1,0,0,0,0,0,1,0,0,0,0,1,-6.30073,106.6502669980909,subdistrict_centroid,1,https://picture.rumah123.com/r123-images/360x210-crop/customer/1089766/460e9470799a268e5cd5444cbb33a4b0.jpg,"Harga sd termasuk IPL, tapi belum termasuk Listrik, Air, Parkir. Unit & Furniture Baru, Tower terbaru, Unit di lantai rendah, view pool (sangat jel...",7705405.0,-1205405.0,-0.1701,15.6,-0.47,Fair Market Price,,"Apartemen, BSD, Sky House, Full Furnished, 2Br, Lantai 6, Pasar Modern, Universitas Prasetya Mulia, Universitas Atmajaya BSD, Perkantoran",The Kensington,exact
LST-00451,Sky House BSD • 3BR Furnished (69 m²),https://www.rumah123.com/properti/tangerang-selatan-bsd/sky-house-bsd-duxton-3br-luas-69m-city-view-apr7822536/,Tangerang Selatan,Banten,BSD,"BSD, Tangerang Selatan",Apartemen,10416666.666666666,150966.18357487922,yearly,3,2,3 Bedroom,69.0,21.365185417243254,4.077276069524725,Stasiun KRL Rawabuntu (BSD),Tier 3: Outer Commuter Ring (15-28km),0,0,0,0,0,0,0,0,0,0,0,0,-6.30073,106.6502669980909,subdistrict_centroid,1,https://picture.rumah123.com/r123-images/360x210-crop/customer/1993164/50d99e8bd66f278c1d09e468d4669041.jpg,"DISEWAKAN Apartemen Sky House BSD - Tower Duxton  Type 3BR, luas 69 m², lantai 32 dengan city view. Lokasi strategis di BSD, nyaman untuk hunian. ...",8693589.0,1723077.666666666,0.1808,-19.8,0.5,Fair Market Price,,"Sky House BSD Duxton - 3Br Luas 69M², City View",Sky House BSD,exact
LST-00452,Sky House BSD • 1BR Full Furnished (69 m²),https://www.rumah123.com/properti/tangerang-selatan-bsd/apartemen-sky-house-bsd-3bedroom-full-funished-brand-new-luas-69-meter-apr7823492/,Tangerang Selatan,Banten,BSD,"BSD, Tangerang Selatan",Apartemen,10000000.0,144927.53623188406,yearly,1,2,Studio / 1BR,69.0,21.365185417243254,4.077276069524725,Stasiun KRL Rawabuntu (BSD),Tier 3: Outer Commuter Ring (15-28km),1,0,0,0,0,0,0,0,0,0,0,0,-6.30073,106.6502669980909,subdistrict_centroid,1,https://picture.rumah123.com/r123-images/360x210-crop/customer/2106896/3b6d5a36c4f85dac2b4961ae70889f74.jpg,Disewakan  Apartemen Sky House BSD Tower duxton Lantai : 32 Harga : 120jt ( include IPL ) Type  : 3BR luas : 69Meter View City Full Furnished   Unt...,9430002.0,569998.0,0.0587,-6.0,0.16,Fair Market Price,,Apartemen Sky House BSD 3Bedroom Full Funished Brand New Luas 69 Meter,Sky House BSD,exact
LST-00453,Embarcadero Bintaro • 3BR Furnished (110 m²),https://www.rumah123.com/properti/tangerang-selatan-bintaro/disewakan-apartemen-embarcadero-bintaro-bagus-apr3305032/,Tangerang Selatan,Banten,Bintaro,"Bintaro, Tangerang Selatan",Apartemen,15000000.0,136363.63636363635,yearly,3,2,3 Bedroom,110.0,13.196618892687576,0.8997197178715167,Stasiun KRL Jurang Mangu (Bintaro),Tier 2: Inner Ring Metro (7-15km),0,0,0,0,0,0,0,0,0,0,0,0,-6.28241,106.72635,listing,0,https://picture.rumah123.com/r123-images/360x210-crop/customer/68/2024-05-18-04-43-40-74446abc-dfce-4f28-8724-a9ffd0c764e0.jpg,For Rent Apartemen Embarcadero Lb 110.5 m2 Kt 3 Kamar Mandi 2 Listrik 11.000 Full Furnised Harga 180jt/th Nego minimal sewa 2 th,14079830.0,920170.0,0.0633,-6.5,0.17,Fair Market Price,,Disewakan Apartemen Embarcadero Bintaro Bagus,Embarcadero Bintaro,exact
LST-00454,Embarcadero Bintaro • 1BR Unfurnished (32 m²),https://www.rumah123.com/properti/tangerang-selatan-bintaro/apartment-1-br-embarcadero-bintaro-bagus-furnished-apr3592271/,Tangerang Selatan,Banten,Bintaro,"Bintaro, Tangerang Selatan",Apartemen,3333333.333333333,104166.66666666669,yearly,1,1,Studio / 1BR,32.0,13.196618892687576,0.8997197178715167,Stasiun KRL Jurang Mangu (Bintaro),Tier 2: Inner Ring Metro (7-15km),0,0,1,1,0,1,0,0,0,0,0,0,-6.28241,106.72635,listing,0,https://picture.rumah123.com/r123-images/360x210-crop/customer/2138995/e4b55c6b50a9550302de3ec958a3cf55.jpg,Spesifikasi Kamar Tidur : 1 Kamar Mandi : 1 Kondisi Perabotan: Unfurnished Terpasang AC dan Waterheater  Sudah lengkap dengan fasilitas digedung Ko...,3930005.0,-596671.666666667,-0.1647,15.2,-0.45,Fair Market Price,,1 Br Unfurnished Sewa Tahunan Pondok Aren,Embarcadero Bintaro,exact
LST-00455,Unresolved • BSD • 2BR Furnished (134 m²),https://www.rumah123.com/properti/tangerang-selatan-bsd/disewakan-unit-hook-apartemen-soho-upper-west-bsd-dengan-city-view-apr7460032/,Tangerang Selatan,Banten,BSD,"BSD, Tangerang Selatan",Apartemen,15000000.0,111940.29850746268,yearly,2,2,2 Bedroom,134.0,21.365185417243254,4.077276069524725,Stasiun KRL Rawabuntu (BSD),Tier 3: Outer Commuter Ring (15-28km),0,0,0,0,0,0,0,0,0,0,0,0,-6.30073,106.6502669980909,subdistrict_centroid,1,https://picture.rumah123.com/r123-images/360x210-crop/customer/1948803/f6fafd73a4224a181dc00e63236ccc0b.jpg,"Disewakan Brand New SOHO Upper West BSD Unit Hook ‼️  North Tower | Lantai 12 Tipe 2 BR | 2 KT, 2 KM LB  134.09m² (semigross) / 117.88m²  (ne...",15270873.0,-270873.0,-0.0179,1.8,-0.05,Fair Market Price,,Disewakan Unit Hook Apartemen SOHO Upper West BSD dengan City View,,unresolved
LST-00456,Sky House BSD Tower Jervois • 2BR Full Furnished (48 m²),https://www.rumah123.com/properti/tangerang-selatan-bsd/dijual-disewa-apartemen-sky-house-bsd-tower-jervois-2br-full-furnished-lt-8-rp105-m-rp68-jt-per-tahun-apr7828221/,Tangerang Selatan,Banten,BSD,"BSD, Tangerang Selatan",Apartemen,5666666.666666667,118055.55555555556,yearly,2,1,2 Bedroom,48.0,21.67590145998228,4.064059267090162,Stasiun KRL Rawabuntu (BSD),Tier 3: Outer Commuter Ring (15-28km),1,0,0,0,0,0,0,0,0,0,0,0,-6.30355517267256,106.64862229883472,listing,0,https://picture.rumah123.com/r123-images/360x210-crop/customer/4353950/13b83b4ef8ec2c364e58de70b64dd46e.jpg,"DIJUAL / DISEWA APARTEMEN SKY HOUSE BSD TOWER JERVOIS 2BR FULL FURNISHED LT 8 - Rp1,05 M / Rp68 JT PER TAHUN  Apartemen Sky House BSD Tower Jervois...",6113333.0,-446666.333333333,-0.0759,7.3,-0.21,Fair Market Price,,"Dijual / Disewa Apartemen Sky House BSD Tower Jervois 2Br Full Furnished LT 8 - Rp1,05 M / Rp68 Jt Per Tahun",Sky House BSD,exact
LST-00457,The Branz BSD • 1BR Full Furnished (56 m²),https://www.rumah123.com/properti/tangerang-selatan-bsd/disewa-apartemen-branz-bsd-1-bedroom-fully-furnished-view-aeon-apr7847586/,Tangerang Selatan,Banten,BSD,"BSD, Tangerang Selatan",Apartemen,7083333.333333333,126488.09523809524,yearly,1,1,Studio / 1BR,56.0,22.0758306305582,4.7615830610337255,Stasiun KRL Rawabuntu (BSD),Tier 3: Outer Commuter Ring (15-28km),1,0,0,0,0,0,0,0,0,0,0,0,-6.30073,106.64298,listing,0,https://picture.rumah123.com/r123-images/360x210-crop/customer/4353950/ef3968f0b9f76bae1d063133c931521f.jpg,"**SEWA APARTEMEN BRANZ BSD 1 BEDROOM FULLY FURNISHED VIEW AEON**  Apartemen **Branz BSD** 1 Bedroom dengan luas **56 m²**, fully furnished, interi...",6600301.0,483032.333333333,0.0706,-7.3,0.19,Fair Market Price,,Disewa Apartemen Branz BSD 1 Bedroom Fully Furnished View Aeon,The Branz BSD,exact
LST-00458,B-Residence BSD • Studio Full Furnished (19 m²),https://www.rumah123.com/properti/tangerang-selatan-bsd/disewakan-murah-unit-studio-full-furnished-apartment-b-residence-bsd-apr7539842/,Tangerang Selatan,Banten,BSD,"BSD, Tangerang Selatan",Apartemen,2416666.6666666665,127192.98245614034,yearly,1,1,Studio / 1BR,19.0,21.365185417243254,4.077276069524725,Stasiun KRL Rawabuntu (BSD),Tier 3: Outer Commuter Ring (15-28km),1,0,0,0,0,0,0,0,0,0,0,0,-6.30073,106.6502669980909,subdistrict_centroid,1,https://picture.rumah123.com/r123-images/360x210-crop/customer/1620824/7b3f4b9d9336b65d8f08fd62d5f7d794.jpg,Disewa Apartment B - Residence BSD  - Tower Rosa - Studio 19.9m2  - Lantai 28 - Fully Furnished - Harga sewa 45jt/tahun turun 29 nett - Uang jamina...,2344608.0,72058.66666666651,0.0303,-3.1,0.08,Fair Market Price,,Disewakan Murah Unit Studio Full Furnished Apartment B - Residence BSD,B-Residence BSD,exact
LST-00459,Sky House BSD • 3BR Furnished (90 m²),https://www.rumah123.com/properti/tangerang-selatan-bsd/disewakan-apartemen-skyhouse-bsd-3br-dekat-ice-bsd-apr7467990/,Tangerang Selatan,Banten,BSD,"BSD, Tangerang Selatan",Apartemen,10416666.666666666,115740.74074074072,yearly,3,2,3 Bedroom,90.0,21.365185417243254,4.077276069524725,Stasiun KRL Rawabuntu (BSD),Tier 3: Outer Commuter Ring (15-28km),0,0,0,0,0,0,0,0,0,0,0,0,-6.30073,106.6502669980909,subdistrict_centroid,1,https://picture.rumah123.com/r123-images/360x210-crop/customer/2007639/8316d78317051403ce39b40029e2192e.jpg,"Apartemen SkyHouse Tower Claymore, BSD. Kamar Tidur 4, Kamar Mandi 2, Lantai 8.  Apartemen SkyHouse, BSD siap huni. Apartemen ini dilengkapi dengan...",11439652.0,-1022985.333333334,-0.0937,8.9,-0.26,Fair Market Price,,"Disewakan Apartemen Skyhouse Claymore BSD. 3Br , Dekat Aeon",Sky House BSD,exact
LST-00460,Sky View BSD • 2BR Full Furnished (31 m²),https://www.rumah123.com/properti/tangerang-selatan-bsd/disewakan-apartemen-sky-view-bsd-cozy-2-bedroom-full-furnished-apr7561471/,Tangerang Selatan,Banten,BSD,"BSD, Tangerang Selatan",Apartemen,1800000.0,58064.51612903226,monthly,2,1,2 Bedroom,31.0,21.365185417243254,4.077276069524725,Stasiun KRL Rawabuntu (BSD),Tier 3: Outer Commuter Ring (15-28km),1,0,0,0,0,0,1,0,0,0,0,0,-6.30073,106.6502669980909,subdistrict_centroid,1,https://picture.rumah123.com/r123-images/360x210-crop/customer/22565/858c7821cb8d8fab63cc416ce24bb520.jpg,"Apartemen di CBD BSD, Tangerang Selatan.   - Kondisi Perabotan: Full Furnished  Sudah lengkap dengan fasilitas:    - Masjid.   - Kolam Renang. - mi...",3871912.0,-2071912.0,-0.766,53.5,-2.11,Deep Value Deal (Rare Find),deep,Disewakan Apartemen Sky View BSD Cozy 2 Bedroom Full Furnished,Sky View BSD,exact
LST-00461,Akasa Pure Living BSD • Studio Full Furnished (22 m²),https://www.rumah123.com/properti/tangerang-selatan-bsd/disewakan-apartemen-akasa-bsd-cozy-studio-full-furnished-apr7779806/,Tangerang Selatan,Banten,BSD,"BSD, Tangerang Selatan",Apartemen,2400000.0,109090.90909090907,monthly,1,1,Studio / 1BR,22.0,21.365185417243254,4.077276069524725,Stasiun KRL Rawabuntu (BSD),Tier 3: Outer Commuter Ring (15-28km),1,0,0,0,0,0,0,0,0,0,0,0,-6.30073,106.6502669980909,subdistrict_centroid,1,https://picture.rumah123.com/r123-images/360x210-crop/customer/22565/2f04297c284345169cbd6471bec0ee88.jpg,"Apartemen di BSD.  Cek segera apartemen baru yang modern ini,  disewakan menawarkan lingkungan fasilitas yang lengkap, cocok untuk Anda yang mengin...",2558527.0,-158527.0,-0.064,6.2,-0.18,Fair Market Price,,Disewakan Apartemen Akasa BSD Cozy Studio Full Furnished,Akasa Pure Living BSD,exact
LST-00462,Casa De Parco BSD • Studio Semi Furnished (26 m²),https://www.rumah123.com/properti/tangerang-selatan-bsd/disewakan-atau-dijual-apart-casa-de-parco-apr7708189/,Tangerang Selatan,Banten,BSD,"BSD, Tangerang Selatan",Apartemen,1666666.6666666667,64102.56410256411,yearly,0,0,Studio / 1BR,26.0,21.365185417243254,4.077276069524725,Stasiun KRL Rawabuntu (BSD),Tier 3: Outer Commuter Ring (15-28km),0,1,0,0,0,0,0,0,0,0,0,0,-6.30073,106.6502669980909,subdistrict_centroid,1,https://picture.rumah123.com/r123-images/360x210-crop/customer/2156945/listing/apr7708189/enhanced/afa149e81d4de5f0a1b5d63e53700093.jpg,"Di sewakan or di jual Murah bgt ini..  Casa de Parco apt  Tower magnolia Lt5  Type studio semi furnish Luas semigross +-26,30m Luas netto : +-22,15...",3073603.0,-1406936.3333333333,-0.612,45.8,-1.68,Deep Value Deal (Rare Find),deep,Disewakan atau Dijual Apart Casa De Parco,Casa De Parco BSD,exact
LST-00463,Sky House BSD Tower Duxton • 3BR Furnished (68 m²),https://www.rumah123.com/properti/tangerang-selatan-bsd/dijualdisewakan-apartemen-sky-house-bsd-tower-duxton-apr7838017/,Tangerang Selatan,Banten,BSD,"BSD, Tangerang Selatan",Apartemen,7916666.666666667,116421.56862745098,yearly,3,1,3 Bedroom,68.0,21.365185417243254,4.077276069524725,Stasiun KRL Rawabuntu (BSD),Tier 3: Outer Commuter Ring (15-28km),0,0,0,0,0,0,0,0,0,0,0,0,-6.30073,106.6502669980909,subdistrict_centroid,1,https://picture.rumah123.com/r123-images/360x210-crop/customer/2156945/77d96394f36ba7dc6409f0f974d89c31.jpg,DIJUAL/DISEWA - SKY HOUSE BSD  Tower Duxton | Lantai 18 | Sebelah AEON Mall (1 menit jalan kaki)  Apartemen siap huni dengan posisi lantai ideal da...,9172441.0,-1255774.333333333,-0.1472,13.7,-0.4,Fair Market Price,,Dijual/Disewakan Apartemen Sky House BSD Tower Duxton,Sky House BSD,exact
LST-00464,Sky View BSD • Studio Furnished (22 m²),https://www.rumah123.com/properti/tangerang-selatan-bsd/disewakan-apartemen-sky-view-bsd-cozy-studio-furnished-apr7742581/,Tangerang Selatan,Banten,BSD,"BSD, Tangerang Selatan",Apartemen,1500000.0,68181.81818181818,monthly,1,1,Studio / 1BR,22.0,21.365185417243254,4.077276069524725,Stasiun KRL Rawabuntu (BSD),Tier 3: Outer Commuter Ring (15-28km),0,0,0,0,0,0,0,0,0,0,0,0,-6.30073,106.6502669980909,subdistrict_centroid,1,https://picture.rumah123.com/r123-images/360x210-crop/customer/22565/listing/apr7742581/enhanced/8f5b4ca67e25fdf3ad45f82675da8cf3.jpg,"Strategis di pusat kota BSD City, dekat Autoparts Bsd, mall ITC BSD, Teras kota dsb",2435899.0,-935899.0,-0.4849,38.4,-1.33,Good Deal (Undervalued),good,Disewakan Apartemen Sky View BSD Cozy Studio Furnished,Sky View BSD,exact
LST-00465,Sky View BSD • Studio Full Furnished (21 m²),https://www.rumah123.com/properti/tangerang-selatan-bsd/disewakan-apartemen-sky-view-bsd-cozy-studio-full-furnished-apr7835514/,Tangerang Selatan,Banten,BSD,"BSD, Tangerang Selatan",Apartemen,1500000.0,71428.57142857143,monthly,1,1,Studio / 1BR,21.0,21.365185417243254,4.077276069524725,Stasiun KRL Rawabuntu (BSD),Tier 3: Outer Commuter Ring (15-28km),1,0,0,0,0,0,0,0,0,0,0,0,-6.30073,106.6502669980909,subdistrict_centroid,1,https://picture.rumah123.com/r123-images/360x210-crop/customer/22565/4b453d9c65a0d2bd4f1408f21d9aa3c6.jpg,"Lokasi sangat strategis di CBD Bsd City, unit sangat bagus dan nyaman..",2417734.0,-917734.0,-0.4774,38.0,-1.31,Good Deal (Undervalued),good,Disewakan Apartemen Sky View BSD Cozy Studio Full Furnished,Sky View BSD,exact
LST-00466,Sky House BSD • 2BR Full Furnished (48 m²),https://www.rumah123.com/properti/tangerang-selatan-bsd/disewakan-murah-sky-house-bsd-dekat-aeon-kampus-dan-perkantoran-apr7847397/,Tangerang Selatan,Banten,BSD,"BSD, Tangerang Selatan",Apartemen,6250000.0,130208.33333333331,yearly,2,1,2 Bedroom,48.0,21.365185417243254,4.077276069524725,Stasiun KRL Rawabuntu (BSD),Tier 3: Outer Commuter Ring (15-28km),1,0,0,0,0,0,1,0,0,0,0,0,-6.30073,106.6502669980909,subdistrict_centroid,1,https://picture.rumah123.com/r123-images/360x210-crop/customer/4512287/7e4517bf6db7fac409b9aa3d1925bc1b.jpg,*Dijual/ Disewakan Skyhouse BSD CITY* Tower Jervois Lt.10 ( Hadap taman dan kolam renang )* - Luas 48 m2 - ⁠2 kamar Tidur - ⁠Fully Furnish mewa...,5956037.0,293963.0,0.0482,-4.9,0.13,Fair Market Price,,"Disewakan Murah Sky House BSD Dekat Aeon, Kampus, dan Perkantoran",Sky House BSD,exact
LST-00467,Sky House BSD • Studio Furnished (23 m²),https://www.rumah123.com/properti/tangerang-selatan-bsd/include-ipl-disewakan-apartemen-sky-house-bsd-studio-furnish-apr7803893/,Tangerang Selatan,Banten,BSD,"BSD, Tangerang Selatan",Apartemen,3750000.0,163043.47826086957,yearly,1,1,Studio / 1BR,23.0,21.5959212765597,4.013713446944842,Stasiun KRL Rawabuntu (BSD),Tier 3: Outer Commuter Ring (15-28km),0,0,0,0,0,0,0,0,0,0,0,0,-6.303290631557886,106.64930233422764,listing,0,https://picture.rumah123.com/r123-images/360x210-crop/customer/669115/26ac5336faf5b23d95dba7ac18818d52.jpg,"Apartemen 22 lantai di BSD, Tangerang Selatan.  Disewakan di wilayah yang asri. Dengan spesifikasinya adalah sebagai berikut:   - Kamar Tidur: 1   ...",2470564.0,1279436.0,0.4173,-51.8,1.15,Premium / High Price,,Include IPL Disewakan Apartemen Sky House BSD Studio Furnish,Sky House BSD,exact
LST-00468,Marigold Nava Park • Studio Furnished (91 m²),https://www.rumah123.com/properti/tangerang-selatan-bsd/comfortable-living-marigold-apartment-navapark-apr7760273/,Tangerang Selatan,Banten,BSD,"BSD, Tangerang Selatan",Apartemen,14166666.666666666,155677.65567765568,yearly,0,0,Studio / 1BR,91.0,21.365185417243254,4.077276069524725,Stasiun KRL Rawabuntu (BSD),Tier 3: Outer Commuter Ring (15-28km),0,0,0,0,0,0,0,0,0,0,0,0,-6.30073,106.6502669980909,subdistrict_centroid,1,https://picture.rumah123.com/r123-images/360x210-crop/customer/7223/listing/apr7760273/enhanced/c7f5c5f21d84c67b421b62fba5230158.jpg,Elegant & Move-in Ready Apartment with Park View  Experience comfortable living in this beautifully maintained apartment featuring 2 spacious bedro...,12159329.0,2007337.666666666,0.1528,-16.5,0.42,Fair Market Price,,Comfortable Living @Marigold Apartment Navapark,Marigold Nava Park,exact
LST-00469,The Branz BSD • 2BR Furnished (80 m²),https://www.rumah123.com/properti/tangerang-selatan-bsd/apartemen-branz-bsd-2-bedroom-furnished-siap-huni-apr7746484/,Tangerang Selatan,Banten,BSD,"BSD, Tangerang Selatan",Apartemen,9166666.666666666,114583.33333333331,yearly,2,2,2 Bedroom,80.0,21.365185417243254,4.077276069524725,Stasiun KRL Rawabuntu (BSD),Tier 3: Outer Commuter Ring (15-28km),0,0,0,0,0,0,0,0,0,0,0,0,-6.30073,106.6502669980909,subdistrict_centroid,1,https://picture.rumah123.com/r123-images/360x210-crop/customer/1402871/listing/apr7746484/enhanced/2b533b9ef1d2165a9fd17516c42f47f1.jpg,Apartemen Branz 2 Bedroom Furnished  siap huni  110juta per tahun   Nathalia 0821xxxxxxxx,10609700.0,-1443033.333333334,-0.1462,13.6,-0.4,Fair Market Price,,"Apartemen Branz BSD 2 Bedroom Murah, Furnished Siap Huni",The Branz BSD,exact
LST-00470,The Branz BSD • 1BR Furnished (48 m²),https://www.rumah123.com/properti/tangerang-selatan-bsd/apartemen-bsd-furnished-siap-huni-cakep-lokasi-dekat-pintu-tol-bsd-aeon-mal-prasmul-atmajaya-pasar-apr7839012/,Tangerang Selatan,Banten,BSD,"BSD, Tangerang Selatan",Apartemen,6666666.666666667,138888.8888888889,yearly,1,1,Studio / 1BR,48.0,21.365185417243254,4.077276069524725,Stasiun KRL Rawabuntu (BSD),Tier 3: Outer Commuter Ring (15-28km),0,0,0,0,0,0,0,0,1,0,0,0,-6.30073,106.6502669980909,subdistrict_centroid,1,https://picture.rumah123.com/r123-images/360x210-crop/customer/1402871/0769c9d82e29acef993a222fe470f562.jpg,*Apartemen Branz BSD siap huni furnished  *) Branz 1BR Tower B Luas : 48m2 Kamar mandi : 1 Furnished cakep Rp 80jt / thn,5418207.0,1248459.666666667,0.2074,-23.0,0.57,Fair Market Price,,"Apartemen BSD Branz Furnished Siap Huni Cakep.. Lokasi Dekat Pintu Tol BSD,. Aeon Mal, Prasmul, Atmajaya. Pasar Intermoda,..Stasiun.kereta Cisauk",The Branz BSD,exact
LST-00471,The Branz BSD Tower B • 1BR Furnished (41 m²),https://www.rumah123.com/properti/tangerang-selatan-bsd/apartemen-branz-bsd-1-bedroom-furnished-siap-huni-tower-b-apr7622578/,Tangerang Selatan,Banten,BSD,"BSD, Tangerang Selatan",Apartemen,6250000.0,152439.0243902439,yearly,1,1,Studio / 1BR,41.0,21.365185417243254,4.077276069524725,Stasiun KRL Rawabuntu (BSD),Tier 3: Outer Commuter Ring (15-28km),0,0,0,1,0,0,0,0,0,0,1,0,-6.30073,106.6502669980909,subdistrict_centroid,1,https://picture.rumah123.com/r123-images/360x210-crop/customer/1402871/6f2627f997c34ae3c5e2046136bb7271.jpg,Dijual / Disewa Apt Branz BSD 1 bedroom tower B   Unit Apartemen sudah di lengkapi dengan 2 unit AC Bed and Side Table Sofabed Kitchen set (Kompor ...,4065459.0,2184541.0,0.4301,-53.7,1.18,Premium / High Price,,Apartemen Branz BSD 1 Bedroom Furnished Siap Huni Tower B,The Branz BSD,exact
LST-00472,Casa De Parco BSD • 1BR Semi Furnished (40 m²),https://www.rumah123.com/properti/tangerang-selatan-bsd/sewa-1br-apartemen-casa-de-parco-bsd-apr7754286/,Tangerang Selatan,Banten,BSD,"BSD, Tangerang Selatan",Apartemen,3750000.0,93750.0,yearly,1,1,Studio / 1BR,40.0,14.635311908981269,1.88077029974464,Stasiun KRL Jurang Mangu (Bintaro),Tier 2: Inner Ring Metro (7-15km),0,1,0,0,0,0,0,0,0,0,0,0,-6.28352,106.711,listing,0,https://picture.rumah123.com/r123-images/360x210-crop/customer/4463427/listing/apr7754286/enhanced/3e871f06054ef32bce9c47cb060d890d.jpg,DISEWA/DIJUAL ‼️  APARTEMEN CASA DE PARCO TOWER MAGNOLIA 1 BR  LB 40.25m2 IPL 1.1jt/bulan Listrik -+1300 watt semifurnish Lantai 8  Harga sewa ...,4157283.0,-407283.0,-0.1031,9.8,-0.28,Fair Market Price,,Sewa 1Br Apartemen Casa De Parco BSD,Casa De Parco BSD,exact
LST-00473,Embarcadero Bintaro • 2BR Furnished (68 m²),https://www.rumah123.com/properti/tangerang-selatan-bintaro/disewakan-apartemen-embarcadero-suite2br-kosong-apr3566114/,Tangerang Selatan,Banten,Bintaro,"Bintaro, Tangerang Selatan",Apartemen,6500000.0,95588.23529411764,monthly,2,1,2 Bedroom,68.0,13.196618892687576,0.8997197178715167,Stasiun KRL Jurang Mangu (Bintaro),Tier 2: Inner Ring Metro (7-15km),0,0,1,1,0,0,0,0,0,0,0,0,-6.28241,106.72635,listing,0,https://picture.rumah123.com/r123-images/360x210-crop/customer/2130510/e12a700ef252cfbcc6189f4e30b5389c.jpg,"Disewakan apartemen embarcadero 2 kamar ,2 kamar mandi (Bathup) unit kosong/unfurnished akan dipasang Ac disetiap ruangan dan akan dipasang water h...",7749638.0,-1249638.0,-0.1758,16.1,-0.48,Fair Market Price,,Disewakan Apartemen Embarcadero Suite2br Kosong,Embarcadero Bintaro,exact
LST-00474,Embarcadero Bintaro • 1BR Furnished (32 m²),https://www.rumah123.com/properti/tangerang-selatan-bintaro/di-sewakan-apartemen-embarcadero-bintaro-1-kamar-tidur-apr7298727/,Tangerang Selatan,Banten,Bintaro,"Bintaro, Tangerang Selatan",Apartemen,3000000.0,93750.0,yearly,1,1,Studio / 1BR,32.0,13.19670559789285,0.8997217613026535,Stasiun KRL Jurang Mangu (Bintaro),Tier 2: Inner Ring Metro (7-15km),0,0,0,1,0,1,0,0,0,0,0,0,-6.28241,106.726349,listing,0,https://picture.rumah123.com/r123-images/360x210-crop/customer/2130510/2ff0c0476ec7f4ffa224b96daf496ef1.jpg,Di sewakan apaetemen embarcadero bintaro 1 kamar luas 32M² view city minimal sewa 6 bulan unit sudah terpasang Ac dan water Heater,4333604.0,-1333604.0,-0.3678,30.8,-1.01,Good Deal (Undervalued),good,Di Sewakan Apartemen Embarcadero Bintaro 1 Kamar Tidur,Embarcadero Bintaro,exact
LST-00475,Embarcadero Bintaro • 2BR Furnished (68 m²),https://www.rumah123.com/properti/tangerang-selatan-bintaro/disewakan-apartemen-embarcadero-2-kamar-tidur-apr7540764/,Tangerang Selatan,Banten,Bintaro,"Bintaro, Tangerang Selatan",Apartemen,7750000.0,113970.58823529413,monthly,2,1,2 Bedroom,68.0,13.19670559789285,0.8997217613026535,Stasiun KRL Jurang Mangu (Bintaro),Tier 2: Inner Ring Metro (7-15km),0,0,0,0,0,0,0,0,0,0,0,0,-6.28241,106.726349,listing,0,https://picture.rumah123.com/r123-images/360x210-crop/customer/2130510/c6f56e0ec95affd61de39c0ea446cd3d.jpg,"Apartemen Embarcadero di Bintaro  Disewakan apartemen Embarcadero  yang nyaman ini,  disewakan menghadirkan lingkungan fasilitas yang lengkap, coco...",8773589.0,-1023589.0,-0.1241,11.7,-0.34,Fair Market Price,,Disewakan Apartemen Embarcadero Bintaro2 Kamar Tidur,Embarcadero Bintaro,fuzzy
LST-00476,Sky House BSD • 2BR Full Furnished (48 m²),https://www.rumah123.com/properti/tangerang-selatan-bsd/disewakan-apartemen-skyhouse-furnish-2br-bsd-apr7616283/,Tangerang Selatan,Banten,BSD,"BSD, Tangerang Selatan",Apartemen,5000000.0,104166.66666666669,yearly,2,1,2 Bedroom,48.0,21.365185417243254,4.077276069524725,Stasiun KRL Rawabuntu (BSD),Tier 3: Outer Commuter Ring (15-28km),1,0,0,0,0,0,0,0,0,0,0,0,-6.30073,106.6502669980909,subdistrict_centroid,1,https://picture.rumah123.com/r123-images/360x210-crop/customer/1361666/461f52b8673af7bc5e42841a4d7ab5fc.jpg,"Siap huni Apartemen Fully Furnish 2 BR, SKY HOUSE, BSD TOWER JERVOIS - Tangerang View City Listrik 220 Deposit 6 juta,  IPL per 3 bulan sekitar kur...",6056822.0,-1056822.0,-0.1917,17.4,-0.53,Fair Market Price,,"Disewakan Apartemen Skyhouse Furnish 2Br, BSD",Sky House BSD,exact
LST-00477,Unresolved • BSD • 2BR Full Furnished (42 m²),https://www.rumah123.com/properti/tangerang-selatan-bsd/disewakan-apartemen-mewah-full-furnished-dekat-aeon-mall-apr7768951/,Tangerang Selatan,Banten,BSD,"BSD, Tangerang Selatan",Apartemen,5833333.333333333,138888.88888888888,yearly,2,1,2 Bedroom,42.0,21.365185417243254,4.077276069524725,Stasiun KRL Rawabuntu (BSD),Tier 3: Outer Commuter Ring (15-28km),1,0,0,0,0,0,0,0,0,0,0,0,-6.30073,106.6502669980909,subdistrict_centroid,1,https://picture.rumah123.com/r123-images/360x210-crop/customer/1948803/076a078dc8976eec006477efe281826f.jpg,"Disewakan apartemen mewah di Roseville Soho & Suites Full Furnished di BSD ‼️  Akses sangat strategis, hanya:  3 menit menuju Teras Kota BSD  5...",5160344.0,672989.333333333,0.1226,-13.0,0.34,Fair Market Price,,Disewakan Apartemen Mewah Full Furnished Dekat Aeon Mall,,unresolved
LST-00478,Marigold Nava Park Tower 1 • 2BR Furnished (98 m²),https://www.rumah123.com/properti/tangerang-selatan-bsd/apartemen-marigold-2br-tower-1-apr7696292/,Tangerang Selatan,Banten,BSD,"BSD, Tangerang Selatan",Apartemen,12083333.333333334,123299.31972789115,yearly,2,2,2 Bedroom,98.0,21.167499221930964,4.330141909075083,Stasiun KRL Rawabuntu (BSD),Tier 3: Outer Commuter Ring (15-28km),0,0,0,0,0,0,0,0,0,0,0,0,-6.296952634484654,106.6502669980909,listing,0,https://picture.rumah123.com/r123-images/360x210-crop/customer/1187377/listing/apr7696292/enhanced/806e3206adb720b2e66579bfdccb67cd.jpg,"Apartemen Marigold NavaPark Tower 1 berlokasi di kawasan premium CBD BSD City, Tangerang. Dikembangkan oleh Hongkong Land & Sinarmas Land, Tower 1 ...",10856670.0,1226663.333333334,0.107,-11.3,0.29,Fair Market Price,,Apartemen Marigold 2Br Tower 1,Marigold Nava Park,exact
LST-00479,The Breeze Bintaro • 1BR Furnished (35 m²),https://www.rumah123.com/properti/tangerang-selatan-bintaro/apartemen-breeze-full-furniesd-apr7844798/,Tangerang Selatan,Banten,Bintaro,"Bintaro, Tangerang Selatan",Apartemen,6000000.0,171428.57142857142,monthly,1,1,Studio / 1BR,35.0,13.19670559789285,0.8997217613026535,Stasiun KRL Jurang Mangu (Bintaro),Tier 2: Inner Ring Metro (7-15km),0,0,0,0,1,0,0,0,0,0,0,0,-6.28241,106.726349,listing,0,https://picture.rumah123.com/r123-images/360x210-crop/customer/1834853/f3792fafc4bb6eb49cdb708d2f49aca2.jpg,Apartemen Breeze Full Furnied tinggal bawa koper aja   harga sewa belum termasuk pemakaian listrik air dan indihome  harga sewa sudah termasuk IPL,4546427.0,1453573.0,0.2774,-32.0,0.76,Premium / High Price,,Apartemen Breeze Full Furniesd,The Breeze Bintaro,exact
LST-00480,B-Residence BSD Tower Lotus • 1BR Full Furnished (32 m²),https://www.rumah123.com/properti/tangerang-selatan-bsd/apartement-b-residence-full-furnished-tower-lotus-luas-32-apr7529735/,Tangerang Selatan,Banten,BSD,"BSD, Tangerang Selatan",Apartemen,4000000.0,125000.0,yearly,1,1,Studio / 1BR,32.0,21.365185417243254,4.077276069524725,Stasiun KRL Rawabuntu (BSD),Tier 3: Outer Commuter Ring (15-28km),1,0,0,0,0,0,0,0,0,0,0,0,-6.30073,106.6502669980909,subdistrict_centroid,1,https://picture.rumah123.com/r123-images/360x210-crop/customer/1060051/c09f2c747da4b7694282371382e5ffb2.jpg,"✨ DISEWAKAN CEPAT | APARTEMENT B RESIDENCE - TOWER LOTUS ✨  Hunian nyaman & praktis, FULL FURNISHED, siap langsung huni! Cocok untuk profesiona...",4079558.0,-79558.0,-0.0197,2.0,-0.05,Fair Market Price,,Apartement B Residence Full Furnished Tower Lotus Luas 32,B-Residence BSD,exact
LST-00481,Embarcadero Bintaro • 2BR Full Furnished (67 m²),https://www.rumah123.com/properti/tangerang-selatan-bintaro/disewa-apartemen-embarcadero-bintaro-tangerang-selatan-2-bedroom-apr7812279/,Tangerang Selatan,Banten,Bintaro,"Bintaro, Tangerang Selatan",Apartemen,7500000.0,111940.29850746268,monthly,2,1,2 Bedroom,67.0,13.19670559789285,0.8997217613026535,Stasiun KRL Jurang Mangu (Bintaro),Tier 2: Inner Ring Metro (7-15km),1,0,0,0,0,0,0,0,0,0,0,0,-6.28241,106.726349,listing,0,https://picture.rumah123.com/r123-images/360x210-crop/customer/28560/26193aadd1ab062aeaabed0a37b83c2e.jpg,Disewa Apartemen Embarcadero Bintaro Tangerang Selatan  Type 2 Bedroom  Unit Terawat Full Furnished  Bisa sewa min per 3 bulan Rp 23 juta  Pembayar...,9971947.0,-2471947.0,-0.2849,24.8,-0.78,Good Deal (Undervalued),good,Disewa Turun Harga Apartemen Embarcadero Bintaro Tangerang Selatan 2 Bedroom Furnished bisa Sewa Per Bulan,Embarcadero Bintaro,exact
LST-00482,B-Residence BSD Tower Rose • Studio Full Furnished (23 m²),https://www.rumah123.com/properti/tangerang-selatan-bsd/apartemen-b-residence-bsd-tower-rose-dekat-universitas-prasetya-mulya-full-furnished-city-view-apr7785816/,Tangerang Selatan,Banten,BSD,"BSD, Tangerang Selatan",Apartemen,3166666.6666666665,137681.15942028986,yearly,0,1,Studio / 1BR,23.0,21.365185417243254,4.077276069524725,Stasiun KRL Rawabuntu (BSD),Tier 3: Outer Commuter Ring (15-28km),1,0,0,0,0,0,0,0,0,0,0,0,-6.30073,106.6502669980909,subdistrict_centroid,1,https://picture.rumah123.com/r123-images/360x210-crop/customer/4492909/3128fe45f826c638b7c1139fd32e6721.jpg,"B Residence BSD menawarkan unit studio yang sepenuhnya dilengkapi dengan luas 23m2, cocok untuk profesional muda dan mahasiswa yang menginginkan hu...",2688217.0,478449.6666666665,0.1638,-17.8,0.45,Fair Market Price,,Disewakn Apartemen B Residence BSD Tower Rose (Direct Owner) Full Furnished City View,B-Residence BSD,exact
LST-00483,The Branz BSD • 1BR Full Furnished (45 m²),https://www.rumah123.com/properti/tangerang-selatan-bsd/disewa-apartemen-branz-bsd-1-bed-room-fully-furnished-apr7848514/,Tangerang Selatan,Banten,BSD,"BSD, Tangerang Selatan",Apartemen,7083333.333333333,157407.4074074074,yearly,1,1,Studio / 1BR,45.0,21.365185417243254,4.077276069524725,Stasiun KRL Rawabuntu (BSD),Tier 3: Outer Commuter Ring (15-28km),1,0,0,0,0,0,0,0,0,0,0,0,-6.30073,106.6502669980909,subdistrict_centroid,1,https://picture.rumah123.com/r123-images/360x210-crop/customer/1966454/f8b46a959bd1525b273eccf690e89f7c.jpg,"Disewa  Apartemen Branz BSD Tangerang Selatan   Lantai 5   Tower B  1 Bed room   Luas 45 m²  Fully Furnished interior design, Cozy, dan Mewah.   L...",5889264.0,1194069.333333333,0.1846,-20.3,0.51,Fair Market Price,,Disewa Apartemen Branz BSD 1 Bed Room Fully Furnished,The Branz BSD,exact
LST-00484,The Branz BSD • 2BR Full Furnished (63 m²),https://www.rumah123.com/properti/tangerang-selatan-bsd/disewakan-apartment-the-branz-bsd-city-luxury-full-furnished-apr7845688/,Tangerang Selatan,Banten,BSD,"BSD, Tangerang Selatan",Apartemen,11666666.666666666,185185.1851851852,yearly,2,1,2 Bedroom,63.0,21.365185417243254,4.077276069524725,Stasiun KRL Rawabuntu (BSD),Tier 3: Outer Commuter Ring (15-28km),1,0,0,0,0,0,0,0,0,0,0,0,-6.30073,106.6502669980909,subdistrict_centroid,1,https://picture.rumah123.com/r123-images/360x210-crop/customer/4478180/043c5e04ac0aee12881424e48da186b4.jpg,DISEWAKAN  APARTMENT THE BRANZ BSD CITY  Tower A Luas : 63m² KT : 2 KM : 1 LUXURY FURNISHED  Fasilitas Premium: *️Drinkable tap water (air keran...,8321150.0,3345516.666666666,0.3379,-40.2,0.93,Premium / High Price,,Disewakan Apartment The Branz BSD City Luxury Full Furnished,The Branz BSD,exact
LST-00485,Marigold Nava Park • Studio Full Furnished (50 m²),https://www.rumah123.com/properti/tangerang-selatan-bsd/disewakan-apartemen-marigold-nava-park-bsd-apr7782244/,Tangerang Selatan,Banten,BSD,"BSD, Tangerang Selatan",Apartemen,7500000.0,150000.0,yearly,0,0,Studio / 1BR,50.0,21.365185417243254,4.077276069524725,Stasiun KRL Rawabuntu (BSD),Tier 3: Outer Commuter Ring (15-28km),1,0,0,0,0,0,0,0,0,0,0,0,-6.30073,106.6502669980909,subdistrict_centroid,1,https://picture.rumah123.com/r123-images/360x210-crop/customer/2166869/b40ffd5fa444932cffe829b2db0fe731.jpg,"DISEWAKAN*   Apartemen Marigold, Nava Park, BSD. 1 Bedroom (50 m2).  Tower 7, 15th floor.  Full furnished  ▪️King bed size, wardrobe, cabinet �...",6648502.0,851498.0,0.1205,-12.8,0.33,Fair Market Price,,"Disewakan Apartemen Marigold, Nava Park, Bsd.‼️",Marigold Nava Park,exact
LST-00486,The Branz BSD Tower C • 2BR Full Furnished (80 m²),https://www.rumah123.com/properti/tangerang-selatan-bsd/apartemen-the-branz-bsd-2-bedroom-1-bathroom-tower-c-view-pool-full-furnish-interior-cakep-brand-new-belum-pernah-apr7761741/,Tangerang Selatan,Banten,BSD,"BSD, Tangerang Selatan",Apartemen,12500000.0,156250.0,yearly,2,1,2 Bedroom,80.0,21.365185417243254,4.077276069524725,Stasiun KRL Rawabuntu (BSD),Tier 3: Outer Commuter Ring (15-28km),1,0,0,0,0,0,1,0,0,0,0,0,-6.30073,106.6502669980909,subdistrict_centroid,1,https://picture.rumah123.com/r123-images/360x210-crop/customer/1402871/2e6f3e57908cc76ad598ec6626c9b206.jpg,*APARTEMEN THE BRANZ - BSD* Unit cakep brand new belum pernah dihuni   ▪︎ 2 bedroom ▪︎ 1 bathroom ▪︎ Tower C ▪︎washing machine  ▪...,11054256.0,1445744.0,0.1229,-13.1,0.34,Fair Market Price,,Apartemen The Branz - BSD ▪︎ 2 Bedroom▪︎ 1 Bathroom▪︎ Tower C- View Pool▪︎ Full Furnish Interior Cakep. Brand New ( Belum Pernah Dihuni ),The Branz BSD,exact
LST-00487,Sky House BSD • 3BR Furnished (120 m²),https://www.rumah123.com/properti/tangerang-selatan-bsd/disewa-apartemen-3br-furnish-lantai-10-skyhouse-dekat-aeon-bsd-apr7428484/,Tangerang Selatan,Banten,BSD,"BSD, Tangerang Selatan",Apartemen,16000000.0,133333.33333333334,yearly,3,2,3 Bedroom,120.0,21.89569423474768,4.561151730340554,Stasiun KRL Rawabuntu (BSD),Tier 3: Outer Commuter Ring (15-28km),0,0,0,0,0,0,0,0,0,0,0,0,-6.300953248353837,106.6449394845348,listing,0,https://picture.rumah123.com/r123-images/360x210-crop/customer/1634191/f263f5a2a6396578af72fd1765865998.jpg,"Apartemen lantai 10 di BSD, Tangerang Selatan.  For rent di wilayah yang asri. Dengan kategorinya adalah sebagai berikut:   - Kamar Tidur: 3   - Ka...",11400347.0,4599653.0,0.3389,-40.3,0.93,Premium / High Price,,Disewa Apartemen 3BR Furnish Lantai 10 SkyHouse Dekat Aeon BSD,Sky House BSD,exact
LST-00488,Marigold Nava Park • 2BR Full Furnished (98 m²),https://www.rumah123.com/properti/tangerang-selatan-bsd/disewakan-appartemen-bsd-view-asri-taman-marigold-navapark-2-kamar-furnished-cakep-apr7596308/,Tangerang Selatan,Banten,BSD,"BSD, Tangerang Selatan",Apartemen,11250000.0,114795.91836734694,yearly,2,2,2 Bedroom,98.0,21.365185417243254,4.077276069524725,Stasiun KRL Rawabuntu (BSD),Tier 3: Outer Commuter Ring (15-28km),1,0,0,0,0,0,0,0,0,0,0,0,-6.30073,106.6502669980909,subdistrict_centroid,1,https://picture.rumah123.com/r123-images/360x210-crop/customer/1908198/8b79ff17d8eeac5be726a7d0c04b1215.jpg,"APT. MARIGOLD NAVAPARK Tower 1, Lantai 2(2C) BSD - Tangerang  Luas : 98 m2  KT : 2 , KM : 2 ( 1 bathtub )  Kondisi : fullfurnished   Note : saat in...",12225953.0,-975953.0,-0.0832,8.0,-0.23,Fair Market Price,,Disewakan Appartemen BSD View Asri Taman Marigold Navapark 2 Kamar Furnished Cakep,Marigold Nava Park,exact
LST-00489,Sky House BSD • 3BR Furnished (75 m²),https://www.rumah123.com/properti/tangerang-selatan-bsd/for-rent-3bedroom-skyhouse-duxton-bsd-pet-friendly-5star-airbnb-rating-apr7793950/,Tangerang Selatan,Banten,BSD,"BSD, Tangerang Selatan",Apartemen,12000000.0,160000.0,yearly,3,1,3 Bedroom,75.0,22.059362138697328,4.392437132518148,Stasiun KRL Rawabuntu (BSD),Tier 3: Outer Commuter Ring (15-28km),0,0,0,0,0,0,0,0,0,0,0,0,-6.30410719,106.64496613,listing,0,https://picture.rumah123.com/r123-images/360x210-crop/customer/336636/306cb8946393e01c146f4d5f94334167.jpg,"MINIMUM 3-MONTH RENTAL - SKYHOUSE BSD, TOWER DUXTON 2 | PET FRIENDLY  Professionally managed by Home by Mathilda, with responsive guest support and...",9974522.0,2025478.0,0.1849,-20.3,0.51,Fair Market Price,,"For Rent - 3Br Skyhouse Duxton BSD, Pet Friendly, 5-Star Airbnb, Incl. IPL",Sky House BSD,exact
LST-00490,Unresolved • Bintaro • 2BR Furnished (68 m²),https://www.rumah123.com/properti/tangerang-selatan-bintaro/apartemen-2-bedrooms-furnished-siap-huni-di-bintaro-apr7846268/,Tangerang Selatan,Banten,Bintaro,"Bintaro, Tangerang Selatan",Apartemen,9166666.666666666,134803.92156862744,yearly,2,1,2 Bedroom,68.0,13.19670559789285,0.8997217613026535,Stasiun KRL Jurang Mangu (Bintaro),Tier 2: Inner Ring Metro (7-15km),0,0,0,1,0,0,0,0,0,0,0,0,-6.28241,106.726349,subdistrict_centroid,1,https://picture.rumah123.com/r123-images/360x210-crop/customer/1939198/2da387bc2491a2401b0bf8c65d6e76e4.jpg,Apartment Breeze 2 BR . Furnished  Spesifikasi: Luas Grooscom: 68 M2 Listrik 3500 Watt Ac 3 Unit Air Pam PPJB,7671829.0,1494837.666666666,0.178,-19.5,0.49,Fair Market Price,,"Apartemen 2 Bedrooms, Furnished Nyaman Siap Huni di Bintaro",,unresolved
LST-00491,Akasa Pure Living BSD Tower Kalyana • Studio Full Furnished (22 m²),https://www.rumah123.com/properti/tangerang-selatan-bsd/disewakan-apartemen-akasa-bsd-tipe-studio-full-furnish-tower-kalyana-lantai-08-apr7694368/,Tangerang Selatan,Banten,BSD,"BSD, Tangerang Selatan",Apartemen,1666666.6666666667,75757.57575757576,yearly,1,1,Studio / 1BR,22.0,21.365185417243254,4.077276069524725,Stasiun KRL Rawabuntu (BSD),Tier 3: Outer Commuter Ring (15-28km),1,0,0,0,0,0,0,0,0,0,0,0,-6.30073,106.6502669980909,subdistrict_centroid,1,https://picture.rumah123.com/r123-images/360x210-crop/customer/1113886/listing/apr7694368/enhanced/2f479ada93f4cce81fb04a2e52b0d649.jpg,Dijual dan Disewakan Apartemen Akasa BSD Tipe Studio Full Furnish Tower Kalyana Lantai 08  Tipe Studio Luas 22m2 Full Furnished Tower Kalyana Lanta...,2568783.0,-902116.3333333333,-0.4326,35.1,-1.19,Good Deal (Undervalued),good,Disewakan Apartemen Akasa BSD Tipe Studio Full Furnish Tower Kalyana Lantai 08,Akasa Pure Living BSD,exact
LST-00492,Marigold Nava Park • 2BR Full Furnished (91 m²),https://www.rumah123.com/properti/tangerang-selatan-bsd/apartemen-marigold-navapark-bsd-luas-91m2-full-furnished-apr7603678/,Tangerang Selatan,Banten,BSD,"BSD, Tangerang Selatan",Apartemen,14583333.333333334,160256.41025641025,yearly,2,2,2 Bedroom,91.0,21.365185417243254,4.077276069524725,Stasiun KRL Rawabuntu (BSD),Tier 3: Outer Commuter Ring (15-28km),1,0,0,0,0,0,0,0,0,0,0,0,-6.30073,106.6502669980909,subdistrict_centroid,1,https://picture.rumah123.com/r123-images/360x210-crop/customer/65423/3d776ea98c994a8dfb63fcb7873ff967.png,DiSewakan Cepat : Apartemen Marigold Navapark - BSD City Tower : 7 Luas : 91m2 Lantai : 15 Kamar Tidur : 2+1 Kamar Mandi : 2+1 View : Taman Botanic...,11706212.0,2877121.333333334,0.2198,-24.6,0.6,Fair Market Price,,"Apartemen Marigold Navapark BSD, Luas 91M2, Full Furnished",Marigold Nava Park,exact
LST-00493,Asatti BSD • 1BR Full Furnished (33 m²),https://www.rumah123.com/properti/tangerang-selatan-bsd/disewakan-apartemen-asatti-agate-red-vanya-park-bsd-1br-full-furnished-view-taman-rp45-jutatahun-apr7800093/,Tangerang Selatan,Banten,BSD,"BSD, Tangerang Selatan",Apartemen,3750000.0,113636.36363636365,yearly,1,2,Studio / 1BR,33.0,22.0793464204348,3.233489786919362,Stasiun KRL Rawabuntu (BSD),Tier 3: Outer Commuter Ring (15-28km),1,0,0,0,0,0,0,0,0,0,0,0,-6.316040767151,106.6518824,listing,0,https://picture.rumah123.com/r123-images/360x210-crop/customer/1707813/b3905532f86dce939863b943a85dc30d.jpg,"DISEWAKAN APARTEMEN ASATTI AGATE RED VANYA PARK BSD - 1 BR FULL FURNISHED, VIEW TAMAN  Hunian nyaman dan praktis di kawasan Vanya Park BSD City. Un...",3641680.0,108320.0,0.0293,-3.0,0.08,Fair Market Price,,Disewakan Apartemen Asatti Agate Red Vanya Park BSD 1Br Full Furnished View Taman Rp45 Juta/Tahun,Asatti BSD,exact
LST-00494,Sky House BSD • 3BR Full Furnished (60 m²),https://www.rumah123.com/properti/tangerang-selatan-bsd/disewakan-apartemen-sky-house-bsd-apr7659265/,Tangerang Selatan,Banten,BSD,"BSD, Tangerang Selatan",Apartemen,9583333.333333334,159722.22222222222,yearly,3,1,3 Bedroom,60.0,21.365185417243254,4.077276069524725,Stasiun KRL Rawabuntu (BSD),Tier 3: Outer Commuter Ring (15-28km),1,0,0,0,0,0,0,0,0,0,0,0,-6.30073,106.6502669980909,subdistrict_centroid,1,https://picture.rumah123.com/r123-images/360x210-crop/customer/2156945/6acc82b8c87e1c175e9747373c3a2665.jpg,"*DISEWAKAN*  *APARTM SKY HOUSE* BSD  Tower Duxton   Lantai 8  Luas 68m2 3 BR  KM 1  view jalan tol IPL : 5,790,546 /3 bulan full furnish : Kulkas, ...",8119338.0,1463995.333333334,0.1658,-18.0,0.46,Fair Market Price,,Disewakan Apartemen Sky House BSD,Sky House BSD,exact
LST-00495,Unresolved • BSD • 1BR Semi Furnished (78 m²),https://www.rumah123.com/properti/tangerang-selatan-bsd/sewa-cepat-bisa-nego-soho-apartemen-upperwest-bsd-apr7803644/,Tangerang Selatan,Banten,BSD,"BSD, Tangerang Selatan",Apartemen,9166666.666666666,117521.36752136752,yearly,1,2,Studio / 1BR,78.0,21.365185417243254,4.077276069524725,Stasiun KRL Rawabuntu (BSD),Tier 3: Outer Commuter Ring (15-28km),0,1,0,0,0,0,0,0,0,0,0,0,-6.30073,106.6502669980909,subdistrict_centroid,1,https://picture.rumah123.com/r123-images/360x210-crop/customer/781215/030ffcb87cdc037325cc52cd082f8928.jpg,✨ Disewakan SOHO Eksklusif di Upperwest BSD! ✨ Unit Type G - Lantai 9 No. 03  Lokasi Strategis | Semi Furnished | Siap Pakai   Luas Gross   : 7...,9119465.0,47201.666666666046,0.0052,-0.5,0.01,Fair Market Price,,Sewa Cepat bisa Nego Soho Apartemen Upperwest BSD,,unresolved
LST-00496,The Branz BSD • 2BR Furnished (68 m²),https://www.rumah123.com/properti/tangerang-selatan-bsd/branz-bsd-2-br-unit-terrawat-dan-bersih-apr7805672/,Tangerang Selatan,Banten,BSD,"BSD, Tangerang Selatan",Apartemen,11666666.666666666,171568.6274509804,yearly,2,1,2 Bedroom,68.0,21.365185417243254,4.077276069524725,Stasiun KRL Rawabuntu (BSD),Tier 3: Outer Commuter Ring (15-28km),0,0,0,0,0,0,0,0,0,0,0,0,-6.30073,106.6502669980909,subdistrict_centroid,1,https://picture.rumah123.com/r123-images/360x210-crop/customer/4378553/c270d988dda32d8b55a96902ad9d2770.jpg,Branz BSD 2BR  Detail Properti ini adalah:   - Kamar Tidur: 2   - Kamar Mandi: 1   - Sertifikat: Strata   - Kondisi Perabotan: Furnished Harga sewa...,9058386.0,2608280.666666666,0.253,-28.8,0.7,Fair Market Price,,Branz BSD 2 Br Unit Terrawat dan Bersih,The Branz BSD,exact
LST-00497,Unresolved • BSD • 1BR Furnished (78 m²),https://www.rumah123.com/properti/tangerang-selatan-bsd/sewa-soho-di-kawasan-cbd-bsd-apr7803934/,Tangerang Selatan,Banten,BSD,"BSD, Tangerang Selatan",Apartemen,10000000.0,128205.1282051282,yearly,1,2,Studio / 1BR,78.0,22.0793464204348,3.233489786919362,Stasiun KRL Rawabuntu (BSD),Tier 3: Outer Commuter Ring (15-28km),0,0,0,0,0,0,0,0,0,0,0,0,-6.316040767151,106.6518824,listing,0,https://picture.rumah123.com/r123-images/360x210-crop/customer/4496895/1a11b1b00a7b9ef7cb72dbe84a0c7d26.jpg,"Kerja dan tinggal di satu tempat mewah? Unit SOHO 2 lantai ini jawaban pas buat kamu profesional, kreator, dan pengusaha startup!  ✨ Spesifikasi ...",10526742.0,-526742.0,-0.0513,5.0,-0.14,Fair Market Price,,Sewa Soho di Kawasan Cbd BSD,,unresolved
LST-00498,Yukata Suites • 2BR Furnished (115 m²),https://www.rumah123.com/properti/tangerang-selatan-serpong-utara/disewakan-apartemen-yukata-per-tahun-apr7843433/,Tangerang Selatan,Banten,Serpong Utara,"Serpong Utara, Tangerang Selatan",Apartemen,8083333.333333333,70289.85507246376,yearly,2,2,2 Bedroom,115.0,18.198561845096897,7.382509394038287,Stasiun KRL Tangerang,Tier 3: Outer Commuter Ring (15-28km),0,0,1,0,0,0,0,0,0,0,0,0,-6.238206610902594,106.65804545416307,listing,0,https://picture.rumah123.com/r123-images/360x210-crop/customer/4529517/listing/apr7843433/enhanced/9ca3e43c-8c45-4f8f-b723-988432a4cfda.png,"Disewakan  Apartemen Yukata Suites, Serpong Utara - Tangerang Selatan Lokasi sangat strategis, dekat pusat perbelanjaan, keamanan 24 jam dan fasili...",9920076.0,-1836742.666666667,-0.2048,18.5,-0.56,Fair Market Price,,Disewakan Apartemen Yukata Lantai 9 View Timur Non Furnished,Yukata Suites,exact
LST-00499,Unresolved • Serpong • 1BR Furnished (32 m²),https://www.rumah123.com/properti/tangerang-selatan-serpong/dijualdisewakan-luxury-living-apartemen-collins-boulevard-in-the-heart-serpong-apr3431411/,Tangerang Selatan,Banten,Serpong,"Serpong, Tangerang Selatan",Apartemen,4166666.6666666665,130208.33333333331,yearly,1,1,Studio / 1BR,32.0,19.86152019319157,0.4229011327115131,Stasiun KRL Rawabuntu (BSD),Tier 3: Outer Commuter Ring (15-28km),0,0,0,0,0,0,0,0,0,0,0,0,-6.31859016418457,106.67826080322266,listing,0,https://picture.rumah123.com/r123-images/360x210-crop/customer/2007297/f6f39b9f229972e47bc0c03a0b88ef5e.jpg,"Dijalan Besar Jl. Mh.Thamrin Serpong Tangerang. 8 Mnt Ke Alam Sutera Strategis Lokasi 5-8 Mnt Dekat Dengan Universitas Binus ,mall SMS Dan Sekitarn...",3388832.0,777834.6666666665,0.2066,-23.0,0.57,Fair Market Price,,Dijual/Disewakan Luxury Living Apartemen Collins Boulevard In The Heart Serpong,,unresolved
LST-00500,Unresolved • Bintaro • 2BR Full Furnished (36 m²),https://www.rumah123.com/properti/tangerang-selatan-bintaro/apt-emerald-bintaro-2-br-dkt-tol-fress-market48jt-perbln-apr7620288/,Tangerang Selatan,Banten,Bintaro,"Bintaro, Tangerang Selatan",Apartemen,4800000.0,133333.33333333334,monthly,2,1,2 Bedroom,36.0,13.19670559789285,0.8997217613026535,Stasiun KRL Jurang Mangu (Bintaro),Tier 2: Inner Ring Metro (7-15km),1,0,0,0,0,0,0,0,0,0,0,0,-6.28241,106.726349,listing,0,https://picture.rumah123.com/r123-images/360x210-crop/customer/4403269/d91b72d18488912bf0ec9da5bb58e67d.jpg,"Disewa cpt apartemen emerald bintaro 2 br fully furnished 4,8 jt perbln minimal sewa 3 bln",4741809.0,58191.0,0.0122,-1.2,0.03,Fair Market Price,,"Apt Emerald Bintaro 2 Br Dkt Tol/ Fress Market4,8Jt Perbln",,unresolved
LST-00501,Urbantown Serpong • Studio Full Furnished (23 m²),https://www.rumah123.com/properti/tangerang-selatan-serpong/sewa-apartemen-full-furnished-bulanan-bagus-hemat-serpong-apr7605867/,Tangerang Selatan,Banten,Serpong,"Serpong, Tangerang Selatan",Apartemen,2290000.0,99565.21739130437,monthly,1,1,Studio / 1BR,23.0,16.86914885670267,3.301036183489165,Stasiun KRL Jurang Mangu (Bintaro),Tier 3: Outer Commuter Ring (15-28km),1,0,0,0,0,0,0,0,0,0,0,0,-6.316984571627685,106.71300642862909,listing,0,https://picture.rumah123.com/r123-images/360x210-crop/customer/2162063/dfc25f35652e66ff89b4301890fdc000.jpg,"SEWA SYARIAH TENANG, HEMAT & BIAYA PASTI Anda ingin yg benar2 nyaman, bukan hanya hemat? Happyhome Perintis Pengelola syariah Tangsel. Terbukti nya...",3330649.0,-1040649.0,-0.3746,31.2,-1.03,Good Deal (Undervalued),good,Sewa Apartemen Studio Executive Full Furnished Murah Urbantown Serpong,Urbantown Serpong,exact
LST-00502,Unresolved • BSD • 1BR Furnished (98 m²),https://www.rumah123.com/properti/tangerang-selatan-bsd/apartment-cocok-utk-professional-tempat-usaha-soho-roseville-suites-bsd-city-representative-elite-apr7850427/,Tangerang Selatan,Banten,BSD,"BSD, Tangerang Selatan",Apartemen,8333333.333333333,85034.01360544217,yearly,1,2,Studio / 1BR,98.0,21.365185417243254,4.077276069524725,Stasiun KRL Rawabuntu (BSD),Tier 3: Outer Commuter Ring (15-28km),0,0,0,0,0,0,0,0,0,0,0,0,-6.30073,106.6502669980909,subdistrict_centroid,1,https://picture.rumah123.com/r123-images/360x210-crop/customer/14329/90f6f8c5b9068c3696a29342505ce7c9.jpg,"Apartment & Tempat Usaha  Loaft System SOHO ( Small Office Home Office ) 1,5 lantai , lantai satu untuk kegiatan usaha , lantai 2 untuk hunian - Ko...",12006065.0,-3672731.666666667,-0.3651,30.6,-1.0,Good Deal (Undervalued),good,"Apartment Cocok Utk Professional & Tempat Usaha - Soho Roseville Suites - BSD City - Representative & Elite - Loaft System ( 1,5 Lantai )",,unresolved
LST-00503,The Branz BSD • 1BR Full Furnished (41 m²),https://www.rumah123.com/properti/tangerang-selatan-bsd/disewakan-apartemen-branz-japan-bsd-city-full-furnished-tangerang-selatan-apr7831849/,Tangerang Selatan,Banten,BSD,"BSD, Tangerang Selatan",Apartemen,7083333.333333333,172764.2276422764,yearly,1,1,Studio / 1BR,41.0,21.365185417243254,4.077276069524725,Stasiun KRL Rawabuntu (BSD),Tier 3: Outer Commuter Ring (15-28km),1,0,0,0,0,0,0,0,0,0,0,0,-6.30073,106.6502669980909,subdistrict_centroid,1,https://picture.rumah123.com/r123-images/360x210-crop/customer/4473322/e939cbe9e26d7f488c866ceb985e138e.jpg,Disewakan Apartemen Branz Japan BSD City  Fully Furnished Siap Huni Lokasi Nyaman Sangat Strategis  Tower: A Tipe: 1 bedroomy Luas: 41 m2 Hoek  Lan...,5122178.0,1961155.333333333,0.3242,-38.3,0.89,Premium / High Price,,Disewakan Apartemen Branz Japan BSD City Full Furnished Tangerang Selatan,The Branz BSD,exact
LST-00504,Unresolved • Serpong • 1BR Furnished (24 m²),https://www.rumah123.com/properti/tangerang-selatan-serpong/apartemen-mahesta-mahata-serpong-tangerang-selatan-apr7468311/,Tangerang Selatan,Banten,Serpong,"Serpong, Tangerang Selatan",Apartemen,2800000.0,116666.66666666669,monthly,1,1,Studio / 1BR,24.0,19.861491817360143,0.4229022869575566,Stasiun KRL Rawabuntu (BSD),Tier 3: Outer Commuter Ring (15-28km),0,0,0,0,0,0,0,0,1,0,0,0,-6.31859,106.678261,listing,0,https://picture.rumah123.com/r123-images/360x210-crop/customer/1409923/listing/apr7468311/enhanced/07dc30a513452b5de65d78157d165281.jpg,Disewakan Apartemen Sebelah Stasiun Rawa Buntu - Apt Mahesta Mahata Serpong Tangsel  ✨ Spesifikasi Unit: - Tipe: Studio - Lantai: Atas (City View...,3633863.0,-833863.0,-0.2607,22.9,-0.72,Fair Market Price,,Apartemen Mahesta Mahata Serpong Tangerang Selatan,,unresolved
LST-00505,Unresolved • BSD • Studio Unfurnished (21 m²),https://www.rumah123.com/properti/tangerang-selatan-bsd/disewakan-apartemen-bsd-studio-unfurnish-di-sky-house-by-rumah-chinida-dw-apr7843296/,Tangerang Selatan,Banten,BSD,"BSD, Tangerang Selatan",Apartemen,2500000.0,119047.61904761904,monthly,1,1,Studio / 1BR,21.0,21.365185417243254,4.077276069524725,Stasiun KRL Rawabuntu (BSD),Tier 3: Outer Commuter Ring (15-28km),0,0,1,0,0,0,0,0,0,0,0,0,-6.30073,106.6502669980909,subdistrict_centroid,1,https://picture.rumah123.com/r123-images/360x210-crop/customer/1800428/1f4347aafd7065b6f99645583d614d0b.jpg,"DISEWAKAN APARTEMEN TIPE STUDIO UNFURNISHED SIAP HUNI DI BSD (DW260926)  Lokasi di Apartemen Sky House BSD, Tangerang  Spesifikasi Unit : 1. LB -/+...",2063270.0,436730.0,0.192,-21.2,0.53,Fair Market Price,,Disewakan Apartemen BSD Studio Unfurnish di Sky House By Rumah Chinida (Dw),,unresolved
LST-00506,The Branz BSD • 1BR Furnished (43 m²),https://www.rumah123.com/properti/tangerang-selatan-bsd/sewa-apartment-1-bedroom-branz-bsd-city-apr7831596/,Tangerang Selatan,Banten,BSD,"BSD, Tangerang Selatan",Apartemen,6666666.666666667,155038.75968992247,yearly,1,1,Studio / 1BR,43.0,21.365185417243254,4.077276069524725,Stasiun KRL Rawabuntu (BSD),Tier 3: Outer Commuter Ring (15-28km),0,0,0,0,0,0,0,0,0,0,0,0,-6.30073,106.6502669980909,subdistrict_centroid,1,https://picture.rumah123.com/r123-images/360x210-crop/customer/4500647/55eb8679fd7b3b7e55a382c9e3051bce.jpg,SEWA APARTEMEN THE BRANZ BSD   The Branz BSD City (Tower B / Lt. 17) Luas: 43 m²  Spesifikasi: 1 Bedroom | 1 Bathroom | Furnished  ✨ Fasilitas P...,4674575.0,1992091.666666667,0.355,-42.6,0.98,Premium / High Price,,Sewa Apartment 1 Bedroom Branz BSD City,The Branz BSD,exact
LST-00507,The Branz BSD • 2BR Full Furnished (68 m²),https://www.rumah123.com/properti/tangerang-selatan-bsd/disewakan-apartemen-cantik-branz-2br-tinggal-bawa-koper-apr7420413/,Tangerang Selatan,Banten,BSD,"BSD, Tangerang Selatan",Apartemen,9583333.333333334,140931.3725490196,yearly,2,1,2 Bedroom,68.0,21.365185417243254,4.077276069524725,Stasiun KRL Rawabuntu (BSD),Tier 3: Outer Commuter Ring (15-28km),1,0,0,0,0,0,0,0,0,0,0,0,-6.30073,106.6502669980909,subdistrict_centroid,1,https://picture.rumah123.com/r123-images/360x210-crop/customer/4378553/411542fd9fcfbcfc33924505e75e2b8d.jpg,"Type 2 bed room luas 68m2 1 bath room Lantai 31, city view Fully Furnished Sewa :Rp 115jt / thn Jual : Rp 2M",9466228.0,117105.33333333395,0.0123,-1.2,0.03,Fair Market Price,,Disewakan Apartemen Cantik Branz 2Br Tinggal Bawa Koper,The Branz BSD,exact
LST-00508,The Branz BSD • 2BR Furnished (89 m²),https://www.rumah123.com/properti/tangerang-selatan-bsd/disewakan-apartement-branz-pusat-bsd-apr7832035/,Tangerang Selatan,Banten,BSD,"BSD, Tangerang Selatan",Apartemen,10000000.0,112359.55056179776,yearly,2,1,2 Bedroom,89.0,21.365185417243254,4.077276069524725,Stasiun KRL Rawabuntu (BSD),Tier 3: Outer Commuter Ring (15-28km),0,0,0,0,0,0,0,0,0,0,0,0,-6.30073,106.6502669980909,subdistrict_centroid,1,https://picture.rumah123.com/r123-images/360x210-crop/customer/1411492/6eb65a70564ac76c564587b6f1cb02ee.jpg,:fire: HOT PROPERTY :fire: FOR SALE / RENT APT BRANZ BSD CITY Tower : C Lantai : 29 Luas nett : 66 sqm Luas gross : 89 sqm Kamar Tidur : 2BR Kamar ...,11458176.0,-1458176.0,-0.1361,12.7,-0.37,Fair Market Price,,Disewakan Apartement Branz Pusat BSD,The Branz BSD,exact
LST-00509,The Branz BSD • 2BR Full Furnished (62 m²),https://www.rumah123.com/properti/tangerang-selatan-bsd/disewakan-apart-branz-aeon-bsd-apr7832018/,Tangerang Selatan,Banten,BSD,"BSD, Tangerang Selatan",Apartemen,11666666.666666666,188172.04301075268,yearly,2,1,2 Bedroom,62.0,21.365185417243254,4.077276069524725,Stasiun KRL Rawabuntu (BSD),Tier 3: Outer Commuter Ring (15-28km),1,0,0,0,0,0,0,0,0,1,0,0,-6.30073,106.6502669980909,subdistrict_centroid,1,https://picture.rumah123.com/r123-images/360x210-crop/customer/1411492/fd23c47d0fd56fd843aa3632e261f9a4.jpg,:fire: HOT PROPERTY:fire: APARTEMENT  BRANZ BSD CITY  FOR SALE / RENT ↪️ TYPE 2BR Luas 62m² nett full furnish Lantai 23 tower east (C)  Balkon...,7730891.0,3935775.666666666,0.4115,-50.9,1.13,Premium / High Price,,Disewakan Apart Branz Aeon BSD,The Branz BSD,exact
LST-00510,Marigold Nava Park Tower 1 • 2BR Full Furnished (98 m²),https://www.rumah123.com/properti/tangerang-selatan-bsd/disewakan-apartemen-marigold-2brtower-1-dita-apr7695786/,Tangerang Selatan,Banten,BSD,"BSD, Tangerang Selatan",Apartemen,12083333.333333334,123299.31972789115,yearly,2,1,2 Bedroom,98.0,21.365185417243254,4.077276069524725,Stasiun KRL Rawabuntu (BSD),Tier 3: Outer Commuter Ring (15-28km),1,0,0,0,0,0,0,0,0,0,0,0,-6.30073,106.6502669980909,subdistrict_centroid,1,https://picture.rumah123.com/r123-images/360x210-crop/customer/1848840/listing/apr7695786/enhanced/30665b244641ad59f78bf13f00b8f06b.jpg,Lokasi strategis  Fullfurnished,12219734.0,-136400.66666666605,-0.0112,1.1,-0.03,Fair Market Price,,"Disewakan Apartemen Marigold 2Br,Tower 1 (Dita)",Marigold Nava Park,exact
LST-00511,Unresolved • BSD • Studio Full Furnished (23 m²),https://www.rumah123.com/properti/tangerang-selatan-bsd/di-sewa-apartemen-sky-house-dekat-kampus-dan-aeon-bsd-apr7822872/,Tangerang Selatan,Banten,BSD,"BSD, Tangerang Selatan",Apartemen,2750000.0,119565.21739130437,yearly,0,0,Studio / 1BR,23.0,21.365185417243254,4.077276069524725,Stasiun KRL Rawabuntu (BSD),Tier 3: Outer Commuter Ring (15-28km),1,0,0,0,0,0,0,0,0,0,0,0,-6.30073,106.6502669980909,subdistrict_centroid,1,https://picture.rumah123.com/r123-images/360x210-crop/customer/4461012/27c921bb37d318d1a4268bc104ecb9b8.jpg,*DISEWAKAN CEPAT APT MTOWN STUDIO FULL FURNISHED TOWER CARMEL LT.23*  Tower Carmel  Lantai 23 Luas 23 sqm Full furnished Listrik 2200 watt Ada sofa...,2932849.0,-182849.0,-0.0644,6.2,-0.18,Fair Market Price,,Di Sewa Apartemen Sky House Dekat Kampus dan Aeon BSD,,unresolved
LST-00512,Sky House BSD • 3BR Furnished (68 m²),https://www.rumah123.com/properti/tangerang-selatan-bsd/3br-city-view-sky-house-bsd-duxton-lt-15-120-jt-include-ipl-apr7822533/,Tangerang Selatan,Banten,BSD,"BSD, Tangerang Selatan",Apartemen,10000000.0,147058.82352941178,yearly,3,2,3 Bedroom,68.0,21.365185417243254,4.077276069524725,Stasiun KRL Rawabuntu (BSD),Tier 3: Outer Commuter Ring (15-28km),0,0,0,0,0,0,0,0,0,0,0,0,-6.30073,106.6502669980909,subdistrict_centroid,1,https://picture.rumah123.com/r123-images/360x210-crop/customer/1993164/11c77277edc4115eeb4db78c7e1de084.jpg,"DISEWAKAN Apartemen Sky House BSD - Tower Duxton  Type 3BR, luas 68 m², lantai 15 dengan city view. Lokasi strategis di BSD, nyaman untuk hunian. ...",9032160.0,967840.0,0.1018,-10.7,0.28,Fair Market Price,,3Br City View | Sky House BSD Duxton - LT 15 | 120 Jt Include IPL,Sky House BSD,exact
LST-00513,Unresolved • BSD • 3BR Full Furnished (128 m²),https://www.rumah123.com/properti/tangerang-selatan-bsd/apartemen-furnish-3-br-sky-house-dekat-mall-aeon-apr7800329/,Tangerang Selatan,Banten,BSD,"BSD, Tangerang Selatan",Apartemen,16666666.666666666,130208.33333333331,yearly,3,2,3 Bedroom,128.0,21.365185417243254,4.077276069524725,Stasiun KRL Rawabuntu (BSD),Tier 3: Outer Commuter Ring (15-28km),1,0,0,0,0,0,0,0,0,0,0,0,-6.30073,106.6502669980909,subdistrict_centroid,1,https://picture.rumah123.com/r123-images/360x210-crop/customer/1096559/c487eb84b881143e96e584691576fced.jpg,Apartemen sky house 3 BR 2 KM+1 Luas 128 3+ kamar tidur 2+ 1 kamar mandi full furnish  dekat aeon dekat swa,15870047.0,796619.666666666,0.049,-5.0,0.13,Fair Market Price,,"Apartemen Furnish 3 Br, Sky House, Dekat Mall Aeon",,unresolved
LST-00514,Sky House BSD • 3BR Furnished (68 m²),https://www.rumah123.com/properti/tangerang-selatan-bsd/disewakan-apartemen-sky-house-bsd-murah-sudah-include-ipl-apr7822420/,Tangerang Selatan,Banten,BSD,"BSD, Tangerang Selatan",Apartemen,10000000.0,147058.82352941178,yearly,3,1,3 Bedroom,68.0,21.365185417243254,4.077276069524725,Stasiun KRL Rawabuntu (BSD),Tier 3: Outer Commuter Ring (15-28km),0,0,0,0,0,0,0,0,0,0,0,0,-6.30073,106.6502669980909,subdistrict_centroid,1,https://picture.rumah123.com/r123-images/360x210-crop/customer/1196724/36ef2cea09aae65d15d132a1283a2d06.jpg,"""Disewakan  Apartemen Sky House BSD Tower duxton Harga : 120jt ( include IPL ) Type  : 3BR luas : 68Meter View City""   Untuk info detil & janji sur...",8974066.0,1025934.0,0.1082,-11.4,0.3,Fair Market Price,,Disewakan Apartemen Sky House BSD Murah Sudah Include IPL,Sky House BSD,exact
LST-00515,The Breeze Bintaro • Studio Furnished (28 m²),https://www.rumah123.com/properti/tangerang-selatan-bintaro/ready-apartemen-breeze-type-studio-lantai-rendah-apr7813953/,Tangerang Selatan,Banten,Bintaro,"Bintaro, Tangerang Selatan",Apartemen,4500000.0,160714.2857142857,monthly,0,0,Studio / 1BR,28.0,13.19670559789285,0.8997217613026535,Stasiun KRL Jurang Mangu (Bintaro),Tier 2: Inner Ring Metro (7-15km),0,0,0,0,0,0,0,0,0,0,0,0,-6.28241,106.726349,listing,0,https://picture.rumah123.com/r123-images/360x210-crop/customer/1834853/a8a58a37f577e75f08d9c8a250f55ee6.jpg,Aparlemen Breeze type studio lantai full furniesd tinggal bawa koper aja   harga sewa sudah termasuk IPL harga sewa belum termasuk pemakaian listri...,3721174.0,778826.0,0.19,-20.9,0.52,Fair Market Price,,Ready Apartemen Breeze Type Studio Lantai Rendah,The Breeze Bintaro,exact
LST-00516,Unresolved • BSD • Studio Full Furnished (27 m²),https://www.rumah123.com/properti/tangerang-selatan-bsd/sewa-apt-murah-full-furnish-studio-di-intermark-bsd-apr7581036/,Tangerang Selatan,Banten,BSD,"BSD, Tangerang Selatan",Apartemen,3333333.333333333,123456.7901234568,yearly,0,1,Studio / 1BR,27.0,21.365185417243254,4.077276069524725,Stasiun KRL Rawabuntu (BSD),Tier 3: Outer Commuter Ring (15-28km),1,0,0,0,0,0,0,0,0,0,0,0,-6.30073,106.6502669980909,subdistrict_centroid,1,https://picture.rumah123.com/r123-images/360x210-crop/customer/4386808/fe6428e017810613e1beca7a016409cb.jpg,Apartemen Intermark BSD furnish mewah!   Tipe Studio Luas 27 m2 Lantai 12 Full furnish mewah senilai 130jt-an    Contact Tina 0813130xxxx Great Har...,3430673.0,-97339.66666666698,-0.0288,2.8,-0.08,Fair Market Price,,Sewa Apt Murah Full Furnish Studio di Intermark BSD,,unresolved
LST-00517,Marigold Nava Park • 2BR Full Furnished (77 m²),https://www.rumah123.com/properti/tangerang-selatan-bsd/disewakan-apartemen-marigold-navapark-bsd-apr7806205/,Tangerang Selatan,Banten,BSD,"BSD, Tangerang Selatan",Apartemen,13750000.0,178571.42857142858,yearly,2,1,2 Bedroom,77.0,21.365185417243254,4.077276069524725,Stasiun KRL Rawabuntu (BSD),Tier 3: Outer Commuter Ring (15-28km),1,0,0,0,0,0,0,0,0,0,0,0,-6.30073,106.6502669980909,subdistrict_centroid,1,https://picture.rumah123.com/r123-images/360x210-crop/customer/4345041/52ca5888c236f05a0d639281840ab5a0.jpg,"EXCLUSIVE APARTMENT FOR RENT  MARIGOLD NAVAPARK BSD  Nikmati kenyamanan hunian premium di kawasan eksklusif BSD. Unit fully furnished yang elegan, ...",11221474.0,2528526.0,0.2032,-22.5,0.56,Fair Market Price,,Disewakan Apartemen Marigold Navapark BSD,Marigold Nava Park,exact
LST-00518,Unresolved • BSD • 1BR Furnished (113 m²),https://www.rumah123.com/properti/tangerang-selatan-bsd/kantor-dan-apartement-soho-113m2-lokasi-strategis-roseville-bsd-apr7690191/,Tangerang Selatan,Banten,BSD,"BSD, Tangerang Selatan",Apartemen,8333333.333333333,73746.31268436578,yearly,1,2,Studio / 1BR,113.0,19.44028661628376,5.777445500621159,Stasiun KRL Rawabuntu (BSD),Tier 3: Outer Commuter Ring (15-28km),0,0,1,1,0,0,0,0,0,0,0,0,-6.275106,106.657266,listing,0,https://picture.rumah123.com/r123-images/360x210-crop/customer/2170690/ba0604acac572f06faec401c88d5657b.jpg,"Disewakan  SOHO Roseville, BSD  - Lantai 10 - Luas 113,66m2 - Mezanine Km tidur : 1 - Kamar mandi: 2  - AC: 2 - Unfurnished - Pantry  - Listrik 320...",10476453.0,-2143119.666666667,-0.2289,20.5,-0.63,Fair Market Price,,"Kantor dan Apartement Soho, 113M2, Lokasi Strategis , Roseville BSD",,unresolved
LST-00519,Embarcadero Bintaro • 2BR Furnished (68 m²),https://www.rumah123.com/properti/tangerang-selatan-sektor-9-bintaro/embarcadero-suites-bintaro-unit-2br-lantai-7-dengan-fasilitas-modern-akses-mudah-apr7806110/,Tangerang Selatan,Banten,Sektor 9-Bintaro,"Sektor 9-Bintaro, Tangerang Selatan",Apartemen,8250000.0,121323.5294117647,yearly,2,1,2 Bedroom,68.0,14.717797052057955,1.9818924510380205,Stasiun KRL Jurang Mangu (Bintaro),Tier 2: Inner Ring Metro (7-15km),0,0,0,0,0,0,0,0,0,0,0,0,-6.283436,106.710037,listing,0,https://picture.rumah123.com/r123-images/360x210-crop/customer/1658737/2c129b9a5fcc6765a6b0fc4a3b937ba0.jpg,Hunian modern di Embarcadero Suites Bintaro menawarkan kenyamanan premium dengan fasilitas lengkap dan lokasi yang sangat strategis di Bintaro Sekt...,9107292.0,-857292.0,-0.0989,9.4,-0.27,Fair Market Price,,Embarcadero Suites Bintaro - Unit 2Br Lantai 7 dengan Fasilitas Modern & Akses Mudah,Embarcadero Bintaro,exact
LST-00520,Unresolved • BSD • 2BR Full Furnished (41 m²),https://www.rumah123.com/properti/tangerang-selatan-bsd/apartemen-disewakan-apartemen-assati-vanya-park-bsd-2-kamar-tidur-full-furnished-apr7789042/,Tangerang Selatan,Banten,BSD,"BSD, Tangerang Selatan",Apartemen,2916666.6666666665,71138.21138211382,yearly,2,1,2 Bedroom,41.0,21.365185417243254,4.077276069524725,Stasiun KRL Rawabuntu (BSD),Tier 3: Outer Commuter Ring (15-28km),1,0,0,0,0,0,0,0,0,0,0,0,-6.30073,106.6502669980909,subdistrict_centroid,1,https://picture.rumah123.com/r123-images/360x210-crop/customer/1659428/827c116508f4a52c0448c76af160b00b.jpg,● APARTEMEN DISEWAKAN ●   - APARTEMEN ASSATI - Vanya Park - BSD CITY  ● Tipe 2 BR ● Tower AGATE YELLOW ● Lantai 2 ● LB 41 m2 ● KT 2 �...,4987904.0,-2071237.3333333333,-0.5366,41.5,-1.48,Good Deal (Undervalued),good,Apartemen Disewakan - Apartemen Assati - Vanya Park - BSD - 2 Kamar Tidur- Full Furnished,,unresolved
LST-00521,Sky House BSD • Studio Full Furnished (20 m²),https://www.rumah123.com/properti/tangerang-selatan-bsd/disewakan-apartemen-studio-bsd-twr-leoni-di-skyhouse-by-rumah-chinida-dw-apr7806020/,Tangerang Selatan,Banten,BSD,"BSD, Tangerang Selatan",Apartemen,2916666.6666666665,145833.3333333333,yearly,1,1,Studio / 1BR,20.0,21.365185417243254,4.077276069524725,Stasiun KRL Rawabuntu (BSD),Tier 3: Outer Commuter Ring (15-28km),1,0,0,0,0,0,0,0,0,0,0,0,-6.30073,106.6502669980909,subdistrict_centroid,1,https://picture.rumah123.com/r123-images/360x210-crop/customer/1800428/214d598ad1b12976eaa4e080b26fe076.jpg,"DISEWAKAN/DIJUAL APARTEMEN STUDIO FULL FURNISH TOWER LEONI DI BSD (DW290826)  Lokasi di Apartemen Sky House BSD, Tangerang  Spesifikasi Unit : 1. L...",2171566.0,745100.6666666665,0.295,-34.3,0.81,Premium / High Price,,Disewakan Apartemen Studio BSD Twr Leoni di Skyhouse By Rumah Chinida (Dw),Sky House BSD,exact
LST-00522,Unresolved • Ciputat • 2BR Full Furnished (36 m²),https://www.rumah123.com/properti/tangerang-selatan-ciputat/disewakan-apartemen-siap-huni-full-furnished-di-ciputat-apr7799225/,Tangerang Selatan,Banten,Ciputat,"Ciputat, Tangerang Selatan",Apartemen,2916666.6666666665,81018.51851851851,yearly,2,1,2 Bedroom,36.0,14.635311908981269,1.88077029974464,Stasiun KRL Jurang Mangu (Bintaro),Tier 2: Inner Ring Metro (7-15km),1,0,0,0,0,0,0,0,0,0,0,0,-6.28352,106.711,listing,0,https://picture.rumah123.com/r123-images/360x210-crop/customer/683035/c9214ba2c9ab21b6e472b3df66aa61d0.jpg,"Spesifikasi :  - Luas Tanah : 36m² - Kamar Tidur : 2 - Kamar Mandi : 1 - Full Furnished : Tempat Tidur, Sofa, Kulkas, Mesin Cuci, TV,   Harga : 35...",4630977.0,-1714310.3333333335,-0.4623,37.0,-1.27,Good Deal (Undervalued),good,Disewakan Apartemen Siap Huni Full Furnished di Ciputat,,unresolved
LST-00523,The Branz BSD • 1BR Full Furnished (62 m²),https://www.rumah123.com/properti/tangerang-selatan-bsd/disewakan-apartemen-the-branz-bsd-city-full-furnish-apr7796813/,Tangerang Selatan,Banten,BSD,"BSD, Tangerang Selatan",Apartemen,6250000.0,100806.45161290324,yearly,1,1,Studio / 1BR,62.0,21.365185417243254,4.077276069524725,Stasiun KRL Rawabuntu (BSD),Tier 3: Outer Commuter Ring (15-28km),1,0,0,0,0,0,0,0,0,0,0,0,-6.30073,106.6502669980909,subdistrict_centroid,1,https://picture.rumah123.com/r123-images/360x210-crop/customer/4372979/722d8a74d0f22fe10f0f52175c928194.jpg,"Apartemen di BSD.  Miliki apartemen 28 lantai yang modern ini,  disewakan menghadirkan lingkungan fasilitas yang lengkap, cocok untuk Anda yang men...",8821295.0,-2571295.0,-0.3446,29.1,-0.95,Good Deal (Undervalued),good,Disewakan Apartemen The Branz BSD City Full Furnish,The Branz BSD,exact
LST-00524,Unresolved • Cibubur • Studio Furnished (22 m²),https://www.rumah123.com/properti/depok-cibubur/apartemen-trans-park-per-tahun-apr7659142/,Depok,Jawa Barat,Cibubur,"Cibubur, Depok",Apartemen,2083333.3333333333,94696.9696969697,yearly,0,1,Studio / 1BR,22.0,18.36377962780643,8.982117676463927,Stasiun KRL Depok Baru,Tier 3: Outer Commuter Ring (15-28km),0,0,0,1,0,0,0,0,0,0,0,0,-6.35611,106.895111,listing,0,https://picture.rumah123.com/r123-images/360x210-crop/customer/44450/5bd154905d61a36ebaf1ae4dee9c0918.jpg,Tipe studio Ada 1 unit AC Harga Nego Tanpa Perabot Fasilitas lengkap Lokasi dekat dari exit tol Cibubur  Ada Trans Studio dan TransMall Dekat stasi...,2332416.0,-249082.66666666677,-0.1129,10.7,-0.31,Fair Market Price,,Apartemen Trans Park Per Tahun,,unresolved
LST-00525,Taman Melati Margonda Tower C • 1BR Furnished (27 m²),https://www.rumah123.com/properti/depok-margonda/disewakan-apartemen-grand-taman-melati-2-tower-c-apr7803904/,Depok,Jawa Barat,Margonda,"Margonda, Depok",Apartemen,3800000.0,140740.74074074073,monthly,1,1,Studio / 1BR,27.0,16.903913696813504,3.656819086512658,Stasiun KRL Depok Baru,Tier 3: Outer Commuter Ring (15-28km),0,0,0,0,0,0,0,0,0,0,0,0,-6.360260408094277,106.8331169209905,listing,0,https://picture.rumah123.com/r123-images/360x210-crop/customer/4492635/9087e8fbe42341afe5aeacad81c90609.jpg,DISEWAKAN Apartemen dekat Kampus UI  Unit Studio Grand Taman Melati 2 Tower C Lantai 9  Lokasi strategis: Dekat kampus UI Dekat kampus Gunadarma Ak...,3991205.0,-191205.0,-0.0491,4.8,-0.14,Fair Market Price,,Disewakan! Apartemen Grand Taman Melati 2 Tower C,Taman Melati Margonda,exact
LST-00526,Green Lake View Depok • 1BR Full Furnished (20 m²),https://www.rumah123.com/properti/depok-cimanggis/apartemen-bagus-full-furnished-paket-mahasiswa-16-juta-di-green-lakeview-depok-apr3080083/,Depok,Jawa Barat,Cimanggis,"Cimanggis, Depok",Apartemen,1600000.0,80000.0,monthly,1,1,Studio / 1BR,20.0,21.813966346473965,7.594326991898986,Stasiun KRL Depok Baru,Tier 3: Outer Commuter Ring (15-28km),1,0,0,0,1,0,0,0,0,0,0,1,-6.39199,106.89062,listing,0,https://picture.rumah123.com/r123-images/360x210-crop/customer/1760512/2024-02-23-08-48-58-4c978477-add8-4900-ac57-15e0933f10e9.jpg,"Paket mahasiswa: 1.6 jt Per Bulan  Paket umum : 1.8- 2.5 jt Per Bulan Deposit 1jt Free parkirÂ danÂ freeÂ wifi",2806924.0,-1206924.0,-0.5621,43.0,-1.55,Deep Value Deal (Rare Find),deep,"Apartemen Bagus Full Furnished Paket Mahasiswa 1,6 Juta di Green Lakeview Depok",Green Lake View Depok,exact
LST-00527,Unresolved • Depok II • 2BR Furnished (52 m²),https://www.rumah123.com/properti/depok-depok-ii/dekat-universitas-di-depok-apr7782722/,Depok,Jawa Barat,Depok II,"Depok II, Depok",Apartemen,6000000.0,115384.6153846154,monthly,2,1,2 Bedroom,52.0,20.17881143743289,0.9049734048211204,Stasiun KRL Depok Baru,Tier 3: Outer Commuter Ring (15-28km),0,0,0,0,0,0,0,0,0,0,0,0,-6.39,106.83,listing,0,https://picture.rumah123.com/r123-images/360x210-crop/customer/1738656/3d3c44ca52222460df340443c05ed1cf.jpg,Disewakan apartement Semesta Mahata 500 meter ke UI fakultas kedokteran. Tepat di Stadiun kereta pondok cina Depok luas 50 m2  Kamar Tidur 2 Kamar ...,5427310.0,572690.0,0.1003,-10.6,0.28,Fair Market Price,,Disewakan Apartement 2 Kamar. Lokasi 500 Meter Dari Universitas Indonesia,,unresolved
LST-00528,Unresolved • Margonda • 1BR Furnished (49 m²),https://www.rumah123.com/properti/depok-margonda/apartemen-siap-huni-modern-dan-cozy-apr7826284/,Depok,Jawa Barat,Margonda,"Margonda, Depok",Apartemen,4300000.0,87755.10204081633,monthly,1,1,Studio / 1BR,49.0,19.117689833962416,1.545535782398491,Stasiun KRL Depok Baru,Tier 3: Outer Commuter Ring (15-28km),0,0,0,1,0,1,0,0,0,0,1,0,-6.3804,106.830704,listing,0,https://picture.rumah123.com/r123-images/360x210-crop/customer/397291/bd4254ce1399fe14327bd45f97e2c8a9.jpg,"Apartemen 1 BR dengan luas gross 49 m2, lantai parkit, 2 AC, water heater, springbed queen, sofa bed, dining table, kitchen set kering dan basah. h...",3718244.0,581756.0,0.1454,-15.6,0.4,Fair Market Price,,"Apartemen Siap Huni, Modern dan Cozy",,unresolved
LST-00529,Podomoro Golf View • 2BR Full Furnished (50 m²),https://www.rumah123.com/properti/depok-cimanggis/disewakan-apartemen-di-podomoro-golf-view-apr7819083/,Depok,Jawa Barat,Cimanggis,"Cimanggis, Depok",Apartemen,3750000.0,75000.0,yearly,2,1,2 Bedroom,50.0,21.813847711201102,7.593995502776035,Stasiun KRL Depok Baru,Tier 3: Outer Commuter Ring (15-28km),1,0,0,0,0,0,0,0,0,0,0,0,-6.39199,106.890617,listing,0,https://picture.rumah123.com/r123-images/360x210-crop/customer/1710612/464bdc28a88ab6c1f5742bc3531b2260.jpg,Disewakan apartemen di Podomoro Golf View   2 bedroom  Full furnished  Harga sewa 45 JT  Deposit 5 JT   IPL bayar per 3 bulan Rp 1.296.000,5210996.0,-1460996.0,-0.329,28.0,-0.9,Good Deal (Undervalued),good,Disewakan Apartemen di Podomoro Golf View,Podomoro Golf View,exact
LST-00530,Margonda Residence • Studio Furnished (20 m²),https://www.rumah123.com/properti/depok-margonda/margonda-residence-1-mares-1-dekat-ui-apr7413070/,Depok,Jawa Barat,Margonda,"Margonda, Depok",Apartemen,1500000.0,75000.0,monthly,0,1,Studio / 1BR,20.0,19.117689833962416,1.545535782398491,Stasiun KRL Depok Baru,Tier 3: Outer Commuter Ring (15-28km),0,0,0,0,0,0,0,0,0,0,0,0,-6.3804,106.830704,listing,0,https://picture.rumah123.com/r123-images/360x210-crop/customer/1854562/019109fcf1a5eef4613952061ccf49b5.jpg,"Disewakan Unit Apartemen Margonda Residence 1 *Harga Sewa 1,5 Juta/bln* (AO) Jl.Margonda Raya, Depok. Dekat Kampus UI Depok, Univ.Gunadarma, Mall M...",2070212.0,-570212.0,-0.3222,27.5,-0.89,Good Deal (Undervalued),good,Margonda Residence 1 Mares 1 Dekat Ui,Margonda Residence,exact
LST-00531,Margonda Residence • Studio Furnished (24 m²),https://www.rumah123.com/properti/depok-margonda/margonda-residence-2-1-tahun-furnished-apr3307707/,Depok,Jawa Barat,Margonda,"Margonda, Depok",Apartemen,2000000.0,83333.33333333333,yearly,0,1,Studio / 1BR,24.0,19.117689833962416,1.545535782398491,Stasiun KRL Depok Baru,Tier 3: Outer Commuter Ring (15-28km),0,0,0,0,0,0,0,0,0,0,0,0,-6.3804,106.830704,listing,0,https://picture.rumah123.com/r123-images/360x210-crop/customer/1854562/caebee060f302ce9c0c4831256d1dc77.jpg,"Disewakan unit Apartemen Margonda Residence 2 *Harga Sewa 24 Juta/thn* Jl.Margonda Raya kav 462 Depok. Dekat Kampus UI, Univ.Gunadarma dan akses st...",3851363.0,-1851363.0,-0.6553,48.1,-1.8,Deep Value Deal (Rare Find),deep,Margonda Residence 2 1 Tahun Furnished,Margonda Residence,exact
LST-00532,Unresolved • Margonda • Studio Furnished (25 m²),https://www.rumah123.com/properti/depok-margonda/disewakan-unit-studio-lokasi-dekat-kampus-ui-strategis-apr7357056/,Depok,Jawa Barat,Margonda,"Margonda, Depok",Apartemen,4000000.0,160000.0,monthly,1,1,Studio / 1BR,25.0,19.117689833962416,1.545535782398491,Stasiun KRL Depok Baru,Tier 3: Outer Commuter Ring (15-28km),0,0,0,0,0,0,0,0,0,0,0,0,-6.3804,106.830704,listing,0,https://picture.rumah123.com/r123-images/360x210-crop/customer/1870971/00b9f5d5f3b21a9851964214484b78ac.jpg,"Apartemen di Margonda, Depok.  For rent di wilayah yang tenang. Dengan spesifikasinya adalah sebagai berikut:   - Kamar Tidur: 1   - Kamar Mandi: 1...",5212747.0,-1212747.0,-0.2648,23.3,-0.73,Fair Market Price,,Disewakan Unit Studio Lokasi Dekat Kampus Ui Strategis ,,unresolved
LST-00533,Samesta Mahata Margonda • 1BR Full Furnished (36 m²),https://www.rumah123.com/properti/depok-margonda/disewakan-apartment-1bedroom-fully-furnished-samesta-mahata-margonda-depok-apr7842566/,Depok,Jawa Barat,Margonda,"Margonda, Depok",Apartemen,3916666.6666666665,108796.29629629628,yearly,1,1,Studio / 1BR,36.0,18.454229924783714,2.2200289577268,Stasiun KRL Depok Baru,Tier 3: Outer Commuter Ring (15-28km),1,0,0,0,0,0,0,0,0,0,0,0,-6.374291,106.832582,listing,0,https://picture.rumah123.com/r123-images/360x210-crop/customer/1296291/75be17f57616c078af5db2c91f84b5c8.jpg,"For Rent  Apartemen Samesta Mahata margonda Depok, Jawa Barat  Detail: Tower P Level 18 Size 36 m2 1 Bedroom & 1 Bathroom Brand New Furnished  Full...",4885163.0,-968496.3333333336,-0.221,19.8,-0.61,Fair Market Price,,Disewakan Apartment 1Bedroom Fully Furnished Samesta Mahata Margonda Depok,Samesta Mahata Margonda,exact
LST-00534,Unresolved • Kukusan • Studio Furnished (22 m²),https://www.rumah123.com/properti/depok-kukusan/dave-apartement-dekat-ui-apr7743195/,Depok,Jawa Barat,Kukusan,"Kukusan, Depok",Apartemen,1700000.0,77272.72727272728,monthly,0,1,Studio / 1BR,22.0,17.130980562557518,3.152389513761235,Stasiun KRL Depok Baru,Tier 3: Outer Commuter Ring (15-28km),0,0,0,0,0,0,0,0,0,0,0,0,-6.36285,106.821983,listing,0,https://picture.rumah123.com/r123-images/360x210-crop/customer/4486561/listing/apr7743195/enhanced/a449808fedf6757569b4a789322376a0.jpg,"Apartemen 6 lantai di Kukusan, Depok.  For rent di wilayah yang tenang. Dengan spesifikasinya adalah sebagai berikut:   - Kamar Mandi: 1   - Sertif...",2709987.0,-1009987.0,-0.4663,37.3,-1.28,Good Deal (Undervalued),good,Dave Apartement Dekat Ui,,unresolved
LST-00535,Margonda Residence • Studio Furnished (21 m²),https://www.rumah123.com/properti/depok-margonda/apartemen-margonda-residence-4-studio-furnished-bagus-apr3204710/,Depok,Jawa Barat,Margonda,"Margonda, Depok",Apartemen,1700000.0,80952.38095238095,monthly,1,1,Studio / 1BR,21.0,19.11766248082608,1.5452575771045955,Stasiun KRL Depok Baru,Tier 3: Outer Commuter Ring (15-28km),0,0,0,0,0,0,0,0,0,0,0,0,-6.3804,106.8307,listing,0,https://picture.rumah123.com/r123-images/360x210-crop/customer/14065/6a98dc10ac9a7d71e5c95d5e9434a44f.jpg,"Disewakan 1 unit kamar di  apartment Margonda Residence 4 Jl. Margonda, Depok   Apartemen berada di kawasan mall D'MALL.  Mall yang lengkap deng...",2551694.0,-851694.0,-0.4061,33.4,-1.12,Good Deal (Undervalued),good,"Apartemen Margonda Residence 4, Studio, Furnished Bagus",Margonda Residence,exact
LST-00536,Unresolved • Cimanggis • Studio Furnished (20 m²),https://www.rumah123.com/properti/depok-cimanggis/sewa-bulanan-apartemen-gratis-lake-view-cimanggis-depok-apr7794335/,Depok,Jawa Barat,Cimanggis,"Cimanggis, Depok",Apartemen,1500000.0,75000.0,monthly,0,1,Studio / 1BR,20.0,21.813847711201102,7.593995502776035,Stasiun KRL Depok Baru,Tier 3: Outer Commuter Ring (15-28km),0,0,0,0,0,0,0,0,0,0,0,0,-6.39199,106.890617,listing,0,https://picture.rumah123.com/r123-images/360x210-crop/customer/1969139/dfd8861a4a4e78afab0c77d21556e032.jpg,"APARTEMEN GREEN LAKE VIEW DEPOK   HARGA PROMO UNTUK MAHASISWA 1.5jt perbulan (deposit 1,5jt ) Belum include IPL, listrik dan air listrik dan air se...",1795372.0,-295372.0,-0.1797,16.5,-0.49,Fair Market Price,,Sewa Bulanan Apartemen Gratis Lake View Cimanggis Depok,,unresolved
LST-00537,Cinere Resort • Studio Full Furnished (21 m²),https://www.rumah123.com/properti/depok-cinere/unit-sewa-studio-full-furnished-cinere-resort-apr7751632/,Depok,Jawa Barat,Cinere,"Cinere, Depok",Apartemen,2500000.0,119047.61904761904,yearly,0,1,Studio / 1BR,21.0,20.17881143743289,0.9049734048211204,Stasiun KRL Depok Baru,Tier 3: Outer Commuter Ring (15-28km),1,0,0,0,0,0,0,0,0,0,0,0,-6.39,106.83,listing,0,https://picture.rumah123.com/r123-images/360x210-crop/customer/1966165/listing/apr7751632/enhanced/5d8ea0b0021b6a312b34df82d6a247b7.jpg,Disewakan Apartemen Cinere Resort Full Furnish  Lokasi strategis. 7 menit Pintu Tol Brigif. 1 menit ke Superindo. Dekat KEMENKUMHAM Corporate Unive...,2824694.0,-324694.0,-0.1221,11.5,-0.34,Fair Market Price,,Unit Sewa Studio Full Furnished Cinere Resort,Cinere Resort,exact
LST-00538,Unresolved • Beji • Studio Full Furnished (25 m²),https://www.rumah123.com/properti/depok-beji/disewakan-unit-apstudio-dekat-uii-depok-apr3590787/,Depok,Jawa Barat,Beji,"Beji, Depok",Apartemen,4000000.0,160000.0,monthly,1,0,Studio / 1BR,25.0,17.972235569283374,2.360967230794268,Stasiun KRL Depok Baru,Tier 3: Outer Commuter Ring (15-28km),1,0,0,0,0,0,0,0,0,0,0,0,-6.37041,106.81756,listing,0,https://picture.rumah123.com/r123-images/360x210-crop/customer/1870971/963d581db15767a5cd1fcee25585f2e5.jpg,Disewakan minum 3 bulan unit studio fully furnished  200 m dari Universitas Indonesia 1 km dari Margocity mall 1 km dari Universitas Gunadarma 200 ...,6960081.0,-2960081.0,-0.5539,42.5,-1.52,Deep Value Deal (Rare Find),deep,Disewakan Unit Apstudio Dekat Uii Depok,,unresolved
LST-00539,Unresolved • Cinere • 2BR Furnished (41 m²),https://www.rumah123.com/properti/depok-cinere/sewa-apartemen-2-bedroom-dekat-mrt-lebak-bulus-apr7741213/,Depok,Jawa Barat,Cinere,"Cinere, Depok",Apartemen,3500000.0,85365.85365853658,yearly,2,1,2 Bedroom,41.0,20.17881143743289,0.9049734048211204,Stasiun KRL Depok Baru,Tier 3: Outer Commuter Ring (15-28km),0,0,0,0,0,0,0,0,1,0,0,0,-6.39,106.83,listing,0,https://picture.rumah123.com/r123-images/360x210-crop/customer/1966165/listing/apr7741213/enhanced/4b99c398b4433f445dcf4b66b791350e.jpg,DISEWAKAN UNIT 2 BEDROOM APARTEMEN CINERE BELLEVUE SUITES  Lokasi sangat strategis. 15 menit MRT Lebak Bulus. 1 menit ke RS Jantung Diagram Siloam ...,3151729.0,348271.0,0.1048,-11.1,0.29,Fair Market Price,,Sewa Apartemen 2 Bedroom Dekat MRT Lebak Bulus,,unresolved
LST-00540,Park View Depok • Studio Furnished (32 m²),https://www.rumah123.com/properti/depok-margonda/apartemen-bagus-di-park-view-detos-margonda-depok-furnished-bagus-apr7811057/,Depok,Jawa Barat,Margonda,"Margonda, Depok",Apartemen,3400000.0,106250.0,monthly,0,1,Studio / 1BR,32.0,19.117689833962416,1.545535782398491,Stasiun KRL Depok Baru,Tier 3: Outer Commuter Ring (15-28km),0,0,0,0,0,0,0,0,0,0,0,0,-6.3804,106.830704,listing,0,https://picture.rumah123.com/r123-images/360x210-crop/customer/14065/69f763af806f82dc1cb5424ad102c275.jpg,"Disewakan 1 unit kamar di apartemen  Parkview DETOS, jln. Margonda, Depok.  Type: studio  Lantai: 12 View : hadap jl Margonda Depok/ Margocity  Lua...",3672836.0,-272836.0,-0.0772,7.4,-0.21,Fair Market Price,,"Apartemen Bagus di Park View Detos Margonda Depok, Furnished Bagus",Park View Depok,exact
LST-00541,Transpark Cibubur • 2BR Furnished (45 m²),https://www.rumah123.com/properti/depok-cimanggis/1-unit-apartemen-di-transpark-cibubur-cimanggis-depok-apr7805931/,Depok,Jawa Barat,Cimanggis,"Cimanggis, Depok",Apartemen,5833333.333333333,129629.62962962962,yearly,2,1,2 Bedroom,45.0,20.637045695477685,9.163046361125671,Stasiun KRL Depok Baru,Tier 3: Outer Commuter Ring (15-28km),0,0,0,0,0,0,0,0,0,0,0,0,-6.374954,106.9031919,listing,0,https://picture.rumah123.com/r123-images/360x210-crop/customer/2151158/cfacdf9a8b094721234496a3daf59d76.jpg,Disewakan 1 Unit Apartemen Di Transpark Cibubur Cimanggis Depok  Luas Bangunan = 45 m2 Kamar Tidur = 2 Kamar Mandi = 1 Lantai Unit = 26 Orientasi/H...,3777596.0,2055737.333333333,0.4345,-54.4,1.2,Premium / High Price,,Disewakan 1 Unit Apartemen di Transpark Cibubur Cimanggis Depok,Transpark Cibubur,exact
LST-00542,Cinere Bellevue • Studio Full Furnished (41 m²),https://www.rumah123.com/properti/depok-cinere/disewakan-unit-apartment-cinere-bellevue-fully-furnished-apr7711650/,Depok,Jawa Barat,Cinere,"Cinere, Depok",Apartemen,4500000.0,109756.0975609756,monthly,0,0,Studio / 1BR,41.0,20.17881143743289,0.9049734048211204,Stasiun KRL Depok Baru,Tier 3: Outer Commuter Ring (15-28km),1,0,0,0,0,0,0,0,0,0,0,0,-6.39,106.83,listing,0,https://picture.rumah123.com/r123-images/360x210-crop/customer/2002794/fad9f4199d434a2324dcf0c778cd801d.jpg,DISEWAKAN - APARTEMEN Cinere Bellevue Suites - Tower A  Diperuntukan bagi mereka yg menyukai ruangan yg luas dan nyaman  Spec : - Luas 41 sqm  - 2B...,4175293.0,324707.0,0.0749,-7.8,0.21,Fair Market Price,,Disewakan Unit Apartment Cinere Bellevue Fully Furnished,Cinere Bellevue,exact
LST-00543,Transpark Cibubur • 2BR Furnished (48 m²),https://www.rumah123.com/properti/depok-cimanggis/apartemen-di-hoek-2-kamar-tidur-furnished-bagus-transpark-cibubur-apr7305190/,Depok,Jawa Barat,Cimanggis,"Cimanggis, Depok",Apartemen,4166666.6666666665,86805.55555555555,yearly,2,1,2 Bedroom,48.0,21.813847711201102,7.593995502776035,Stasiun KRL Depok Baru,Tier 3: Outer Commuter Ring (15-28km),0,0,0,0,0,0,0,0,0,0,0,0,-6.39199,106.890617,listing,0,https://picture.rumah123.com/r123-images/360x210-crop/customer/2091017/a20be3edce29ae5f6fd9dd1b1abb4564.jpg,"Kesempatan terbatas buat Anda dapatkan apartemen strategis dengan return investasi tinggi di Cimanggis, Depok.  Apartemen ini menawarkan kelengkapa...",4844666.0,-677999.3333333335,-0.1508,14.0,-0.41,Fair Market Price,,Apartemen di Hoek 2 Kamar Tidur Furnished Bagus Transpark Cibubur,Transpark Cibubur,exact
LST-00544,Unresolved • Margonda • 1BR Full Furnished (24 m²),https://www.rumah123.com/properti/depok-margonda/apartemen-full-furnish-sangat-cocok-untuk-generasi-milenial-dan-cocok-untuk-investasi-apr3598780/,Depok,Jawa Barat,Margonda,"Margonda, Depok",Apartemen,24166666.666666668,1006944.4444444444,yearly,1,1,Studio / 1BR,24.0,19.117689833962416,1.545535782398491,Stasiun KRL Depok Baru,Tier 3: Outer Commuter Ring (15-28km),1,0,0,0,0,0,0,0,0,0,0,0,-6.3804,106.830704,subdistrict_centroid,1,https://picture.rumah123.com/r123-images/360x210-crop/customer/1556223/68ccf93944047c29cd4686cf12e8507f.jpg,"Apartment For Rent Depok MARGONDA RESIDENCE Full Furnish Sangat Cocok Untuk generasi Milenial Dan Cocok Untuk Investasi Lokasi Sangat Strategis Se...",7321088.0,16845578.666666668,1.1942,-230.1,3.28,Overpriced / Luxury Tag,,APARTEMEN FULL FURNISH SANGAT COCOK UNTUK GENERASI MILENIAL DAN COCOK UNTUK INVESTASI,,unresolved
LST-00545,Unresolved • Cimanggis • 1BR Furnished (21 m²),https://www.rumah123.com/properti/depok-cimanggis/apartemen-furnished-murah-nempel-gerbang-tol-cimanggis-apr3497829/,Depok,Jawa Barat,Cimanggis,"Cimanggis, Depok",Apartemen,2500000.0,119047.61904761904,yearly,1,1,Studio / 1BR,21.0,21.813966346473965,7.594326991898986,Stasiun KRL Depok Baru,Tier 3: Outer Commuter Ring (15-28km),0,0,0,0,0,0,0,0,0,0,0,0,-6.39199,106.89062,listing,0,https://picture.rumah123.com/r123-images/360x210-crop/customer/1143311/ce9ecc5d6609aa6e18f5a678cf55e318.jpg,Lokasinya yang strategis dan nyaman lingkungan dekat dengan areal komersial lengkap fasilitasnya dekat gerbang tol Cimanggis dan langsung ada stasi...,2323990.0,176010.0,0.073,-7.6,0.2,Fair Market Price,,Apartemen Furnished Murah Nempel Gerbang Tol Cimanggis ,,unresolved
LST-00546,Cinere Bellevue Tower A • 1BR Furnished (42 m²),https://www.rumah123.com/properti/depok-cinere/disewakan-apartemen-cinere-bellevue-tower-a-lantai-9-apr7385962/,Depok,Jawa Barat,Cinere,"Cinere, Depok",Apartemen,5000000.0,119047.61904761904,yearly,1,1,Studio / 1BR,42.0,14.553202015811204,4.909428178482895,Stasiun MRT Lebak Bulus,Tier 2: Inner Ring Metro (7-15km),0,0,0,0,0,0,0,0,0,0,0,0,-6.33298,106.778412,listing,0,https://picture.rumah123.com/r123-images/360x210-crop/customer/1425980/9f6cd1a2dcf20a2540c3f7192567e6d2.jpg,"Apartemen Cinere Bellevue adalah apartemen dengan lokasi terdepan di cinere, hanya 3 menit menuju lebak bulus jakarta selatan. Bagi anda yang sedan...",5026422.0,-26422.0,-0.0053,0.5,-0.01,Fair Market Price,,Disewakan Apartemen Cinere Bellevue Tower A Lantai 9,Cinere Bellevue,exact
LST-00547,Green Lake View Depok • Studio Furnished (20 m²),https://www.rumah123.com/properti/depok-margonda/sewa-bulanan-apartemen-green-lake-view-cimanggis-depok-apr7783172/,Depok,Jawa Barat,Margonda,"Margonda, Depok",Apartemen,1600000.0,80000.0,monthly,0,1,Studio / 1BR,20.0,19.117689833962416,1.545535782398491,Stasiun KRL Depok Baru,Tier 3: Outer Commuter Ring (15-28km),0,0,0,0,0,0,0,0,0,0,0,0,-6.3804,106.830704,listing,0,https://picture.rumah123.com/r123-images/360x210-crop/customer/1969139/7665f8ffc98ed8de598c4d4379368e4c.jpg,"APARTEMEN GREEN LAKE VIEW DEPOK   HARGA PROMO UNTUK MAHASISWA 1.5jt perbulan (deposit 1,5jt ) Belum include IPL, listrik dan air listrik dan air se...",1946612.0,-346612.0,-0.1961,17.8,-0.54,Fair Market Price,,Sewa Bulanan Apartemen Green Lake View Cimanggis Depok,Green Lake View Depok,exact
LST-00548,Unresolved • Cimanggis Tower Balsa Golf View • 2BR Furnished (36 m²),https://www.rumah123.com/properti/depok-cimanggis/disewakan-apartemen-2-bedroom-furnishedpodomoro-golf-view-cimanggis-tower-balsa-apr7813826/,Depok,Jawa Barat,Cimanggis,"Cimanggis, Depok",Apartemen,4166666.6666666665,115740.74074074072,yearly,2,1,2 Bedroom,36.0,21.813847711201102,7.593995502776035,Stasiun KRL Depok Baru,Tier 3: Outer Commuter Ring (15-28km),0,0,0,0,0,0,0,0,0,0,0,0,-6.39199,106.890617,listing,0,https://picture.rumah123.com/r123-images/360x210-crop/customer/4435506/897d98928c8ce75c387be9399979ad3f.jpg,030-71 / PGV  Disewakan Apartemen 2 Bedroom Furnished podomoro golf view cimanggis  Tower Balsa   Spek :  Luas 36 M² KT 2 KM 1 Lt  10 View Bouleva...,3670521.0,496145.6666666665,0.1268,-13.5,0.35,Fair Market Price,,Disewakan Apartemen 2 Bedroom Furnishedpodomoro Golf View Cimanggis Tower Balsa,,unresolved
LST-00549,Park View Depok • 1BR Furnished (38 m²),https://www.rumah123.com/properti/depok-margonda/apartemen-park-view-depok-bagus-furnished-apr3405768/,Depok,Jawa Barat,Margonda,"Margonda, Depok",Apartemen,3300000.0,86842.1052631579,monthly,1,1,Studio / 1BR,38.0,19.11766248082608,1.5452575771045955,Stasiun KRL Depok Baru,Tier 3: Outer Commuter Ring (15-28km),0,0,0,0,0,0,0,0,0,0,0,0,-6.3804,106.8307,listing,0,https://picture.rumah123.com/r123-images/360x210-crop/customer/14065/2496dad7ac631ddbb9c82a0d0b580b0c.jpg,"Disewakan 1 unit kamar di apartemen  Parkview DETOS, jln. Margonda, Depok.  Type: studio  Luas : 38 m2 Hrg sewa Rp. 3.300.000/bulan Deposit : 3 jt....",3969415.0,-669415.0,-0.1847,16.9,-0.51,Fair Market Price,,Apartemen Park View Depok Bagus Furnished,Park View Depok,exact
LST-00550,Evenciio Margonda • 1BR Full Furnished (25 m²),https://www.rumah123.com/properti/depok-margonda/apartemen-evencio-margonda-depok-full-furnished-apr7723214/,Depok,Jawa Barat,Margonda,"Margonda, Depok",Apartemen,45000000.0,1800000.0,yearly,1,1,Studio / 1BR,25.0,19.117689833962416,1.545535782398491,Stasiun KRL Depok Baru,Tier 3: Outer Commuter Ring (15-28km),1,0,0,0,0,0,0,0,0,0,0,0,-6.3804,106.830704,subdistrict_centroid,1,https://picture.rumah123.com/r123-images/360x210-crop/customer/1865967/494d86242b5abff9665d825dcfeff8d0.jpg,"Disewakan Hunian modern dengan tipe Studio yang nyaman dan siap huni, berlokasi strategis di kawasan Margonda, Depok. Cocok untuk mahasiswa, profes...",6276716.0,38723284.0,1.9698,-616.9,5.42,Overpriced / Luxury Tag,,"Apartemen Evencio Margonda, Depok Full Furnished",Evenciio Margonda,fuzzy
LST-00551,Unresolved • Cinere • 1BR Furnished (21 m²),https://www.rumah123.com/properti/depok-cinere/apartement-nyaman-dan-tenang-diatas-mall-apr3221986/,Depok,Jawa Barat,Cinere,"Cinere, Depok",Apartemen,9000000.0,428571.4285714286,daily,1,1,Studio / 1BR,21.0,14.55327184000032,4.90940871691047,Stasiun MRT Lebak Bulus,Tier 2: Inner Ring Metro (7-15km),0,0,0,0,0,0,0,0,0,0,0,0,-6.33298,106.77841,listing,0,https://picture.rumah123.com/r123-images/360x210-crop/customer/50195/2024-03-01-13-11-20-2bfb62aa-0961-44b8-8834-6be5728b8935.jpg,Disewakan/dijual  Apartement cinere bellevue  Luas 21 m2  Unit studio  Lantai 2  View taman  sewa harian 300 ribu  Disewakan 3 juta/bulan exclude l...,2431954.0,6568046.0,1.3085,-270.1,3.6,Overpriced / Luxury Tag,,Apartement nyaman dan tenang diatas mall,,unresolved
LST-00552,Unresolved • Margonda • Studio Furnished (24 m²),https://www.rumah123.com/properti/depok-margonda/apartemen-bagus-dekat-universitas-indonesia-depok-apr7690031/,Depok,Jawa Barat,Margonda,"Margonda, Depok",Apartemen,3000000.0,125000.0,yearly,0,1,Studio / 1BR,24.0,20.17881143743289,0.9049734048211204,Stasiun KRL Depok Baru,Tier 3: Outer Commuter Ring (15-28km),0,0,0,0,0,0,0,0,0,0,0,0,-6.39,106.83,listing,0,https://picture.rumah123.com/r123-images/360x210-crop/customer/986272/listing/apr7690031/enhanced/775a88bf2e022b1d89493e9ca9b46032.jpg,DISEWAKAN APARTMENT BAGUS STRATEGIS DEKAT UNIVERSITAS INDONESIA   SELLING POINT  - Hanya 10 Menit kestasiun Pondok China  -Hanya 3 menit ke Depok T...,3051813.0,-51813.0,-0.0171,1.7,-0.05,Fair Market Price,,Apartemen Bagus Dekat Universitas Indonesia Depok,,unresolved
LST-00553,Unresolved • Cimanggis • Studio Full Furnished (22 m²),https://www.rumah123.com/properti/depok-cimanggis/disewa-apartemen-full-furnish-siap-huni-dekat-akses-tol-apr7673833/,Depok,Jawa Barat,Cimanggis,"Cimanggis, Depok",Apartemen,2916666.6666666665,132575.75757575757,yearly,0,1,Studio / 1BR,22.0,21.813847711201102,7.593995502776035,Stasiun KRL Depok Baru,Tier 3: Outer Commuter Ring (15-28km),1,0,0,1,0,0,0,0,0,0,0,0,-6.39199,106.890617,listing,0,https://picture.rumah123.com/r123-images/360x210-crop/customer/1485060/listing/apr7673833/enhanced/438e4629ca8dc1584d3f81bfd3d1f911.jpg,"Disewa cepat Apartemen cozy, Full Furnish , dekat akses tol Cimanggis. Spesifikasi * LB : 22 m2 * Type : Studio * Kamar mandi : 1 * AC : 1 * Full F...",2382598.0,534068.6666666665,0.2022,-22.4,0.56,Fair Market Price,,"Disewa Apartemen Full Furnish, Siap Huni, Dekat Akses Tol",,unresolved
LST-00554,Margonda Residence • Studio Furnished (25 m²),https://www.rumah123.com/properti/depok-margonda/disewakan-apartemen-margonda-residence-3-dekat-stasiun-depok-dan-universitas-indonesia-apr7665643/,Depok,Jawa Barat,Margonda,"Margonda, Depok",Apartemen,2500000.0,100000.0,yearly,0,1,Studio / 1BR,25.0,19.117689833962416,1.545535782398491,Stasiun KRL Depok Baru,Tier 3: Outer Commuter Ring (15-28km),0,0,0,0,0,0,0,0,1,0,0,0,-6.3804,106.830704,listing,0,https://picture.rumah123.com/r123-images/360x210-crop/customer/4357074/listing/apr7665643/enhanced/dab75ef7be686a8dca21418959e298e7.jpg,Apartemen  margonda residence  3 Dmall   lt 15 Jalan Margonda Raya Depok   Spesifikasi: type studio  luas 25 m2  Shmrs  Furnished   Harga jual  300...,3198589.0,-698589.0,-0.2464,21.8,-0.68,Fair Market Price,,Disewakan Apartemen Margonda Residence 3 Dekat Stasiun Depok dan Universitas Indonesia,Margonda Residence,exact
LST-00555,Samesta Mahata Margonda • 1BR Full Furnished (36 m²),https://www.rumah123.com/properti/depok-margonda/apartemen-1br-full-furnish-di-mahata-margonda-depok-apr7658408/,Depok,Jawa Barat,Margonda,"Margonda, Depok",Apartemen,7000000.0,194444.44444444444,monthly,1,1,Studio / 1BR,36.0,19.117689833962416,1.545535782398491,Stasiun KRL Depok Baru,Tier 3: Outer Commuter Ring (15-28km),1,0,0,0,0,1,0,0,0,0,0,0,-6.3804,106.830704,listing,0,https://picture.rumah123.com/r123-images/360x210-crop/customer/1726478/c1c9a9152ea0102e576d16b44492fb16.jpg,APARTEMEN DI MAHATA MARGONDA DEPOK  Type 1BR Lantai granit motif marmer ukuran 120 x 60 Sewa 7jt/bln include IPL  full furnish: -Waterheater (Arist...,7165508.0,-165508.0,-0.0234,2.3,-0.06,Fair Market Price,,Apartemen 1Br Full Furnish di Mahata Margonda Depok,Samesta Mahata Margonda,exact
LST-00556,Unresolved • Cimanggis • 1BR Furnished (21 m²),https://www.rumah123.com/properti/depok-cimanggis/disewakan-apartemen-pgv-cimanggis-apr7651357/,Depok,Jawa Barat,Cimanggis,"Cimanggis, Depok",Apartemen,2000000.0,95238.09523809524,yearly,1,1,Studio / 1BR,21.0,21.813847711201102,7.593995502776035,Stasiun KRL Depok Baru,Tier 3: Outer Commuter Ring (15-28km),0,0,0,0,0,0,1,0,0,0,0,0,-6.39199,106.890617,subdistrict_centroid,1,https://picture.rumah123.com/r123-images/360x210-crop/customer/2104358/4691cfff45ea63a530816623ef9307fa.jpg,Disewakan Apartemen PGV Cimanggis  - Tower Dahoma - LT 8 - Type Studio - LB 21m - Listrik 1300kw   FASILITAS LENGKAP - Kolam renang - Area komersia...,2216918.0,-216918.0,-0.103,9.8,-0.28,Fair Market Price,,Disewakan Apartemen Pgv Cimanggis,,unresolved
LST-00557,Cinere Resort • Studio Full Furnished (22 m²),https://www.rumah123.com/properti/depok-gandul/disewa-kan-apartement-cinere-resort-type-studio-5-menit-dari-sekolah-kemenkumham-gandul-murah-full-furnished-minimal-apr2960354/,Depok,Jawa Barat,Gandul,"Gandul, Depok",Apartemen,3700000.0,168181.81818181818,monthly,1,1,Studio / 1BR,22.0,14.233201589717488,5.429103781144382,Stasiun MRT Lebak Bulus,Tier 2: Inner Ring Metro (7-15km),1,0,0,0,0,0,0,0,0,0,0,0,-6.33405,106.79344,listing,0,https://picture.rumah123.com/r123-images/360x210-crop/customer/143247/2023-07-25-07-44-49-6cb8e907-37b2-4479-8d61-67ba8d025031.jpg,"Disewa kan apartemen cinere resort type studio,hanya tiga juta tujuh ratus ribu rupiah.akses dekat kemana mana pintu tol brigif hanya 1 km,dan ke c...",3791965.0,-91965.0,-0.0246,2.4,-0.07,Fair Market Price,,Disewa kan apartement cinere resort type studio 5 menit dari sekolah kemenkumham gandul murah full furnished minimal sewa 6 bulan,Cinere Resort,exact
LST-00558,Unresolved • Beji • Studio Furnished (25 m²),https://www.rumah123.com/properti/depok-beji/disewakan-dan-dijual-studio-apartemen-dekat-ui-full-funiture-apr7282125/,Depok,Jawa Barat,Beji,"Beji, Depok",Apartemen,4000000.0,160000.0,monthly,0,0,Studio / 1BR,25.0,17.972235569283374,2.360967230794268,Stasiun KRL Depok Baru,Tier 3: Outer Commuter Ring (15-28km),0,0,0,0,0,0,0,0,0,0,0,0,-6.37041,106.81756,listing,0,https://picture.rumah123.com/r123-images/360x210-crop/customer/1870971/948e794ded9bc476454956b768457056.jpg,"Apartemen di Beji.  Temukan apartemen yang nyaman ini,  disewakan menghadirkan lingkungan fasilitas yang lengkap, cocok untuk Anda yang menginginka...",3621036.0,378964.0,0.0995,-10.5,0.27,Fair Market Price,,Disewakan Dan Dijual Studio Apartemen Dekat Ui Full Funiture,,unresolved
LST-00559,Unresolved • Cimanggis Tower Baru • 2BR Full Furnished (36 m²),https://www.rumah123.com/properti/depok-cimanggis/sewa-apartemen-2-br-furnished-siap-masuk-tower-baru-view-boulevard-apr7806808/,Depok,Jawa Barat,Cimanggis,"Cimanggis, Depok",Apartemen,5833333.333333333,162037.03703703702,yearly,2,1,2 Bedroom,36.0,21.813847711201102,7.593995502776035,Stasiun KRL Depok Baru,Tier 3: Outer Commuter Ring (15-28km),1,0,0,0,0,0,0,0,0,0,0,0,-6.39199,106.890617,listing,0,https://picture.rumah123.com/r123-images/360x210-crop/customer/1896109/3f5b04da5893156d811c84dd32a27e8b.jpg,018-124 /podomoro  Dijual /sewa  Apartemen 2 Bedroom Fully Furnish  New Ekki tower at podomoro golf view cimanggis  Akses exit tol Cimanggis  ada a...,3782805.0,2050528.333333333,0.4331,-54.2,1.19,Premium / High Price,,Sewa Apartemen 2 Br Furnished Siap Masuk Tower Baru View Boulevard,,unresolved
LST-00560,Podomoro Golf View • Studio Furnished (21 m²),https://www.rumah123.com/properti/depok-cimanggis/apartemen-podomoro-golf-view-studio-lt-21-di-cimanggis-bogor-apr7387675/,Depok,Jawa Barat,Cimanggis,"Cimanggis, Depok",Apartemen,1458333.3333333333,69444.44444444444,yearly,0,1,Studio / 1BR,21.0,21.813847711201102,7.593995502776035,Stasiun KRL Depok Baru,Tier 3: Outer Commuter Ring (15-28km),0,0,0,0,0,0,0,0,0,0,0,0,-6.39199,106.890617,listing,0,https://picture.rumah123.com/r123-images/360x210-crop/customer/28999/a0d5fa07bdc7bd426b2d76a48d17f196.jpg,"Apartemen di Cimanggis.  Temukan apartemen 21 lantai yang modern ini,  disewakan menawarkan lingkungan fasilitas yang lengkap, cocok untuk Anda yan...",1982265.0,-523931.66666666674,-0.3069,26.4,-0.84,Good Deal (Undervalued),good,Apartemen Podomoro Golf View Studio LT 21 di Cimanggis Bogor,Podomoro Golf View,exact
LST-00561,Unresolved • Margonda • Studio Furnished (30 m²),https://www.rumah123.com/properti/depok-margonda/disewakan-lantai-rendah-apartement-dekat-rsui-pocin-apr7812724/,Depok,Jawa Barat,Margonda,"Margonda, Depok",Apartemen,3083333.333333333,102777.77777777778,yearly,0,1,Studio / 1BR,30.0,19.117689833962416,1.545535782398491,Stasiun KRL Depok Baru,Tier 3: Outer Commuter Ring (15-28km),0,0,0,0,0,0,0,0,0,0,0,0,-6.3804,106.830704,listing,0,https://picture.rumah123.com/r123-images/360x210-crop/customer/1946150/ed2731df2cd15e8ef7b6b125bd9c4ae9.jpg,Unit studio Luas 30m² Lantai 3 Hadap margo  Harga sewa 37 juta / th,3608268.0,-524934.666666667,-0.1572,14.5,-0.43,Fair Market Price,,Disewakan Lantai Rendah Apartement Dekat Rsui Pocin,,unresolved
LST-00562,Unresolved • Cimanggis Tower Dahoma • 2BR Furnished (35 m²),https://www.rumah123.com/properti/depok-cimanggis/free-ipl-2-bedrooms-di-tower-dahoma-lt-20-19-apartemen-pgv-cimanggis-apr7812163/,Depok,Jawa Barat,Cimanggis,"Cimanggis, Depok",Apartemen,3333333.333333333,95238.09523809524,yearly,2,1,2 Bedroom,35.0,21.813847711201102,7.593995502776035,Stasiun KRL Depok Baru,Tier 3: Outer Commuter Ring (15-28km),0,0,0,0,0,0,0,0,0,0,0,0,-6.39199,106.890617,subdistrict_centroid,1,https://picture.rumah123.com/r123-images/360x210-crop/customer/866076/b1b394249843443361ed9a08bc87dcb5.jpg,"Di sewakan apartemen 2 Bed Rooms di Tower Dahoma Lt 20 #19, luas semi gross 35m2, listrik 1300 kva.  Konsep lagoon leisure terobosan dari pengemb...",3641896.0,-308562.666666667,-0.0885,8.5,-0.24,Fair Market Price,,Free IPL!! 2 Bedrooms di Tower Dahoma LT 20 #19 Apartemen Pgv Cimanggis,,unresolved
LST-00563,Podomoro Golf View • 2BR Furnished (36 m²),https://www.rumah123.com/properti/depok-cimanggis/sewa-apartemen-2-bedroom-full-furrnish-di-podomoro-golf-view-cimanggis-apr7811839/,Depok,Jawa Barat,Cimanggis,"Cimanggis, Depok",Apartemen,3958333.3333333335,109953.70370370372,yearly,2,1,2 Bedroom,36.0,21.813847711201102,7.593995502776035,Stasiun KRL Depok Baru,Tier 3: Outer Commuter Ring (15-28km),0,0,0,0,0,0,0,0,0,0,0,0,-6.39199,106.890617,listing,0,https://picture.rumah123.com/r123-images/360x210-crop/customer/1896109/1fbaeb2134e9f2d7f70c9682433d8929.jpg,030-71 / PGV   Disewakan Apartemen 2 Bedroom Furnished podomoro golf view cimanggis  Tower Balsa   Spek :  Luas 36 M² KT 2 KM 1 Lt  10 View Boulev...,3696326.0,262007.3333333335,0.0685,-7.1,0.19,Fair Market Price,,Sewa Apartemen 2 Bedroom Full Furrnish di Podomoro Golf View Cimanggis,Podomoro Golf View,exact
LST-00564,Transpark Cibubur • 2BR Furnished (45 m²),https://www.rumah123.com/properti/depok-cimanggis/1-unit-apartemen-di-transpark-cibubur-cimanggis-depok-apr7251233/,Depok,Jawa Barat,Cimanggis,"Cimanggis, Depok",Apartemen,5416666.666666667,120370.37037037038,yearly,2,1,2 Bedroom,45.0,20.759875514995663,9.278936203303603,Stasiun KRL Depok Baru,Tier 3: Outer Commuter Ring (15-28km),0,0,0,0,0,0,0,0,0,0,0,0,-6.375595000000001,106.9043868,listing,0,https://picture.rumah123.com/r123-images/360x210-crop/customer/1934565/9edbe858f6d06d4a6c731c540cfe1a63.jpg,"Disewakan 1 unit apartemen di transpark cibubur cimanggis depok  Luas Bangunan = 45 m2 Kamar Tidur = 2 Kamar Mandi = 1 Lantai = 21 Air = Pam...",4425036.0,991630.666666667,0.2022,-22.4,0.56,Fair Market Price,,1 UNIT APARTEMEN DI TRANSPARK CIBUBUR CIMANGGIS DEPOK,Transpark Cibubur,exact
LST-00565,Unresolved • Cimanggis • Studio Full Furnished (21 m²),https://www.rumah123.com/properti/depok-cimanggis/apartemen-full-furnish-siap-huni-dekat-tol-cimanggis-apr7803918/,Depok,Jawa Barat,Cimanggis,"Cimanggis, Depok",Apartemen,2666666.6666666665,126984.12698412698,yearly,0,1,Studio / 1BR,21.0,21.813847711201102,7.593995502776035,Stasiun KRL Depok Baru,Tier 3: Outer Commuter Ring (15-28km),1,0,0,1,0,0,0,0,0,0,0,0,-6.39199,106.890617,listing,0,https://picture.rumah123.com/r123-images/360x210-crop/customer/1485060/fadc0f99144d0929933be56a80679a14.jpg,"Sewa Cepat Apartemen Cantik, Full Furnish,  Lokasi Strategis, di Podomoro Golf View Spesifikasi : * LT : 21 m2 * Type : Studio * KM : 1 * AC : 1 un...",2307688.0,358978.6666666665,0.1446,-15.6,0.4,Fair Market Price,,"Apartemen Full Furnish, Siap Huni, Dekat Tol Cimanggis",,unresolved
LST-00566,Podomoro Golf View • 1BR Furnished (21 m²),https://www.rumah123.com/properti/depok-cimanggis/disewakan-apartemen-podomoro-golf-view-cimanggis-apr7803210/,Depok,Jawa Barat,Cimanggis,"Cimanggis, Depok",Apartemen,3000000.0,142857.14285714287,monthly,1,1,Studio / 1BR,21.0,21.813847711201102,7.593995502776035,Stasiun KRL Depok Baru,Tier 3: Outer Commuter Ring (15-28km),0,0,0,0,0,0,0,0,0,0,0,1,-6.39199,106.890617,listing,0,https://picture.rumah123.com/r123-images/360x210-crop/customer/4401842/facb0922f026ab2c3e3f2f3b6514eef1.jpg,"Apartemen Podomoro Golf View   Jl. Moch Thohir, Cimanggis  - 1 Kamar Tidur - 1 Kamar Mandi - Luas 21 m² - Hadap parkiran - Furnished - SHMRSS, pro...",1965208.0,1034792.0,0.423,-52.7,1.16,Premium / High Price,,"Disewakan Apartemen Podomoro Golf View, Cimanggis",Podomoro Golf View,exact
LST-00567,Taman Melati Margonda • Studio Furnished (23 m²),https://www.rumah123.com/properti/depok-depok-i/apartemen-grand-taman-melati-depok-jabar-apr7654290/,Depok,Jawa Barat,Depok I,"Depok I, Depok",Apartemen,2500000.0,108695.65217391304,yearly,0,1,Studio / 1BR,23.0,20.00557372954168,0.5327180613396044,Stasiun KRL Depok Baru,Tier 3: Outer Commuter Ring (15-28km),0,0,0,0,0,0,0,0,0,0,0,0,-6.388701,106.817787,listing,0,https://picture.rumah123.com/r123-images/360x210-crop/customer/1813487/06aa717345419e8b0105abdf1d0f4274.jpg,"Apartemen di Depok I.  Cek segera apartemen 9 lantai yang asri ini,  disewakan menawarkan lingkungan fasilitas yang lengkap, cocok untuk Anda yang ...",2346474.0,153526.0,0.0634,-6.5,0.17,Fair Market Price,,Apartemen Grand Taman Melati Depok Jabar,Taman Melati Margonda,exact
LST-00568,Evenciio Margonda • Studio Furnished (25 m²),https://www.rumah123.com/properti/depok-depok-i/apartemen-evencio-margonda-depok-apr7680532/,Depok,Jawa Barat,Depok I,"Depok I, Depok",Apartemen,2166666.6666666665,86666.66666666666,yearly,0,0,Studio / 1BR,25.0,20.00557372954168,0.5327180613396044,Stasiun KRL Depok Baru,Tier 3: Outer Commuter Ring (15-28km),0,0,0,0,0,0,0,0,0,0,0,0,-6.388701,106.817787,listing,0,https://picture.rumah123.com/r123-images/360x210-crop/customer/692887/listing/apr7680532/enhanced/16206b47b1829eebc16ce95d851af7d5.jpg,Disewakan Apartemen Evenciio Margonda  di Depok Luas 25 meter studio 1 kmr mandi unfurnish Harga sewa 26jt/thn,3449845.0,-1283178.3333333335,-0.4651,37.2,-1.28,Good Deal (Undervalued),good,Apartemen Evencio Margonda Depok,Evenciio Margonda,fuzzy
LST-00569,Samesta Mahata Margonda • 1BR Furnished (40 m²),https://www.rumah123.com/properti/depok-margonda/apartemen-samesta-mahata-margonda-depok-1br-view-ui-apr7559469/,Depok,Jawa Barat,Margonda,"Margonda, Depok",Apartemen,6000000.0,150000.0,yearly,1,1,Studio / 1BR,40.0,20.17881143743289,0.9049734048211204,Stasiun KRL Depok Baru,Tier 3: Outer Commuter Ring (15-28km),0,0,0,0,0,0,0,0,0,0,0,0,-6.39,106.83,listing,0,https://picture.rumah123.com/r123-images/360x210-crop/customer/52894/55f7a724686f3ded0ecafe2fe7dd3378.jpg,For Rent  Samesta Mahata Margonda Apartment in Depok  Details: Galileo Tower High Level Size 40 sqm 1 Bedroom 1 Bathroom Smart door lock Water Heat...,3856645.0,2143355.0,0.442,-55.6,1.22,Premium / High Price,,Apartemen Samesta Mahata Margonda Depok 1Br View Ui,Samesta Mahata Margonda,exact
LST-00570,Podomoro Golf View • 2BR Furnished (35 m²),https://www.rumah123.com/properti/depok-cimanggis/apartemen-podomoro-golf-view-cimanggis-apr2290759/,Depok,Jawa Barat,Cimanggis,"Cimanggis, Depok",Apartemen,4166666.6666666665,119047.61904761904,yearly,2,1,2 Bedroom,35.0,21.81570272179882,7.59525060194574,Stasiun KRL Depok Baru,Tier 3: Outer Commuter Ring (15-28km),0,0,0,0,0,0,0,0,0,0,0,0,-6.3920036,106.8906282,listing,0,https://pic.rumah123.com/r123/360x210-crop/apartment/ap22/2290759/original/apr2290759-apartemen-di-sewa-di-cimanggis-depok-15962178599662.jpg,SEWA APARTEMEN Apartemen Podomoro Golf View Cimanggis Lantai 12 Kamar Tidur : 2 Kamar Mandi : 1 Harga Sewa :50 Jt / Tahun,3589901.0,576765.6666666665,0.149,-16.1,0.41,Fair Market Price,,Apartemen Podomoro Golf View Cimanggis,Podomoro Golf View,exact
LST-00571,Unresolved • Cibubur • 1BR Furnished (22 m²),https://www.rumah123.com/properti/depok-cibubur/disewakan-apartemen-pinggir-jalan-alternatif-trans-park-cibubur-hanya-3-menit-ke-lrt-harjamukti-apr3563780/,Depok,Jawa Barat,Cibubur,"Cibubur, Depok",Apartemen,2916666.6666666665,132575.75757575757,yearly,1,1,Studio / 1BR,22.0,18.36377962780643,8.982117676463927,Stasiun KRL Depok Baru,Tier 3: Outer Commuter Ring (15-28km),0,0,0,0,0,0,0,0,1,0,0,0,-6.35611,106.895111,subdistrict_centroid,1,https://picture.rumah123.com/r123-images/360x210-crop/customer/1143311/b568cd26274c14692ab83f550d0e1749.jpg,"lokasinya yang strategis dan nyaman lingkungan nempel mall Trans park Cibubur, tol Cibubur, rumah sakit, Cibubur junction,  areal komersial lengkap...",3085420.0,-168753.3333333335,-0.0562,5.5,-0.15,Fair Market Price,,Disewakan apartemen pinggir jalan Alternatif trans Park Cibubur hanya 3 menit ke LRT Harjamukti,,unresolved
LST-00572,Unresolved • Cibubur • 3BR Furnished (70 m²),https://www.rumah123.com/properti/depok-cibubur/disewa-apartemen-alternatif-trans-park-cibubur-hanya-3-menit-ke-lrt-harjamukti-apr3563758/,Depok,Jawa Barat,Cibubur,"Cibubur, Depok",Apartemen,5416666.666666667,77380.95238095238,yearly,3,2,3 Bedroom,70.0,18.36377962780643,8.982117676463927,Stasiun KRL Depok Baru,Tier 3: Outer Commuter Ring (15-28km),0,0,0,0,0,0,0,0,1,0,0,0,-6.35611,106.895111,subdistrict_centroid,1,https://picture.rumah123.com/r123-images/360x210-crop/customer/1143311/86b1081b900b3871e0ba6611f7bb7b2e.jpg,"lokasinya yang strategis dekat dengan areal komersial nempel mall Trans park Cibubur, dekat gerbang tol Cibubur, rumah sakit, LRT Harjamukti, mall ...",6706518.0,-1289851.333333333,-0.2136,19.2,-0.59,Fair Market Price,,Disewa Apartemen alternatif Trans Park Cibubur hanya 3 menit ke LRT Harjamukti,,unresolved
LST-00573,Park View Depok • Studio Full Furnished (30 m²),https://www.rumah123.com/properti/depok-margonda/disewakan-apartemen-park-view-condominium-type-studio-full-furnish-apr3533382/,Depok,Jawa Barat,Margonda,"Margonda, Depok",Apartemen,3000000.0,100000.0,monthly,1,1,Studio / 1BR,30.0,19.11766248082608,1.5452575771045955,Stasiun KRL Depok Baru,Tier 3: Outer Commuter Ring (15-28km),1,0,0,0,0,0,0,0,0,0,0,0,-6.3804,106.8307,listing,0,https://picture.rumah123.com/r123-images/360x210-crop/customer/2090819/b7e02f266ce4f61e3014a59d203f5d02.jpg,Detail unit :  1 Kamar Tidur yang nyaman dan fungsional 1 Kamar Mandi Kondisi: Full Furnish Harga Sewa: 3bulan : 10.625.000 6bulan : 18.750.000 12b...,6494352.0,-3494352.0,-0.7723,53.8,-2.12,Deep Value Deal (Rare Find),deep,"Disewakan Apartemen Park View Condominium, Type Studio, Full Furnish",Park View Depok,exact
LST-00574,Margonda Residence • Studio Unfurnished (16 m²),https://www.rumah123.com/properti/depok-beji/studio-furnished-and-unfurnished-apartemen-margonda-residence-3-apr3455295/,Depok,Jawa Barat,Beji,"Beji, Depok",Apartemen,2000000.0,125000.0,monthly,1,1,Studio / 1BR,16.0,19.807363534804395,0.7238455265934781,Stasiun KRL Depok Baru,Tier 3: Outer Commuter Ring (15-28km),0,0,1,1,0,0,0,0,0,0,1,0,-6.386806134537719,106.82673315483092,listing,0,https://picture.rumah123.com/r123-images/360x210-crop/customer/1228541/5cb84607ddd3333384bc9f9c37dfa95f.jpg,"Size: - Studio: 16 - 25 sqm Bedroom: Studio Bathroom: 1 Room Facilities (Furnished): Bed, AC, TV, Kitchen Set, Refrigerator, Toilet, Shower Buildin...",2233617.0,-233617.0,-0.1105,10.5,-0.3,Fair Market Price,,Studio Furnished And Unfurnished Apartemen Margonda Residence 3,Margonda Residence,exact
LST-00575,Margonda Residence • Studio Furnished (17 m²),https://www.rumah123.com/properti/depok-beji/studio-1br-furnished-apartemen-margonda-residence-2-apr3454764/,Depok,Jawa Barat,Beji,"Beji, Depok",Apartemen,2800000.0,164705.88235294115,monthly,1,1,Studio / 1BR,17.0,17.31939799784917,3.349856421092199,Stasiun KRL Depok Baru,Tier 3: Outer Commuter Ring (15-28km),0,0,0,1,0,0,0,0,0,0,1,0,-6.3638737911533925,106.83466176467894,listing,0,https://picture.rumah123.com/r123-images/360x210-crop/customer/1228541/a0585f6eed4d07793bd3ba8ca45f707a.jpg,"Size: - Studio: 17 - 26 sqm - 1BR: 40 sqm Bedroom: Studio, 1BR Bathroom: 1 Room Facilities (Furnished): Bed, AC, TV, Kitchen Set, Refrigerator, Toi...",2394428.0,405572.0,0.1565,-16.9,0.43,Fair Market Price,,Studio 1Br Furnished Apartemen Margonda Residence 2,Margonda Residence,exact
LST-00576,Margonda Residence • Studio Furnished (21 m²),https://www.rumah123.com/properti/depok-margonda/disewakan-apartemen-unit-studio-di-margonda-residence-4-depok-belakang-dmall-depok-dengan-fasilitas-lengkap-harga-18-apr7827142/,Depok,Jawa Barat,Margonda,"Margonda, Depok",Apartemen,1400000.0,66666.66666666667,monthly,1,0,Studio / 1BR,21.0,19.681393998740315,0.7129658807043339,Stasiun KRL Depok Baru,Tier 3: Outer Commuter Ring (15-28km),0,0,0,0,0,0,0,0,0,0,0,0,-6.3857220001,106.825253,listing,0,https://picture.rumah123.com/r123-images/360x210-crop/customer/4372276/f0babe454954132ea2050d13288a0588.jpg,Luas Bangunan  : 21.25 m2  Berada di lantai 19  Sertifikasi : HGB ( Hak Guna Bangunan )  View : Town / Hadap Utara / UI Depok  Kota : Depok kota  F...,2333838.0,-933838.0,-0.511,40.0,-1.41,Good Deal (Undervalued),good,"Disewakan Apartemen Unit Studio di Margonda Residence 4 - Depok ( Belakang Dmall Depok ) dengan Fasilitas Lengkap, Harga 1.5 Jt",Margonda Residence,exact
LST-00577,Samesta Mahata Margonda • Studio Furnished (24 m²),https://www.rumah123.com/properti/depok-margonda/apartemen-studio-furnished-mahata-margonda-depok-apr7809977/,Depok,Jawa Barat,Margonda,"Margonda, Depok",Apartemen,3750000.0,156250.0,yearly,0,1,Studio / 1BR,24.0,19.117689833962416,1.545535782398491,Stasiun KRL Depok Baru,Tier 3: Outer Commuter Ring (15-28km),0,0,0,0,0,0,0,0,0,0,0,0,-6.3804,106.830704,listing,0,https://picture.rumah123.com/r123-images/360x210-crop/customer/1726478/883f93558958defce4eac0ec13e5ea83.jpg,"Apartemen Mahata Margonda Studio  ✨ Studio Nyaman & Strategis di Margonda Cocok untuk hunian pribadi maupun investasi, dengan lokasi strategis di...",3437043.0,312957.0,0.0871,-9.1,0.24,Fair Market Price,,Apartemen Studio Furnished Mahata Margonda Depok,Samesta Mahata Margonda,exact
LST-00578,Samesta Mahata Margonda • 1BR Furnished (37 m²),https://www.rumah123.com/properti/depok-margonda/apartemen-1br-mahata-margonda-depok-apr7809976/,Depok,Jawa Barat,Margonda,"Margonda, Depok",Apartemen,4583333.333333333,123873.87387387386,yearly,1,1,Studio / 1BR,37.0,19.117689833962416,1.545535782398491,Stasiun KRL Depok Baru,Tier 3: Outer Commuter Ring (15-28km),0,0,0,0,0,0,0,0,1,0,0,0,-6.3804,106.830704,listing,0,https://picture.rumah123.com/r123-images/360x210-crop/customer/1726478/56f4945a8a60cf085e8b309529565233.jpg,"APARTEMEN 1BR NEMPEL KAMPUS UI MAHATA MARGONDA DEPOK  Lokasi premium di margonda Depok, nempel kampus dan stasiun,  Type 1BR furnised Luas 36,34 Ha...",3600540.0,982793.333333333,0.2413,-27.3,0.66,Fair Market Price,,Apartemen 1Br Mahata Margonda Depok,Samesta Mahata Margonda,exact
LST-00579,Transpark Cibubur • Studio Furnished (22 m²),https://www.rumah123.com/properti/depok-cimanggis/1-unit-apartemen-type-studio-di-transpark-cibubur-cimanggis-depok-apr7802190/,Depok,Jawa Barat,Cimanggis,"Cimanggis, Depok",Apartemen,4000000.0,181818.18181818185,monthly,1,0,Studio / 1BR,22.0,20.637045695477685,9.163046361125671,Stasiun KRL Depok Baru,Tier 3: Outer Commuter Ring (15-28km),0,0,0,0,0,0,0,0,0,0,0,0,-6.374954,106.9031919,listing,0,https://picture.rumah123.com/r123-images/360x210-crop/customer/2151158/c7611bb819646bd59ec9b17ec132a137.jpg,Disewakan 1 Unit Apartemen Type Studio Di Transpark Cibubur Cimanggis Depok  Luas Bangunan = 22.75 m2 Kamar Tidur  = Type Studio Kamar Mandi = 1 La...,2543153.0,1456847.0,0.4529,-57.3,1.25,Premium / High Price,,Disewakan 1 Unit Apartemen Type Studio di Transpark Cibubur Cimanggis Depok,Transpark Cibubur,exact
LST-00580,Unresolved • Sukmajaya • 1BR Furnished (48 m²),https://www.rumah123.com/properti/depok-sukmajaya/marrakech-pesona-city-depok-apr7773424/,Depok,Jawa Barat,Sukmajaya,"Sukmajaya, Depok",Apartemen,5000000.0,104166.66666666669,yearly,1,1,Studio / 1BR,48.0,21.085527324119525,2.52380217278592,Stasiun KRL Depok Baru,Tier 3: Outer Commuter Ring (15-28km),0,0,0,0,0,0,0,0,0,0,0,0,-6.39692,106.844002,listing,0,https://picture.rumah123.com/r123-images/360x210-crop/customer/1854562/3b4111387b7d517d1508b75ef084cfe3.jpg,"Disewakan Unit Apartemen 1 BR Pesona Square, Marrakech Suites  *Harga Sewa 5 Juta/bln (AO) Minimal 6  bulan. Jl.Ir.H.Juanda no 99, Kota Depok Fasil...",5015776.0,-15776.0,-0.0032,0.3,-0.01,Fair Market Price,,Marrakech Pesona City Depok,,unresolved
LST-00581,Park View Depok Tower 2 • 1BR Furnished (23 m²),https://www.rumah123.com/properti/depok-depok-i/disewakandijual-aprt-park-view-depok-town-square-tower-2-margonda-depok-jawa-barat-apr7758585/,Depok,Jawa Barat,Depok I,"Depok I, Depok",Apartemen,3083333.333333333,134057.97101449277,yearly,1,1,Studio / 1BR,23.0,19.812134887065863,0.7244628220827126,Stasiun KRL Depok Baru,Tier 3: Outer Commuter Ring (15-28km),0,0,0,0,0,0,0,0,0,0,0,0,-6.386847381993205,106.82677830865534,listing,0,https://picture.rumah123.com/r123-images/360x210-crop/customer/4440839/660ed7d7908430591e69fe4f4f94c714.jpg,"Apartemen Park View Depok Town Square.  Dapatkan Apartemen Park View Depok Town Square lantai 12 yang modern ini,  disewakan menghadirkan lingkunga...",2809168.0,274165.333333333,0.0931,-9.8,0.26,Fair Market Price,,"Disewakan/Dijual Aprt Park View Depok Town Square Tower 2, Margonda, Depok, Jawa Barat",Park View Depok,exact
LST-00582,Transpark Cibubur • 2BR Full Furnished (40 m²),https://www.rumah123.com/properti/depok-cimanggis/1-unit-apartemen-transpark-cibubur-apr7757883/,Depok,Jawa Barat,Cimanggis,"Cimanggis, Depok",Apartemen,5833333.333333333,145833.3333333333,yearly,2,1,2 Bedroom,40.0,20.65325468637969,9.138819110805851,Stasiun KRL Depok Baru,Tier 3: Outer Commuter Ring (15-28km),1,0,0,0,0,0,0,0,0,0,0,0,-6.375202499999999,106.9030183,listing,0,https://picture.rumah123.com/r123-images/360x210-crop/customer/1798100/58a485be870a1dc473c3099f17d42f14.jpg,"Disewakan 1 Unit Apartemen Transpark Cibubur  Luas Bangunan : 40 m2 Kamar Tidur : 2 Kamar Mandi : 1 Hadap : Jalan Raya & Mall Full Furnish P...",2616005.0,3217328.333333333,0.8019,-123.0,2.21,Overpriced / Luxury Tag,,1 Unit Apartemen Transpark Cibubur,Transpark Cibubur,exact
LST-00583,Park View Depok • Studio Furnished (30 m²),https://www.rumah123.com/properti/depok-margonda/park-view-dekat-fkuidetos-mall-apr7699956/,Depok,Jawa Barat,Margonda,"Margonda, Depok",Apartemen,2750000.0,91666.66666666669,yearly,0,1,Studio / 1BR,30.0,19.117689833962416,1.545535782398491,Stasiun KRL Depok Baru,Tier 3: Outer Commuter Ring (15-28km),0,0,0,0,0,0,0,0,0,0,0,0,-6.3804,106.830704,listing,0,https://picture.rumah123.com/r123-images/360x210-crop/customer/1854562/listing/apr7699956/enhanced/b484989ab91cd1fc0f1440aa54024863.jpg,"Disewakan Unit Apartemen Park View Margonda Kawasan Detos Mall Margonda Raya. *Harga Sewa 33 Juta/thn* (AO) Deposit 2,5 Juta (Harga sewa tidak term...",3795730.0,-1045730.0,-0.3223,27.6,-0.89,Good Deal (Undervalued),good,Park View Dekat Fkui.detos Mall,Park View Depok,exact
LST-00584,Podomoro Golf View Tower Basla • 2BR Furnished (32 m²),https://www.rumah123.com/properti/depok-cimanggis/apartemen-podomoro-golf-view-2br-tower-basla-apr7738339/,Depok,Jawa Barat,Cimanggis,"Cimanggis, Depok",Apartemen,3000000.0,93750.0,yearly,2,1,2 Bedroom,32.0,20.17881143743289,0.9049734048211204,Stasiun KRL Depok Baru,Tier 3: Outer Commuter Ring (15-28km),0,0,0,0,0,0,0,0,0,0,0,0,-6.39,106.83,listing,0,https://picture.rumah123.com/r123-images/360x210-crop/customer/2120204/listing/apr7738339/enhanced/43d18c92107f85f0f7f87e21e09b8892.jpg,"Apartemen Podomoro Golf View, Tower Basla lantai 11  IPL per 3 bln 1,2jt  Fasilitas - One gate system - Security 24 jam - View Mesjid At-Thohir - F...",3337464.0,-337464.0,-0.1066,10.1,-0.29,Fair Market Price,,Apartemen Podomoro Golf View 2Br Tower Basla,Podomoro Golf View,exact
LST-00585,Taman Melati Margonda • 1BR Furnished (29 m²),https://www.rumah123.com/properti/depok-margonda/sewa-cepat-apartement-furnish-strategis-di-taman-melati-margonda-apr7729608/,Depok,Jawa Barat,Margonda,"Margonda, Depok",Apartemen,3333333.333333333,114942.5287356322,yearly,1,1,Studio / 1BR,29.0,19.117689833962416,1.545535782398491,Stasiun KRL Depok Baru,Tier 3: Outer Commuter Ring (15-28km),0,0,0,0,0,0,0,0,0,0,0,0,-6.3804,106.830704,listing,0,https://picture.rumah123.com/r123-images/360x210-crop/customer/4340479/listing/apr7729608/enhanced/67b3dc065ed6dd91aa316f59165a7416.jpg,"Disewakan Cepat Apartement Furnish Taman Melati di Margonda, Depok.  For rent di wilayah yang nyaman. Dengan rinciannya adalah sebagai berikut:   -...",4584770.0,-1251436.666666667,-0.3188,27.3,-0.88,Good Deal (Undervalued),good,Sewa Cepat Apartement Furnish Strategis di Taman Melati Margonda,Taman Melati Margonda,exact
LST-00586,Margonda Residence • 1BR Furnished (25 m²),https://www.rumah123.com/properti/depok-margonda/dijual-cepat-apartemen-margonda-residence-2-depok-apr7509025/,Depok,Jawa Barat,Margonda,"Margonda, Depok",Apartemen,20833333.33333333,833333.3333333333,yearly,1,1,Studio / 1BR,25.0,19.117689833962416,1.545535782398491,Stasiun KRL Depok Baru,Tier 3: Outer Commuter Ring (15-28km),0,0,0,0,0,0,0,0,0,0,0,0,-6.3804,106.830704,listing,0,https://picture.rumah123.com/r123-images/360x210-crop/customer/244/7535390692651bd591b899b44b513b54.jpg,"Dijual Cepat Apartemen Margonda Residence 2, Depok  Type : Studio Luas : 25 m2 Rp.250 juta  Furnish  LC",3757907.0,17075426.33333333,1.7127,-454.4,4.71,Overpriced / Luxury Tag,,"Dijual Cepat Apartemen Margonda Residence 2, Depok",Margonda Residence,exact
LST-00587,Unresolved • Cibubur • 2BR Furnished (42 m²),https://www.rumah123.com/properti/depok-cibubur/apartemen-jakarta-living-star-dekat-dengan-universitas-indonesia-apr7470905/,Depok,Jawa Barat,Cibubur,"Cibubur, Depok",Apartemen,5000000.0,119047.61904761904,monthly,2,1,2 Bedroom,42.0,18.36377962780643,8.982117676463927,Stasiun KRL Depok Baru,Tier 3: Outer Commuter Ring (15-28km),0,0,0,0,0,0,0,0,0,0,0,0,-6.35611,106.895111,listing,0,https://picture.rumah123.com/r123-images/360x210-crop/customer/4409478/6e43615f669de024d02ba9dd6b5a7df5.jpg,UK. 42M  2 KAMAR TIDUR 1 KAMAR MANDI,4400803.0,599197.0,0.1277,-13.6,0.35,Fair Market Price,,APARTEMEN JAKARTA LIVING STAR DEKAT DENGAN UNIVERSITAS INDONESIA,,unresolved
LST-00588,Cinere Bellevue • 2BR Furnished (41 m²),https://www.rumah123.com/properti/depok-pangkalan-jati/disewakan-apartemen-2br-furnished-di-cinere-bellevue-apr7353118/,Depok,Jawa Barat,Pangkalan Jati,"Pangkalan Jati, Depok",Apartemen,5000000.0,121951.21951219512,monthly,2,1,2 Bedroom,41.0,12.84801988760632,4.311162416884762,Stasiun MRT Lebak Bulus,Tier 2: Inner Ring Metro (7-15km),0,0,0,0,0,0,0,0,0,0,0,0,-6.32173,106.79541,listing,0,https://picture.rumah123.com/r123-images/360x210-crop/customer/3338/c1882790cc04eae0d2bfb37ccfad2fe0.jpg,"Apartemen di Pangkalan Jati.  Cek segera apartemen yang nyaman ini,  disewakan menghadirkan lingkungan fasilitas yang lengkap dengan view Gunung Sa...",4393719.0,606281.0,0.1293,-13.8,0.36,Fair Market Price,,Disewakan Apartemen 2BR Furnished di Cinere Bellevue,Cinere Bellevue,exact
LST-00589,Samesta Mahata Margonda • Studio Furnished (30 m²),https://www.rumah123.com/properti/depok-margonda/di-sewakan-samesta-mahata-margonda-apartment-studio-furnished-apr7291012/,Depok,Jawa Barat,Margonda,"Margonda, Depok",Apartemen,6500000.0,216666.66666666663,monthly,1,1,Studio / 1BR,30.0,19.117689833962416,1.545535782398491,Stasiun KRL Depok Baru,Tier 3: Outer Commuter Ring (15-28km),0,0,0,0,0,0,0,0,0,0,0,0,-6.3804,106.830704,listing,0,https://picture.rumah123.com/r123-images/360x210-crop/customer/2090819/91bd411235636675c8ac20dee696341e.jpg,"Detail unit :  1 Kamar Tidur yang nyaman dan fungsional 1 Kamar Mandi  Harga Sewa: 70juta/tahun  6,5juta/bulan  Incl IPL Negotiable  Kelengkapan un...",3892177.0,2607823.0,0.5128,-67.0,1.41,Premium / High Price,,"Di Sewakan Samesta Mahata Margonda Apartment, Studio, furnished",Samesta Mahata Margonda,exact
LST-00590,Saladin Mansion • 1BR Furnished (17 m²),https://www.rumah123.com/properti/depok-margonda/apartement-saladdin-mansion-depok-margonda-1-br-furnished-bagus-apr3553090/,Depok,Jawa Barat,Margonda,"Margonda, Depok",Apartemen,1666666.6666666667,98039.21568627452,yearly,1,1,Studio / 1BR,17.0,19.11766248082608,1.5452575771045955,Stasiun KRL Depok Baru,Tier 3: Outer Commuter Ring (15-28km),0,0,0,0,0,0,0,0,0,0,0,0,-6.3804,106.8307,listing,0,https://picture.rumah123.com/r123-images/360x210-crop/customer/772429/c53662926865b62e0a123f445d9c0003.jpg,LOKASI APARTEMEN SALADIN DEPOK KEREN,2396308.0,-729641.3333333333,-0.3631,30.4,-1.0,Good Deal (Undervalued),good,Apartement Saladdin Mansion Depok Margonda 1 BR Furnished Bagus,Saladin Mansion,fuzzy
LST-00591,Podomoro Golf View • 2BR Furnished (35 m²),https://www.rumah123.com/properti/depok-cimanggis/apartment-podomoro-golf-view-cimanggis-apr2748421/,Depok,Jawa Barat,Cimanggis,"Cimanggis, Depok",Apartemen,4083333.3333333335,116666.66666666669,yearly,2,1,2 Bedroom,35.0,21.813966346473965,7.594326991898986,Stasiun KRL Depok Baru,Tier 3: Outer Commuter Ring (15-28km),0,0,0,0,0,0,0,0,0,0,0,0,-6.39199,106.89062,listing,0,https://picture.rumah123.com/r123-images/360x210-crop/customer/52052/2022-11-02-15-03-00-0f7d12a5-0dcb-4445-a2ac-0fb1697d2818.jpg,"Apartment Name: Podomoro Golf View Location: Blok Kampung Palinggi, Jl. Desa Leuwi Nanggung Blok Kampung Palinggi No.7, Leuwinanggung, Kec. Tapos, ...",3553777.0,529556.3333333335,0.1389,-14.9,0.38,Fair Market Price,,"Apartment Podomoro Golf View, Cimanggis",Podomoro Golf View,exact
LST-00592,Unresolved • Sukmajaya • 1BR Furnished (25 m²),https://www.rumah123.com/properti/depok-sukmajaya/apartemen-siap-huni-sewa-nyaman-fasilitas-lengkap-connecting-pesona-mall-apr7824625/,Depok,Jawa Barat,Sukmajaya,"Sukmajaya, Depok",Apartemen,4000000.0,160000.0,monthly,1,1,Studio / 1BR,25.0,19.95795131095914,5.019515082072803,Stasiun KRL Depok Baru,Tier 3: Outer Commuter Ring (15-28km),0,0,0,0,0,0,0,0,0,0,0,0,-6.3822536,106.8664225,listing,0,https://picture.rumah123.com/r123-images/360x210-crop/customer/4431041/543924305eee52ccdc96af3da7c9f24e.jpg,":fire: **SEWA MARRAKECH SUITES - BISA MULAI 1 BULAN!**  Butuh apartemen **siap huni di lokasi strategis Depok?**   Marrakech Suites, Pesona City ha...",3850612.0,149388.0,0.0381,-3.9,0.1,Fair Market Price,,Apartemen Siap Huni Sewa Nyaman Fasilitas Lengkap Connecting Pesona Mall,,unresolved
LST-00593,Grand Kamala Lagoon • Studio Full Furnished (26 m²),https://www.rumah123.com/properti/bekasi-pekayon/sewa-cepat-unit-murah-dan-bagus-full-furnishaprtn-kamala-lagoon-apr7842763/,Bekasi,Jawa Barat,Pekayon,"Pekayon, Bekasi",Apartemen,3200000.0,123076.92307692308,monthly,0,0,Studio / 1BR,26.0,18.740944918338013,2.522593550761932,Stasiun KRL Bekasi,Tier 3: Outer Commuter Ring (15-28km),1,0,0,1,0,0,0,0,0,0,1,0,-6.25251,106.983742,listing,0,https://picture.rumah123.com/r123-images/360x210-crop/customer/655121/30b3daed924ba0bafd3898f17d579ca6.jpg,"Sewa cepat ,apart Kamala Lagoon, diatas Mal,pemandangan jalan tol cantik  murah, nyaman,bagus. TV, kulkas 2 pintu , AC, full kitchen set, Queen bed...",4190677.0,-990677.0,-0.2697,23.6,-0.74,Fair Market Price,,"Sewa Cepat Unit Murah dan Bagus, Full Furnishaprtn Kamala Lagoon",Grand Kamala Lagoon,exact
LST-00594,The Springlake Summarecon • 3BR Furnished (47 m²),https://www.rumah123.com/properti/bekasi-summarecon-bekasi/hot-hot-disewa-apartment-view-pool-springlake-di-summarecon-bekasi-twr-azollalantai-20-3br-semifurnish-apr3590818/,Bekasi,Jawa Barat,Summarecon Bekasi,"Summarecon Bekasi, Bekasi",Apartemen,3333333.333333333,70921.98581560283,yearly,3,1,3 Bedroom,47.0,20.1088627629564,1.1224879902885003,Stasiun KRL Bekasi,Tier 3: Outer Commuter Ring (15-28km),0,0,0,0,0,0,0,0,0,0,0,0,-6.2261276,107.0010764,listing,0,https://picture.rumah123.com/r123-images/360x210-crop/customer/44469/25f07e52bc8ca3ef1156339eba39af53.jpg,"HOT HOT DISEWA  *Apartment Springlake di Summarecon Bekasi* *Tower AZOLLA,Lantai 20, No 32*(LAL)  *3 Bed Room* LT 47,8 m2 semi gross 1 kamar...",4578064.0,-1244730.666666667,-0.3173,27.2,-0.87,Good Deal (Undervalued),good,Disewa 3Br Dekat Binus Summarecon Bekasi,The Springlake Summarecon,exact
LST-00595,Orange County Cikarang • 1BR Full Furnished (35 m²),https://www.rumah123.com/properti/bekasi-cikarang-selatan/disewakan-cepat-apartemen-orange-county-newport-full-furnish-lippo-cikarang-apr7775371/,Bekasi,Jawa Barat,Cikarang Selatan,"Cikarang Selatan, Bekasi",Apartemen,3250000.0,92857.14285714286,yearly,1,1,Studio / 1BR,35.0,43.06117851430047,23.733149490434528,Stasiun KRL Bekasi,Tier 4: Greater Satellite Periphery (>28km),1,0,0,0,0,0,0,0,0,0,0,0,-6.34254,107.185623,listing,0,https://picture.rumah123.com/r123-images/360x210-crop/customer/4489674/ec835c977d62016defd173e820829f50.jpg,"Disewakan Murah Apartemen Orange County Furnished, Lippo Cikarang   Luas bangunan 35 m2  Tower - Newport  Tipe - Studio Full furnish  Fasilitas apa...",3935619.0,-685619.0,-0.1914,17.4,-0.53,Fair Market Price,,"Disewakan Cepat Apartemen Orange County, Newport, Full Furnish, Lippo Cikarang",Orange County Cikarang,exact
LST-00596,Meikarta Cikarang • 2BR Furnished (42 m²),https://www.rumah123.com/properti/bekasi-cikarang-selatan/disewakan-apartement-meikarta-cikarang-furnished-apr7515117/,Bekasi,Jawa Barat,Cikarang Selatan,"Cikarang Selatan, Bekasi",Apartemen,4000000.0,95238.09523809524,monthly,2,1,2 Bedroom,42.0,40.910437643944014,21.68754804068561,Stasiun KRL Bekasi,Tier 4: Greater Satellite Periphery (>28km),0,0,0,0,0,0,0,0,0,0,0,0,-6.339037150559733,107.16616747083664,listing,0,https://picture.rumah123.com/r123-images/360x210-crop/customer/1966238/d12dcb0fbf68b24be0162176f292c31c.jpg,"Facility:  Security System: 24-hours with CCTV and Access Card 24-Hour Customer Service Water Sprinkler, Fire Alarm, Hydrant System for building pr...",3305471.0,694529.0,0.1907,-21.0,0.52,Fair Market Price,,Disewakan Apartement Meikarta Cikarang Furnished,Meikarta Cikarang,exact
LST-00597,Meikarta Cikarang Tower Marbella • 1BR Full Furnished (63 m²),https://www.rumah123.com/properti/bekasi-cikarang/apartement-marbella-meikarta-21-br-furnished-bagusgrand-new-di-lippo-cikarang-apr7555135/,Bekasi,Jawa Barat,Cikarang,"Cikarang, Bekasi",Apartemen,3750000.0,59523.80952380953,yearly,2,1,2 Bedroom,63.0,39.584790780749294,20.401777410853967,Stasiun KRL Bekasi,Tier 4: Greater Satellite Periphery (>28km),1,0,0,0,0,0,0,0,0,1,0,0,-6.335364,107.1547404,listing,0,https://picture.rumah123.com/r123-images/360x210-crop/customer/4385453/e09da2b719ddf842bd2e51474d9365b8.png,"Disewakan Unit Marbella Meikarta - Full Furnished Lokasi: Lippo Cikarang - 2+1 Kamar Tidur - 63,81 m2  -Ada balkon pribadi -Ruang tamu, ruang m...",5928277.0,-2178277.0,-0.458,36.7,-1.26,Good Deal (Undervalued),good,"Apartement Marbella Meikarta 2+1 BR Furnished Bagus, Brand New ,Di Lippo Cikarang",Meikarta Cikarang,exact
LST-00598,Unresolved • Cikarang Selatan • Studio Full Furnished (44 m²),https://www.rumah123.com/properti/bekasi-cikarang-selatan/sewa-apartemen-full-furnished-type-studio-cikarang-selatan-bekasi-030-apr7431973/,Bekasi,Jawa Barat,Cikarang Selatan,"Cikarang Selatan, Bekasi",Apartemen,4166666.6666666665,94696.9696969697,yearly,1,1,Studio / 1BR,44.0,43.06117851430047,23.733149490434528,Stasiun KRL Bekasi,Tier 4: Greater Satellite Periphery (>28km),1,0,0,0,0,0,0,0,0,0,0,0,-6.34254,107.185623,listing,0,https://picture.rumah123.com/r123-images/360x210-crop/customer/1111324/984ed48041de57b3e024dc3bb1c607b7.jpg,"Disewakan unit studio eksklusif full furnished lengkap, cocok untuk kamu yang butuh tempat tinggal nyaman dan praktis!  Tipe: Studio Luas bangunan:...",4495852.0,-329185.3333333335,-0.076,7.3,-0.21,Fair Market Price,,"Sewa Apartemen Full Furnished Type Studio, Cikarang Selatan, Bekasi, 030",,unresolved
LST-00599,Trivium Terrace Cikarang • Studio Full Furnished (35 m²),https://www.rumah123.com/properti/bekasi-cikarang-selatan/disewakan-apartemen-trivium-terrace-type-studio-fully-furnished-apr7788717/,Bekasi,Jawa Barat,Cikarang Selatan,"Cikarang Selatan, Bekasi",Apartemen,5416666.666666667,154761.90476190476,yearly,1,1,Studio / 1BR,35.0,43.06117851430047,23.733149490434528,Stasiun KRL Bekasi,Tier 4: Greater Satellite Periphery (>28km),1,0,0,0,0,0,0,0,0,0,0,0,-6.34254,107.185623,listing,0,https://picture.rumah123.com/r123-images/360x210-crop/customer/4368659/800c373f090c3e8732291cf8c4c0d7bb.jpg,"Apartment Name: Trivium Terrace Location: Lippo Cikarang, Jl. Bekasi Raya, Sukaresmi, Cikarang Selatan, Kabupaten Bekasi, Jawa Barat 17530 Tower / ...",3935619.0,1481047.666666667,0.3194,-37.6,0.88,Premium / High Price,,Disewakan Apartemen Trivium Terrace - Type Studio Fully Furnished,Trivium Terrace Cikarang,exact
LST-00600,Grand Kamala Lagoon • 2BR Furnished (58 m²),https://www.rumah123.com/properti/bekasi-bekasi-selatan/disewakan-unit-apartemen-2-br-yang-masih-baru-apartemen-berdekatan-dengan-mall-apr7311631/,Bekasi,Jawa Barat,Bekasi Selatan,"Bekasi Selatan, Bekasi",Apartemen,4500000.0,77586.20689655172,monthly,2,1,2 Bedroom,58.0,18.825440729694463,1.2582690983098996,Stasiun KRL Bekasi,Tier 3: Outer Commuter Ring (15-28km),0,0,0,1,1,0,0,0,0,0,0,1,-6.23583,106.98812,listing,0,https://picture.rumah123.com/r123-images/360x210-crop/customer/1970115/c2abaf29dfb5663060072fda0741396e.jpg,"Luas Unit 58 meter 2 Kamar Tidur 1 Kamar Mandi  3 AC  Deposit 5 juta. Harga Sewa belum termasuk tagihan IPL Listrik, Air, Parkir dan Wifi.  Fasilit...",8872299.0,-4372299.0,-0.6789,49.3,-1.87,Deep Value Deal (Rare Find),deep,Apartemen dan Mall Grand Kamala Lagoon Bekasi di Satu Gedung,Grand Kamala Lagoon,exact
LST-00601,Vasanta Innopark Cibitung • Studio Furnished (26 m²),https://www.rumah123.com/properti/bekasi-cibitung/disewakan-apartemen-studio-vasantacibitung-apr7769092/,Bekasi,Jawa Barat,Cibitung,"Cibitung, Bekasi",Apartemen,3750000.0,144230.76923076922,yearly,0,1,Studio / 1BR,26.0,32.689728391181525,12.652821109296736,Stasiun KRL Bekasi,Tier 4: Greater Satellite Periphery (>28km),0,0,0,0,0,0,0,0,0,0,0,0,-6.2424,107.113792,listing,0,https://picture.rumah123.com/r123-images/360x210-crop/customer/1888563/ffdc6d1a6d316627fc661436ce3ae8c8.jpg,"Kesempatan terbatas buat Anda dapatkan apartemen strategis dengan return investasi tinggi di Cibitung, Bekasi.  Apartemen ini menawarkan lokasi yan...",3007449.0,742551.0,0.2207,-24.7,0.61,Fair Market Price,,Disewakan Apartemen Studio Vasanta-Cibitung,Vasanta Innopark Cibitung,exact
LST-00602,Orange County Cikarang • 1BR Full Furnished (45 m²),https://www.rumah123.com/properti/bekasi-cikarang-selatan/disewakan-apartemen-orange-county-1br-bagus-di-lippo-cikarang-apr3371528/,Bekasi,Jawa Barat,Cikarang Selatan,"Cikarang Selatan, Bekasi",Apartemen,5000000.0,111111.11111111112,yearly,1,1,Studio / 1BR,45.0,43.06086733003063,23.73286208738612,Stasiun KRL Bekasi,Tier 4: Greater Satellite Periphery (>28km),1,0,0,0,0,0,1,0,0,0,0,0,-6.34254,107.18562,listing,0,https://picture.rumah123.com/r123-images/360x210-crop/customer/1860511/2024-07-12-14-12-48-1a5a49fc-e97f-4ebf-976d-aaa715a18cd1.jpg,Disewakan Apartemen アパートの貸室 こんにちわ!    Name: Apartemen Orange County   Condition: Full furnished   Facility: Swimming pool F...,4260266.0,739734.0,0.1601,-17.4,0.44,Fair Market Price,,Disewakan Apartemen Orange County 1Br Bagus di Lippo Cikarang,Orange County Cikarang,exact
LST-00603,Vasanta Innopark Cibitung • 1BR Furnished (34 m²),https://www.rumah123.com/properti/bekasi-cibitung/vasanta-innopark-apr3085384/,Bekasi,Jawa Barat,Cibitung,"Cibitung, Bekasi",Apartemen,3333333.333333333,98039.21568627452,yearly,1,1,Studio / 1BR,34.0,32.68950876153119,12.652600375810753,Stasiun KRL Bekasi,Tier 4: Greater Satellite Periphery (>28km),0,0,0,0,0,0,0,0,0,0,0,0,-6.2424,107.11379,listing,0,https://picture.rumah123.com/r123-images/360x210-crop/customer/875918/2023-11-08-04-04-13-44565e27-ba72-488c-be51-c506d373ad95.jpg,1 BR Lt 18 Luas 34.4  Tower botan,4915052.0,-1581718.666666667,-0.3883,32.2,-1.07,Good Deal (Undervalued),good,Vasanta Innopark,Vasanta Innopark Cibitung,exact
LST-00604,The Springlake Summarecon • 2BR Furnished (17 m²),https://www.rumah123.com/properti/bekasi-summarecon-bekasi/apartemen-furnish-siap-huni-bebas-banjir-strategis-di-springlake-summarecon-bekasi-apr7811523/,Bekasi,Jawa Barat,Summarecon Bekasi,"Summarecon Bekasi, Bekasi",Apartemen,3833333.3333333335,225490.19607843136,yearly,2,1,2 Bedroom,17.0,19.92892811046984,1.4659836139712654,Stasiun KRL Bekasi,Tier 3: Outer Commuter Ring (15-28km),0,0,0,1,0,0,0,0,0,0,0,0,-6.222917987326952,106.99972483528654,listing,0,https://picture.rumah123.com/r123-images/360x210-crop/customer/1906431/280d32d0181965c9a5600871ae0b9862.jpg,Disewakan Apartemen 2 BR tower caldesia Springlake Summarecon Bekasi   lantai 5 2 KT 1KM AC 3 Tersedia Water Heather Mesin cuci elektrolux  microwa...,1843215.0,1990118.3333333333,0.7322,-108.0,2.01,Overpriced / Luxury Tag,,Apartemen Furnish Siap Huni Bebas Banjir Strategis di Springlake Summarecon Bekasi,The Springlake Summarecon,exact
LST-00605,The Springlake Summarecon • 1BR Full Furnished (21 m²),https://www.rumah123.com/properti/bekasi-summarecon-bekasi/apartement-murah-nyaman-siap-huni-ada-kolam-renang-di-springlake-summarecon-bekasi-apr7772659/,Bekasi,Jawa Barat,Summarecon Bekasi,"Summarecon Bekasi, Bekasi",Apartemen,2083333.3333333333,99206.3492063492,yearly,1,1,Studio / 1BR,21.0,20.085893785942144,1.564138718079228,Stasiun KRL Bekasi,Tier 3: Outer Commuter Ring (15-28km),1,0,0,1,0,0,1,0,0,0,0,0,-6.222136332044656,107.0012089914008,listing,0,https://picture.rumah123.com/r123-images/360x210-crop/customer/1906431/0ece08d413092ab0a391d3d482f4bc41.jpg,Disewakan Apartment springlake Summarecon Bekasi  Tower davalia LB 21 Lantai 28 Tipe Studio Full furnish Ac 1 1300 watt view kolam renang  Harga se...,2458213.0,-374879.66666666674,-0.1655,15.3,-0.46,Fair Market Price,,Apartement Murah Nyaman Siap Huni Ada Kolam Renang di Springlake Summarecon Bekasi,The Springlake Summarecon,exact
LST-00606,Pakuwon Residence Bekasi Tower Amor • Studio Full Furnished (20 m²),https://www.rumah123.com/properti/bekasi-pekayon/disewakan-apartemen-pakuwon-bekasi-tower-amor-apr7809400/,Bekasi,Jawa Barat,Pekayon,"Pekayon, Bekasi",Apartemen,5000000.0,250000.0,yearly,0,1,Studio / 1BR,20.0,18.740944918338013,2.522593550761932,Stasiun KRL Bekasi,Tier 3: Outer Commuter Ring (15-28km),1,0,0,0,0,0,0,0,0,0,0,0,-6.25251,106.983742,listing,0,https://picture.rumah123.com/r123-images/360x210-crop/customer/4427193/listing/apr7671253/enhanced/755ff56bddcd7e0a87ee215de0876b84.jpg,"✨ Disewa Apartemen Pakuwon Bekasi - Tower Amor ✨   Tower Amor, Lt. 30  Luas 20,5 m² | View City   Full Furnish & Siap Huni!  ✅ Smart Door Lo...",2689636.0,2310364.0,0.62,-85.9,1.71,Overpriced / Luxury Tag,,Disewakan Apartemen Pakuwon Bekasi Tower Amor,Pakuwon Residence Bekasi,exact
LST-00607,Pakuwon Residence Bekasi • 2BR Furnished (42 m²),https://www.rumah123.com/properti/bekasi-pekayon/disewakan-apartemen-pakuwon-2-br-pekayon-bekasi-apr7809388/,Bekasi,Jawa Barat,Pekayon,"Pekayon, Bekasi",Apartemen,10000000.0,238095.2380952381,yearly,2,1,2 Bedroom,42.0,18.740944918338013,2.522593550761932,Stasiun KRL Bekasi,Tier 3: Outer Commuter Ring (15-28km),0,0,0,0,0,0,0,0,0,0,0,0,-6.25251,106.983742,listing,0,https://picture.rumah123.com/r123-images/360x210-crop/customer/4427193/05f347472a3cfc7e3576c5f7bb44654a.jpg,Disewakan Apartemen Pakuwon 2BR Pekayon Bekasi   Spesifikasi :  PPJB  Luas bangunan : 42m² Type : 2BR Tower : Bella Lantai : 7 Listrik : 1300watt ...,4638500.0,5361500.0,0.7682,-115.6,2.11,Overpriced / Luxury Tag,,Disewakan Apartemen Pakuwon 2 Br Pekayon Bekasi,Pakuwon Residence Bekasi,exact
LST-00608,Pakuwon Residence Bekasi • 2BR Furnished (42 m²),https://www.rumah123.com/properti/bekasi-pekayon/disewakan-apartemen-pakuwon-2-br-pekayon-bekasi-apr7809398/,Bekasi,Jawa Barat,Pekayon,"Pekayon, Bekasi",Apartemen,12916666.666666666,307539.68253968254,yearly,2,1,2 Bedroom,42.0,18.740944918338013,2.522593550761932,Stasiun KRL Bekasi,Tier 3: Outer Commuter Ring (15-28km),0,0,0,0,0,0,0,0,0,0,0,0,-6.25251,106.983742,listing,0,https://picture.rumah123.com/r123-images/360x210-crop/customer/4427193/listing/apr7734116/enhanced/f4be8667a8f204a57ddb0f17b7942dcb.jpg,Disewakan Apartemen Pakuwon 2BR Pekayon Bekasi   Spesifikasi :  PPJB  Luas bangunan : 42m² Type : 2BR Tower : Amor  Lantai : 7 Listrik : 1300watt ...,4693453.0,8223213.666666666,1.0124,-175.2,2.78,Overpriced / Luxury Tag,,Disewakan Apartemen Pakuwon 2 Br Pekayon Bekasi,Pakuwon Residence Bekasi,exact
LST-00609,Meikarta Cikarang • 3BR Furnished (73 m²),https://www.rumah123.com/properti/bekasi-cikarang/disewakan-cepat-apartemen-meikarta-3-br-furnished-siap-huni-di-cikarang-apr7758556/,Bekasi,Jawa Barat,Cikarang,"Cikarang, Bekasi",Apartemen,3083333.333333333,42237.44292237443,yearly,3,2,3 Bedroom,73.0,38.56637506297416,18.510971419363152,Stasiun KRL Bekasi,Tier 4: Greater Satellite Periphery (>28km),0,0,0,0,0,0,0,0,0,0,0,0,-6.2513,107.166267,listing,0,https://picture.rumah123.com/r123-images/360x210-crop/customer/49248/listing/apr7758556/enhanced/441705034ede616e836aee428c25f25e.jpg,"Apartemen Meikarta, Oakview Tower di Cibatu, Cikarang Selatan, Bekasi.  Disewakan di wilayah yang asri. Dengan kategorinya adalah sebagai berikut: ...",3889877.0,-806543.666666667,-0.2324,20.7,-0.64,Fair Market Price,,Disewakan Cepat Apartemen Meikarta 3 Br Furnished Siap Huni di Cikarang,Meikarta Cikarang,exact
LST-00610,Primrose Condovilla • Studio Full Furnished (137 m²),https://www.rumah123.com/properti/bekasi-summarecon-bekasi/apartemen-nyaman-siap-huni-lokasi-strategis-di-the-primrose-summarecon-bekasi-apr7785046/,Bekasi,Jawa Barat,Summarecon Bekasi,"Summarecon Bekasi, Bekasi",Apartemen,7916666.666666667,57785.88807785889,yearly,0,4,Studio / 1BR,137.0,20.1088230041982,1.1224371882548043,Stasiun KRL Bekasi,Tier 3: Outer Commuter Ring (15-28km),1,0,0,0,0,0,0,0,0,0,0,0,-6.226128,107.001076,listing,0,https://picture.rumah123.com/r123-images/360x210-crop/customer/1971822/83fd99069a852e2d11ac9c38d061bb24.jpg,Disewakan Condovilla 4 kamar fully furnished di The Primrose Summarecon Bekasi  Luas bangunan : 137 m2 Kamar tidur : 4 + 1 ( 1 kamar master room + ...,22385470.0,-14468803.333333332,-1.0394,64.6,-2.86,Deep Value Deal (Rare Find),deep,Apartemen Nyaman Siap Huni Lokasi Strategis di The Primrose Summarecon Bekasi,Primrose Condovilla,exact
LST-00611,The Springlake Summarecon • 1BR Full Furnished (20 m²),https://www.rumah123.com/properti/bekasi-summarecon-bekasi/apartemen-furnishd-siap-huni-nyaman-di-springlake-summarecon-bekasi-apr7781131/,Bekasi,Jawa Barat,Summarecon Bekasi,"Summarecon Bekasi, Bekasi",Apartemen,2166666.6666666665,108333.33333333331,yearly,1,1,Studio / 1BR,20.0,20.1088230041982,1.1224371882548043,Stasiun KRL Bekasi,Tier 3: Outer Commuter Ring (15-28km),1,0,0,0,0,0,1,0,0,0,0,0,-6.226128,107.001076,listing,0,https://picture.rumah123.com/r123-images/360x210-crop/customer/1971822/006cd5abeec31fa6050c1eb507cb2fe3.jpg,Disewakan Apartemen Studio Full Furnished di Springlake Summarecon Bekasi  Luas 20m² Tower Azolla Lantai 18  View Kolam Renang  Harga Sewa 26jt/th...,2677524.0,-510857.3333333335,-0.2117,19.1,-0.58,Fair Market Price,,Apartemen Furnishd Siap Huni Nyaman di Springlake Summarecon Bekasi,The Springlake Summarecon,exact
LST-00612,Pakuwon Residence Bekasi Tower Bella • Studio Full Furnished (26 m²),https://www.rumah123.com/properti/bekasi-pekayon/disewakan-apartemen-pakuwon-residence-free-ipl-tower-bella-tipe-studio-full-furnish-bekasi-apr7739397/,Bekasi,Jawa Barat,Pekayon,"Pekayon, Bekasi",Apartemen,4583333.333333333,176282.05128205128,yearly,0,1,Studio / 1BR,26.0,18.740944918338013,2.522593550761932,Stasiun KRL Bekasi,Tier 3: Outer Commuter Ring (15-28km),1,0,0,0,0,0,0,0,0,0,0,0,-6.25251,106.983742,listing,0,https://picture.rumah123.com/r123-images/360x210-crop/customer/4437635/listing/apr7739397/enhanced/391884f1114c69b5a6bfcc1325b3d421.jpg,Disewakan Apartement Baru Pakuwon Residence Free IPL Tower Bellas Tipe Studio Full Furnish Bekasi   Tower : Bellas  Lantai : 22  1. Type : Studio L...,4282117.0,301216.333333333,0.068,-7.0,0.19,Fair Market Price,,Disewakan Apartemen Pakuwon Residence Free IPL Tower Bella Tipe Studio Full Furnish Bekasi,Pakuwon Residence Bekasi,exact
LST-00613,Pakuwon Residence Bekasi • Studio Full Furnished (27 m²),https://www.rumah123.com/properti/bekasi-pekayon/disewakan-apartemen-pakuwon-residence-free-ipl-tipe-studio-full-furnish-bekasi-apr7748839/,Bekasi,Jawa Barat,Pekayon,"Pekayon, Bekasi",Apartemen,4000000.0,148148.14814814815,yearly,0,1,Studio / 1BR,27.0,18.740944918338013,2.522593550761932,Stasiun KRL Bekasi,Tier 3: Outer Commuter Ring (15-28km),1,0,0,0,0,0,0,0,0,0,0,0,-6.25251,106.983742,listing,0,https://picture.rumah123.com/r123-images/360x210-crop/customer/4437635/listing/apr7748839/enhanced/82bc2bc1acd124419cfd8da2cf284f37.jpg,Disewakan Apartemen Pakuwon Residence ( Unit Baru) Free IPL Tipe Studio Full Furnished Bekasi  Tower : Amor Tipe : Studio Lantai : 9 LB : 27 m² Li...,4710239.0,-710239.0,-0.1634,15.1,-0.45,Fair Market Price,,Disewakan Apartemen Pakuwon Residence Unit Baru Free IPL Tipe Studio Full Furnish Bekasi,Pakuwon Residence Bekasi,exact
LST-00614,Orange County Cikarang • 2BR Furnished (90 m²),https://www.rumah123.com/properti/bekasi-cikarang-selatan/disewakan-apartemen-orange-county-cikarang-furnished-apr7531500/,Bekasi,Jawa Barat,Cikarang Selatan,"Cikarang Selatan, Bekasi",Apartemen,9583333.333333334,106481.48148148147,yearly,2,2,2 Bedroom,90.0,40.54444836614449,21.20714926431744,Stasiun KRL Bekasi,Tier 4: Greater Satellite Periphery (>28km),0,0,0,0,0,0,0,0,0,0,0,0,-6.33247071,107.16507621,listing,0,https://picture.rumah123.com/r123-images/360x210-crop/customer/1966238/48ecaa7bccc1c422d716b671e95b935b.jpg,"Facility:  Security System: 24-hours with CCTV and Access Card 24-Hour Customer Service Water Sprinkler, Fire Alarm, Hydrant System for building pr...",9634500.0,-51166.666666666046,-0.0053,0.5,-0.01,Fair Market Price,,Disewakan Apartemen Orange County Cikarang Furnished,Orange County Cikarang,exact
LST-00615,Orange County Cikarang • Studio Furnished (41 m²),https://www.rumah123.com/properti/bekasi-cikarang-selatan/disewakan-apartemen-orange-county-cikarang-selatan-studio-apr7614956/,Bekasi,Jawa Barat,Cikarang Selatan,"Cikarang Selatan, Bekasi",Apartemen,3333333.333333333,81300.81300813009,yearly,1,1,Studio / 1BR,41.0,40.477420916280096,21.114836987490023,Stasiun KRL Bekasi,Tier 4: Greater Satellite Periphery (>28km),0,0,0,0,0,0,0,0,0,0,0,0,-6.331036394055914,107.16494884146567,listing,0,https://picture.rumah123.com/r123-images/360x210-crop/customer/1966238/8420427603dcd4fdd2952526abc1ba0b.jpg,"Security System: 24-hours with CCTV and Access Card  24-Hour Customer Service  Water Sprinkler, Fire Alarm, Hydrant System for building protection ...",3503933.0,-170599.66666666698,-0.0499,4.9,-0.14,Fair Market Price,,Disewakan Apartemen Orange County Cikarang Selatan Studio,Orange County Cikarang,exact
LST-00616,Meikarta Cikarang • 2BR Furnished (42 m²),https://www.rumah123.com/properti/bekasi-cikarang-selatan/disewakan-apartement-meikarta-cikarang-furnished-apr7515144/,Bekasi,Jawa Barat,Cikarang Selatan,"Cikarang Selatan, Bekasi",Apartemen,3500000.0,83333.33333333333,monthly,2,1,2 Bedroom,42.0,41.04508700458722,21.805875766862403,Stasiun KRL Bekasi,Tier 4: Greater Satellite Periphery (>28km),0,0,0,0,0,0,0,0,0,0,0,0,-6.338857945,107.1675376,listing,0,https://picture.rumah123.com/r123-images/360x210-crop/customer/1966238/501f91e15e2cb9ed33e1facb9dacc99d.jpg,"Facility:  Security System: 24-hours with CCTV and Access Card 24-Hour Customer Service Water Sprinkler, Fire Alarm, Hydrant System for building pr...",3475614.0,24386.0,0.007,-0.7,0.02,Fair Market Price,,Disewakan Apartement Meikarta Cikarang Furnished,Meikarta Cikarang,exact
LST-00617,Vasanta Innopark Cibitung Tower Botan • 1BR Furnished (34 m²),https://www.rumah123.com/properti/bekasi-cikarang-barat/disewakan-apartemen-vasanta-tower-botan-furnished-apr7314787/,Bekasi,Jawa Barat,Cikarang Barat,"Cikarang Barat, Bekasi",Apartemen,3500000.0,102941.17647058824,yearly,1,1,Studio / 1BR,34.0,30.743282787868942,11.299092502520214,Stasiun KRL Bekasi,Tier 4: Greater Satellite Periphery (>28km),0,0,0,0,0,0,0,0,0,0,0,0,-6.290892449546448,107.08559096394106,listing,0,https://picture.rumah123.com/r123-images/360x210-crop/customer/1966238/20193c9d008bdf5588ea677897278b3c.jpg,"Apartemen di Cikarang Barat, Bekasi.  For rent di wilayah yang nyaman. Dengan kategorinya adalah sebagai berikut: - Kamar Tidur: 1 - Kamar Mandi: 1...",4427759.0,-927759.0,-0.2351,21.0,-0.65,Fair Market Price,,Disewakan Apartemen Vasanta Tower Botan Furnished,Vasanta Innopark Cibitung,exact
LST-00618,Vasanta Innopark Cibitung Tower Aoki • 1BR Furnished (34 m²),https://www.rumah123.com/properti/bekasi-cikarang-barat/disewakan-apartement-vasanta-tower-aoki-furnished-apr7291739/,Bekasi,Jawa Barat,Cikarang Barat,"Cikarang Barat, Bekasi",Apartemen,4583333.333333333,134803.92156862744,yearly,1,1,Studio / 1BR,34.0,30.743282787868942,11.299092502520214,Stasiun KRL Bekasi,Tier 4: Greater Satellite Periphery (>28km),0,0,0,0,0,0,0,0,0,0,0,0,-6.290892449546448,107.08559096394106,listing,0,https://picture.rumah123.com/r123-images/360x210-crop/customer/1966238/13fce24c47a6b8e01c3fb81489178adc.jpg,"Apartemen di Cikarang Barat, Bekasi.  For rent di wilayah yang nyaman. Dengan kategorinya adalah sebagai berikut: - Kamar Tidur: 1 - Kamar Mandi: 1...",4394762.0,188571.33333333305,0.042,-4.3,0.12,Fair Market Price,,Disewakan Apartement Vasanta - Tower Aoki Furnished -,Vasanta Innopark Cibitung,exact
LST-00619,Orange County Cikarang • 1BR Furnished (50 m²),https://www.rumah123.com/properti/bekasi-cikarang-selatan/disewakan-apartement-orange-county-cikarang-furnished-apr7306922/,Bekasi,Jawa Barat,Cikarang Selatan,"Cikarang Selatan, Bekasi",Apartemen,5416666.666666667,108333.33333333334,yearly,1,1,Studio / 1BR,50.0,40.4721635597822,21.11741041383491,Stasiun KRL Bekasi,Tier 4: Greater Satellite Periphery (>28km),0,0,0,0,0,0,0,0,0,0,0,0,-6.331383399357811,107.16477379202844,listing,0,https://picture.rumah123.com/r123-images/360x210-crop/customer/1966238/a14e6748e463ef9af2c01f994f348d70.jpg,"Facility:  Security System: 24-hours with CCTV and Access Card 24-Hour Customer Service Water Sprinkler, Fire Alarm, Hydrant System for building pr...",3254300.0,2162366.666666667,0.5095,-66.4,1.4,Premium / High Price,,Disewakan Apartement Orange County Cikarang Furnished,Orange County Cikarang,exact
LST-00620,Orange County Cikarang • 2BR Furnished (96 m²),https://www.rumah123.com/properti/bekasi-cikarang-selatan/disewakan-apartement-orange-county-cikarang-furnished-apr7711664/,Bekasi,Jawa Barat,Cikarang Selatan,"Cikarang Selatan, Bekasi",Apartemen,7916666.666666667,82465.27777777778,yearly,2,2,2 Bedroom,96.0,40.421538738880784,21.04946282497661,Stasiun KRL Bekasi,Tier 4: Greater Satellite Periphery (>28km),0,0,0,0,0,0,0,0,0,0,0,0,-6.330378041467228,107.16464758626194,listing,0,https://picture.rumah123.com/r123-images/360x210-crop/customer/1966238/listing/apr7711664/enhanced/9a575e598e84ec695865deecae2d8f9f.jpg,"Apartemen 36 lantai di Cikarang Selatan, Bekasi.  For rent di wilayah yang asri. Dengan spesifikasinya adalah sebagai berikut: - Kamar Tidur: 2 - K...",9969421.0,-2052754.333333333,-0.2306,20.6,-0.63,Fair Market Price,,Disewakan Apartement 2 BR - Orange County Cikarang Furnished,Orange County Cikarang,exact
LST-00621,Orange County Cikarang • 2BR Furnished (85 m²),https://www.rumah123.com/properti/bekasi-cikarang-selatan/disewakan-apartement-orange-county-cikarang-furnished-apr7800265/,Bekasi,Jawa Barat,Cikarang Selatan,"Cikarang Selatan, Bekasi",Apartemen,8333333.333333333,98039.2156862745,yearly,2,1,2 Bedroom,85.0,40.48810933193914,21.13358649002164,Stasiun KRL Bekasi,Tier 4: Greater Satellite Periphery (>28km),0,0,0,0,0,0,0,0,0,0,0,0,-6.331454756961364,107.16490135539313,listing,0,https://picture.rumah123.com/r123-images/360x210-crop/customer/1966238/d561b10be6afdd899a3b621b3959537e.jpg,"Facility:  Security System: 24-hours with CCTV and Access Card 24-Hour Customer Service Water Sprinkler, Fire Alarm, Hydrant System for building pr...",7766352.0,566981.333333333,0.0705,-7.3,0.19,Fair Market Price,,Disewakan Apartement Orange County Cikarang Furnished,Orange County Cikarang,exact
LST-00622,Orange County Cikarang Tower Irvine • 2BR Furnished (82 m²),https://www.rumah123.com/properti/bekasi-cikarang-selatan/apartemen-orange-county-tower-irvine-2br-furnished-murah-apr7786634/,Bekasi,Jawa Barat,Cikarang Selatan,"Cikarang Selatan, Bekasi",Apartemen,8333333.333333333,101626.0162601626,yearly,2,1,2 Bedroom,82.0,40.538096726790215,21.19749681459516,Stasiun KRL Bekasi,Tier 4: Greater Satellite Periphery (>28km),0,0,0,0,0,0,0,0,0,0,0,0,-6.3322935,107.1650793,listing,0,https://picture.rumah123.com/r123-images/360x210-crop/customer/4385453/cd3d1ae571f9b7409a2bd51b80c412d6.jpg,"Hunian Praktis & Modern Apartemen ini menawarkan gaya hidup yang praktis dengan lingkungan yang terus berkembang. Cocok bagi Anda yang menginginka...",6586263.0,1747070.333333333,0.2353,-26.5,0.65,Fair Market Price,,"Apartemen Orange County Tower Irvine 2Br Furnished Bagus , Lippo Cikarang, Cikarang",Orange County Cikarang,exact
LST-00623,Orange County Cikarang • 2BR Full Furnished (70 m²),https://www.rumah123.com/properti/bekasi-cikarang-selatan/disewakan-apartemen-orange-county-bebas-banjir-lokasi-strategis-apr3600176/,Bekasi,Jawa Barat,Cikarang Selatan,"Cikarang Selatan, Bekasi",Apartemen,8333333.333333333,119047.61904761904,yearly,2,1,2 Bedroom,70.0,43.06086733003063,23.73286208738612,Stasiun KRL Bekasi,Tier 4: Greater Satellite Periphery (>28km),1,0,0,0,0,0,1,1,0,0,0,0,-6.34254,107.18562,listing,0,https://picture.rumah123.com/r123-images/360x210-crop/customer/58361/9392836d80303570f2f4427b02f6bd6c.jpg,Disewakan Apartemen アパートの貸室 こんにちわ!  Name: Orange County  Condition: Full furnished  Facility: Swimming pool Fitness center ...,7446394.0,886939.333333333,0.1125,-11.9,0.31,Fair Market Price,,Disewakan Apartemen Orange County Bebas Banjir Lokasi Strategis,Orange County Cikarang,exact
LST-00624,Trivium Terrace Cikarang • 2BR Full Furnished (75 m²),https://www.rumah123.com/properti/bekasi-cikarang-selatan/disewakan-apartemen-trivium-2br-north-new-interior-di-lippo-cikarang-apr3363908/,Bekasi,Jawa Barat,Cikarang Selatan,"Cikarang Selatan, Bekasi",Apartemen,8750000.0,116666.66666666669,yearly,2,2,2 Bedroom,75.0,43.06086733003063,23.73286208738612,Stasiun KRL Bekasi,Tier 4: Greater Satellite Periphery (>28km),1,0,0,0,0,0,1,0,0,0,0,0,-6.34254,107.18562,listing,0,https://picture.rumah123.com/r123-images/360x210-crop/customer/58361/2024-07-07-02-43-17-5d80abe5-8665-4125-9626-74d5142321db.jpg,Disewakan Apartemen アパートの貸室 こんにちわ!  Name: Trivium Terrace Apartment  Condition: Full furnished  Facility: Swimming pool Fit...,9238375.0,-488375.0,-0.0543,5.3,-0.15,Fair Market Price,,Disewakan Apartemen Trivium 2Br North New Interior di Lippo Cikarang,Trivium Terrace Cikarang,exact
LST-00625,Unresolved • Cikarang Selatan • 2BR Full Furnished (56 m²),https://www.rumah123.com/properti/bekasi-cikarang-selatan/luxury-2br-56sqm-full-furnished-modern-elegant-living-in-prime-area-apr7634908/,Bekasi,Jawa Barat,Cikarang Selatan,"Cikarang Selatan, Bekasi",Apartemen,6416666.666666667,114583.33333333334,yearly,2,1,2 Bedroom,56.0,43.06117851430047,23.733149490434528,Stasiun KRL Bekasi,Tier 4: Greater Satellite Periphery (>28km),1,0,0,0,0,0,1,1,0,0,0,0,-6.34254,107.185623,listing,0,https://picture.rumah123.com/r123-images/360x210-crop/customer/1860511/2b451ac867988fb082c79350b3a5bf08.jpg,Disewakan Apartemen アパートの貸室 こんにちわ!  Name: Trivium Terrace  Condition: Full furnished  Facility: Swimming pool Fitness cente...,5517688.0,898978.666666667,0.1509,-16.3,0.42,Fair Market Price,,Luxury 2Br 56Sqm Full Furnished - Modern Elegant Living In Prime Area,,unresolved
LST-00626,Unresolved • Summarecon Bekasi • 2BR Full Furnished (35 m²),https://www.rumah123.com/properti/bekasi-summarecon-bekasi/disewakan-apartemen-2br-fully-furnished-di-summarecon-bekasi-tinggal-bawa-koper-apr7603758/,Bekasi,Jawa Barat,Summarecon Bekasi,"Summarecon Bekasi, Bekasi",Apartemen,3750000.0,107142.85714285714,yearly,2,1,2 Bedroom,35.0,20.1088230041982,1.1224371882548043,Stasiun KRL Bekasi,Tier 3: Outer Commuter Ring (15-28km),1,0,0,0,0,0,0,0,0,0,0,0,-6.226128,107.001076,listing,0,https://picture.rumah123.com/r123-images/360x210-crop/customer/1876744/7f295ba10ed65c0004b40131c098b745.jpg,"DISEWAKAN APARTEMEN 2BR FULLY FURNISHED - TOWER CALDESIA, THE SPRINGLAKE, SUMMARECON BEKASI. Tinggal bawa koper saja.   Cari hunian praktis, nyaman...",3706003.0,43997.0,0.0118,-1.2,0.03,Fair Market Price,,Disewakan Apt 2Br Fully Furnished di Summarecon Bekasi. Siap Huni,,unresolved
LST-00627,Grand Kamala Lagoon • Studio Full Furnished (26 m²),https://www.rumah123.com/properti/bekasi-bekasi-selatan/disewakan-studio-apartemen-full-furnish-grand-kamala-lagoon-apr7816941/,Bekasi,Jawa Barat,Bekasi Selatan,"Bekasi Selatan, Bekasi",Apartemen,3500000.0,134615.38461538462,monthly,0,1,Studio / 1BR,26.0,18.8255498516288,1.2581585927972738,Stasiun KRL Bekasi,Tier 3: Outer Commuter Ring (15-28km),1,0,0,0,0,0,0,0,0,0,0,0,-6.23583,106.988121,listing,0,https://picture.rumah123.com/r123-images/360x210-crop/customer/1881424/b32bef90fa87c66031660a4f79a3d421.jpg,"DISEWAKAN APARTEMEN GRAND KAMALA LAGOON - STUDIO FULL FURNISHED  ✨ Unit studio nyaman, modern & siap huni di kawasan strategis Bekasi!  Detail Un...",6276151.0,-2776151.0,-0.584,44.2,-1.61,Deep Value Deal (Rare Find),deep,Disewakan Studio Apartemen Full Furnish Grand Kamala Lagoon,Grand Kamala Lagoon,exact
LST-00628,Pakuwon Residence Bekasi • 2BR Furnished (65 m²),https://www.rumah123.com/properti/bekasi-bekasi-selatan/disewakan-apartemen-pakuwon-residence-bekasi-conecting-pool-apr7846484/,Bekasi,Jawa Barat,Bekasi Selatan,"Bekasi Selatan, Bekasi",Apartemen,15000000.0,230769.2307692308,monthly,2,1,2 Bedroom,65.0,18.8255498516288,1.2581585927972738,Stasiun KRL Bekasi,Tier 3: Outer Commuter Ring (15-28km),0,0,0,0,0,0,1,0,0,0,0,0,-6.23583,106.988121,listing,0,https://picture.rumah123.com/r123-images/360x210-crop/customer/1881424/681af6383eb532658c84e199e0ff5a4a.jpg,FOR RENT - PAKUWON RESIDENCE BEKASI  ✨ 2 Bedrooms | 65 m² | Lantai 1  Direct Connecting to Pool  Nikmati hunian yang nyaman dengan akses yang su...,8608874.0,6391126.0,0.5553,-74.2,1.53,Overpriced / Luxury Tag,,Disewakan Apartemen Pakuwon Residence Bekasi Conecting Pool!,Pakuwon Residence Bekasi,exact
LST-00629,The Springlake Summarecon • Studio Full Furnished (21 m²),https://www.rumah123.com/properti/bekasi-summarecon-bekasi/disewakan-apartemen-studio-furnish-springlake-summarecon-bekasi-apr7817147/,Bekasi,Jawa Barat,Summarecon Bekasi,"Summarecon Bekasi, Bekasi",Apartemen,2375000.0,113095.23809523808,yearly,1,1,Studio / 1BR,21.0,20.1088230041982,1.1224371882548043,Stasiun KRL Bekasi,Tier 3: Outer Commuter Ring (15-28km),1,0,0,0,0,0,1,0,0,0,0,0,-6.226128,107.001076,listing,0,https://picture.rumah123.com/r123-images/360x210-crop/customer/1971808/132254186d8176b716a627732e67c997.jpg,*Disewakan Apartemen Studio Full Furnish Springlake Summarecon Bekasi*  Tower Davalia  Lantai 3 View Kolam Renang  Luas 21 m² Full Furnished  Kasu...,2276185.0,98815.0,0.0425,-4.3,0.12,Fair Market Price,,Disewakan Apartemen Studio Furnish Springlake Summarecon Bekasi,The Springlake Summarecon,exact
LST-00630,Meikarta Cikarang • 3BR Furnished (108 m²),https://www.rumah123.com/properti/bekasi-cikarang/meikarta-lantai-6-apr7839753/,Bekasi,Jawa Barat,Cikarang,"Cikarang, Bekasi",Apartemen,6250000.0,57870.37037037037,yearly,3,1,3 Bedroom,108.0,38.56637506297416,18.510971419363152,Stasiun KRL Bekasi,Tier 4: Greater Satellite Periphery (>28km),0,0,0,0,0,0,0,0,0,0,0,0,-6.2513,107.166267,listing,0,https://picture.rumah123.com/r123-images/360x210-crop/customer/943116/023887357219f0ef9569ea9aeea30445.jpg,Detail properti : - Memiliki 2 Pintu masuk (1 pintu samping lift) - Ceiling 6 meter (Bisa dibuat meizanine jadi 2 lantai) - Kamar Tidur - Kamar Man...,7322704.0,-1072704.0,-0.1584,14.6,-0.44,Fair Market Price,,Meikarta Lantai 6,Meikarta Cikarang,exact
LST-00631,The Springlake View Tower Elodea • Studio Furnished (25 m²),https://www.rumah123.com/properti/bekasi-summarecon-bekasi/disewakan-apartemen-the-springlake-view-sewa-tipe-studio-furnished-di-menara-elodea-dekat-summarecon-mal-bekasi-apr7252524/,Bekasi,Jawa Barat,Summarecon Bekasi,"Summarecon Bekasi, Bekasi",Apartemen,2083333.3333333333,83333.33333333333,yearly,1,1,Studio / 1BR,25.0,20.1088627629564,1.1224879902885003,Stasiun KRL Bekasi,Tier 3: Outer Commuter Ring (15-28km),0,0,0,0,0,0,0,0,0,0,0,0,-6.2261276,107.0010764,listing,0,https://picture.rumah123.com/r123-images/360x210-crop/customer/1907015/d9e51a10b3cdf082c8ecba375eb8528f.jpg,"Apartemen The Springlake merupakan apartemen dengan konsep mixed use yang terintegrasi dengan fungsi komersial seluas 8 ha, berada di tepi danau ya...",3393552.0,-1310218.6666666667,-0.4879,38.6,-1.34,Good Deal (Undervalued),good,Disewakan Apartemen The Springlake View Sewa Tipe Studio Furnished Di Menara Elodea Dekat Summarecon Mal Bekasi,The Springlake View,exact
LST-00632,Trivium Terrace Cikarang • 2BR Full Furnished (58 m²),https://www.rumah123.com/properti/bekasi-cikarang-selatan/disewakan-apartemen-trivium-north-2br-bagus-dan-nyaman-apr3320055/,Bekasi,Jawa Barat,Cikarang Selatan,"Cikarang Selatan, Bekasi",Apartemen,6500000.0,112068.96551724138,yearly,2,1,2 Bedroom,58.0,43.06086733003063,23.73286208738612,Stasiun KRL Bekasi,Tier 4: Greater Satellite Periphery (>28km),1,0,0,0,0,0,1,0,0,0,0,0,-6.34254,107.18562,listing,0,https://picture.rumah123.com/r123-images/360x210-crop/customer/58361/2024-05-31-01-58-56-14544fb2-0ab1-480c-a72e-c8f05a8253f8.jpg,Disewakan Apartemen アパートの貸室 こんにちわ!  Name: Trivium Terrace Apartment  Condition: Full furnished  Facility: Swimming pool Fit...,6097536.0,402464.0,0.0639,-6.6,0.18,Fair Market Price,,Disewakan Apartemen Trivium North 2Br Bagus dan Nyaman,Trivium Terrace Cikarang,exact
LST-00633,Chadstone Cikarang Tower D • Studio Furnished (26 m²),https://www.rumah123.com/properti/bekasi-cikarang/murah-apartemen-chadstone-tower-d-type-studio-luas-26m2-apr7680288/,Bekasi,Jawa Barat,Cikarang,"Cikarang, Bekasi",Apartemen,1500000.0,57692.307692307695,yearly,1,1,Studio / 1BR,26.0,38.56637506297416,18.510971419363152,Stasiun KRL Bekasi,Tier 4: Greater Satellite Periphery (>28km),0,0,0,0,0,0,0,0,0,0,0,0,-6.2513,107.166267,listing,0,https://picture.rumah123.com/r123-images/360x210-crop/customer/438/listing/apr7680288/enhanced/9f4202af-c76a-423b-8a41-44c52c00fde5.jpg,KEUNGGULANNYA : 1. Lokasi exit tol Cikarang 2. Dekat dengan kawasan pemukiman dan industri di Cikarang 3. Menyatu dengan Pollux Mall 4. Tersedia Re...,2264694.0,-764694.0,-0.412,33.8,-1.13,Good Deal (Undervalued),good,Murah dan Free IPL Apartemen Chadstone Tower D Type Studio Luas 26M2,Chadstone Cikarang,exact
LST-00634,The Springlake Summarecon • 3BR Furnished (49 m²),https://www.rumah123.com/properti/bekasi-summarecon-bekasi/di-sewakan-apatemnt-3-br-diower-basela-springlake-summarecon-bekasi-apr7800950/,Bekasi,Jawa Barat,Summarecon Bekasi,"Summarecon Bekasi, Bekasi",Apartemen,4000000.0,81632.6530612245,yearly,3,1,3 Bedroom,49.0,19.812446095261755,1.5243363630689244,Stasiun KRL Bekasi,Tier 3: Outer Commuter Ring (15-28km),0,0,0,0,0,0,0,0,0,0,0,0,-6.222413982755967,106.99870727702069,listing,0,https://picture.rumah123.com/r123-images/360x210-crop/customer/46500/49149914d23dc0b7a3f3c19da07d9909.jpg,"Apartemen di Summarecon Bekasi.  Temukan apartemen 18 lantai yang asri ini,  disewakan menghadirkan lingkungan fasilitas yang lengkap, cocok untuk ...",4910082.0,-910082.0,-0.205,18.5,-0.56,Fair Market Price,,Di Sewakan Apatemnt 3 BR Diower Basela Springlake Summarecon Bekasi,The Springlake Summarecon,exact
LST-00635,The Springlake Summarecon Tower Caldesia • 2BR Furnished (40 m²),https://www.rumah123.com/properti/bekasi-summarecon-bekasi/di-sewakan-apartemen-2br-di-tower-caldesia-spring-lake-summarecon-bekasi-apr7833011/,Bekasi,Jawa Barat,Summarecon Bekasi,"Summarecon Bekasi, Bekasi",Apartemen,3166666.6666666665,79166.66666666666,yearly,2,1,2 Bedroom,40.0,19.92892811046984,1.4659836139712654,Stasiun KRL Bekasi,Tier 3: Outer Commuter Ring (15-28km),0,0,0,0,0,0,0,0,0,0,0,0,-6.222917987326952,106.99972483528654,listing,0,https://picture.rumah123.com/r123-images/360x210-crop/customer/46500/listing/apr7833011/enhanced/0bd7663b-1a88-4bca-8178-af43ba01a33d.png,"Kesempatan terbatas buat Anda dapatkan apartemen strategis dengan return investasi tinggi di Summarecon Bekasi, Bekasi.  Apartemen ini menawarkan l...",4003325.0,-836658.3333333335,-0.2344,20.9,-0.64,Fair Market Price,,Di Sewakan Apartemen 2Br di Tower Caldesia Spring Lake Summarecon Bekasi,The Springlake Summarecon,exact
LST-00636,Unresolved • Summarecon Bekasi • Studio Furnished (24 m²),https://www.rumah123.com/properti/bekasi-summarecon-bekasi/sewastudio-siap-huni-apr7826341/,Bekasi,Jawa Barat,Summarecon Bekasi,"Summarecon Bekasi, Bekasi",Apartemen,2083333.3333333333,86805.55555555555,yearly,1,0,Studio / 1BR,24.0,20.1088230041982,1.1224371882548043,Stasiun KRL Bekasi,Tier 3: Outer Commuter Ring (15-28km),0,0,0,0,0,0,0,0,0,0,0,0,-6.226128,107.001076,listing,0,https://picture.rumah123.com/r123-images/360x210-crop/customer/4478200/9c017b79c95dc7fbce8cb2de6869eab6.jpg,"Kesempatan terbatas buat Anda dapatkan apartemen strategis dengan return investasi tinggi di Summarecon Bekasi, Bekasi.  Apartemen ini menawarkan k...",3169496.0,-1086162.6666666667,-0.4196,34.3,-1.15,Good Deal (Undervalued),good,Sewa Studio Siap Huni,,unresolved
LST-00637,Unresolved • Summarecon Bekasi • Studio Unfurnished (22 m²),https://www.rumah123.com/properti/bekasi-summarecon-bekasi/sewa-studio-unfurnish-murah-apr7843736/,Bekasi,Jawa Barat,Summarecon Bekasi,"Summarecon Bekasi, Bekasi",Apartemen,1500000.0,68181.81818181818,yearly,0,1,Studio / 1BR,22.0,20.1088230041982,1.1224371882548043,Stasiun KRL Bekasi,Tier 3: Outer Commuter Ring (15-28km),0,0,0,0,0,0,0,0,0,0,0,0,-6.226128,107.001076,listing,0,https://picture.rumah123.com/r123-images/360x210-crop/customer/4478200/438962433893c3954f2a4eb759ef0347.jpg,"Kesempatan terbatas buat Anda dapatkan apartemen nyaman dengan return investasi tinggi di Summarecon Bekasi, Bekasi.  Apartemen ini menawarkan kele...",2115641.0,-615641.0,-0.3439,29.1,-0.95,Good Deal (Undervalued),good,Sewa Studio Unfurnish Murah,,unresolved
LST-00638,Trivium Terrace Cikarang • 2BR Full Furnished (75 m²),https://www.rumah123.com/properti/bekasi-cikarang-selatan/apartemen-trivium-terrace-3br-renovasi-menjadi-2br-bagus-dan-nyaman-apr3320057/,Bekasi,Jawa Barat,Cikarang Selatan,"Cikarang Selatan, Bekasi",Apartemen,8833333.333333334,117777.77777777778,yearly,2,2,2 Bedroom,75.0,43.06086733003063,23.73286208738612,Stasiun KRL Bekasi,Tier 4: Greater Satellite Periphery (>28km),1,0,0,0,0,0,1,0,0,0,0,0,-6.34254,107.18562,listing,0,https://picture.rumah123.com/r123-images/360x210-crop/customer/58361/2024-05-31-02-01-15-c78f3e5c-3f45-44d0-bbba-5d31b90afda5.jpg,Disewakan Apartemen アパートの貸室 こんにちわ!  Name: Trivium Terrace Apartment  Condition: Full furnished  Facility: Swimming pool Fit...,9277742.0,-444408.6666666661,-0.0491,4.8,-0.14,Fair Market Price,,Apartemen Trivium Terrace 3Br Renovasi Menjadi 2Br Bagus dan Nyaman,Trivium Terrace Cikarang,exact
LST-00639,Trivium Terrace Cikarang • Studio Full Furnished (34 m²),https://www.rumah123.com/properti/bekasi-cikarang-selatan/disewakan-studio-trivium-cikarang-lokasi-strategis-apr7659563/,Bekasi,Jawa Barat,Cikarang Selatan,"Cikarang Selatan, Bekasi",Apartemen,3416666.6666666665,100490.19607843136,yearly,1,1,Studio / 1BR,34.0,43.06117851430047,23.733149490434528,Stasiun KRL Bekasi,Tier 4: Greater Satellite Periphery (>28km),1,0,0,0,0,0,1,1,0,0,0,0,-6.34254,107.185623,listing,0,https://picture.rumah123.com/r123-images/360x210-crop/customer/1860511/2272858840f6b411af74777d4289b09a.jpg,Disewakan Apartemen アパートの貸室 こんにちわ!  Name: Trivium Terrace  Condition: Full furnished  Facility: Swimming pool Fitness cente...,4652164.0,-1235497.3333333335,-0.3087,26.6,-0.85,Good Deal (Undervalued),good,"Disewakan Studio Trivium Cikarang, Lokasi Strategis",Trivium Terrace Cikarang,exact
LST-00640,Trivium Terrace Cikarang • 1BR Full Furnished (38 m²),https://www.rumah123.com/properti/bekasi-cikarang-selatan/disewakan-apartemen-trivium-1br-38sqm-space-nyaman-apr3592273/,Bekasi,Jawa Barat,Cikarang Selatan,"Cikarang Selatan, Bekasi",Apartemen,3916666.6666666665,103070.17543859647,yearly,1,1,Studio / 1BR,38.0,43.06086733003063,23.73286208738612,Stasiun KRL Bekasi,Tier 4: Greater Satellite Periphery (>28km),1,0,0,0,0,0,1,1,0,0,0,0,-6.34254,107.18562,listing,0,https://picture.rumah123.com/r123-images/360x210-crop/customer/58361/6429a1f1d2090b9c3dc85941b47fc92f.jpg,Disewakan Apartemen アパートの貸室 こんにちわ!  Name: Trivium Terrace  Condition: Full furnished  Facility: Swimming pool Fitness cente...,4097614.0,-180947.3333333335,-0.0452,4.4,-0.12,Fair Market Price,,Disewakan Apartemen Trivium 1Br 38Sqm Space Nyaman,Trivium Terrace Cikarang,exact
LST-00641,Pakuwon Residence Bekasi Pool View • Studio Furnished (25 m²),https://www.rumah123.com/properti/bekasi-pekayon/disewakan-tipe-studio-furnished-mewah-lengkap-bagus-siap-huni-view-kolam-renang-apartemen-pakuwon-residence-lokasi-di-apr7438248/,Bekasi,Jawa Barat,Pekayon,"Pekayon, Bekasi",Apartemen,5000000.0,200000.0,yearly,0,1,Studio / 1BR,25.0,18.740944918338013,2.522593550761932,Stasiun KRL Bekasi,Tier 3: Outer Commuter Ring (15-28km),0,0,0,0,0,0,1,0,0,0,0,0,-6.25251,106.983742,listing,0,https://picture.rumah123.com/r123-images/360x210-crop/customer/1907015/14453fcbdb135751b4cca4ae3fad0b5f.jpg,"PAKUWON RESIDENCES BEKASI | AMOR, BELLA & DOLCE TOWER. Setelah sukses dengan Kota Kasablanka dan Gandaria City di Jakarta, Pakuwon Group kembali me...",3710088.0,1289912.0,0.2984,-34.8,0.82,Premium / High Price,,Disewakan Tipe Studio Furnished Mewah Lengkap Bagus Siap Huni View Kolam Renang Apartemen Pakuwon Residence Lokasi Di Pakuwon Mal Bekasi,Pakuwon Residence Bekasi,exact
LST-00642,Grand Icon Caman • 2BR Full Furnished (39 m²),https://www.rumah123.com/properti/bekasi-jatibening/sewa-apartemen-grand-icon-caman-bekasi-2br-full-furnished-apr7822415/,Bekasi,Jawa Barat,Jatibening,"Jatibening, Bekasi",Apartemen,4900000.0,125641.02564102564,monthly,2,1,2 Bedroom,39.0,15.433125354104016,5.522700373690288,Stasiun KRL Bekasi,Tier 3: Outer Commuter Ring (15-28km),1,0,0,0,0,0,0,0,0,0,0,0,-6.252758026123047,106.95243072509766,listing,0,https://picture.rumah123.com/r123-images/360x210-crop/customer/1710320/341f80b097b62ae4ebcd2ec19acc792b.jpg,"**SEWA APARTEMEN 2BR FULL FURNISHED - GRAND ICON CAMAN BEKASI**  Nikmati hunian nyaman dan praktis di **Grand Icon Caman, Bekasi**, dengan unit **2...",5023010.0,-123010.0,-0.0248,2.4,-0.07,Fair Market Price,,Sewa Apartemen Grand Icon Caman Bekasi 2Br Full Furnished,Grand Icon Caman,exact
LST-00643,Grande Valore Jababeka • 1BR Full Furnished (45 m²),https://www.rumah123.com/properti/bekasi-jababeka/disewakan-apartemen-premium-quality-grande-valore-full-furnished-location-kawasan-industri-jababeka-cikarang-apr7649138/,Bekasi,Jawa Barat,Jababeka,"Jababeka, Bekasi",Apartemen,3000000.0,66666.66666666667,monthly,1,1,Studio / 1BR,45.0,37.23753764414659,17.422968376762125,Stasiun KRL Bekasi,Tier 4: Greater Satellite Periphery (>28km),1,0,0,0,1,0,0,0,0,0,0,1,-6.295227363520098,107.14547625269957,listing,0,https://picture.rumah123.com/r123-images/360x210-crop/customer/4391459/172073b0c372eeb04e07fe12cbbc7d0e.jpg,"Harga sewa : Rp 4 juta per bulan. Bisa bayar bulanan.  Biaya sewa belum termasuk IPL, air dan listrik  Biaya belum termasuk parkir dan wifi.  Fully...",3559204.0,-559204.0,-0.1709,15.7,-0.47,Fair Market Price,,"Disewakan Apartemen Premium Quality Grande Valore Full Furnished Location: Kawasan Industri Jababeka, Cikarang",Grande Valore Jababeka,exact
LST-00644,Sayana Harapan Indah • Studio Full Furnished (22 m²),https://www.rumah123.com/properti/bekasi-tarumajaya/disewakan-apartemen-sayana-tipe-studio-full-furnished-bagus-harapan-indah-bekasi-apr7850649/,Bekasi,Jawa Barat,Tarumajaya,"Tarumajaya, Bekasi",Apartemen,2458333.333333333,111742.42424242424,yearly,1,1,Studio / 1BR,22.0,21.87710688814717,12.925004568264349,Stasiun KRL Bekasi,Tier 3: Outer Commuter Ring (15-28km),1,0,0,1,0,0,0,0,0,0,1,0,-6.1199,106.996536,listing,0,https://picture.rumah123.com/r123-images/360x210-crop/customer/1610201/38a01564b9bb0d1e759feb01da02d6cd.jpg,"Lantai : 1 Tipe : Studio Luas : 22 m² KT : 1 KM : 1 Sertifikat : PPJB siap AJB Listrik : 1300 W Air : Pam Full Furnished ( AC, Kitchen Set, Bed, K...",2630559.0,-172225.66666666698,-0.0677,6.5,-0.19,Fair Market Price,,Disewakan Apartemen Sayana Tipe Studio Full Furnished Bagus Harapan Indah Bekasi,Sayana Harapan Indah,exact
LST-00645,Unresolved • Cibitung • Studio Furnished (23 m²),https://www.rumah123.com/properti/bekasi-cibitung/apartemen-strategismurah-nyaman-apr7850615/,Bekasi,Jawa Barat,Cibitung,"Cibitung, Bekasi",Apartemen,3000000.0,130434.78260869563,yearly,0,1,Studio / 1BR,23.0,32.689728391181525,12.652821109296736,Stasiun KRL Bekasi,Tier 4: Greater Satellite Periphery (>28km),0,0,0,0,0,0,0,0,0,0,0,0,-6.2424,107.113792,listing,0,https://picture.rumah123.com/r123-images/360x210-crop/customer/1109234/5418cbd90016aa249e9509d4e1d35fee.jpg,"Apartemen 51 lantai di Cibitung, Bekasi.  Disewakan di wilayah yang tenang. Dengan spesifikasinya adalah sebagai berikut:   - Kamar Mandi: 1   - Se...",2823839.0,176161.0,0.0605,-6.2,0.17,Fair Market Price,,Apartemen Strategis.murah Nyaman,,unresolved
LST-00646,Unresolved • Cikarang Selatan Tower Glendale • 1BR Furnished (55 m²),https://www.rumah123.com/properti/bekasi-cikarang-selatan/disewakan-apartemen-tower-glendale-view-bagus-di-lippo-cikarang-apr7850552/,Bekasi,Jawa Barat,Cikarang Selatan,"Cikarang Selatan, Bekasi",Apartemen,6250000.0,113636.36363636365,yearly,1,1,Studio / 1BR,55.0,43.06117851430047,23.733149490434528,Stasiun KRL Bekasi,Tier 4: Greater Satellite Periphery (>28km),0,0,0,0,0,0,0,0,0,0,0,0,-6.34254,107.185623,listing,0,https://picture.rumah123.com/r123-images/360x210-crop/customer/58361/95b0f9e7b9c52c5aa0ec6cc28a6c408a.jpg,Disewakan Apartemen Orange County Lippo Cikarang - アパートの貸室  Disewakan apartemen di Orange County Lippo Cikarang dengan kondisi full f...,5138874.0,1111126.0,0.1957,-21.6,0.54,Fair Market Price,,Disewakan Apartemen Tower Glendale View Bagus di Lippo Cikarang,,unresolved
LST-00647,Orange County Cikarang • 1BR Furnished (34 m²),https://www.rumah123.com/properti/bekasi-cikarang-selatan/disewakan-apartemen-orange-county-glendale-bagus-dan-nyaman-apr7703850/,Bekasi,Jawa Barat,Cikarang Selatan,"Cikarang Selatan, Bekasi",Apartemen,4583333.333333333,134803.92156862744,yearly,1,1,Studio / 1BR,34.0,43.06117851430047,23.733149490434528,Stasiun KRL Bekasi,Tier 4: Greater Satellite Periphery (>28km),0,0,0,0,0,0,0,0,0,0,0,0,-6.34254,107.185623,listing,0,https://picture.rumah123.com/r123-images/360x210-crop/customer/1860511/listing/apr7703850/enhanced/1593da83e59b41e02e6a8565a7509f89.jpg,Disewakan Apartemen Orange County Lippo Cikarang - アパートの貸室  Disewakan apartemen di Orange County Lippo Cikarang dengan kondisi full f...,3183253.0,1400080.333333333,0.3645,-44.0,1.0,Premium / High Price,,Disewakan Apartemen Orange County Glendale Bagus dan Nyaman,Orange County Cikarang,exact
LST-00648,Orange County Cikarang • 2BR Full Furnished (90 m²),https://www.rumah123.com/properti/bekasi-cikarang-selatan/disewakan-apartemen-orange-country-2br-bagus-space-luas-dan-nyaman-apr3602651/,Bekasi,Jawa Barat,Cikarang Selatan,"Cikarang Selatan, Bekasi",Apartemen,9000000.0,100000.0,yearly,2,1,2 Bedroom,90.0,43.06086733003063,23.73286208738612,Stasiun KRL Bekasi,Tier 4: Greater Satellite Periphery (>28km),1,0,0,0,0,0,1,1,0,0,0,0,-6.34254,107.18562,listing,0,https://picture.rumah123.com/r123-images/360x210-crop/customer/58361/004ddf6b68ddb70888d5826821289142.png,Disewakan Apartemen アパートの貸室 こんにちわ!  Name: Orange County  Condition: Full furnished  Facility: Swimming pool Fitness center ...,10692960.0,-1692960.0,-0.1724,15.8,-0.47,Fair Market Price,,Disewakan Apartemen Orange Country 2Br Bagus Space Luas dan Nyaman,Orange County Cikarang,fuzzy
LST-00649,Orange County Cikarang • 1BR Furnished (87 m²),https://www.rumah123.com/properti/bekasi-cikarang-selatan/exclusive-orange-county-3br-87-sqm-best-view-elegant-living-apr7832597/,Bekasi,Jawa Barat,Cikarang Selatan,"Cikarang Selatan, Bekasi",Apartemen,14000000.0,160919.54022988505,yearly,1,2,Studio / 1BR,87.0,43.06117851430047,23.733149490434528,Stasiun KRL Bekasi,Tier 4: Greater Satellite Periphery (>28km),0,0,0,0,0,0,0,0,0,0,0,0,-6.34254,107.185623,listing,0,https://picture.rumah123.com/r123-images/360x210-crop/customer/1860511/4b5deae119dc0373f77e4bbf50b38d0a.jpg,Disewakan Apartemen Orange County Lippo Cikarang - アパートの貸室  Disewakan apartemen di Orange County Lippo Cikarang dengan kondisi full f...,8993030.0,5006970.0,0.4426,-55.7,1.22,Premium / High Price,,Exclusive Orange County 3Br 87 Sqm | Best View & Elegant Living,Orange County Cikarang,exact
LST-00650,Grand Kamala Lagoon • 1BR Furnished (30 m²),https://www.rumah123.com/properti/bekasi-pekayon/disewakan-appartement-grand-kamala-lagoon-bekasi-highzone-apr7560468/,Bekasi,Jawa Barat,Pekayon,"Pekayon, Bekasi",Apartemen,4000000.0,133333.33333333334,monthly,1,1,Studio / 1BR,30.0,18.740944918338013,2.522593550761932,Stasiun KRL Bekasi,Tier 3: Outer Commuter Ring (15-28km),0,0,0,0,0,0,0,0,0,0,0,0,-6.25251,106.983742,listing,0,https://picture.rumah123.com/r123-images/360x210-crop/customer/1881424/listing/apr7560468/enhanced/0e75509f9af086aca99ccccdf60a9285.jpg,"Disewakan Grand Kamala Lagoon - Bulanan Grand Kamala Lagoon menawarkan hunian yang nyaman, strategis, dan praktis untuk berbagai kebutuhan. Cocok b...",5244243.0,-1244243.0,-0.2708,23.7,-0.74,Fair Market Price,,Disewakan Appartement Grand Kamala Lagoon Bekasi Highzone,Grand Kamala Lagoon,exact
LST-00651,Pakuwon Residence Bekasi Tower Amor • Studio Full Furnished (30 m²),https://www.rumah123.com/properti/bekasi-bekasi-selatan/disewakan-apartemen-pakuwon-tower-amor-full-furnish-apr7764840/,Bekasi,Jawa Barat,Bekasi Selatan,"Bekasi Selatan, Bekasi",Apartemen,16500000.0,550000.0,daily,0,1,Studio / 1BR,30.0,18.8255498516288,1.2581585927972738,Stasiun KRL Bekasi,Tier 3: Outer Commuter Ring (15-28km),1,0,0,0,0,0,0,0,0,0,0,0,-6.23583,106.988121,listing,0,https://picture.rumah123.com/r123-images/360x210-crop/customer/1881424/6abcc09d9491ad41ac0e3e32a7f43a29.jpg,Disewakan Apartemen Pakuwon Bekasi - Studio Full Furnished | Siap Huni  Nikmati pengalaman tinggal yang nyaman di Apartemen Pakuwon Bekasi dengan u...,4421048.0,12078952.0,1.317,-273.2,3.62,Overpriced / Luxury Tag,,Disewakan Apartemen Pakuwon Tower Amor Full Furnish,Pakuwon Residence Bekasi,exact
LST-00652,Grand Kamala Lagoon • 1BR Full Furnished (30 m²),https://www.rumah123.com/properti/bekasi-bekasi-selatan/disewakan-apartemen-full-furnish-tipe-1-br-grand-kamala-lagoon-apr7763546/,Bekasi,Jawa Barat,Bekasi Selatan,"Bekasi Selatan, Bekasi",Apartemen,5000000.0,166666.66666666666,monthly,1,1,Studio / 1BR,30.0,18.8255498516288,1.2581585927972738,Stasiun KRL Bekasi,Tier 3: Outer Commuter Ring (15-28km),1,0,0,0,0,0,0,0,0,0,0,0,-6.23583,106.988121,listing,0,https://picture.rumah123.com/r123-images/360x210-crop/customer/1881424/listing/apr7763546/enhanced/107daaaa1546a3c7675e892ea1e1eb55.jpg,Disewakan Apartemen Grand Kamala Lagoon - 1 bedroom Full Furnished | Siap Huni  Nikmati kenyamanan tinggal di Apartemen Grand Kamala Lagoon Bekasi ...,6197038.0,-1197038.0,-0.2146,19.3,-0.59,Fair Market Price,,Disewakan Apartemen Full Furnish Tipe 1 Br Grand Kamala Lagoon,Grand Kamala Lagoon,exact
LST-00653,Grand Kamala Lagoon • 1BR Full Furnished (26 m²),https://www.rumah123.com/properti/bekasi-pekayon/disewakan-apartement-grand-kamala-lagoon-full-furnish-apr7595749/,Bekasi,Jawa Barat,Pekayon,"Pekayon, Bekasi",Apartemen,4000000.0,153846.15384615384,monthly,1,1,Studio / 1BR,26.0,18.740944918338013,2.522593550761932,Stasiun KRL Bekasi,Tier 3: Outer Commuter Ring (15-28km),1,0,0,0,0,0,0,0,0,0,0,0,-6.25251,106.983742,listing,0,https://picture.rumah123.com/r123-images/360x210-crop/customer/1881424/83368d0fa9beae108f5e997b8829ea6e.jpg,More info langsung cek unit saja dlu TERIMA TITIP KUNCI JUAL BELI SEWA PROPERTY SELURUH INDONESIA  langsung konekting dengan mall Siap  huni dan ga...,4406934.0,-406934.0,-0.0969,9.2,-0.27,Fair Market Price,,Disewakan Apartement Grand Kamala Lagoon Full Furnish,Grand Kamala Lagoon,exact
LST-00654,Primrose Condovilla • 3BR Full Furnished (98 m²),https://www.rumah123.com/properti/bekasi-summarecon-bekasi/for-rent-luxury-primrose-condovilla-3br1-apr7783326/,Bekasi,Jawa Barat,Summarecon Bekasi,"Summarecon Bekasi, Bekasi",Apartemen,10000000.0,102040.8163265306,yearly,3,2,3 Bedroom,98.0,20.1088230041982,1.1224371882548043,Stasiun KRL Bekasi,Tier 3: Outer Commuter Ring (15-28km),1,0,0,0,0,0,0,0,0,0,0,0,-6.226128,107.001076,listing,0,https://picture.rumah123.com/r123-images/360x210-crop/customer/1696493/ccf48c288298e4d2399f485de32e3f58.jpg,"low rise residential fully furnished. just bring your suitcase, ready to move in!  privacy is the main thing. designed with wide window openings to...",10261452.0,-261452.0,-0.0258,2.5,-0.07,Fair Market Price,,For Rent Luxury Primrose Condovilla 3Br+1,Primrose Condovilla,exact
LST-00655,The Springlake Summarecon • 3BR Furnished (49 m²),https://www.rumah123.com/properti/bekasi-summarecon-bekasi/di-sewakan-apartemen-3-br-di-sringlake-summarecon-bekasi-apr7822308/,Bekasi,Jawa Barat,Summarecon Bekasi,"Summarecon Bekasi, Bekasi",Apartemen,5000000.0,102040.8163265306,yearly,3,1,3 Bedroom,49.0,19.91030169194301,1.5363129496498835,Stasiun KRL Bekasi,Tier 3: Outer Commuter Ring (15-28km),0,0,0,0,0,0,0,0,0,0,0,0,-6.222284,106.999605,listing,0,https://picture.rumah123.com/r123-images/360x210-crop/customer/46500/a76f0b7ee7fbe84f16076910c78fe6e9.jpg,"Apartemen di Summarecon Bekasi.  Miliki apartemen 1 lantai yang modern ini,  disewakan menawarkan lingkungan fasilitas yang lengkap, cocok untuk An...",4459490.0,540510.0,0.1144,-12.1,0.31,Fair Market Price,,Di Sewakan Apartemen 3 BR di Sringlake Summarecon Bekasi,The Springlake Summarecon,fuzzy
LST-00656,Meikarta Cikarang Tower Marbella • 2BR Furnished (60 m²),https://www.rumah123.com/properti/bekasi-cikarang-selatan/apartemen-meikarta-tower-marbella-2br-siap-huni-di-cikarang-apr7822319/,Bekasi,Jawa Barat,Cikarang Selatan,"Cikarang Selatan, Bekasi",Apartemen,2083333.3333333333,34722.22222222222,yearly,2,1,2 Bedroom,60.0,39.624025115266846,20.44889854871144,Stasiun KRL Bekasi,Tier 4: Greater Satellite Periphery (>28km),0,0,0,0,0,0,0,0,0,0,0,0,-6.335844100000001,107.1549364,listing,0,https://picture.rumah123.com/r123-images/360x210-crop/customer/1457341/2e7bb01b597ade2bc9dab867ab8f11a1.jpg,"Hunian Praktis & Modern Apartemen ini menawarkan gaya hidup yang praktis dengan lingkungan yang terus berkembang. Cocok bagi Anda yang menginginka...",5205817.0,-3122483.666666667,-0.9158,60.0,-2.52,Deep Value Deal (Rare Find),deep,Apartemen Meikarta Tower Marbella 2Br Siap Huni di Cikarang,Meikarta Cikarang,exact
LST-00657,Unresolved • Summarecon Bekasi • 2BR Furnished (41 m²),https://www.rumah123.com/properti/bekasi-summarecon-bekasi/disewakanapartemensummarecon-bekasi-apr7822288/,Bekasi,Jawa Barat,Summarecon Bekasi,"Summarecon Bekasi, Bekasi",Apartemen,2916666.6666666665,71138.21138211382,yearly,2,1,2 Bedroom,41.0,20.08330870414361,0.3129293020460524,Stasiun KRL Bekasi,Tier 3: Outer Commuter Ring (15-28km),0,0,0,0,0,0,0,0,0,0,0,0,-6.23333,107.0,listing,0,https://picture.rumah123.com/r123-images/360x210-crop/customer/857909/28d52b320046729c867b6f36ee5d618e.jpg,"Apartemen ditower azolla.furnish,rapi bersih siap huni.lokasi sangat strategis",3846842.0,-930175.3333333336,-0.2768,24.2,-0.76,Good Deal (Undervalued),good,Disewakan.apartemen.summarecon Bekasi,,unresolved
LST-00658,Grand Kamala Lagoon • Studio Full Furnished (24 m²),https://www.rumah123.com/properti/bekasi-pekayon/for-rent-apartemen-grand-kamala-lagoon-studio-fully-furnished-apr7728721/,Bekasi,Jawa Barat,Pekayon,"Pekayon, Bekasi",Apartemen,5000000.0,208333.3333333333,monthly,1,1,Studio / 1BR,24.0,18.740944918338013,2.522593550761932,Stasiun KRL Bekasi,Tier 3: Outer Commuter Ring (15-28km),1,0,0,0,0,0,0,0,0,0,0,0,-6.25251,106.983742,listing,0,https://picture.rumah123.com/r123-images/360x210-crop/customer/4379802/listing/apr7728721/enhanced/aa56127f8a3a570c26ea56c0f88f167e.jpg,"Apartment Name: Grand Kamala Lagoon Location: Pekayon, Bekasi Selatan Tower / Floor / View: Barclay South / Middle Floor / City View Size: 24 m2 Be...",4908421.0,91579.0,0.0185,-1.9,0.05,Fair Market Price,,For Rent Apartemen Grand Kamala Lagoon - Studio Fully Furnished,Grand Kamala Lagoon,exact
LST-00659,Trivium Terrace Cikarang • 2BR Full Furnished (75 m²),https://www.rumah123.com/properti/bekasi-cikarang-selatan/disewakan-apartemen-trivium-terrace-75sqm-luas-dan-nyaman-apr3385314/,Bekasi,Jawa Barat,Cikarang Selatan,"Cikarang Selatan, Bekasi",Apartemen,12500000.0,166666.66666666666,yearly,2,2,2 Bedroom,75.0,43.06086733003063,23.73286208738612,Stasiun KRL Bekasi,Tier 4: Greater Satellite Periphery (>28km),1,0,0,0,0,0,1,0,0,0,0,0,-6.34254,107.18562,listing,0,https://picture.rumah123.com/r123-images/360x210-crop/customer/58361/2024-07-24-02-28-38-67426cf5-4ec5-438a-b77d-1f55196b5c3e.jpg,Disewakan Apartemen アパートの貸室 こんにちわ!  Name: Trivium Terrace Apartment  Condition: Full furnished  Facility: Swimming pool Fit...,8563017.0,3936983.0,0.3783,-46.0,1.04,Premium / High Price,,Disewakan Apartemen Trivium Terrace 75Sqm Luas dan Nyaman,Trivium Terrace Cikarang,exact
LST-00660,Meikarta Cikarang • 3BR Full Furnished (68 m²),https://www.rumah123.com/properti/bekasi-cikarang-selatan/apartemen-meikarta-full-furnish-siap-huni-nyaman-73902-rn-apr7814287/,Bekasi,Jawa Barat,Cikarang Selatan,"Cikarang Selatan, Bekasi",Apartemen,5000000.0,73529.41176470589,yearly,3,1,3 Bedroom,68.0,40.89606348182277,21.6657918533788,Stasiun KRL Bekasi,Tier 4: Greater Satellite Periphery (>28km),1,0,0,0,0,0,0,0,0,0,0,0,-6.338657507421871,107.16617266362027,listing,0,https://picture.rumah123.com/r123-images/360x210-crop/customer/53426/7dc9e3cf5cc6ed1ede3875c70982f94e.jpg,"**APARTEMEN MEIKARTA FULL FURNISH - SIAP HUNI, NYAMAN & LENGKAP**  Hadirkan kenyamanan tinggal di **Apartemen Meikarta** dengan unit **full furnish...",6129118.0,-1129118.0,-0.2036,18.4,-0.56,Fair Market Price,,"Apartemen Meikarta Full Furnish, Siap Huni & Nyaman 73902 Rn",Meikarta Cikarang,exact
LST-00661,Grand Kamala Lagoon • Studio Full Furnished (24 m²),https://www.rumah123.com/properti/bekasi-pekayon/for-rent-apartemen-grand-kamala-lagoon-studio-fully-furnished-apr7728723/,Bekasi,Jawa Barat,Pekayon,"Pekayon, Bekasi",Apartemen,4850000.0,202083.3333333333,monthly,1,1,Studio / 1BR,24.0,18.740944918338013,2.522593550761932,Stasiun KRL Bekasi,Tier 3: Outer Commuter Ring (15-28km),1,0,0,0,0,0,0,0,0,0,0,0,-6.25251,106.983742,listing,0,https://picture.rumah123.com/r123-images/360x210-crop/customer/4379802/listing/apr7728723/enhanced/5b692b7e6d01b3feee35499796b9b19f.jpg,"Apartment Name: Grand Kamala Lagoon Location: Pekayon, Bekasi Selatan Tower / Floor / View: Barclay South / Low Floor / City View Size: 24 m2 Bedro...",4671339.0,178661.0,0.0375,-3.8,0.1,Fair Market Price,,For Rent Apartemen Grand Kamala Lagoon - Studio Fully Furnished,Grand Kamala Lagoon,exact
LST-00662,Sentul Tower Apartment Tower 1 • 1BR Furnished (32 m²),https://www.rumah123.com/properti/bogor-sentul-city/disewakan-bulanan-apartemnt-sentul-tower-1-br-tower-a-apr7520457/,Bogor,Jawa Barat,Sentul City,"Sentul City, Bogor",Apartemen,6000000.0,187500.0,monthly,1,1,Studio / 1BR,32.0,42.40031528499605,0.7338428959882085,Stasiun KRL Bogor,Tier 4: Greater Satellite Periphery (>28km),0,0,0,0,0,0,0,0,0,0,0,0,-6.58917,106.793,listing,0,https://picture.rumah123.com/r123-images/360x210-crop/customer/1778978/9a091acdecec77baffdfed635bf732d8.jpg,Disewakan bulanan apartemnt sta tower a  lt 6 ukuran 32.5 1 br hrga 6 jt include bpl. bulanan.,4195694.0,1804306.0,0.3577,-43.0,0.98,Premium / High Price,,Disewakan Bulanan Apartemnt Sentul Tower 1 Br Tower A,Sentul Tower Apartment,fuzzy
LST-00663,Saffron Noble Sentul City • 1BR Full Furnished (52 m²),https://www.rumah123.com/properti/bogor-sentul-city/for-rent-1-bedroom-apartment-saffron-sentul-city-direct-access-aeon-mall-apr7824506/,Bogor,Jawa Barat,Sentul City,"Sentul City, Bogor",Apartemen,8333333.333333333,160256.41025641025,yearly,1,1,Studio / 1BR,52.0,33.0904601567149,11.959029205217876,Stasiun KRL Bogor,Tier 4: Greater Satellite Periphery (>28km),0,0,0,0,0,0,0,0,0,0,0,0,-6.50497,106.849213,listing,0,https://picture.rumah123.com/r123-images/360x210-crop/customer/2009700/2d05da1510edc36727d4eaa23b94677e.jpg,"Apartemen 12 lantai di Sentul City, Bogor.  For rent di wilayah yang tenang. Dengan spesifikasinya adalah sebagai berikut:   - Kamar Tidur: 1   - K...",7446670.0,886663.333333333,0.1125,-11.9,0.31,Fair Market Price,,For Rent 1 Bedroom Apartment Saffron Sentul City Direct Access Aeon Mall,Saffron Noble Sentul City,exact
LST-00664,Saffron Noble Sentul City • 2BR Full Furnished (66 m²),https://www.rumah123.com/properti/bogor-sentul-city/apartemen-saffron-noble-sentul-city-full-furnished-apr7845941/,Bogor,Jawa Barat,Sentul City,"Sentul City, Bogor",Apartemen,12500000.0,189393.9393939394,yearly,2,1,2 Bedroom,66.0,39.9154010556203,7.9775932950939135,Stasiun KRL Bogor,Tier 4: Greater Satellite Periphery (>28km),1,0,0,0,0,0,0,0,0,0,0,0,-6.565955785018133,106.85624791361522,listing,0,https://picture.rumah123.com/r123-images/360x210-crop/customer/4434111/c69aa3ea519010e1ee1a47f84690afa5.jpg,"Tinggal bawa koper! Hunian nyaman, full furnished, dan strategis tepat di kawasan premium Sentul City, Babakan Madang. Sangat cocok untuk profesion...",7127412.0,5372588.0,0.5618,-75.4,1.55,Overpriced / Luxury Tag,,Apartemen Saffron Noble Sentul City - Full Furnished,Saffron Noble Sentul City,exact
LST-00665,Sentul Tower Apartment • Studio Furnished (23 m²),https://www.rumah123.com/properti/bogor-sentul-city/di-sewa-kan-sentul-tower-apartemen-type-studio-apr2862019/,Bogor,Jawa Barat,Sentul City,"Sentul City, Bogor",Apartemen,4000000.0,173913.04347826086,monthly,1,1,Studio / 1BR,23.0,33.0904278134042,11.958848857665288,Stasiun KRL Bogor,Tier 4: Greater Satellite Periphery (>28km),0,0,0,0,0,1,0,0,0,0,0,0,-6.50497,106.84921,listing,0,https://picture.rumah123.com/r123-images/360x210-crop/customer/1781667/2024-01-16-03-35-45-dc8d9188-1aa3-4d56-a282-b784fc852cb0.jpg,"Tower A Lantai 6 Luas : 23 m Kamar Tidur : Studio (2 Tempat Tidur (King & Single) Kamar Mandi : 1 (Water Heater, Shower, Wastafel) View : Bukit Ham...",3368180.0,631820.0,0.1719,-18.8,0.47,Fair Market Price,,Di Sewa Kan : Sentul Tower Apartemen – Type Studio,Sentul Tower Apartment,fuzzy
LST-00666,Unresolved • Bogor Tengah • 2BR Furnished (40 m²),https://www.rumah123.com/properti/bogor-bogor-tengah/apartemen-podomoro-cimanggisbaruamannyamanmurah-2-kamar-tidur-furnished-bagus-apr7591269/,Bogor,Jawa Barat,Bogor Tengah,"Bogor Tengah, Bogor",Apartemen,3333333.333333333,83333.33333333334,yearly,2,1,2 Bedroom,40.0,42.40031528499605,0.7338428959882085,Stasiun KRL Bogor,Tier 4: Greater Satellite Periphery (>28km),0,0,0,0,0,0,0,0,0,0,0,0,-6.58917,106.793,listing,0,https://picture.rumah123.com/r123-images/360x210-crop/customer/920701/a50666e4faac4de7c191de49b016d257.jpg,"Apartemen baru dengan furnished baru belum pernah dipakai, cocok untuk keluarga muda, dekat dgn tol. cimanggis, dekat dgn tempat ibadah, suasana ny...",4278608.0,-945274.666666667,-0.2497,22.1,-0.69,Fair Market Price,,"Apartemen Podomoro Cimanggisbaru,Aman,Nyaman,Murah 2 Kamar Tidur Furnished Bagus",,unresolved
LST-00667,Sentul Tower Apartment Tower Untuk • 2BR Furnished (44 m²),https://www.rumah123.com/properti/bogor-sentul-city/disewakan-dan-dijual-cepat-apartmnt-sentul-tower-untuk-2br-tahunan-apr7309715/,Bogor,Jawa Barat,Sentul City,"Sentul City, Bogor",Apartemen,3750000.0,85227.27272727272,yearly,2,1,2 Bedroom,44.0,33.0904278134042,11.958848857665288,Stasiun KRL Bogor,Tier 4: Greater Satellite Periphery (>28km),0,0,0,0,0,0,0,0,0,0,0,0,-6.50497,106.84921,listing,0,https://picture.rumah123.com/r123-images/360x210-crop/customer/1778978/a636c98e8a26bfaf5cae6ec524c7da12.jpg,Disewakan dan dijual cepat apartmnt siap huni lt 44.5 mtr 2BR tower a lt 17 hrg 45 jt sthn. tdk disewakan bulanan atau harian furnished. dijual hrg...,5123289.0,-1373289.0,-0.312,26.8,-0.86,Good Deal (Undervalued),good,Disewakan dan Dijual Cepat Apartmnt Sentul Tower untuk 2Br Tahunan.,Sentul Tower Apartment,fuzzy
LST-00668,Unresolved • Sentul City • Studio Furnished (20 m²),https://www.rumah123.com/properti/bogor-sentul-city/apartemen-siap-huni-furnish-dekat-aeonmall-sentul-city-bogor-apr7561477/,Bogor,Jawa Barat,Sentul City,"Sentul City, Bogor",Apartemen,3500000.0,175000.0,monthly,0,1,Studio / 1BR,20.0,33.0904601567149,11.959029205217876,Stasiun KRL Bogor,Tier 4: Greater Satellite Periphery (>28km),0,0,0,0,0,0,0,0,0,0,0,0,-6.50497,106.849213,listing,0,https://picture.rumah123.com/r123-images/360x210-crop/customer/1160146/c29e6d83e2cbda4d01115214599e92a7.jpg,"Apartemen di Sentul City.  Miliki apartemen 2 lantai yang nyaman ini,  disewakan menawarkan lingkungan fasilitas yang lengkap, cocok untuk Anda yan...",3486973.0,13027.0,0.0037,-0.4,0.01,Fair Market Price,,Apartemen Siap Huni Furnish Dekat Aeonmall Sentul City Bogor,,unresolved
LST-00669,Unresolved • Sentul City • Studio Furnished (20 m²),https://www.rumah123.com/properti/bogor-sentul-city/apartment-siap-huni-view-gunung-pancar-sentul-city-bogor-apr7788228/,Bogor,Jawa Barat,Sentul City,"Sentul City, Bogor",Apartemen,3800000.0,190000.0,monthly,0,1,Studio / 1BR,20.0,33.0904601567149,11.959029205217876,Stasiun KRL Bogor,Tier 4: Greater Satellite Periphery (>28km),0,0,0,0,0,0,0,0,0,0,0,0,-6.50497,106.849213,listing,0,https://picture.rumah123.com/r123-images/360x210-crop/customer/1160146/a49fd6c36e0590057aad1431d89d61e4.jpg,"Kesempatan terbatas buat Anda dapatkan apartemen nyaman dengan return investasi tinggi di Sentul City, Bogor.  Apartemen ini menawarkan kelengkapan...",3403057.0,396943.0,0.1103,-11.7,0.3,Fair Market Price,,Apartment Siap Huni View Gunung Pancar Sentul City Bogor,,unresolved
LST-00670,Transpark Cibubur • 2BR Full Furnished (48 m²),https://www.rumah123.com/properti/bogor-cibubur/disewakan-apartemen-di-transpark-cibubur-apr7561839/,Bogor,Jawa Barat,Cibubur,"Cibubur, Bogor",Apartemen,6250000.0,130208.33333333331,yearly,2,1,2 Bedroom,48.0,18.36377962780643,8.982117676463927,Stasiun KRL Depok Baru,Tier 3: Outer Commuter Ring (15-28km),1,0,0,0,0,0,1,0,0,1,0,0,-6.35611,106.895111,listing,0,https://picture.rumah123.com/r123-images/360x210-crop/customer/4433398/67326cacc8ea06d7a4c416ac77078289.jpg,Disewakan Apartemen Mewah di Transpark Cibubur  Luas 48 M KT 2 KM 1 Lt 17 Balkon Fully Furnished Tower Borealis view 2 sisi (kolam renang & jalan) ...,5549817.0,700183.0,0.1188,-12.6,0.33,Fair Market Price,,Disewakan Apartemen di Transpark Cibubur,Transpark Cibubur,exact
LST-00671,Kemang Village • 2BR Furnished (95 m²),https://www.rumah123.com/properti/bogor-kemang/intercon-2br-kemang-village-residence-apr7730184/,Bogor,Jawa Barat,Kemang,"Kemang, Bogor",Apartemen,17000000.0,178947.36842105264,monthly,2,2,2 Bedroom,95.0,32.39601773107594,12.323704437620895,Stasiun KRL Bogor,Tier 4: Greater Satellite Periphery (>28km),0,0,0,0,0,0,0,0,0,1,0,0,-6.49177,106.750221,listing,0,https://picture.rumah123.com/r123-images/360x210-crop/customer/4453467/listing/apr7730184/enhanced/b21f1836c9301009b2e73b2942e904ef.jpg,Sewa intercon. Kemang Village.. Luas 95m2. 2 bedroom 2 bathroom Furnish. Balcony. Harga 17juta perbulan. Minimal sewa 12 bulan. Lantai 11,9557171.0,7442829.0,0.5759,-77.9,1.58,Overpriced / Luxury Tag,,Intercon 2Br @ Kemang Village Residence,Kemang Village,exact
LST-00672,Unresolved • Sentul City • 2BR Full Furnished (44 m²),https://www.rumah123.com/properti/bogor-sentul-city/apartemen-2-kamar-dengan-view-bukit-full-furnished-siap-hunidekat-mall-aeon-exit-tol-sentul-city-apr7764345/,Bogor,Jawa Barat,Sentul City,"Sentul City, Bogor",Apartemen,6000000.0,136363.63636363635,monthly,2,1,2 Bedroom,44.0,33.0904601567149,11.959029205217876,Stasiun KRL Bogor,Tier 4: Greater Satellite Periphery (>28km),1,0,0,0,0,0,0,0,0,0,0,0,-6.50497,106.849213,listing,0,https://picture.rumah123.com/r123-images/360x210-crop/customer/1826189/d4f858c369e30a9993cb1c3ed6bf65bc.jpg,Beberapa alasan Why to choose property in sentul city areas : - Investasi menjanjikan pertahun. - Sertifikat terjamin. - Exit tol Sentul City langs...,5911610.0,88390.0,0.0148,-1.5,0.04,Fair Market Price,,"Apartemen 2 Kamar dengan View Bukit. Full Furnished Siap Huni,Dekat Mall Aeon & Exit Tol Sentul City.",,unresolved
LST-00673,Unresolved • Sentul City • 1BR Furnished (33 m²),https://www.rumah123.com/properti/bogor-sentul-city/apartemen-bagus-bersih-siap-hunifurnsihed-dekat-mall-aeon-dan-exit-tol-sentul-city-apr7764327/,Bogor,Jawa Barat,Sentul City,"Sentul City, Bogor",Apartemen,4500000.0,136363.63636363635,monthly,1,1,Studio / 1BR,33.0,33.0904601567149,11.959029205217876,Stasiun KRL Bogor,Tier 4: Greater Satellite Periphery (>28km),0,0,0,0,0,0,0,0,0,0,0,0,-6.50497,106.849213,listing,0,https://picture.rumah123.com/r123-images/360x210-crop/customer/1826189/22b9c04bfaf371071333ab0207cd2a53.jpg,Beberapa alasan Why to choose property in sentul city areas : - Investasi menjanjikan pertahun. - Sertifikat terjamin. - Exit tol Sentul City langs...,6925997.0,-2425997.0,-0.4312,35.0,-1.19,Good Deal (Undervalued),good,"Apartemen Bagus Bersih Siap Huni,Furnsihed .Dekat Mall Aeon dan Exit Tol Sentul City",,unresolved
LST-00674,Unresolved • Sentul City • 1BR Furnished (26 m²),https://www.rumah123.com/properti/bogor-sentul-city/apartemen-bagus-bersih-terawatsiap-huni-dekat-mall-aeon-dan-pasar-bersih-exit-tol-sentul-city-apr7764308/,Bogor,Jawa Barat,Sentul City,"Sentul City, Bogor",Apartemen,4500000.0,173076.92307692306,monthly,1,1,Studio / 1BR,26.0,33.0904601567149,11.959029205217876,Stasiun KRL Bogor,Tier 4: Greater Satellite Periphery (>28km),0,0,0,0,0,0,0,0,0,0,0,0,-6.50497,106.849213,listing,0,https://picture.rumah123.com/r123-images/360x210-crop/customer/1826189/548f69b27fd51d10fb946c2268fbb8b9.jpg,Beberapa alasan Why to choose property in sentul city areas : - Investasi menjanjikan pertahun. - Sertifikat terjamin. - Exit tol Sentul City langs...,4272621.0,227379.0,0.0518,-5.3,0.14,Fair Market Price,,"Apartemen Bagus Bersih Terawat,Siap Huni Dekat Mall Aeon dan Pasar Bersih & Exit Tol Sentul City",,unresolved
LST-00675,Saffron Noble Sentul City • Studio Full Furnished (66 m²),https://www.rumah123.com/properti/bogor-sentul-city/disewakan-apart-saffron-dengan-view-gn-salak-apr7764501/,Bogor,Jawa Barat,Sentul City,"Sentul City, Bogor",Apartemen,10833333.333333334,164141.41414141416,yearly,0,0,Studio / 1BR,66.0,33.0904601567149,11.959029205217876,Stasiun KRL Bogor,Tier 4: Greater Satellite Periphery (>28km),0,0,0,0,0,0,0,0,0,0,0,0,-6.50497,106.849213,listing,0,https://picture.rumah123.com/r123-images/360x210-crop/customer/1485278/7c161572399efd3eabe6e486ac054504.jpg,"Apartemen  DiSentul City saffron, Akses Jalan Tol Sendiri,Didepan Ada Fasilitas,Pasar Ahpoong,Mall Belanova,IKEA,Aeon Mall,Pombensin,Trisakti,Insti...",9658194.0,1175139.333333334,0.1148,-12.2,0.32,Fair Market Price,,Disewakan Apart Saffron dengan View Gn Salak,Saffron Noble Sentul City,exact
LST-00676,Saffron Noble Sentul City • Studio Full Furnished (34 m²),https://www.rumah123.com/properti/bogor-sentul-city/saffron-akses-aeon-sentul-city-tipe-studio-ff-lantai-25-view-gunung-apr7744063/,Bogor,Jawa Barat,Sentul City,"Sentul City, Bogor",Apartemen,5000000.0,147058.82352941178,yearly,1,1,Studio / 1BR,34.0,40.06143510614541,8.081025712611405,Stasiun KRL Bogor,Tier 4: Greater Satellite Periphery (>28km),0,0,0,0,0,0,0,0,0,0,0,0,-6.5671199861,106.8577750886,listing,0,https://picture.rumah123.com/r123-images/360x210-crop/customer/989349/listing/apr7744063/enhanced/edee523234817668b0520835ff1c9293.jpg,Video di IG YT Tiktk wisjnuagenproperti  Disewakan Apartemen Studio Saffron Sentul City - Lantai 25  Hunian modern di pusat Sentul City dengan pema...,6407796.0,-1407796.0,-0.2481,22.0,-0.68,Fair Market Price,,Saffron Akses Aeon Sentul City Tipe Studio Ff Lantai 25 View Gunung,Saffron Noble Sentul City,exact
LST-00677,Saffron Noble Sentul City • 1BR Full Furnished (34 m²),https://www.rumah123.com/properti/bogor-sentul-city/apartemen-saffron-sentul-city-full-furnished-bagus-dan-terawardekat-mall-aeon-apr7734293/,Bogor,Jawa Barat,Sentul City,"Sentul City, Bogor",Apartemen,7000000.0,205882.35294117648,monthly,1,1,Studio / 1BR,34.0,33.0904601567149,11.959029205217876,Stasiun KRL Bogor,Tier 4: Greater Satellite Periphery (>28km),1,0,0,0,0,0,0,0,0,0,0,0,-6.50497,106.849213,listing,0,https://picture.rumah123.com/r123-images/360x210-crop/customer/1826189/listing/apr7734293/enhanced/8a2392026cb5c0fdfeb308b7467e2c6b.jpg,Beberapa alasan Why to choose property in sentul city areas : - Investasi menjanjikan pertahun. - Sertifikat terjamin. - Exit tol Sentul City langs...,7376230.0,-376230.0,-0.0524,5.1,-0.14,Fair Market Price,,"Apartemen Saffron Sentul City Full Furnished ,Bagus dan Terawar.dekat Mall Aeon .",Saffron Noble Sentul City,exact
LST-00678,Sentul Tower Apartment Tower Sentul • 1BR Furnished (23 m²),https://www.rumah123.com/properti/bogor-sentul-city/disewa-apartment-bulanan-di-sta-sentul-tower-sentul-city-ssr1108-apr7728103/,Bogor,Jawa Barat,Sentul City,"Sentul City, Bogor",Apartemen,3200000.0,139130.4347826087,monthly,1,1,Studio / 1BR,23.0,33.0904601567149,11.959029205217876,Stasiun KRL Bogor,Tier 4: Greater Satellite Periphery (>28km),0,0,0,0,0,0,0,0,0,0,0,0,-6.50497,106.849213,listing,0,https://picture.rumah123.com/r123-images/360x210-crop/customer/1265432/listing/apr7728103/enhanced/5e789d3b3a34a3312afa393304961d79.jpg,"Disewa Apartment di Sta Sentul Tower sentul, bogor. lokasi sangat   strategis karena sangat dengan aeon mall sentul, pasar bersih, pasar ah   poong...",3995978.0,-795978.0,-0.2221,19.9,-0.61,Fair Market Price,,Disewa Apartment Bulanan di Sta Sentul Tower Sentul City Ssr1108,Sentul Tower Apartment,exact
LST-00679,Saffron Noble Sentul City • 1BR Full Furnished (34 m²),https://www.rumah123.com/properti/bogor-sentul-city/sewa-apartemen-bogor-mewah-bulanan-saffron-noble-sentul-city-apr7699687/,Bogor,Jawa Barat,Sentul City,"Sentul City, Bogor",Apartemen,8500000.0,250000.0,monthly,1,1,Studio / 1BR,34.0,40.06143510614541,8.081025712611405,Stasiun KRL Bogor,Tier 4: Greater Satellite Periphery (>28km),1,0,0,0,0,0,0,0,0,0,0,0,-6.5671199861,106.8577750886,listing,0,https://picture.rumah123.com/r123-images/360x210-crop/customer/1023993/listing/apr7699687/enhanced/3c91b2e603ad23bf935fec168d258ef5.jpg,"**Disewakan Bulanan Apartemen Saffron Noble Sentul City - Fully Furnished, Siap Huni!**   Sedang mencari hunian premium, nyaman, dan strategis di k...",6092125.0,2407875.0,0.3331,-39.5,0.92,Premium / High Price,,Sewa Apartemen Bogor Mewah Bulanan: Saffron Noble Sentul City,Saffron Noble Sentul City,exact
LST-00680,Saffron Noble Sentul City • 1BR Full Furnished (34 m²),https://www.rumah123.com/properti/bogor-sentul-city/rekomendasi-sewa-apartemen-bogor-bulanan-saffron-noble-premium-suite-apr7699679/,Bogor,Jawa Barat,Sentul City,"Sentul City, Bogor",Apartemen,7500000.0,220588.23529411765,monthly,1,1,Studio / 1BR,34.0,40.06143510614541,8.081025712611405,Stasiun KRL Bogor,Tier 4: Greater Satellite Periphery (>28km),1,0,0,0,0,0,0,0,0,0,0,0,-6.5671199861,106.8577750886,listing,0,https://picture.rumah123.com/r123-images/360x210-crop/customer/1023993/listing/apr7699679/enhanced/82fd0815de34689fcdc63c6f2860c980.jpg,"**Disewakan Bulanan Apartemen Saffron Noble Sentul City - Fully Furnished, Siap Huni!**   Sedang mencari hunian premium, nyaman, dan strategis di k...",6401074.0,1098926.0,0.1584,-17.2,0.44,Fair Market Price,,Rekomendasi Sewa Apartemen Bogor Bulanan: Saffron Noble Premium Suite,Saffron Noble Sentul City,exact
LST-00681,Sentul Tower Apartment Tower Apartement • 2BR Full Furnished (60 m²),https://www.rumah123.com/properti/bogor-sentul-city/disewakan-apartement-tipe-2-bedroom-di-sentul-tower-apartement-tower-b-apr7540126/,Bogor,Jawa Barat,Sentul City,"Sentul City, Bogor",Apartemen,4583333.333333333,76388.88888888889,yearly,2,2,2 Bedroom,60.0,42.40031528499605,0.7338428959882085,Stasiun KRL Bogor,Tier 4: Greater Satellite Periphery (>28km),1,0,0,0,0,0,0,0,0,0,0,0,-6.58917,106.793,listing,0,https://picture.rumah123.com/r123-images/360x210-crop/customer/2067121/b0b914662c7f19a9340140894563b6a3.jpg,Di sewakan apartement two bedroom Full furnish view bukit hambalang di sentul city,7541498.0,-2958164.666666667,-0.498,39.2,-1.37,Good Deal (Undervalued),good,Disewakan Apartement Tipe 2 Bedroom di Sentul Tower Apartement Tower B,Sentul Tower Apartment,fuzzy
LST-00682,Podomoro Golf View • Studio Semi Furnished (21 m²),https://www.rumah123.com/properti/bogor-cibinong/apartemen-podomoro-golf-view-studio-for-rent-apr2642390/,Bogor,Jawa Barat,Cibinong,"Cibinong, Bogor",Apartemen,1250000.0,59523.80952380953,yearly,1,1,Studio / 1BR,21.0,29.9733352871099,10.071720945801948,Stasiun KRL Depok Baru,Tier 4: Greater Satellite Periphery (>28km),0,1,0,0,0,0,0,0,0,0,0,0,-6.47636,106.85295,listing,0,https://picture.rumah123.com/r123-images/360x210-crop/customer/1660459/2022-06-17-13-19-44-8e2d9264-2d2d-42f7-b7c3-b71105cc7233.jpg,"disewakan dalam keadaan kosong, bila ingin diisi bisa dikondisikan minimal sewa harus 2 tahun untuk semi furnished",2710927.0,-1460927.0,-0.7741,53.9,-2.13,Deep Value Deal (Rare Find),deep,Apartemen Podomoro Golf View studio for rent,Podomoro Golf View,exact
LST-00683,Sentul Tower Apartment • 1BR Furnished (30 m²),https://www.rumah123.com/properti/bogor-sentul-city/disewakan-sentul-tower-apartemen-sentul-city-minimal-3-bulan-tahunan-sentul-city-apr7308686/,Bogor,Jawa Barat,Sentul City,"Sentul City, Bogor",Apartemen,7500000.0,250000.0,monthly,1,1,Studio / 1BR,30.0,33.0904601567149,11.959029205217876,Stasiun KRL Bogor,Tier 4: Greater Satellite Periphery (>28km),0,0,0,0,0,0,0,0,0,0,0,0,-6.50497,106.849213,listing,0,https://picture.rumah123.com/r123-images/360x210-crop/customer/1023993/ee9b1447082515eb8c9c5c259747ed53.jpg,"Kesempatan terbatas buat Anda dapatkan apartemen strategis dengan return investasi tinggi di Sentul City, Bogor.  Apartemen ini menawarkan lokasi y...",4674012.0,2825988.0,0.4729,-60.5,1.3,Premium / High Price,,Disewakan Sentul Tower Apartemen Sentul City Minimal 3 Bulan & Tahunan - Sentul City,Sentul Tower Apartment,fuzzy
LST-00684,Sentul Tower Apartment Tower 1 • 1BR Furnished (36 m²),https://www.rumah123.com/properti/bogor-sentul-city/apertemen-sentul-tower-1-bad-4-menit-dari-exsit-tol-apr7525725/,Bogor,Jawa Barat,Sentul City,"Sentul City, Bogor",Apartemen,4500000.0,125000.0,monthly,1,1,Studio / 1BR,36.0,33.0904601567149,11.959029205217876,Stasiun KRL Bogor,Tier 4: Greater Satellite Periphery (>28km),0,0,0,0,0,0,0,0,0,0,0,0,-6.50497,106.849213,listing,0,https://picture.rumah123.com/r123-images/360x210-crop/customer/1710793/805bd24db2c32b43ca5885826443efc7.jpg,"Apartemen 2 lantai di Sentul City, Bogor.  Disewakan di wilayah yang asri. Dengan spesifikasinya adalah sebagai berikut:   - Kamar Tidur: 1   - Kam...",6628497.0,-2128497.0,-0.3873,32.1,-1.07,Good Deal (Undervalued),good,Apertemen Sentul Tower 1 Bad 4 Menit Dari Exsit Tol,Sentul Tower Apartment,fuzzy
LST-00685,Sentul Tower Apartment • 2BR Furnished (44 m²),https://www.rumah123.com/properti/bogor-sentul-city/disewakan-apartemen-2br-di-sentul-tower-apartemen-sentul-city-apr7278133/,Bogor,Jawa Barat,Sentul City,"Sentul City, Bogor",Apartemen,8500000.0,193181.81818181812,monthly,2,1,2 Bedroom,44.0,39.9356817577078,8.42674765196873,Stasiun KRL Bogor,Tier 4: Greater Satellite Periphery (>28km),0,0,0,0,0,0,0,0,0,0,0,0,-6.5656810002,106.860561,listing,0,https://picture.rumah123.com/r123-images/360x210-crop/customer/1023993/706ffaea1beacbeb3ba3eee6e5a7aa72.jpg,"Disewakan Apartemen 2BR di Sentul Tower, Sentul City Disewakan unit apartemen dengan 2 kamar tidur di Sentul Tower, kawasan strategis Sentul City. ...",4950988.0,3549012.0,0.5405,-71.7,1.49,Premium / High Price,,Disewakan apartemen 2BR di sentul tower apartemen sentul city,Sentul Tower Apartment,fuzzy
LST-00686,Sentul Tower Apartment • Studio Furnished (24 m²),https://www.rumah123.com/properti/bogor-sentul-city/apartemen-furnished-view-gunung-sentul-tower-apartment-apr7505482/,Bogor,Jawa Barat,Sentul City,"Sentul City, Bogor",Apartemen,5000000.0,208333.3333333333,monthly,0,1,Studio / 1BR,24.0,33.0904601567149,11.959029205217876,Stasiun KRL Bogor,Tier 4: Greater Satellite Periphery (>28km),0,0,0,0,0,0,0,0,0,0,0,0,-6.50497,106.849213,listing,0,https://picture.rumah123.com/r123-images/360x210-crop/customer/4348613/6424111c34a1b599a7d10b92c6e6009e.jpg,"Apartemen di Sentul City.  Miliki apartemen 1 lantai yang asri ini,  disewakan menghadirkan lingkungan fasilitas yang lengkap, cocok untuk Anda yan...",4026289.0,973711.0,0.2166,-24.2,0.6,Fair Market Price,,Apartemen Furnished View Gunung Sentul Tower Apartment,Sentul Tower Apartment,fuzzy
LST-00687,Sentul Tower Apartment Tower 4 • 1BR Furnished (24 m²),https://www.rumah123.com/properti/bogor-sentul-city/sewa-apartemen-sentu-tower-4-menit-ke-exsit-tol-apr7505472/,Bogor,Jawa Barat,Sentul City,"Sentul City, Bogor",Apartemen,4500000.0,187500.0,monthly,1,1,Studio / 1BR,24.0,33.0904601567149,11.959029205217876,Stasiun KRL Bogor,Tier 4: Greater Satellite Periphery (>28km),0,0,0,0,0,0,0,0,0,0,0,0,-6.50497,106.849213,listing,0,https://picture.rumah123.com/r123-images/360x210-crop/customer/1710793/5bd2993e3bbfadfa371b0cb6429cccab.jpg,"Apartemen di Sentul City.  Dapatkan apartemen 1 lantai yang modern ini,  disewakan menawarkan lingkungan fasilitas yang lengkap, cocok untuk Anda y...",4378032.0,121968.0,0.0275,-2.8,0.08,Fair Market Price,,Sewa Apartemen Sentu Tower 4 Menit Ke Exsit Tol,Sentul Tower Apartment,fuzzy
LST-00688,Unresolved • Sentul City • Studio Furnished (20 m²),https://www.rumah123.com/properti/bogor-sentul-city/disewakan-bulanan-apartemen-type-studio-di-sentul-city-apr3576049/,Bogor,Jawa Barat,Sentul City,"Sentul City, Bogor",Apartemen,4200000.0,210000.0,monthly,1,1,Studio / 1BR,20.0,39.78291435035368,8.467354734600464,Stasiun KRL Bogor,Tier 4: Greater Satellite Periphery (>28km),0,0,0,0,0,0,1,0,0,0,0,0,-6.564320050986868,106.86036798950197,listing,0,https://picture.rumah123.com/r123-images/360x210-crop/customer/1023993/a9ee85f4bc68372de20f6762bf7c152a.jpg,"Disewakan Bulanan Sentul Tower Apartemen Tower B Lantai 9 Nomer 26 Luas 20,2 m2 View Kolam Renang Details TYPE	 : STUDIO Status	 : Disewakan Bulana...",3089534.0,1110466.0,0.3071,-35.9,0.84,Premium / High Price,,Disewakan Bulanan Apartemen Type Studio Di Sentul City,,unresolved
LST-00689,Unresolved • Sentul City • 2BR Furnished (52 m²),https://www.rumah123.com/properti/bogor-sentul-city/disewakan-apartemn-2-kamar-view-gunung-salak-apr7482108/,Bogor,Jawa Barat,Sentul City,"Sentul City, Bogor",Apartemen,7500000.0,144230.76923076922,yearly,2,1,2 Bedroom,52.0,33.0904601567149,11.959029205217876,Stasiun KRL Bogor,Tier 4: Greater Satellite Periphery (>28km),0,0,0,0,0,0,0,0,0,0,0,0,-6.50497,106.849213,listing,0,https://picture.rumah123.com/r123-images/360x210-crop/customer/1485278/3e387ed8aa4479acd813db572c020839.jpg,"Apartemen DiSentul City , Akses Jalan Tol Sendiri,Didepan Ada Fasilitas,Pasar Ahpoong,Mall Belanova,IKEA,Aeon Mall,Pombensin,Trisakti,Institute Taz...",6412805.0,1087195.0,0.1566,-17.0,0.43,Fair Market Price,,Disewakan Apartemn 2 Kamar View Gunung Salak,,unresolved
LST-00690,Unresolved • Sentul City • Studio Furnished (34 m²),https://www.rumah123.com/properti/bogor-sentul-city/disewakan-bulanan-apartemen-apr7482107/,Bogor,Jawa Barat,Sentul City,"Sentul City, Bogor",Apartemen,7500000.0,220588.23529411765,monthly,0,1,Studio / 1BR,34.0,33.0904601567149,11.959029205217876,Stasiun KRL Bogor,Tier 4: Greater Satellite Periphery (>28km),0,0,0,0,0,0,0,0,0,0,0,0,-6.50497,106.849213,listing,0,https://picture.rumah123.com/r123-images/360x210-crop/customer/1485278/03de087c32036942267ecbff541854b0.jpg,"Apartemen safron  DiSentul City , Akses Jalan Tol Sendiri,Didepan Ada Fasilitas,Pasar Ahpoong,Mall Belanova,IKEA,Aeon Mall,Pombensin,Trisakti,Insti...",7216979.0,283021.0,0.0385,-3.9,0.11,Fair Market Price,,Disewakan Bulanan Apartemen,,unresolved
LST-00691,Unresolved • Sentul City • Studio Furnished (23 m²),https://www.rumah123.com/properti/bogor-sentul-city/disewakan-apartmt-sta-type-studio-furnished-tahunan-apr7805390/,Bogor,Jawa Barat,Sentul City,"Sentul City, Bogor",Apartemen,4583333.333333333,199275.36231884052,yearly,0,1,Studio / 1BR,23.0,42.40031528499605,0.7338428959882085,Stasiun KRL Bogor,Tier 4: Greater Satellite Periphery (>28km),0,0,0,0,0,0,0,0,0,0,0,0,-6.58917,106.793,listing,0,https://picture.rumah123.com/r123-images/360x210-crop/customer/1778978/2ba67da5223b0457ae81c36a2bf72e64.jpg,Disewakan apartment type studio lb 23 furnished hrg 55 jt sthn. tower A  lt 5 no 53,3793365.0,789968.333333333,0.1892,-20.8,0.52,Fair Market Price,,Disewakan Apartmt Sta Type Studio Furnished Tahunan,,unresolved
LST-00692,Unresolved • Sentul City • Studio Furnished (23 m²),https://www.rumah123.com/properti/bogor-sentul-city/apartment-view-bukit-hambalang-dekat-aeon-mall-sentul-city-apr7805015/,Bogor,Jawa Barat,Sentul City,"Sentul City, Bogor",Apartemen,3333333.333333333,144927.53623188406,yearly,0,0,Studio / 1BR,23.0,33.0904601567149,11.959029205217876,Stasiun KRL Bogor,Tier 4: Greater Satellite Periphery (>28km),0,0,0,0,0,0,0,0,0,0,0,0,-6.50497,106.849213,listing,0,https://picture.rumah123.com/r123-images/360x210-crop/customer/685196/088ae6aae800f5b920dbece4045d7fa5.jpg,"Apartemen 5 lantai di Sentul City, Bogor.  Disewakan di wilayah yang tenang. Dengan spesifikasinya adalah sebagai berikut:   - Sertifikat: -   - Ko...",3970494.0,-637160.666666667,-0.1749,16.0,-0.48,Fair Market Price,,Apartment View Bukit Hambalang Dekat Aeon Mall Sentul City,,unresolved
LST-00693,Unresolved • Sentul City • Studio Furnished (52 m²),https://www.rumah123.com/properti/bogor-sentul-city/apartment-terhubung-dengan-aeon-mall-sentul-city-apr7804984/,Bogor,Jawa Barat,Sentul City,"Sentul City, Bogor",Apartemen,11000000.0,211538.4615384616,monthly,0,0,Studio / 1BR,52.0,33.0904601567149,11.959029205217876,Stasiun KRL Bogor,Tier 4: Greater Satellite Periphery (>28km),0,0,0,0,0,0,0,0,0,0,0,0,-6.50497,106.849213,listing,0,https://picture.rumah123.com/r123-images/360x210-crop/customer/685196/da142c935cb78db25a7f1e7d011d4afc.jpg,"Apartemen di Sentul City, Bogor.  For rent di wilayah yang asri. Dengan rinciannya adalah sebagai berikut:   - Sertifikat: -   - Kondisi Perabotan:...",7200855.0,3799145.0,0.4237,-52.8,1.17,Premium / High Price,,Apartment Terhubung dengan Aeon Mall Sentul City,,unresolved
LST-00694,Unresolved • Sentul City • 2BR Furnished (52 m²),https://www.rumah123.com/properti/bogor-sentul-city/apartment-furnished-nyaman-dekat-aeon-mall-sentul-city-apr7773312/,Bogor,Jawa Barat,Sentul City,"Sentul City, Bogor",Apartemen,5833333.333333333,112179.48717948716,yearly,2,1,2 Bedroom,52.0,33.0904601567149,11.959029205217876,Stasiun KRL Bogor,Tier 4: Greater Satellite Periphery (>28km),0,0,0,0,0,0,0,0,0,0,0,0,-6.50497,106.849213,listing,0,https://picture.rumah123.com/r123-images/360x210-crop/customer/685196/08f354da3ecabe9e67edbf4eb38d8a75.jpg,"Kesempatan terbatas buat Anda dapatkan apartemen strategis dengan return investasi tinggi di Sentul City, Bogor.  Apartemen ini menawarkan kelengka...",6581677.0,-748343.666666667,-0.1207,11.4,-0.33,Fair Market Price,,Apartment Furnished Nyaman Dekat Aeon Mall Sentul City,,unresolved
LST-00695,Unresolved • Sentul City • 1BR Furnished (30 m²),https://www.rumah123.com/properti/bogor-sentul-city/apartemen-dekat-aeon-mall-54-menit-dari-exsit-tol-apr7328419/,Bogor,Jawa Barat,Sentul City,"Sentul City, Bogor",Apartemen,4500000.0,150000.0,monthly,1,1,Studio / 1BR,30.0,33.0904601567149,11.959029205217876,Stasiun KRL Bogor,Tier 4: Greater Satellite Periphery (>28km),0,0,0,0,0,0,0,0,0,0,0,0,-6.50497,106.849213,listing,0,https://picture.rumah123.com/r123-images/360x210-crop/customer/1710793/1843dbb53e12b58e4194fe3ae11aaabf.jpg,"Apartemen di Sentul City, Bogor.  For rent di wilayah yang asri. Dengan kategorinya adalah sebagai berikut:   - Kamar Tidur: 1   - Kamar Mandi: 1  ...",4910213.0,-410213.0,-0.0872,8.4,-0.24,Fair Market Price,,Apartemen Dekat Aeon Mall 54 Menit Dari Exsit Tol,,unresolved
LST-00696,Unresolved • Bogor Tengah • 2BR Furnished (69 m²),https://www.rumah123.com/properti/bogor-bogor-tengah/furnish-bagus-yang-lengkapapartemen-kota-bogor-dengan-fasilitas-hotel-apr7753462/,Bogor,Jawa Barat,Bogor Tengah,"Bogor Tengah, Bogor",Apartemen,7500000.0,108695.65217391304,monthly,2,1,2 Bedroom,69.0,40.32481416667005,2.8154023166709976,Stasiun KRL Bogor,Tier 4: Greater Satellite Periphery (>28km),0,0,0,0,0,0,0,0,0,0,0,0,-6.57002,106.787628,listing,0,https://picture.rumah123.com/r123-images/360x210-crop/customer/4488940/listing/apr7753462/enhanced/2559a1b559b34ea5d62644f999f4c143.jpg,"Apartemen 8 lantai di Bogor Tengah, Bogor.  Disewakan di wilayah yang asri. Dengan rinciannya adalah sebagai berikut:   - Kamar Tidur: 2   - Kamar ...",7246118.0,253882.0,0.0344,-3.5,0.09,Fair Market Price,,Furnish Bagus yang Lengkap.apartemen Kota Bogor dengan Fasilitas Hotel,,unresolved
LST-00697,Saffron Noble Sentul City • 1BR Full Furnished (52 m²),https://www.rumah123.com/properti/bogor-sentul-city/saffron-lantai-25-tipe-1br-furnished-murah-furniture-akan-dilengkapi-apr7743671/,Bogor,Jawa Barat,Sentul City,"Sentul City, Bogor",Apartemen,6666666.666666667,128205.12820512822,yearly,1,1,Studio / 1BR,52.0,40.06143510614541,8.081025712611405,Stasiun KRL Bogor,Tier 4: Greater Satellite Periphery (>28km),0,0,0,0,0,0,0,0,0,0,0,0,-6.5671199861,106.8577750886,listing,0,https://picture.rumah123.com/r123-images/360x210-crop/customer/989349/listing/apr7743671/enhanced/edee523234817668b0520835ff1c9293.jpg,"Video ada di IG YT Tiktk wisjnuagenproperti  Foto sementara hanya furniture bawaan pengembang, nanti dilengkapi pemilik sekitar 1 bulan  Disewakan ...",7445183.0,-778516.333333333,-0.1104,10.5,-0.3,Fair Market Price,,Termurah Saffron Lantai 25 Tipe 1Br Furnished Murah Furniture Akan Dilengkapi,Saffron Noble Sentul City,exact
LST-00698,Sentul Tower Apartment • Studio Furnished (23 m²),https://www.rumah123.com/properti/bogor-babakan-madang/di-sewa-kan-sentul-tower-apartemen-type-studio-apr7553403/,Bogor,Jawa Barat,Babakan Madang,"Babakan Madang, Bogor",Apartemen,4000000.0,173913.04347826086,monthly,1,1,Studio / 1BR,23.0,38.84994285741975,10.52701171155033,Stasiun KRL Bogor,Tier 4: Greater Satellite Periphery (>28km),0,0,0,0,0,1,0,0,0,0,0,0,-6.55373,106.875969,listing,0,https://picture.rumah123.com/r123-images/360x210-crop/customer/1781667/c7211ea90c2e8c2673190a814bc0cdfb.jpg,"Tower A Lantai 6 Luas : 23 m Kamar Tidur : Studio (2 Tempat Tidur (King & Single) Kamar Mandi : 1 (Water Heater, Shower, Wastafel) View : Bukit Ham...",3677391.0,322609.0,0.0841,-8.8,0.23,Fair Market Price,,Di Sewa Kan : Sentul Tower Apartemen - Type Studio,Sentul Tower Apartment,fuzzy
LST-00699,Unresolved • Sentul • Studio Furnished (20 m²),https://www.rumah123.com/properti/bogor-sentul/apartement-siap-huni-furnish-dekat-aeonmall-sentul-city-bogor-apr7553255/,Bogor,Jawa Barat,Sentul,"Sentul, Bogor",Apartemen,3500000.0,175000.0,monthly,0,1,Studio / 1BR,20.0,33.0904601567149,11.959029205217876,Stasiun KRL Bogor,Tier 4: Greater Satellite Periphery (>28km),0,0,0,0,0,0,0,0,0,0,0,0,-6.50497,106.849213,listing,0,https://picture.rumah123.com/r123-images/360x210-crop/customer/1160146/28a04234c170b7c746dffbe319c30179.jpg,"Apartemen 2 lantai di Sentul, Bogor.  For rent di wilayah yang nyaman. Dengan spesifikasinya adalah sebagai berikut:   - Kamar Mandi: 1   - Sertifi...",3342448.0,157552.0,0.0461,-4.7,0.13,Fair Market Price,,Apartement Siap Huni Furnish Dekat Aeonmall Sentul City Bogor,,unresolved
LST-00700,Unresolved • Sentul City • 1BR Furnished (20 m²),https://www.rumah123.com/properti/bogor-sentul-city/apartemen-siap-huni-dekat-aeon-mall-sentul-city-bogor-apr7553083/,Bogor,Jawa Barat,Sentul City,"Sentul City, Bogor",Apartemen,4000000.0,200000.0,monthly,1,1,Studio / 1BR,20.0,33.0904601567149,11.959029205217876,Stasiun KRL Bogor,Tier 4: Greater Satellite Periphery (>28km),0,0,0,0,0,0,0,0,0,0,0,0,-6.50497,106.849213,listing,0,https://picture.rumah123.com/r123-images/360x210-crop/customer/789270/ff86f52faeb3878b2a597360b34d53c5.jpg,"Kesempatan terbatas buat Anda dapatkan apartemen nyaman Sentul City, Bogor.  Apartemen ini menawarkan kelengkapan fasilitas serta memiliki nilai te...",3547987.0,452013.0,0.1199,-12.7,0.33,Fair Market Price,,"Apartemen Siap Huni Dekat Aeon Mall Sentul City, Bogor",,unresolved
LST-00701,Saffron Noble Sentul City • Studio Full Furnished (34 m²),https://www.rumah123.com/properti/bogor-sentul-city/disewakan-apartemen-saffron-dengan-view-bukit-hambalang-apr7531507/,Bogor,Jawa Barat,Sentul City,"Sentul City, Bogor",Apartemen,8000000.0,235294.11764705885,monthly,0,0,Studio / 1BR,34.0,33.0904601567149,11.959029205217876,Stasiun KRL Bogor,Tier 4: Greater Satellite Periphery (>28km),0,0,0,0,0,0,0,0,0,0,0,0,-6.50497,106.849213,listing,0,https://picture.rumah123.com/r123-images/360x210-crop/customer/1485278/888230680a8c254ddc90e211482358cf.jpg,"Apartemen DiSentul City  Akses Jalan Tol Sendiri,Didepan Ada Fasilitas,Pasar Ahpoong,Mall Belanova,IKEA,Aeon Mall,Pombensin,Trisakti,Institute Tazk...",6987254.0,1012746.0,0.1354,-14.5,0.37,Fair Market Price,,Disewakan Apartemen Saffron dengan View Bukit Hambalang,Saffron Noble Sentul City,exact
LST-00702,Unresolved • Sentul City • 1BR Furnished (30 m²),https://www.rumah123.com/properti/bogor-sentul-city/apartement-1-bad-4-menit-ke-exsit-tol-sentul-city-apr7525099/,Bogor,Jawa Barat,Sentul City,"Sentul City, Bogor",Apartemen,4200000.0,140000.0,monthly,1,1,Studio / 1BR,30.0,33.0904601567149,11.959029205217876,Stasiun KRL Bogor,Tier 4: Greater Satellite Periphery (>28km),0,0,0,0,0,0,0,0,0,0,0,0,-6.50497,106.849213,listing,0,https://picture.rumah123.com/r123-images/360x210-crop/customer/1710793/cbeb4a94e5da166c88d5c0f9b9cd0e75.jpg,"Kesempatan terbatas buat Anda dapatkan apartemen strategis dengan return investasi tinggi di Sentul City, Bogor.  Apartemen ini menawarkan kelengka...",5250532.0,-1050532.0,-0.2232,20.0,-0.61,Fair Market Price,,Apartement 1 Bad 4 Menit ke Exsit Tol Sentul City,,unresolved
LST-00703,Unresolved • Sentul City • 2BR Furnished (44 m²),https://www.rumah123.com/properti/bogor-sentul-city/2-kamar-tidur-dengan-view-taman-kota-apr7350289/,Bogor,Jawa Barat,Sentul City,"Sentul City, Bogor",Apartemen,5000000.0,113636.36363636365,monthly,2,1,2 Bedroom,44.0,33.0904601567149,11.959029205217876,Stasiun KRL Bogor,Tier 4: Greater Satellite Periphery (>28km),0,0,0,0,0,0,0,0,0,0,0,0,-6.50497,106.849213,listing,0,https://picture.rumah123.com/r123-images/360x210-crop/customer/4348613/bbe0682cb5ec9980d1402d173a1cee21.jpg,"Apartemen di Sentul City, Bogor.  Disewakan di wilayah yang tenang. Dengan rinciannya adalah sebagai berikut:   - Kamar Tidur: 2   - Kamar Mandi: 1...",5677171.0,-677171.0,-0.127,11.9,-0.35,Fair Market Price,, 2 Kamar Tidur Dengan View Taman Kota ,,unresolved
LST-00704,Unresolved • Sentul City • 2BR Furnished (40 m²),https://www.rumah123.com/properti/bogor-sentul-city/2-kamar-tidur-nyaman-dekat-dengan-pasilitas-umum-apr7380422/,Bogor,Jawa Barat,Sentul City,"Sentul City, Bogor",Apartemen,5000000.0,125000.0,monthly,2,1,2 Bedroom,40.0,33.0904601567149,11.959029205217876,Stasiun KRL Bogor,Tier 4: Greater Satellite Periphery (>28km),0,0,0,0,0,0,0,0,0,0,0,0,-6.50497,106.849213,listing,0,https://picture.rumah123.com/r123-images/360x210-crop/customer/4348613/33eb224f19bcb0213cf745090662136f.jpg,"Apartemen di Sentul City, Bogor.  For rent di wilayah yang asri. Dengan kategorinya adalah sebagai berikut:   - Kamar Tidur: 2   - Kamar Mandi: 1  ...",4765747.0,234253.0,0.048,-4.9,0.13,Fair Market Price,,2 Kamar Tidur Nyaman Dekat Dengan Pasilitas Umum,,unresolved
LST-00705,Unresolved • Sentul City • 1BR Full Furnished (50 m²),https://www.rumah123.com/properti/bogor-sentul-city/apartemen-cantik-siap-huni-fully-furnished-di-sentul-city-apr7294483/,Bogor,Jawa Barat,Sentul City,"Sentul City, Bogor",Apartemen,6000000.0,120000.0,monthly,1,1,Studio / 1BR,50.0,33.0904278134042,11.958848857665288,Stasiun KRL Bogor,Tier 4: Greater Satellite Periphery (>28km),1,0,0,0,0,0,0,0,0,0,0,0,-6.50497,106.84921,listing,0,https://picture.rumah123.com/r123-images/360x210-crop/customer/4348613/d1934d2f1d425079c976bc4d2c775ffe.jpg,"Apartemen 19 lantai di Sentul City, Bogor.  For rent di wilayah yang nyaman. Dengan kategorinya adalah sebagai berikut:   - Kamar Tidur: 1   - Kama...",6085490.0,-85490.0,-0.0141,1.4,-0.04,Fair Market Price,,Apartemen Cantik Siap Huni Fully Furnished di Sentul City,,unresolved
LST-00706,Unresolved • Sentul City • Studio Furnished (34 m²),https://www.rumah123.com/properti/bogor-sentul-city/apartemen-brand-new-fully-furnished-apr7754346/,Bogor,Jawa Barat,Sentul City,"Sentul City, Bogor",Apartemen,5000000.0,147058.82352941178,yearly,0,1,Studio / 1BR,34.0,33.0904601567149,11.959029205217876,Stasiun KRL Bogor,Tier 4: Greater Satellite Periphery (>28km),0,0,0,0,0,0,0,0,0,0,0,0,-6.50497,106.849213,listing,0,https://picture.rumah123.com/r123-images/360x210-crop/customer/230496/listing/apr7754346/enhanced/a396a7352828ad30d86fdcda189e6250.jpg,"Apartemen di Sentul City.  Cek segera apartemen 25 lantai yang asri ini,  disewakan menawarkan lingkungan fasilitas yang lengkap, cocok untuk Anda ...",7108537.0,-2108537.0,-0.3519,29.7,-0.97,Good Deal (Undervalued),good,"Brand New,New Furnished",,unresolved
LST-00707,Sentul Tower Apartment • 1BR Furnished (20 m²),https://www.rumah123.com/properti/bogor-sentul-city/sentul-tower-apartemen-belakang-aeon-mall-apr7797074/,Bogor,Jawa Barat,Sentul City,"Sentul City, Bogor",Apartemen,4500000.0,225000.0,monthly,1,1,Studio / 1BR,20.0,33.0904601567149,11.959029205217876,Stasiun KRL Bogor,Tier 4: Greater Satellite Periphery (>28km),0,0,0,0,0,0,0,0,0,0,0,0,-6.50497,106.849213,listing,0,https://picture.rumah123.com/r123-images/360x210-crop/customer/1710793/24c099fcbbf0286a44f4d784fd71b2be.jpg,"Apartemen di Sentul City.  Cek segera apartemen 2 lantai yang modern ini,  disewakan menawarkan lingkungan fasilitas yang lengkap, cocok untuk Anda...",3482740.0,1017260.0,0.2563,-29.2,0.7,Fair Market Price,,Sentul Tower Apartemen Belakang Aeon Mall,Sentul Tower Apartment,fuzzy
LST-00708,Unresolved • Sentul City • Studio Furnished (36 m²),https://www.rumah123.com/properti/bogor-sentul-city/disewakan-apartemen-hadap-hambalang-dilengkapi-dengan-furnish-apr7789297/,Bogor,Jawa Barat,Sentul City,"Sentul City, Bogor",Apartemen,8000000.0,222222.22222222225,monthly,0,0,Studio / 1BR,36.0,33.0904601567149,11.959029205217876,Stasiun KRL Bogor,Tier 4: Greater Satellite Periphery (>28km),0,0,0,0,0,0,0,0,0,0,0,0,-6.50497,106.849213,listing,0,https://picture.rumah123.com/r123-images/360x210-crop/customer/1485278/c11082c696fe0df5d092c7e25b24364a.jpg,"Apartemen  DiSentul City di saffron, Akses Jalan Tol Sendiri,Didepan Ada Fasilitas,Pasar Ahpoong,Mall Belanova,IKEA,Aeon Mall,Pombensin,Trisakti,In...",6299606.0,1700394.0,0.239,-27.0,0.66,Fair Market Price,,Disewakan Apartemen Hadap Hambalang Dilengkapi dengan Furnish,,unresolved
LST-00709,Saffron Noble Sentul City • Studio Full Furnished (54 m²),https://www.rumah123.com/properti/bogor-sentul-city/cantik-full-furnish-view-gunung-dan-kota-di-safron-nobel-aparmen-apr7788857/,Bogor,Jawa Barat,Sentul City,"Sentul City, Bogor",Apartemen,8500000.0,157407.40740740742,monthly,0,1,Studio / 1BR,54.0,33.0904601567149,11.959029205217876,Stasiun KRL Bogor,Tier 4: Greater Satellite Periphery (>28km),1,0,0,0,0,0,0,0,0,0,0,0,-6.50497,106.849213,listing,0,https://picture.rumah123.com/r123-images/360x210-crop/customer/4348613/60ecff839e8d4b62e02cc73826a107ef.jpg,"Kesempatan terbatas buat Anda dapatkan apartemen strategis dengan return investasi tinggi di Sentul City, Bogor.  Apartemen ini menawarkan kelengka...",8171354.0,328646.0,0.0394,-4.0,0.11,Fair Market Price,,Dekat Akses Tol Full Furnish View Gunung dan Kota di Safron,Saffron Noble Sentul City,exact
LST-00710,Podomoro Golf View • 2BR Full Furnished (45 m²),https://www.rumah123.com/properti/bogor-gunung-putri/sewa-apartemen-podomoro-golf-full-furnished-murah-45-jt-saja-apr7788595/,Bogor,Jawa Barat,Gunung Putri,"Gunung Putri, Bogor",Apartemen,3750000.0,83333.33333333333,yearly,2,1,2 Bedroom,45.0,27.81618161533624,9.82465965988774,Stasiun KRL Depok Baru,Tier 3: Outer Commuter Ring (15-28km),1,0,0,0,0,0,0,0,0,0,0,0,-6.44944,106.888763,listing,0,https://picture.rumah123.com/r123-images/360x210-crop/customer/4406066/9fe5f7594efad3edcbaf8901441730e4.jpg,Disewakan apartemen di Podomoro Golf View   2 bedroom  Full furnished  Harga sewa 45 JT  Deposit 5 JT   IPL bayar per 3 bulan Rp 1.296.000,5431290.0,-1681290.0,-0.3704,31.0,-1.02,Good Deal (Undervalued),good,Sewa Apartemen Podomoro Golf Full Furnished Murah 45 Jt Saja,Podomoro Golf View,exact
LST-00711,Unresolved • Sentul City • Studio Furnished (36 m²),https://www.rumah123.com/properti/bogor-sentul-city/apartement-studio-direct-aeon-mall-dekat-exit-tol-view-pegunungan-sentul-city-bogor-apr7760402/,Bogor,Jawa Barat,Sentul City,"Sentul City, Bogor",Apartemen,7500000.0,208333.3333333333,monthly,1,1,Studio / 1BR,36.0,33.0904601567149,11.959029205217876,Stasiun KRL Bogor,Tier 4: Greater Satellite Periphery (>28km),0,0,0,0,0,0,0,0,0,0,0,0,-6.50497,106.849213,listing,0,https://picture.rumah123.com/r123-images/360x210-crop/customer/1656514/1026d9ac2d16509791bdf1820eae98d6.jpg,"Apartemen di Sentul City.  Miliki apartemen 9 lantai yang modern ini,  disewakan menawarkan lingkungan fasilitas yang lengkap, cocok untuk Anda yan...",6334338.0,1165662.0,0.1689,-18.4,0.46,Fair Market Price,,Apartement Studio Direct Aeon Mall Dekat Exit Tol View Pegunungan Sentul City Bogor,,unresolved
LST-00712,Unresolved • Sentul City • Studio Furnished (20 m²),https://www.rumah123.com/properti/bogor-sentul-city/apartement-tipe-studio-2-menit-dari-aeon-mall-dan-dekat-exit-tol-sentul-city-bogor-apr7760390/,Bogor,Jawa Barat,Sentul City,"Sentul City, Bogor",Apartemen,3800000.0,190000.0,monthly,1,1,Studio / 1BR,20.0,33.0904601567149,11.959029205217876,Stasiun KRL Bogor,Tier 4: Greater Satellite Periphery (>28km),0,0,0,0,0,0,0,0,0,0,0,0,-6.50497,106.849213,listing,0,https://picture.rumah123.com/r123-images/360x210-crop/customer/1656514/eda7f53a6b2417f74344484ce953a47b.jpg,"Apartemen di Sentul City.  Temukan apartemen 15 lantai yang asri ini,  disewakan menawarkan lingkungan fasilitas yang lengkap, cocok untuk Anda yan...",3618080.0,181920.0,0.0491,-5.0,0.14,Fair Market Price,,Apartement Tipe Studio 2 Menit Dari Aeon Mall dan Dekat Exit Tol Sentul City Bogor,,unresolved
LST-00713,Unresolved • Sentul City Pool View • 1BR Furnished (26 m²),https://www.rumah123.com/properti/bogor-sentul-city/apartemen-siap-huni-bagus-sekali-view-kolam-renang-sentul-city-bogor-apr7749703/,Bogor,Jawa Barat,Sentul City,"Sentul City, Bogor",Apartemen,4000000.0,153846.15384615384,monthly,1,1,Studio / 1BR,26.0,33.0904601567149,11.959029205217876,Stasiun KRL Bogor,Tier 4: Greater Satellite Periphery (>28km),0,0,0,0,0,0,1,0,0,0,0,0,-6.50497,106.849213,listing,0,https://picture.rumah123.com/r123-images/360x210-crop/customer/789270/listing/apr7749703/enhanced/61907713f5db0675dc7f0f06abdd235e.jpg,"Kesempatan terbatas buat Anda dapatkan apartemen strategis dengan return investasi tinggi di Sentul City, Bogor.  Apartemen ini menawarkan lokasi y...",4173844.0,-173844.0,-0.0425,4.2,-0.12,Fair Market Price,,Apartemen Siap Huni Bagus Sekali View Kolam Renang Sentul City Bogor,,unresolved
LST-00714,Saffron Noble Sentul City • Studio Full Furnished (34 m²),https://www.rumah123.com/properti/bogor-sentul-city/disewakan-apartemen-saffron-dilengkapi-dengan-furnish-bisa-sewa-6-bln-apr7575209/,Bogor,Jawa Barat,Sentul City,"Sentul City, Bogor",Apartemen,6250000.0,183823.5294117647,yearly,0,1,Studio / 1BR,34.0,33.0904601567149,11.959029205217876,Stasiun KRL Bogor,Tier 4: Greater Satellite Periphery (>28km),0,0,0,0,0,0,0,0,0,0,0,0,-6.50497,106.849213,listing,0,https://picture.rumah123.com/r123-images/360x210-crop/customer/1485278/a8123b5e629399ec108af4bfce868b6f.jpg,"Apartemen DiSentul City , Akses Jalan Tol Sendiri,Didepan Ada Fasilitas,Pasar Ahpoong,Mall Belanova,IKEA,Aeon Mall,Pombensin,Trisakti,Institute Taz...",6710929.0,-460929.0,-0.0712,6.9,-0.2,Fair Market Price,,Disewakan Apartemen Saffron Dilengkapi dengan Furnish bisa Sewa 6 Bln,Saffron Noble Sentul City,exact
LST-00715,Saffron Noble Sentul City • 1BR Full Furnished (52 m²),https://www.rumah123.com/properti/bogor-sentul-city/disewakan-apar-saffron-dilengkapi-dengan-furnish-apr7566375/,Bogor,Jawa Barat,Sentul City,"Sentul City, Bogor",Apartemen,9000000.0,173076.92307692306,monthly,1,1,Studio / 1BR,52.0,33.0904601567149,11.959029205217876,Stasiun KRL Bogor,Tier 4: Greater Satellite Periphery (>28km),0,0,0,0,0,0,0,0,0,0,0,0,-6.50497,106.849213,listing,0,https://picture.rumah123.com/r123-images/360x210-crop/customer/1485278/9732e100bec7747b1e9ddf9f11486c8b.jpg,"Apartemen  DiSentul City Akses Jalan Tol Sendiri,Didepan Ada Fasilitas,Pasar Ahpoong,Mall Belanova,IKEA,Aeon Mall,Pombensin,Trisakti,Institute Tazk...",7614526.0,1385474.0,0.1672,-18.2,0.46,Fair Market Price,,Disewakan Apar Saffron Dilengkapi dengan Furnish,Saffron Noble Sentul City,exact
LST-00716,Saffron Noble Sentul City • Studio Full Furnished (36 m²),https://www.rumah123.com/properti/bogor-sentul-city/disewakan-apartemn-saffron-connec-aeon-mall-apr7560473/,Bogor,Jawa Barat,Sentul City,"Sentul City, Bogor",Apartemen,7083333.333333333,196759.25925925924,yearly,0,1,Studio / 1BR,36.0,33.0904601567149,11.959029205217876,Stasiun KRL Bogor,Tier 4: Greater Satellite Periphery (>28km),0,0,0,0,0,0,0,0,0,0,0,0,-6.50497,106.849213,listing,0,https://picture.rumah123.com/r123-images/360x210-crop/customer/1485278/26b951400c5c39e005db2c8a43a442e6.jpg,"Apartemn DiSentul City di saffron, Akses Jalan Tol Sendiri,Didepan Ada Fasilitas,Pasar Ahpoong,Mall Belanova,IKEA,Aeon Mall,Pombensin,Trisakti,Inst...",6440541.0,642792.333333333,0.0951,-10.0,0.26,Fair Market Price,,Disewakan Apartemn Saffron Connec Aeon Mall,Saffron Noble Sentul City,exact
LST-00717,Saffron Noble Sentul City • Studio Full Furnished (34 m²),https://www.rumah123.com/properti/bogor-sentul-city/disewakan-apartemen-saffron-conec-ke-aeon-mall-apr7538863/,Bogor,Jawa Barat,Sentul City,"Sentul City, Bogor",Apartemen,6666666.666666667,196078.43137254904,yearly,0,1,Studio / 1BR,34.0,33.0904601567149,11.959029205217876,Stasiun KRL Bogor,Tier 4: Greater Satellite Periphery (>28km),0,0,0,0,0,0,0,0,0,0,0,0,-6.50497,106.849213,listing,0,https://picture.rumah123.com/r123-images/360x210-crop/customer/1485278/b67454e55dbad72263456267e0b0e710.jpg,"Apartrmen DiSentul City di saffron, Akses Jalan Tol Sendiri,Didepan Ada Fasilitas,Pasar Ahpoong,Mall Belanova,IKEA,Aeon Mall,Pombensin,Trisakti,Ins...",6894625.0,-227958.33333333305,-0.0336,3.3,-0.09,Fair Market Price,,Disewakan Apartemen Saffron Conec ke Aeon Mall,Saffron Noble Sentul City,exact
LST-00718,Sentul Tower Apartment • 1BR Furnished (20 m²),https://www.rumah123.com/properti/bogor-sentul-city/disewa-tahun-furnis-sta-sentul-tower-apartment-sentul-city-ssr410-apr7471100/,Bogor,Jawa Barat,Sentul City,"Sentul City, Bogor",Apartemen,2083333.3333333333,104166.66666666666,yearly,1,1,Studio / 1BR,20.0,33.0904601567149,11.959029205217876,Stasiun KRL Bogor,Tier 4: Greater Satellite Periphery (>28km),0,0,0,0,0,0,0,0,0,0,0,0,-6.50497,106.849213,listing,0,https://picture.rumah123.com/r123-images/360x210-crop/customer/1265432/e62e7730a191eb8fcd9367291ee05db6.jpg,"disewa apartment di sentul tower apartement, sentul  city, Bogor. lokasi sangat strategis karena sangat dengan aeon mall  sentul, pasar bersih, pas...",3765431.0,-1682097.6666666667,-0.5919,44.7,-1.63,Deep Value Deal (Rare Find),deep,Disewa Tahun Furnis Sta Sentul Tower Apartment Sentul City Ssr410,Sentul Tower Apartment,exact
LST-00719,Unresolved • Sentul City • 1BR Furnished (46 m²),https://www.rumah123.com/properti/bogor-sentul-city/apartemen-1-kamar-tidur-furnished-bagus-view-gunung-apr7463800/,Bogor,Jawa Barat,Sentul City,"Sentul City, Bogor",Apartemen,8500000.0,184782.60869565216,monthly,1,1,Studio / 1BR,46.0,33.0904601567149,11.959029205217876,Stasiun KRL Bogor,Tier 4: Greater Satellite Periphery (>28km),0,0,0,0,0,0,0,0,0,0,0,0,-6.50497,106.849213,listing,0,https://picture.rumah123.com/r123-images/360x210-crop/customer/4348613/87f1b5cf890a23ae558166e37901ac74.jpg,"Apartemen 32 lantai di Sentul City, Bogor.  For rent di wilayah yang tenang. Dengan rinciannya adalah sebagai berikut:   - Kamar Tidur: 1   - Kamar...",6389425.0,2110575.0,0.2854,-33.0,0.78,Premium / High Price,,Apartemen 1 Kamar Tidur Furnished Bagus View Gunung,,unresolved
LST-00720,Unresolved • Sentul City • Studio Furnished (44 m²),https://www.rumah123.com/properti/bogor-sentul-city/disewakan-apar-2-br-bisa-bulanan-dan-tahunan-apr7457486/,Bogor,Jawa Barat,Sentul City,"Sentul City, Bogor",Apartemen,5000000.0,113636.36363636365,yearly,0,0,Studio / 1BR,44.0,33.0904601567149,11.959029205217876,Stasiun KRL Bogor,Tier 4: Greater Satellite Periphery (>28km),0,0,0,0,0,0,0,0,0,0,0,0,-6.50497,106.849213,listing,0,https://picture.rumah123.com/r123-images/360x210-crop/customer/1485278/ce2ea1bd35b64cf3075e8fa3d95b0a95.jpg,"Apartemen DiSentul CityAkses Jalan Tol Sendiri,Didepan Ada Fasilitas,Pasar Ahpoong,Mall Belanova,IKEA,Aeon Mall,Pombensin,Trisakti,Institute Tazkia...",7406695.0,-2406695.0,-0.3929,32.5,-1.08,Good Deal (Undervalued),good,Disewakan Apar 2 Br Bisa Bulanan Dan Tahunan,,unresolved
LST-00721,Unresolved • Sentul City • 1BR Furnished (30 m²),https://www.rumah123.com/properti/bogor-sentul-city/apartemen-1-kamar-tidur-furnished-dengan-view-yang-indah-apr7340482/,Bogor,Jawa Barat,Sentul City,"Sentul City, Bogor",Apartemen,4000000.0,133333.33333333334,monthly,1,1,Studio / 1BR,30.0,33.0904601567149,11.959029205217876,Stasiun KRL Bogor,Tier 4: Greater Satellite Periphery (>28km),0,0,0,0,0,0,0,0,0,0,0,0,-6.50497,106.849213,listing,0,https://picture.rumah123.com/r123-images/360x210-crop/customer/4348613/621880c30b03d521714dff4c188dcb50.jpg,"Apartemen di Sentul City, Bogor.  For rent di wilayah yang tenang. Dengan kategorinya adalah sebagai berikut:   - Kamar Tidur: 1   - Kamar Mandi: 1...",5054332.0,-1054332.0,-0.234,20.9,-0.64,Fair Market Price,,Apartemen 1 Kamar Tidur Furnished Dengan View Yang Indah,,unresolved
LST-00722,Podomoro Golf View • 2BR Furnished (33 m²),https://www.rumah123.com/properti/bogor-gunung-putri/1-unit-apartemen-di-podomoro-golf-view-gunung-putri-bogor-apr7769367/,Bogor,Jawa Barat,Gunung Putri,"Gunung Putri, Bogor",Apartemen,2916666.6666666665,88383.83838383837,yearly,2,1,2 Bedroom,33.0,25.83449008197546,9.038394519130996,Stasiun KRL Depok Baru,Tier 3: Outer Commuter Ring (15-28km),0,0,0,0,0,0,0,0,0,0,0,0,-6.429099400000001,106.8942604,listing,0,https://picture.rumah123.com/r123-images/360x210-crop/customer/2151158/f894a5fc68e50ad7b019be5ea024961b.jpg,Disewakan 1 Apartemen Di Podomoro Golf View Gunung Putri Bogor  Luas Bangunan : 33 m2 Kamar Tidur : 2 Kamar Mandi : 1  Untuk informasi selanjutnya ...,3645022.0,-728355.3333333335,-0.2229,20.0,-0.61,Fair Market Price,,Disewakan 1 Unit Apartemen di Podomoro Golf View Gunung Putri Bogor,Podomoro Golf View,exact
LST-00723,Podomoro Golf View Tower Ekki • Studio Full Furnished (22 m²),https://www.rumah123.com/properti/bogor-cibubur/apartment-podomoro-golf-view-type-studio-fully-furnished-lantai-12-tower-ekki-apr7720605/,Bogor,Jawa Barat,Cibubur,"Cibubur, Bogor",Apartemen,3333333.333333333,151515.15151515152,yearly,1,1,Studio / 1BR,22.0,42.40031528499605,0.7338428959882085,Stasiun KRL Bogor,Tier 4: Greater Satellite Periphery (>28km),1,0,0,0,0,0,0,0,0,0,0,0,-6.58917,106.793,listing,0,https://picture.rumah123.com/r123-images/360x210-crop/customer/710757/listing/apr7720605/enhanced/e88ab077d3b145183ba2e06347bb8884.jpg,Disewakan Apartemen Podomoro Golf View  Type Studio Brand New | Tower EKKI Luas 22 m2 Listrik 1300 w Lantai 12 Fully Furnished  More Info Bellen Hw...,4027310.0,-693976.666666667,-0.1891,17.2,-0.52,Fair Market Price,,Apartment Podomoro Golf View Type Studio Fully Furnished Lantai 12 Tower Ekki,Podomoro Golf View,exact
LST-00724,Unresolved • Sentul City • 1BR Full Furnished (34 m²),https://www.rumah123.com/properti/bogor-sentul-city/apartemen-full-furnished-siap-huni-lantai-19-dekat-aeon-mall-sentul-city-bogor-apr7694944/,Bogor,Jawa Barat,Sentul City,"Sentul City, Bogor",Apartemen,8000000.0,235294.11764705885,monthly,1,1,Studio / 1BR,34.0,33.0904601567149,11.959029205217876,Stasiun KRL Bogor,Tier 4: Greater Satellite Periphery (>28km),1,0,0,0,0,0,0,0,0,0,0,0,-6.50497,106.849213,listing,0,https://picture.rumah123.com/r123-images/360x210-crop/customer/789270/listing/apr7694944/enhanced/4f358f69f45f55ba92c48c8d83843c43.jpg,Disewakan Apartemen Saffron Sentul City* Studio Full Furnished 36 m² - Lantai 19 No. 32   View City & Pegunungan - Siap Huni  ✨ Tersedia sewa Ha...,7765262.0,234738.0,0.0298,-3.0,0.08,Fair Market Price,,", Apartemen Full Furnished Siap Huni Lantai 19 Dekat Aeon Mall Sentul City Bogor",,unresolved
LST-00725,Saffron Noble Sentul City • Studio Full Furnished (34 m²),https://www.rumah123.com/properti/bogor-sentul-city/bebas-banjir-apartemen-ppjb-dekat-sekolah-negeri-dekat-akses-tol-apr7666749/,Bogor,Jawa Barat,Sentul City,"Sentul City, Bogor",Apartemen,6250000.0,183823.5294117647,yearly,1,1,Studio / 1BR,34.0,39.93568174665861,8.426747656300684,Stasiun KRL Bogor,Tier 4: Greater Satellite Periphery (>28km),1,0,0,0,0,0,0,0,1,0,0,0,-6.5656810001,106.860561,listing,0,https://picture.rumah123.com/r123-images/360x210-crop/customer/815135/listing/apr7666749/enhanced/93942ecf03923e34c5de11a4ad6d5717.png,"Apartement Saffron - Sentul City  LT: 34,5 LB: 34,5 100 m dari toll Sirkuit Sentul /Jagorawi Terhubung dengan jalur LRT Jakarta- Bogor. Koneksi lan...",4266176.0,1983824.0,0.3819,-46.5,1.05,Premium / High Price,,Apartemen Studio Sweet Full Furnished di Saffron Sentul .,Saffron Noble Sentul City,exact
LST-00726,Unresolved • Sentul City • Studio Full Furnished (30 m²),https://www.rumah123.com/properti/bogor-sentul-city/apartement-cantik-type-studio-full-furnish-view-kota-dan-pegunungan-di-sentul-city-apr7679136/,Bogor,Jawa Barat,Sentul City,"Sentul City, Bogor",Apartemen,4500000.0,150000.0,monthly,0,1,Studio / 1BR,30.0,33.0904601567149,11.959029205217876,Stasiun KRL Bogor,Tier 4: Greater Satellite Periphery (>28km),1,0,0,0,0,0,0,0,0,0,0,0,-6.50497,106.849213,listing,0,https://picture.rumah123.com/r123-images/360x210-crop/customer/4348613/listing/apr7679136/enhanced/986d317869c4491364aca491b10edca6.jpg,"Apartemen di Sentul City.  Miliki apartemen 17 lantai yang asri ini,  disewakan menghadirkan lingkungan fasilitas yang lengkap, cocok untuk Anda ya...",5629666.0,-1129666.0,-0.224,20.1,-0.62,Fair Market Price,,Apartement Cantik Type Studio Full Furnish View Kota dan Pegunungan di Sentul City,,unresolved
LST-00727,Podomoro Golf View • 1BR Furnished (22 m²),https://www.rumah123.com/properti/bogor-gunung-putri/apartemen-view-cantik-di-podomoro-golf-view-cimanggis-bogor-jawa-barat-apr7671597/,Bogor,Jawa Barat,Gunung Putri,"Gunung Putri, Bogor",Apartemen,2500000.0,113636.36363636365,yearly,1,1,Studio / 1BR,22.0,26.81807484853354,9.366803650252075,Stasiun KRL Depok Baru,Tier 3: Outer Commuter Ring (15-28km),0,0,0,0,0,0,0,0,0,0,0,0,-6.4392697000000005,106.8915117,subdistrict_centroid,1,https://picture.rumah123.com/r123-images/360x210-crop/customer/1327022/e66d42213b7b84afc7049a1f498ba726.jpg,"Apartemen View Cantik di Podomoro Golf View, Cimanggis, Bogor, Jawa Barat. Apartemen View Cantik di Podomoro Golf View, Cimanggis, Bogor, Jawa Bara...",2955655.0,-455655.0,-0.1674,15.4,-0.46,Fair Market Price,,"Apartemen View Cantik di Podomoro Golf View, Cimanggis, Bogor, Jawa Barat.",Podomoro Golf View,exact
LST-00728,Podomoro Golf View • 2BR Furnished (36 m²),https://www.rumah123.com/properti/bogor-gunung-putri/apartment-view-cantik-di-podomoro-golf-view-bogor-jawa-barat-apr7648345/,Bogor,Jawa Barat,Gunung Putri,"Gunung Putri, Bogor",Apartemen,4166666.6666666665,115740.74074074072,yearly,2,1,2 Bedroom,36.0,26.81807484853354,9.366803650252075,Stasiun KRL Depok Baru,Tier 3: Outer Commuter Ring (15-28km),0,0,0,0,0,0,0,0,0,0,0,0,-6.4392697000000005,106.8915117,subdistrict_centroid,1,https://picture.rumah123.com/r123-images/360x210-crop/customer/1327022/ceb08e20aa87746cdfa0ea72f70e6d02.jpg,"Apartment View Cantik di Podomoro Golf View, Bogor, Jawa Barat. Apartment View Cantik di Podomoro Golf View, Bogor, Jawa Barat.  Pemandangan hijau ...",3742880.0,423786.6666666665,0.1073,-11.3,0.3,Fair Market Price,,"Apartment View Cantik di Podomoro Golf View, Bogor, Jawa Barat.",Podomoro Golf View,exact
LST-00729,Unresolved • Cilandak • 2BR Furnished (71 m²),https://www.99.co/id/properti/apartemen-disewa-180jt-cilandak-cp-1013729828,Jakarta Selatan,DKI Jakarta,Cilandak,"Cilandak, Jakarta Selatan",Apartemen,15000000.0,211267.60563380283,yearly,2,2,2 Bedroom,71.0,3.254280331308916,1.811162103330921,Stasiun MRT Blok M,Tier 1: Core Urban Center (<7km),0,0,0,0,0,0,0,0,1,0,0,0,-6.23713,106.81261235774218,city_centroid,1,,"Sewa apartemen murah di Cilandak, Jakarta Selatan, Jakarta Selatan.

Memiliki 2 kamar tidur, 2 kamar mandi, dan luas 71m2.
Harga sewa: Rp 180 Juta/ Tahun.
Jadwalkan survei sekarang.




	------------------------------------------------------------

	Disewakan Apartemen 3 BR Modern di Lokasi Terbaik  di Jl. TB Simatupang dan Jl. RS Fatmawati Raya, dekat Jl. Antasari Raya, MRT Fatmawati, Tol JORR, Cilandak Town Square CITOS.

Harga Sewa : Rp 180 juta / tahun ( exclude service charge )
Luas unit",15932564.0,-932564.0,-0.0603,5.9,-0.17,Fair Market Price,,"Disewakan Segera Apartemen Strategis 2 KT, 2 KM di Kawasan Cilandak",,unresolved
LST-00730,Unresolved • Jakarta Selatan • 2BR Full Furnished (170 m²),https://www.99.co/id/properti/apartemen-disewa-48jt-pakubuwono-cp-1015087888,Jakarta Selatan,DKI Jakarta,Jakarta Selatan,Jakarta Selatan,Apartemen,4000000.0,23529.41176470588,yearly,2,2,2 Bedroom,170.0,4.495704375652768,1.735608814106994,Stasiun MRT Blok M,Tier 1: Core Urban Center (<7km),1,0,0,0,0,0,0,0,0,0,0,0,-6.2328071,106.7872756,listing,0,,"FOR RENT ONLY. Hunian ekonomis di Pakubuwono, Jakarta Selatan.
Apartemen dengan 2 kamar tidur & 2 kamar mandi, pas untuk pasangan muda.
Harga sewa hanya Rp 48 Juta/ Tahun.

0 menit ke Halte Simprug, 1 menit ke Halte Gedung Pertamina, 1 menit ke Halte Singgalang
0 menit ke Binus School Simprug, 1 menit ke UPER (Universitas Pertamina), 2 menit ke POLKESJADU (Poltekkes Kemenkes Jakarta II)

	------------------------------------------------------------

	New Listing : SH RV AH
Di Sewakan Apartment ",47409099.0,-43409099.0,-2.4725,91.6,-6.8,Deep Value Deal (Rare Find),deep,Di Sewakan Apartment Full Furnished di Apartment Pakubuwono,,unresolved
LST-00731,Unresolved • Jakarta Selatan • 1BR Furnished (53 m²),https://www.99.co/id/properti/apartemen-disewa-180jt-kuningan-cp-1015049953,Jakarta Selatan,DKI Jakarta,Jakarta Selatan,Jakarta Selatan,Apartemen,15000000.0,283018.8679245283,yearly,1,0,Studio / 1BR,53.0,1.5382166278754763,2.448190764894018,Stasiun MRT Dukuh Atas,Tier 1: Core Urban Center (<7km),0,0,0,0,0,0,0,0,1,0,0,0,-6.222632584841023,106.81983867865898,listing,0,,"FOR RENT ONLY. Hunian hemat di Kuningan, Jakarta Selatan.
Apartemen dengan 1 kamar tidur & 0 kamar mandi, cocok untuk pasangan muda.
Harga sewa hanya Rp 180 Juta/ Tahun.

1 menit ke Halte Busway Dbs Tower, 1 menit ke Halte Lotte Mall Kuningan, 1 menit ke Halte Transjakarta Gatot Subroto Lipi
1 menit ke UPH Executive Education Center, 2 menit ke Jakarta Academics College, 2 menit ke AKPER Yayasan RS Jakarta (Akademi Keperawatan Yayasan Rumah Sakit Jakarta)

	--------------------------------------",16779088.0,-1779088.0,-0.1121,10.6,-0.31,Fair Market Price,,Rent! Apartemen Ciputra World 2 The Suite Luxury Only 15Jt/Bln,,unresolved
LST-00732,Unresolved • Jakarta Selatan • 1BR Furnished (45 m²),https://www.99.co/id/properti/apartemen-disewa-156jt-kuningan-cp-1015049610,Jakarta Selatan,DKI Jakarta,Jakarta Selatan,Jakarta Selatan,Apartemen,13000000.0,288888.8888888889,yearly,1,1,Studio / 1BR,45.0,1.528443328943219,2.446217053626343,Stasiun MRT Dukuh Atas,Tier 1: Core Urban Center (<7km),0,0,0,0,0,0,0,0,1,0,0,0,-6.222522671775977,106.81920134120622,listing,0,,"FOR RENT ONLY. Hunian hemat di Kuningan, Jakarta Selatan.
Apartemen dengan 1 kamar tidur & 1 kamar mandi, pas untuk pasangan muda.
Harga sewa hanya Rp 156 Juta/ Tahun.

1 menit ke Halte Busway Dbs Tower, 1 menit ke Halte Lotte Mall Kuningan, 1 menit ke Halte Transjakarta Gatot Subroto Lipi
1 menit ke UPH Executive Education Center, 1 menit ke AKPER Yayasan RS Jakarta (Akademi Keperawatan Yayasan Rumah Sakit Jakarta), 1 menit ke UAJ (Universitas Katolik Indonesia Atma Jaya)

	--------------------",10828665.0,2171335.0,0.1828,-20.1,0.5,Fair Market Price,,Apartemen Ciputra World 2 (The Ascott) 1Br Only Rp 13.000.000/ Month,,unresolved
LST-00733,Unresolved • Jakarta Selatan • 3BR Furnished (92 m²),https://www.99.co/id/properti/apartemen-disewa-180jt-setiabudi-cp-1013872269,Jakarta Selatan,DKI Jakarta,Jakarta Selatan,Jakarta Selatan,Apartemen,15000000.0,163043.47826086957,yearly,3,2,3 Bedroom,92.0,1.622049356795302,2.234834797023227,Stasiun MRT Dukuh Atas,Tier 1: Core Urban Center (<7km),0,0,0,0,0,0,0,0,1,0,0,0,-6.21959019,106.8298746,listing,0,,"Cari Apartemen Murah?
Tersedia unit di Jakarta Selatan dengan 3 KT & 2 KM siap huni.
Harga sewa mulai Rp 180 Juta/ Tahun.

Anda tak perlu khawatir soal lokasi karena area apartemen ini strategis. 1 menit ke Halte Gor Sumantri 2, 1 menit ke Stasiun LRT Rasuna Said, 1 menit ke Halte Rasuna Said

	------------------------------------------------------------

	Disewakan Unit APARTEMEN JAKARTA SELATAN
Sudirman Tower Condominium

Apartemen Premium di Jakarta Selatan - Lokasi Sangat Strategis

Nikmati ",20067166.0,-5067166.0,-0.291,25.3,-0.8,Good Deal (Undervalued),good,"Apartemen Disewakan 3 Kamar Hemat Siap Huni di Jakarta Selatan, Luas 92m2",,unresolved
LST-00734,Unresolved • Jakarta Selatan • 3BR Furnished (108 m²),https://www.99.co/id/properti/apartemen-disewa-20jt-permata-hijau-cp-1009628380,Jakarta Selatan,DKI Jakarta,Jakarta Selatan,Jakarta Selatan,Apartemen,20000000.0,185185.1851851852,monthly,3,2,3 Bedroom,108.0,3.980889485141367,2.736621531447901,Stasiun MRT Blok M,Tier 1: Core Urban Center (<7km),0,0,0,0,0,0,0,0,1,0,0,0,-6.2223652312597,106.78667259025,listing,0,,"Cari Apartemen Murah?
Tersedia unit di Jakarta Selatan dengan 3 KT & 2 KM siap huni.
Harga sewa mulai Rp 20 Juta/ Bulan.

Anda tak perlu khawatir tentang lokasi karena area apartemen ini strategis. 1 menit ke Halte Permata Hijau, 1 menit ke Halte Busway Permata Hijau, 2 menit ke Halte Balai Pertamina

	------------------------------------------------------------

	Disewakan Apartement Permata Hijau Residence Tower A lantai 25 AA dan 25 AB
1 lantai ada 2 unit dengan tipe yang sama.
sewa Fullfurni",19076010.0,923990.0,0.0473,-4.8,0.13,Fair Market Price,,"Apartemen Nyaman untuk Disewa, 3 Kamar di Jakarta Selatan",,unresolved
LST-00735,Unresolved • Jakarta Selatan • 2BR Furnished (178 m²),https://www.99.co/id/properti/apartemen-disewa-655jt-kuningan-cp-1013776847,Jakarta Selatan,DKI Jakarta,Jakarta Selatan,Jakarta Selatan,Apartemen,54583333.333333336,306647.9400749064,yearly,2,2,2 Bedroom,178.0,3.177135736484503,2.965221001463858,Stasiun MRT Blok M,Tier 1: Core Urban Center (<7km),0,0,0,0,0,0,0,0,0,0,0,0,-6.23713,106.823738,listing,0,,"For Rent Mid-Range Apartment in Kuningan Jakarta Selatan.

Featuring 2 Bedrooms, 2 Bathrooms, and 178m2 living space.
Rental Price: Rp 655 Juta/ Tahun.

	------------------------------------------------------------

	Verde Two Kuningan Setiabudi
16 floor
2 Bedroom middle
size 178 sqm
   $ / month
(harga belum termasuk pajak)
Yearly Only 


Note : 
1. Pembayaran Tahunan saja tidak bisa bulanan / 3 bulanan 
2. Semua harga sewa termasuk IPL dl
3. Pembayaran sesuai dengan harga Dollar saat itu

",42449834.0,12133499.333333336,0.2514,-28.6,0.69,Fair Market Price,,"Disewakan Apartemen Favorit di Kuningan, 2 KT, 2 KM, 178m2",,unresolved
LST-00736,Unresolved • Jakarta Selatan • 3BR Full Furnished (146 m²),https://www.99.co/id/properti/apartemen-disewa-450jt-lebak-bulus-cp-1013659623,Jakarta Selatan,DKI Jakarta,Jakarta Selatan,Jakarta Selatan,Apartemen,37500000.0,256849.3150684932,yearly,3,2,3 Bedroom,146.0,11.666645987286712,4.199260105330925,Stasiun MRT Lebak Bulus,Tier 2: Inner Ring Metro (7-15km),1,0,0,0,0,0,0,0,1,0,0,0,-6.31254,106.80421,listing,0,,"Disewakan apartemen murah di Lebak Bulus, Jakarta Selatan.
Memiliki 3 kamar tidur, 2 kamar mandi, serta luas 146m2.
Harga sewa Rp 450 Juta/ Tahun

Area paling strategis. 6 menit ke Stasiun Fatmawati, 6 menit ke MRT Fatmawati, 10 menit ke Pintu Tol Desari

	------------------------------------------------------------

	Luas bangunan : 146m2
3 Kamar Tidur
2 Kamar Mandi
Bali Style - Jimbaran Tower
Fully Furnished

Hubungi :
Novi 08151317xxxx 

",23421615.0,14078385.0,0.4707,-60.1,1.29,Premium / High Price,,Disewakan Apartemen Harga Terjangkau di Lebak Bulus 3 Bedroom,,unresolved
LST-00737,Unresolved • Kebayoran Lama • 3BR Full Furnished (155 m²),https://www.99.co/id/properti/apartemen-disewa-220jt-kebayoran-lama-cp-1010130415,Jakarta Selatan,DKI Jakarta,Kebayoran Lama,"Kebayoran Lama, Jakarta Selatan",Apartemen,18333333.33333333,118279.56989247313,yearly,3,3,3 Bedroom,155.0,5.020690382492654,2.6035678681760284,Stasiun MRT Blok M,Tier 1: Core Urban Center (<7km),1,0,1,0,0,0,0,0,0,0,0,0,-6.22951,106.77964,listing,0,,"Apartemen disewa murah:
- 3 Bedroom
- 3 Bathroom
- Luas 155m2
- Lokasi: Kebayoran Lama, Jakarta Selatan, Jakarta Selatan
- Harga: Rp 220 Juta/ Tahun

Hubungi sekarang!

	------------------------------------------------------------

	Apartemen di Kebayoran Lama.

Temukan apartemen di lantai 10 yang nyaman ini,  disewakan menawarkan lingkungan fasilitas yang lengkap, cocok untuk Anda yang menginginkan hunian aman.

Spesifikasi Utama Properti:
  - Kamar Tidur: 3
  - Kamar Mandi: 3
  - Sertifikat: S",31810864.0,-13477530.666666672,-0.5511,42.4,-1.52,Deep Value Deal (Rare Find),deep,Apartment 3 BR bisa Unfurnished atau Full Furnished dengan fasilitas lengkap.,,unresolved
LST-00738,Permata Hijau Residence • 3BR Furnished (104 m²),https://www.99.co/id/properti/apartemen-disewa-205jt-permata-hijau-cp-1012642367,Jakarta Selatan,DKI Jakarta,Jakarta Selatan,Jakarta Selatan,Apartemen,17083333.333333332,164262.8205128205,yearly,3,2,3 Bedroom,104.0,3.980735526827461,2.7365737857168453,Stasiun MRT Blok M,Tier 1: Core Urban Center (<7km),0,0,0,0,0,0,0,0,1,0,0,0,-6.222365,106.786674,listing,0,,"FOR RENT ONLY. Hunian hemat di Permata Hijau, Jakarta Selatan.
Apartemen dengan 3 kamar tidur & 2 kamar mandi, pas untuk pasangan muda.
Harga sewa hanya Rp 205 Juta/ Tahun.

1 menit ke Halte Permata Hijau, 1 menit ke Halte Busway Permata Hijau, 2 menit ke Halte Balai Pertamina
1 menit ke Indonesian Institute of Aesthetic & Anti-Aging Medicine (IIAAAM), 1 menit ke BII (Business Institute Indonesia), 2 menit ke UPER (Universitas Pertamina)

	--------------------------------------------------------",16890408.0,192925.3333333321,0.0114,-1.1,0.03,Fair Market Price,,Disewakan Apartment 3 BR Furnished di Permata Hijau Residences,Permata Hijau Residence,fuzzy
LST-00739,Unresolved • Jakarta Selatan • 1BR Furnished (39 m²),https://www.99.co/id/properti/apartemen-disewa-120jt-bintaro-cp-1010925607,Jakarta Selatan,DKI Jakarta,Jakarta Selatan,Jakarta Selatan,Apartemen,10000000.0,256410.2564102564,yearly,1,1,Studio / 1BR,39.0,9.195238534353964,1.7020166655707087,Stasiun MRT Lebak Bulus,Tier 2: Inner Ring Metro (7-15km),0,0,0,0,0,0,0,0,1,0,0,0,-6.27452,106.769508,listing,0,,"Apartemen terjangkau untuk disewa di Jakarta Selatan.

Unit ini memiliki 1 kamar tidur dan 1 kamar mandi.
Harga Rp 120 Juta/ Tahun, cocok untuk hunian bagus dan strategis ini.

Lokasinya strategis. 2 menit ke Terminal Lebak Bulus, 3 menit ke Pintu Tol Veteran, 4 menit ke MRT Lebak Bulus

	------------------------------------------------------------

	DIJUAL/DISEWAKAN APARTEMEN SIAP HUNI STRATEGIS

- Dekat dengan jalan tol
- Dekat pusat perbelanjaan
- Lokasi strategis dan mudah di jangkau
- Lanta",6362002.0,3637998.0,0.4522,-57.2,1.24,Premium / High Price,,Apartment di Daerah Bintaro,,unresolved
LST-00740,Unresolved • Kebayoran Lama • 3BR Full Furnished (200 m²),https://www.99.co/id/properti/apartemen-disewa-37jt-kebayoran-lama-cp-1014946825,Jakarta Selatan,DKI Jakarta,Kebayoran Lama,"Kebayoran Lama, Jakarta Selatan",Apartemen,37500000.0,187500.0,monthly,3,0,3 Bedroom,200.0,4.756600261400646,1.7957571166389563,Stasiun MRT Blok M,Tier 1: Core Urban Center (<7km),1,0,0,0,0,0,0,0,1,0,1,0,-6.234101490576755,106.78530336707328,listing,0,,"Apartemen Murah Disewakan!
- Lokasi: Kebayoran Lama, Jakarta Selatan, Jakarta Selatan
- 3 KT, 0 KM
- Luas 200m2
- Harga: Rp 37,5 Juta/ Bulan

Lokasi strategis. 0 menit ke Halte Simprug, 1 menit ke Stasiun KRL Kebayoran, 1 menit ke Stasiun Kebayoran

	------------------------------------------------------------

	Disewakan
Apartemen Simprug Indah
Jakarta Selatan

Fully Furnished 
3 Bed Room

Luas : 200 m2
Lantai 11
Standing kompor
Mesin cuci

Harga Rp 37,5 jt per bulan 
Minimal sewa : 1 tahun

",29045455.0,8454545.0,0.2555,-29.1,0.7,Fair Market Price,,Disewakan Apartemen Simprug Indah Jakarta Selatan,,unresolved
LST-00741,Unresolved • Jakarta Selatan • Studio Full Furnished (127 m²),https://www.99.co/id/properti/apartemen-disewa-52jt-kuningan-cp-1014003722,Jakarta Selatan,DKI Jakarta,Jakarta Selatan,Jakarta Selatan,Apartemen,52000000.0,409448.8188976378,monthly,0,0,Studio / 1BR,127.0,3.177135736484503,2.965221001463858,Stasiun MRT Blok M,Tier 1: Core Urban Center (<7km),1,0,0,0,0,0,0,0,1,0,0,0,-6.23713,106.823738,listing,0,,"Disewakan apartemen murah di Kuningan, Jakarta Selatan.
Memiliki 0 kamar tidur, 0 kamar mandi, serta luas 127m2.
Harga sewa Rp 52 Juta/ Bulan

Area paling strategis. 1 menit ke Halte Timah, 1 menit ke Halte Kuningan Barat 2, 1 menit ke Halte Busway Kuningan Barat

	------------------------------------------------------------

	Disewakan minimal 1 tahun 
harga 2.700 USD / bulan
saya buat di iklan per bulan, tapi minimal sewa 1 tahun 
fasilitas lengkap 
semua full furnish 

",29792863.0,22207137.0,0.557,-74.5,1.53,Overpriced / Luxury Tag,,Hunian Strategis 127m2 di Kuningan Jakarta Selatan 0 KT,,unresolved
LST-00742,Southgate Residence Tower Lokasi • 1BR Furnished (43 m²),https://www.99.co/id/properti/apartemen-disewa-144jt-tanjung-barat-cp-1012018056,Jakarta Selatan,DKI Jakarta,Jakarta Selatan,Jakarta Selatan,Apartemen,12000000.0,279069.76744186046,yearly,1,1,Studio / 1BR,43.0,11.152319273480696,7.57972586327993,Stasiun MRT Lebak Bulus,Tier 2: Inner Ring Metro (7-15km),0,0,0,0,0,0,0,0,1,0,0,0,-6.3069714,106.8406537,listing,0,,"Disewakan apartemen murah di Tanjung Barat, Jakarta Selatan.
Memiliki 1 kamar tidur, 1 kamar mandi, serta luas 43m2.
Harga sewa Rp 144 Juta/ Tahun

Area paling strategis. 1 menit ke Stasiun Tanjung Barat, 6 menit ke Stasiun Lenteng Agung, 6 menit ke Stasiun Pasar Minggu

	------------------------------------------------------------

	Disewa Bisa juga Dijual Apartemen Southgate Elegance Tower
Lantai tinggi
Gross : 51m²
Nett : 43m²
Kamar Tidur : 1
Kamar Mandi : 1
Air Pam 
Hadap : Timur
Ppj",6917177.0,5082823.0,0.5509,-73.5,1.52,Overpriced / Luxury Tag,,Apartemen Southgate Elegance Tower Lokasi Sangat Bagus,Southgate Residence,exact
LST-00743,Unresolved • Kemayoran • 2BR Full Furnished (61 m²),https://www.99.co/id/properti/apartemen-disewa-77jt-kemayoran-cp-1013411638,Jakarta Pusat,DKI Jakarta,Kemayoran,"Kemayoran, Jakarta Pusat",Apartemen,6416666.666666667,105191.2568306011,yearly,2,2,2 Bedroom,61.0,6.471998976010265,5.272616443868521,Stasiun KRL Manggarai,Tier 1: Core Urban Center (<7km),1,0,0,0,0,0,0,0,1,0,0,0,-6.16282185,106.8558983,listing,0,,"Apartemen ekonomis untuk disewa:
- Lokasi: Kemayoran, Jakarta Pusat, Jakarta Pusat
- 2 Kamar Tidur
- 2 Kamar Mandi
- Luas 61m2
- Harga: Rp 77 Juta/ Tahun

Lokasi strategis. 3 menit ke Halte Landasan Pacu, 3 menit ke Halte Busway Rawa Selatan, 3 menit ke Halte Cempaka Mas

	------------------------------------------------------------

	Apartemen di Kemayoran disewakan




Apartemen Springhill Residence Tower : Oakwood 
ukuran luas: 61 m²
unit 2 bedroom (renovate to semi 2 bedroom dengan partisi r",6293941.0,122725.66666666698,0.0193,-1.9,0.05,Fair Market Price,,"Apart Springhill Disewakan Luas 61M² Dg 2 Kamar Tidur, Full Furnished",,unresolved
LST-00744,Unresolved • Kemayoran • 2BR Furnished (38 m²),https://www.99.co/id/properti/apartemen-disewa-49jt-kemayoran-cp-1009625116,Jakarta Pusat,DKI Jakarta,Kemayoran,"Kemayoran, Jakarta Pusat",Apartemen,4083333.3333333335,107456.1403508772,yearly,2,1,2 Bedroom,38.0,6.516624118710626,5.391440532502899,Stasiun KRL Manggarai,Tier 1: Core Urban Center (<7km),0,0,0,0,0,0,1,1,0,0,0,0,-6.16165,106.85501,listing,0,,"Apartemen hemat di Kemayoran, Jakarta Pusat, Jakarta Pusat siap untuk disewa.
Luas 38m2m², 2 kamar tidur, dan 1 kamar mandi.
Harga sewa: Rp 49 Juta/ Tahun.
Segera survei.

	------------------------------------------------------------

	Disewakan  Apartemen Mediterania Palace Kemayoran
Location: Jl. Benyamin Sueb, Jakarta Pusat
Tower/Floor/View:B/32/pool
Size: 38m2
Bedroom: 2
Bathroom: 1
Condition: Furnished
Facility: Lobby & security 24 jam, kolam renang & sauna, fitness, lapangan tenis & basket",3600116.0,483217.3333333335,0.1259,-13.4,0.35,Fair Market Price,,"Sewa Apartemen Hemat di Kemayoran, Jakarta Pusat Lokasi Strategis",,unresolved
LST-00745,Unresolved • Kemayoran • 2BR Furnished (76 m²),https://www.99.co/id/properti/apartemen-disewa-75jt-kemayoran-cp-1013354108,Jakarta Pusat,DKI Jakarta,Kemayoran,"Kemayoran, Jakarta Pusat",Apartemen,6250000.0,82236.84210526316,yearly,2,2,2 Bedroom,76.0,6.471998976010265,5.272616443868521,Stasiun KRL Manggarai,Tier 1: Core Urban Center (<7km),0,0,0,0,0,0,0,0,1,0,0,0,-6.16282185,106.8558983,listing,0,,"[SEWA] Apartemen hemat di Kemayoran dengan spesifikasi lengkap.
Luas 76m2m², dilengkapi 2 kamar tidur dan 2 kamar mandi.
Harga sewa hanya Rp 75 Juta/ Tahun.

Mengapa unit ini menarik untuk disewa? Karena lokasinya strategis. 3 menit ke Halte Landasan Pacu, 3 menit ke Halte Busway Rawa Selatan, 3 menit ke Halte Cempaka Mas

	------------------------------------------------------------

	Disewakan 
the mansion kemayoran
75m2 
2BR
view lepas
lt.23

",8164443.0,-1914443.0,-0.2672,23.4,-0.73,Fair Market Price,,Disewakan Apartemen The Mansion,,unresolved
LST-00746,The Stature Residences • 2BR Furnished (79 m²),https://www.99.co/id/properti/apartemen-disewa-18jt-menteng-cp-1014166586,Jakarta Pusat,DKI Jakarta,Menteng,"Menteng, Jakarta Pusat",Apartemen,18000000.0,227848.1012658228,monthly,2,2,2 Bedroom,79.0,2.215387522692101,1.487291158622338,Stasiun MRT Dukuh Atas,Tier 1: Core Urban Center (<7km),0,0,0,0,0,0,0,0,0,0,0,0,-6.1957828,106.8351718,listing,0,,"Apartemen terjangkau di kawasan Jakarta Pusat.
Dengan 2 kamar tidur dan 2 kamar mandi, unit ini cocok untuk Anda atau keluarga kecil.
Harga sewa: Rp 18 Juta/ Bulan.

1 menit ke Halte Simpang Rp Soeroso, 2 menit ke Halte Cikini, 2 menit ke Halte Taman Menteng
1 menit ke STIBA Indonesia LPI, 2 menit ke STIE Tri Dharma Widya, 2 menit ke YPS (Universitas Bung Karno)

	------------------------------------------------------------

	*Disewakan unit Casa Grande Residence*
 
Tower Montana
Lt 27 Luas 79
2",14313411.0,3686589.0,0.2292,-25.8,0.63,Fair Market Price,,"Disewakan Apartemen Minimalis 79m2 Punya 2 KT, 2 KM, Lokasi di Menteng",The Stature Residences,exact
LST-00747,Unresolved • Menteng • 2BR Furnished (58 m²),https://www.99.co/id/properti/apartemen-disewa-170jt-menteng-cp-1012675489,Jakarta Pusat,DKI Jakarta,Menteng,"Menteng, Jakarta Pusat",Apartemen,14166666.666666666,244252.8735632184,yearly,2,1,2 Bedroom,58.0,2.4122065497545364,1.7497307760121048,Stasiun MRT Dukuh Atas,Tier 1: Core Urban Center (<7km),0,0,0,0,0,0,0,0,1,0,0,0,-6.19638,106.837891,listing,0,,"Apartemen terjangkau di kawasan Jakarta Pusat.
Dengan 2 kamar tidur dan 1 kamar mandi, unit ini cocok untuk Anda atau keluarga kecil.
Harga sewa: Rp 170 Juta/ Tahun.

1 menit ke Halte Cikini, 1 menit ke Stasiun Cikini, 1 menit ke Halte Pegangsaan Timur
1 menit ke STIBA Indonesia LPI, 1 menit ke STIE Tri Dharma Widya, 1 menit ke YPS (Universitas Bung Karno)

	------------------------------------------------------------

	Apartement Menteng Park Apartement 2 BR Furnished Sudah Renovasi

Apartemen ",11714382.0,2452284.666666666,0.1901,-20.9,0.52,Fair Market Price,,Disewakan Apartement Menteng Park Apartement 2 BR Furnished Sudah Renovasi,,unresolved
LST-00748,Unresolved • Sawah Besar • 2BR Furnished (120 m²),https://www.99.co/id/properti/apartemen-disewa-70jt-sawah-besar-cp-1014134949,Jakarta Pusat,DKI Jakarta,Sawah Besar,"Sawah Besar, Jakarta Pusat",Apartemen,5833333.333333333,48611.11111111111,yearly,2,2,2 Bedroom,120.0,6.284382676938237,4.2940191390371405,Stasiun KRL Tanah Abang,Tier 1: Core Urban Center (<7km),0,0,0,0,0,0,0,0,1,0,0,0,-6.15383621,106.8332349,listing,0,,"Apartemen ekonomis untuk disewa:
- Lokasi: Sawah Besar, Jakarta Pusat, Jakarta Pusat
- 2 Kamar Tidur
- 2 Kamar Mandi
- Luas 120m2
- Harga: Rp 70 Juta/ Tahun

Lokasi strategis. 1 menit ke Halte Busway Bni/kartini, 2 menit ke Halte Rs. Husada, 2 menit ke Halte Sekolah Sawah Besar

	------------------------------------------------------------

	Disewakan Penthouse Pesona Bahari Mangga Dua
Tower Topaz Lt. 28
Luasan 120m², unit pent house
2 Lantai
2 km.tidur 
2 km.mandi
Harga sewa 70t/th 
Fully furni",18902263.0,-13068929.666666668,-1.1757,69.1,-3.23,Deep Value Deal (Rare Find),deep,"Sewa Sekarang Apartemen Strategis 2 KT, 2 KM di Kawasan Sawah Besar",,unresolved
LST-00749,57 Promenade • 3BR Furnished (115 m²),https://www.99.co/id/properti/apartemen-disewa-36jt-tanah-abang-cp-1012025989,Jakarta Pusat,DKI Jakarta,Tanah Abang,"Tanah Abang, Jakarta Pusat",Apartemen,36700000.0,319130.4347826087,monthly,3,3,3 Bedroom,115.0,0.8597326438413523,0.6211905193761527,Stasiun MRT Dukuh Atas,Tier 1: Core Urban Center (<7km),0,0,0,0,0,0,0,0,1,0,0,0,-6.20161,106.81714,listing,0,,"Apartemen Murah Disewakan!
- Lokasi: Tanah Abang, Jakarta Pusat, Jakarta Pusat
- 3 KT, 3 KM
- Luas 115m2
- Harga: Rp 36,7 Juta/ Bulan

Lokasi strategis. 0 menit ke Stasiun Stadiun Karet, 0 menit ke Stasiun Karet, 1 menit ke Stasiun Bni City

	------------------------------------------------------------

	Experience elevated living in this luxurious 3-bedroom residence at Fifty Seven Promenade Jakarta. Designed with refined finishes, panoramic city views, and world-class facilities, this home off",17792941.0,18907059.0,0.724,-106.3,1.99,Overpriced / Luxury Tag,,For Lease 3bedroom Lux Apartment Fifty Seven Promenade Jakarta,57 Promenade,exact
LST-00750,The Stature Residences • 3BR Full Furnished (252 m²),https://www.99.co/id/properti/apartemen-disewa-600jt-menteng-cp-1011948337,Jakarta Pusat,DKI Jakarta,Menteng,"Menteng, Jakarta Pusat",Apartemen,50000000.0,198412.6984126984,yearly,3,2,3 Bedroom,252.0,1.5893615669570345,0.6940350411222953,Stasiun MRT Dukuh Atas,Tier 1: Core Urban Center (<7km),1,0,0,1,0,0,0,0,1,0,1,0,-6.1946208,106.8218144,listing,0,,"Apartemen Mid-Range Disewa:
- Lokasi: Menteng, Jakarta Pusat, Jakarta Pusat
- 3 KT, 2 KM
- Luas 252m2m²
- Harga: Rp 600 Juta/ Tahun

Kawasan strategis. 0 menit ke Halte Transjakarta Bundaran Hi Astra, 0 menit ke Halte Bus Transjakarta Tosari, 1 menit ke Stasiun Bundaran Hi


Full Furnished

	------------------------------------------------------------

	Disewakan Apartemen Kempinski Private Residence
LB 252 m2
3+1 KT
2+1 KM
Hadap : Timur
Ada Kitchen Set
AC Central
Fully Furnished
Private",33748937.0,16251063.0,0.3931,-48.2,1.08,Premium / High Price,,Disewakan Apartment Kempinski Private Residence,The Stature Residences,exact
LST-00751,Unresolved • Jakarta Pusat • 3BR Semi Furnished (182 m²),https://www.99.co/id/properti/apartemen-disewa-600jt-thamrin-cp-1014363602,Jakarta Pusat,DKI Jakarta,Jakarta Pusat,Jakarta Pusat,Apartemen,50000000.0,274725.2747252747,yearly,3,3,3 Bedroom,182.0,2.350592348397248,1.341279944771843,Stasiun KRL Tanah Abang,Tier 1: Core Urban Center (<7km),0,1,0,0,1,0,1,0,1,0,0,0,-6.187858,106.822899,listing,0,,"DISEWAKAN apartemen praktis di Thamrin.
Dilengkapi 3 Kamar Tidur, 3 Kamar Mandi, luas 182m2.

Lokasi strategis. 0 menit ke Halte MH Thamrin, 0 menit ke Halte Transjakarta M.h. Thamrin (D.h. Halte Sarinah), 0 menit ke Jakarta City Tour Bus Stop

Semi Furnished
Kolam Renang Komunitas, Taman, CCTV, Telepon, Wifi, Mesin Cuci, TV Kabel, Internet

	------------------------------------------------------------

	Apartment Name: Fifty Seven Promenade Apartment (57 Promenade Apartment)
Location: Jl. Teluk",42483567.0,7516433.0,0.1629,-17.7,0.45,Fair Market Price,,Disewakan Apartemen Fiftyseven Promenade (57Promenade),,unresolved
LST-00752,Unresolved • Kemayoran • 2BR Full Furnished (40 m²),https://www.99.co/id/properti/apartemen-disewa-38jt-kemayoran-cp-1009286577,Jakarta Pusat,DKI Jakarta,Kemayoran,"Kemayoran, Jakarta Pusat",Apartemen,3166666.6666666665,79166.66666666666,yearly,2,1,2 Bedroom,40.0,6.65902103028114,5.581313296042272,Stasiun KRL Tanah Abang,Tier 1: Core Urban Center (<7km),1,0,0,1,1,1,0,0,0,0,1,0,-6.1594869,106.8541776,listing,0,,"Apartemen disewa murah:
- 2 Bedroom
- 1 Bathroom
- Luas 40m2
- Lokasi: Kemayoran, Jakarta Pusat, Jakarta Pusat
- Harga: Rp 38 Juta/ Tahun

Jangan sampai terlewat!

	------------------------------------------------------------

	Apartment Disewa Jakarta Pusat Size: 40 m2
Bedroom: 2
Bathroom: 1

Condition: Full Furnished. Tempat Tidur & Lemari, wifi, Water Heater, Kitchen Set, Kompor Gas, Dispenser, LCD 32-inch & TV Cable, Kulkas, 2 AC (Kamar Utama & Kamar Anak), Sofa, Meja Makan, Listrik 2200",4107386.0,-940719.3333333336,-0.2601,22.9,-0.72,Fair Market Price,,"Sewa Apartemen Hemat di Kemayoran, Jakarta Pusat Lokasi Strategis",,unresolved
LST-00753,Menara Jakarta • 2BR Full Furnished (141 m²),https://www.99.co/id/properti/apartemen-disewa-350jt-kemayoran-cp-1008865572,Jakarta Pusat,DKI Jakarta,Kemayoran,"Kemayoran, Jakarta Pusat",Apartemen,29166666.666666668,206855.79196217496,yearly,2,2,2 Bedroom,141.0,6.516624118710626,5.391440532502899,Stasiun KRL Manggarai,Tier 1: Core Urban Center (<7km),1,0,0,0,0,0,0,0,0,0,0,0,-6.16165,106.85501,listing,0,,"DISEWA apartemen murah di Kemayoran, Jakarta Pusat, Jakarta Pusat.
Unit 2 KT, 2 KM, luas 141m2.
Harga sewa Rp 350 Juta/ Tahun.
Buruan survei!

3 menit ke Halte Landasan Pacu, 3 menit ke Halte Kran, 3 menit ke Halte Angkasa
3 menit ke Universal School, 3 menit ke Akademi Keperawatan Pelni, 4 menit ke STTRIL (STT Reformed Injili Internasional)

	------------------------------------------------------------

	Apartemen menara jakarta kemayoran
menara azzure
luas 141m2
2 bedroom
private lift
lantai 5",14287365.0,14879301.666666668,0.7137,-104.1,1.96,Overpriced / Luxury Tag,,Disewakan Apartemen Menara Jakarta Kemayoran Full Furnish,Menara Jakarta,exact
LST-00754,The Mansion Kemayoran Tower Fontana • 1BR Furnished (37 m²),https://www.99.co/id/properti/apartemen-disewa-40jt-kemayoran-cp-1014296582,Jakarta Pusat,DKI Jakarta,Kemayoran,"Kemayoran, Jakarta Pusat",Apartemen,3333333.333333333,90090.09009009007,yearly,1,1,Studio / 1BR,37.0,7.72739287246377,6.258346797469262,Stasiun KRL Tanah Abang,Tier 2: Inner Ring Metro (7-15km),0,0,1,0,0,0,0,0,0,0,0,0,-6.1473258,106.8525985,listing,0,,"Apartemen harga terjangkau untuk disewa:
- Lokasi: Kemayoran, Jakarta Pusat, Jakarta Pusat
- 1 Kamar Tidur
- 1 Kamar Mandi
- Luas 37m2
- Harga: Rp 40 Juta/ Tahun

Lokasi strategis. 1 menit ke Halte Jiexpo Kemayoran, 1 menit ke Halte Landasan Pacu, 1 menit ke Halte Danau Agung

	------------------------------------------------------------

	Disewakan unit kosongan di Tower Fontana, The Mansion Kemayoran, lantai tinggi (36) dengan view kota terbuka. Cocok untuk yang ingin mendesain interior sendir",3929524.0,-596190.666666667,-0.1645,15.2,-0.45,Fair Market Price,,"Disewakan Apartemen The Mansion Kemayoran - Tower Fontana, LT 36",The Mansion Kemayoran,exact
LST-00755,Green Pramuka City Tower Scarlet • 2BR Furnished (33 m²),https://www.99.co/id/properti/apartemen-disewa-65jt-cempaka-putih-cp-1014966899,Jakarta Pusat,DKI Jakarta,Cempaka Putih,"Cempaka Putih, Jakarta Pusat",Apartemen,5416666.666666667,164141.41414141416,yearly,2,1,2 Bedroom,33.0,6.841241180043732,4.225787134815926,Stasiun KRL Manggarai,Tier 1: Core Urban Center (<7km),0,0,0,0,0,0,0,0,0,0,0,0,-6.18128,106.87535,listing,0,,"Hunian harga terjangkau disewakan di Cempaka Putih, Jakarta Pusat, Jakarta Pusat.
Apartemen ini memiliki 2 kamar tidur & 1 kamar mandi dengan luas 33m2m².
Cocok untuk tempat tinggal strategis dengan harga terjangkau.

1 menit ke Halte Jaya Baya, 1 menit ke Halte Pulo Mas Bypass, 2 menit ke Halte Kayu Putih Rawasari
1 menit ke UJ (Universitas Jayabaya), 1 menit ke Kalbis (Universitas KALBIS / Kalbe Institute), 1 menit ke i3L School of Business (iSB)

	---------------------------------------------",3700694.0,1715972.666666667,0.381,-46.4,1.05,Premium / High Price,,Sewa Apartemen Green Pramuka City Tower Scarlet 2 BR Furnished,Green Pramuka City,exact
LST-00756,Unresolved • Jakarta Pusat • Studio Furnished (55 m²),https://www.99.co/id/properti/apartemen-disewa-220jt-thamrin-cp-1014266271,Jakarta Pusat,DKI Jakarta,Jakarta Pusat,Jakarta Pusat,Apartemen,18333333.33333333,333333.3333333333,yearly,0,1,Studio / 1BR,55.0,2.350592348397248,1.341279944771843,Stasiun KRL Tanah Abang,Tier 1: Core Urban Center (<7km),0,0,0,0,0,0,0,0,1,0,0,0,-6.187858,106.822899,listing,0,,"Disewakan apartemen hemat di Thamrin, Jakarta Pusat.
Memiliki 0 kamar tidur, 1 kamar mandi, serta luas 55m2.
Harga sewa Rp 220 Juta/ Tahun

Area paling strategis. 0 menit ke Halte MH Thamrin, 0 menit ke Halte Transjakarta M.h. Thamrin (D.h. Halte Sarinah), 0 menit ke Jakarta City Tour Bus Stop

	------------------------------------------------------------

	Apartemen di Thamrin.

Cek segera apartemen 8 lantai yang modern ini,  disewakan menawarkan lingkungan fasilitas yang lengkap, cocok untuk A",14469443.0,3863890.333333328,0.2367,-26.7,0.65,Fair Market Price,,Disewakan Apartemen Terjangkau 0 BR di Thamrin Jakarta Pusat,,unresolved
LST-00757,Unresolved • Jakarta Pusat • 2BR Full Furnished (183 m²),https://www.99.co/id/properti/apartemen-disewa-700jt-thamrin-cp-1014266387,Jakarta Pusat,DKI Jakarta,Jakarta Pusat,Jakarta Pusat,Apartemen,58333333.333333336,318761.38433515484,yearly,3,2,3 Bedroom,183.0,2.350592348397248,1.341279944771843,Stasiun KRL Tanah Abang,Tier 1: Core Urban Center (<7km),1,0,0,0,0,0,0,0,0,0,0,0,-6.187858,106.822899,listing,0,,"Hunian nyaman dengan harga sewa terjangkau kini hadir di Jakarta Pusat.

Apartemen ini memiliki 3 kamar tidur, 2 kamar mandi, serta luas 183m2m².
Harga: Rp 700 Juta/ Tahun.

Full Furnished


	------------------------------------------------------------

	Kesempatan terbatas buat Anda dapatkan apartemen strategis dengan return investasi tinggi di Thamrin, Jakarta Pusat.

Apartemen ini menawarkan lokasi yang strategis serta memiliki nilai tepat yang siap untuk segera Anda miliki, utamanya bagi And",59254666.0,-921332.6666666642,-0.0157,1.6,-0.04,Fair Market Price,,Hunian Apartemen Strategis di Thamrin Punya 3 Kamar Tidur & 2 Kamar Mandi,,unresolved
LST-00758,Unresolved • Jakarta Pusat • 1BR Full Furnished (55 m²),https://www.99.co/id/properti/apartemen-disewa-9jt-thamrin-cp-1010620781,Jakarta Pusat,DKI Jakarta,Jakarta Pusat,Jakarta Pusat,Apartemen,9000000.0,163636.36363636365,monthly,1,1,Studio / 1BR,55.0,2.350592348397248,1.341279944771843,Stasiun KRL Tanah Abang,Tier 1: Core Urban Center (<7km),1,0,0,0,0,0,0,0,1,0,0,0,-6.187858,106.822899,listing,0,,"FOR RENT ONLY. Hunian ekonomis di Thamrin, Jakarta Pusat.
Apartemen dengan 1 kamar tidur & 1 kamar mandi, cocok untuk pasangan muda.
Harga sewa hanya Rp 9 Juta/ Bulan.

0 menit ke Halte MH Thamrin, 0 menit ke Halte Transjakarta M.h. Thamrin (D.h. Halte Sarinah), 0 menit ke Jakarta City Tour Bus Stop
0 menit ke Raffles Institute Jakarta, 0 menit ke Akademi Sekretaris Interstudi Menteng, 2 menit ke Jakarta Science Academy Kursus Estetika Medik Menteng

	--------------------------------------------",16032339.0,-7032339.0,-0.5774,43.9,-1.59,Deep Value Deal (Rare Find),deep,Disewakan 2 Bedroom Apartement Fully Furnished,,unresolved
LST-00759,Unresolved • Kemayoran Tower 3Br • 3BR Furnished (77 m²),https://www.99.co/id/properti/apartemen-disewa-135jt-kemayoran-cp-1014551116,Jakarta Pusat,DKI Jakarta,Kemayoran,"Kemayoran, Jakarta Pusat",Apartemen,11250000.0,146103.8961038961,yearly,3,2,3 Bedroom,77.0,6.471998976010265,5.272616443868521,Stasiun KRL Manggarai,Tier 1: Core Urban Center (<7km),0,0,0,0,0,0,0,0,1,0,0,0,-6.16282185,106.8558983,listing,0,,"Apartemen terjangkau di kawasan Jakarta Pusat.
Dengan 3 kamar tidur dan 2 kamar mandi, unit ini nyaman untuk Anda atau keluarga kecil.
Harga sewa: Rp 135 Juta/ Tahun.

3 menit ke Halte Landasan Pacu, 3 menit ke Halte Busway Rawa Selatan, 3 menit ke Halte Cempaka Mas
4 menit ke Universal School, 4 menit ke Akademi Keperawatan Pelni, 4 menit ke Politeknik STMI Jakarta

	------------------------------------------------------------

	Disewakan apartement yg nyaman, tenang , aman dan bebas banjir. FU",7314452.0,3935548.0,0.4305,-53.8,1.18,Premium / High Price,,Disewakan Apart Springhill Oakwood Tower 3Br,,unresolved
LST-00760,Royale Springhill • 1BR Furnished (79 m²),https://www.99.co/id/properti/apartemen-disewa-90jt-kemayoran-cp-1014699545,Jakarta Pusat,DKI Jakarta,Kemayoran,"Kemayoran, Jakarta Pusat",Apartemen,7500000.0,94936.70886075948,yearly,1,1,Studio / 1BR,79.0,1.045620960964281,0.6729308061336748,Stasiun MRT Dukuh Atas,Tier 1: Core Urban Center (<7km),0,0,0,0,0,0,1,0,1,0,0,0,-6.2,106.816666,listing,0,,"SEWA apartemen minimalis di Kemayoran, Jakarta Pusat, Jakarta Pusat.
Unit 1 KT, 1 KM, luas 79m2.
Harga sewa Rp 90 Juta/ Tahun.
Buruan survei!

0 menit ke Stasiun Karet, 0 menit ke Stasiun Stadiun Karet, 1 menit ke Stasiun Bni City
1 menit ke STTGGI (Sekolah Tinggi Teologi Global Glow Indonesia), 1 menit ke TTH Tax Training House (Member of IKPI), 1 menit ke GlobalEdu

	------------------------------------------------------------

	private lift
luas semigross 79 m²
pool view
fasilitas lengkap
fur",15565611.0,-8065611.0,-0.7302,51.8,-2.01,Deep Value Deal (Rare Find),deep,Apartment Springhill Royale Kemayoran 1Br Furnish,Royale Springhill,exact
LST-00761,Royale Springhill • 2BR Furnished (165 m²),https://www.99.co/id/properti/apartemen-disewa-180jt-kemayoran-cp-1013004952,Jakarta Pusat,DKI Jakarta,Kemayoran,"Kemayoran, Jakarta Pusat",Apartemen,15000000.0,90909.09090909093,yearly,2,2,2 Bedroom,165.0,1.045620960964281,0.6729308061336748,Stasiun MRT Dukuh Atas,Tier 1: Core Urban Center (<7km),0,0,0,0,0,0,0,0,1,0,0,0,-6.2,106.816666,listing,0,,"DISEWA apartemen minimalis di Kemayoran, Jakarta Pusat, Jakarta Pusat.
Unit 2 KT, 2 KM, luas 165m2.
Harga sewa Rp 180 Juta/ Tahun.
Buruan survei!

0 menit ke Stasiun Karet, 0 menit ke Stasiun Stadiun Karet, 1 menit ke Stasiun Bni City
1 menit ke STTGGI (Sekolah Tinggi Teologi Global Glow Indonesia), 1 menit ke TTH Tax Training House (Member of IKPI), 1 menit ke GlobalEdu

	------------------------------------------------------------

	Luas semigross 165 m²
kamar tidur : 2br + 1
kamar mandi : 2+1",44419083.0,-29419083.0,-1.0856,66.2,-2.99,Deep Value Deal (Rare Find),deep,Apartment Springhill Royale 2Br + 1 Furnish,Royale Springhill,exact
LST-00762,Unresolved • Jakarta Pusat • 2BR Furnished (90 m²),https://www.99.co/id/properti/apartemen-disewa-186jt-karet-tengsin-cp-1014141251,Jakarta Pusat,DKI Jakarta,Jakarta Pusat,Jakarta Pusat,Apartemen,15500000.0,172222.22222222222,yearly,2,2,2 Bedroom,90.0,0.1131611311874942,1.0505097148155838,Stasiun MRT Dukuh Atas,Tier 1: Core Urban Center (<7km),0,0,0,0,0,0,0,0,1,0,0,0,-6.2098,106.81981,listing,0,,"FOR RENT ONLY. Hunian ekonomis di Karet Tengsin, Jakarta Pusat.
Apartemen dengan 2 kamar tidur & 2 kamar mandi, cocok untuk pasangan muda.
Harga sewa hanya Rp 186 Juta/ Tahun.

1 menit ke MRT Setiabudi, 1 menit ke Halte Karet, 1 menit ke Halte Dukuh Atas 1
0 menit ke LaSalle College Jakarta, 1 menit ke Charis Bible College Jakarta, 1 menit ke LSPR Institute of Communication & Business

	------------------------------------------------------------

	Apartment Name: Sahid Sudirman Residence
Locati",14538153.0,961847.0,0.0641,-6.6,0.18,Fair Market Price,,"Apartemen Sewa 2 Kamar Hemat Siap Huni di Jakarta Pusat, Luas 90m2",,unresolved
LST-00763,Unresolved • Jakarta Barat • 2BR Furnished (49 m²),https://www.99.co/id/properti/apartemen-disewa-60jt-daan-mogot-cp-1015162219,Jakarta Barat,DKI Jakarta,Jakarta Barat,Jakarta Barat,Apartemen,5000000.0,102040.8163265306,yearly,2,1,2 Bedroom,49.0,8.664265627387184,6.357588937754532,Stasiun KRL Tanah Abang,Tier 2: Inner Ring Metro (7-15km),0,0,0,0,0,0,0,0,1,0,0,0,-6.15797,106.760597,listing,0,,"Cari Apartemen Murah?
Ada unit di Jakarta Barat dengan 2 KT & 1 KM siap huni.
Harga sewa mulai Rp 60 Juta/ Tahun.

Anda tak perlu khawatir tentang lokasi karena area apartemen ini strategis. 1 menit ke Halte Transjakarta Taman Kota, 1 menit ke Halte Taman Kota, 1 menit ke Stasiun Taman Kota

	------------------------------------------------------------

	Apartemen di Daan Mogot.

Temukan apartemen 2 lantai yang nyaman ini,  disewakan menawarkan lingkungan fasilitas yang lengkap, cocok untuk Anda",4946611.0,53389.0,0.0107,-1.1,0.03,Fair Market Price,,"Sky Terrace, Pilihan Tepatuntuk Huhnian Modern",,unresolved
LST-00764,Unresolved • Jakarta Barat • 2BR Furnished (65 m²),https://www.99.co/id/properti/apartemen-disewa-88jt-tanjung-duren-cp-1014249984,Jakarta Barat,DKI Jakarta,Jakarta Barat,Jakarta Barat,Apartemen,7333333.333333333,112820.5128205128,yearly,2,1,2 Bedroom,65.0,5.1099202936938335,3.072583709759156,Stasiun KRL Tanah Abang,Tier 1: Core Urban Center (<7km),0,0,0,0,0,0,0,0,0,0,0,0,-6.18036,106.783691,listing,0,,"Butuh Hunian Hemat?
Tersedia unit di Jakarta Barat dengan 2 KT & 1 KM siap huni.
Harga sewa mulai Rp 88 Juta/ Tahun.

Anda tak perlu khawatir soal lokasi karena area apartemen ini strategis. 3 menit ke Halte Ja Connexion Mta Bandara, 3 menit ke Cititrans Central Park, 3 menit ke Halte Ukrida

	------------------------------------------------------------

	Apartemen di Tanjung Duren.

Temukan apartemen 1 lantai yang asri ini,  disewakan menghadirkan lingkungan fasilitas yang lengkap, cocok untuk ",8239347.0,-906013.666666667,-0.1165,11.0,-0.32,Fair Market Price,,Apartemen Strategis 65m2 di Tanjung Duren Jakarta Barat 2 KT,,unresolved
LST-00765,Unresolved • Cengkareng • 2BR Furnished (63 m²),https://www.99.co/id/properti/apartemen-disewa-85jt-cengkareng-cp-1013526331,Jakarta Barat,DKI Jakarta,Cengkareng,"Cengkareng, Jakarta Barat",Apartemen,7083333.333333333,112433.86243386244,yearly,2,1,2 Bedroom,63.0,11.191303974360595,9.052388288360548,Stasiun KRL Tanah Abang,Tier 2: Inner Ring Metro (7-15km),0,0,0,0,0,0,0,0,0,0,0,0,-6.15224905,106.7362572,listing,0,,"[SEWA] Apartemen hemat di Cengkareng dengan spesifikasi lengkap.
Luas 63m2m², dilengkapi 2 kamar tidur dan 1 kamar mandi.
Harga sewa hanya Rp 85 Juta/ Tahun.

Mengapa apartemen ini menarik untuk disewa? Karena lokasinya strategis. 1 menit ke Halte Pabrik Glass, 1 menit ke Halte Dispenda Samsat Barat Arah Grogol, 1 menit ke Halte Pulo Nangka

	------------------------------------------------------------

	Hunian nyaman dengan lokasi strategis dan fasilitas premium.
 Luas: 63 m²
 2 Kamar Tidur
 1 ",5528017.0,1555316.333333333,0.2479,-28.1,0.68,Fair Market Price,,"Apartemen Siap Huni 2 Kamar dengan Harga Hemat di Area Cengkareng, Jakarta Barat",,unresolved
LST-00766,Unresolved • Jakarta Barat • 3BR Furnished (145 m²),https://www.99.co/id/properti/apartemen-disewa-250jt-puri-indah-cp-1013459526,Jakarta Barat,DKI Jakarta,Jakarta Barat,Jakarta Barat,Apartemen,20833333.33333333,143678.1609195402,yearly,3,2,3 Bedroom,145.0,8.871799490960802,7.527029550583822,Stasiun KRL Tanah Abang,Tier 2: Inner Ring Metro (7-15km),0,0,0,0,0,0,0,0,0,0,0,0,-6.18658,106.74292,listing,0,,"Apartemen terjangkau untuk disewa di Jakarta Barat.

Unit ini memiliki 3 kamar tidur dan 2 kamar mandi.
Harga Rp 250 Juta/ Tahun, cocok untuk hunian bagus dan strategis ini.

Lokasinya strategis. 2 menit ke Halte Kejaksaan Negeri Jakbar, 6 menit ke Halte Kebon Jeruk, 7 menit ke Halte Universitas Mercubuana

	------------------------------------------------------------

	✨ FOR SALE / FOR RENT - APARTEMEN WINDSOR ✨
Hunian eksklusif di kawasan elit dengan kenyamanan maksimal & view kota yang menawa",13693630.0,7139703.333333328,0.4196,-52.1,1.15,Premium / High Price,,Disewakan Apartemen Harga Terjangkau di Puri Indah 3 Bedroom,,unresolved
LST-00767,Unresolved • Jakarta Barat • 3BR Furnished (147 m²),https://www.99.co/id/properti/apartemen-disewa-84jt-grogol-cp-1013760789,Jakarta Barat,DKI Jakarta,Jakarta Barat,Jakarta Barat,Apartemen,7000000.0,47619.04761904762,yearly,3,2,3 Bedroom,147.0,6.075848959480751,3.3734173572398243,Stasiun KRL Tanah Abang,Tier 1: Core Urban Center (<7km),0,0,0,1,0,0,0,0,1,0,0,0,-6.16184,106.7919,listing,0,,"Butuh Hunian Hemat?
Tersedia unit di Jakarta Barat dengan 3 KT & 2 KM siap huni.
Harga sewa mulai Rp 84 Juta/ Tahun.

Anda tak perlu khawatir soal lokasi karena area apartemen ini strategis. 1 menit ke Halte Busway Latumeten St. Grogol, 1 menit ke Stasiun Grogol, 1 menit ke Halte Grogol Petamburan

	------------------------------------------------------------

	- Lokasi Strategis
- Siap Huni
- Proses Cepat
- AC 4

",13694933.0,-6694933.0,-0.6711,48.9,-1.85,Deep Value Deal (Rare Find),deep,"Disewakan Apartemen Bagus Daerah Grogol, Jakarta Barat (Kg005339)",,unresolved
LST-00768,Unresolved • Jakarta Barat • 2BR Furnished (45 m²),https://www.99.co/id/properti/apartemen-disewa-45jt-jembatan-besi-cp-1013621036,Jakarta Barat,DKI Jakarta,Jakarta Barat,Jakarta Barat,Apartemen,3750000.0,83333.33333333333,yearly,2,1,2 Bedroom,45.0,6.636672819990188,3.8613980988043335,Stasiun KRL Tanah Abang,Tier 1: Core Urban Center (<7km),0,0,0,0,0,0,0,0,1,0,0,0,-6.15301,106.798668,listing,0,,"Butuh Hunian Hemat?
Ada unit di Jakarta Barat dengan 2 KT & 1 KM siap huni.
Harga sewa mulai Rp 45 Juta/ Tahun.

Anda tak perlu khawatir soal lokasi karena area apartemen ini strategis. 1 menit ke Halte Jembatan Besi, 1 menit ke Stasiun Duri, 3 menit ke Stasiun Angke

	------------------------------------------------------------

	Apartemen di Jembatan Besi.

Dapatkan apartemen 28 lantai yang nyaman ini,  disewakan menghadirkan lingkungan fasilitas yang lengkap, cocok untuk Anda yang menginginka",5556423.0,-1806423.0,-0.3932,32.5,-1.08,Good Deal (Undervalued),good,Disewakan Apartemen Murah di Jembatan Besi 2 Bedroom,,unresolved
LST-00769,Unresolved • Jakarta Barat • Studio Furnished (53 m²),https://www.99.co/id/properti/apartemen-disewa-70jt-kedoya-selatan-cp-1013979353,Jakarta Barat,DKI Jakarta,Jakarta Barat,Jakarta Barat,Apartemen,5833333.333333333,110062.893081761,yearly,0,0,Studio / 1BR,53.0,7.138295125536762,5.462472766001763,Stasiun KRL Tanah Abang,Tier 2: Inner Ring Metro (7-15km),0,0,0,0,0,0,0,0,1,0,0,0,-6.181001,106.761795,listing,0,,"FOR RENT ONLY. Hunian hemat di Kedoya Selatan, Jakarta Barat.
Apartemen dengan 0 kamar tidur & 0 kamar mandi, cocok untuk pasangan muda.
Harga sewa hanya Rp 70 Juta/ Tahun.

2 menit ke Halte Kedoya Panjang, 2 menit ke Halte Busway Kedoya Ash-shiddiqayya, 2 menit ke Halte Kebon Jeruk
1 menit ke Akatelkom Indonesia Gemilang, 2 menit ke ISTA Al-Kamal (Institut Sains dan Teknologi Al-Kamal), 2 menit ke Universitas Mpu Tantular Kampus B

	------------------------------------------------------------

",6402853.0,-569519.666666667,-0.0932,8.9,-0.26,Fair Market Price,,"Apartemen Sewa 0 Kamar Hemat Siap Huni di Jakarta Barat, Luas 53m2",,unresolved
LST-00770,Residence 8 Senopati • 3BR Full Furnished (88 m²),https://www.99.co/id/properti/apartemen-disewa-95jt-kedoya-selatan-cp-1013006727,Jakarta Barat,DKI Jakarta,Jakarta Barat,Jakarta Barat,Apartemen,7916666.666666667,89962.12121212122,yearly,3,3,3 Bedroom,88.0,7.138295125536762,5.462472766001763,Stasiun KRL Tanah Abang,Tier 2: Inner Ring Metro (7-15km),1,0,0,0,0,0,1,0,1,0,0,0,-6.181001,106.761795,listing,0,,"Apartemen terjangkau untuk disewa di Jakarta Barat.

Unit ini memiliki 3 kamar tidur dan 3 kamar mandi.
Harga Rp 95 Juta/ Tahun, cocok untuk hunian bagus dan strategis ini.

Lokasinya strategis. 2 menit ke Halte Kedoya Panjang, 2 menit ke Halte Busway Kedoya Ash-shiddiqayya, 2 menit ke Halte Kebon Jeruk

	------------------------------------------------------------

	Disewakan Apartemen Metropark Residence 3Br Fully Furnished
*Luas : 88m2
*Full Furnished
*3+1Bedroom
*Fasilitas : Swimming pool, J",7608453.0,308213.666666667,0.0397,-4.1,0.11,Fair Market Price,,Disewakan Apartemen Metropark Residence 3Br Fully Furnished,Residence 8 Senopati,fuzzy
LST-00771,Grand Madison • 3BR Full Furnished (80 m²),https://www.99.co/id/properti/apartemen-disewa-150jt-central-park-cp-1012328845,Jakarta Barat,DKI Jakarta,Jakarta Barat,Jakarta Barat,Apartemen,12500000.0,156250.0,yearly,3,2,3 Bedroom,80.0,9.818744389211442,7.6858570511275905,Stasiun KRL Tanah Abang,Tier 2: Inner Ring Metro (7-15km),1,0,0,0,0,0,0,0,1,0,0,0,-6.1585,106.747,listing,0,,"Apartemen terjangkau untuk disewa di Jakarta Barat.

Unit ini memiliki 3 kamar tidur dan 2 kamar mandi.
Harga Rp 150 Juta/ Tahun, cocok untuk hunian bagus dan strategis ini.

Lokasinya strategis. 3 menit ke Stasiun Taman Kota, 3 menit ke Halte Dispenda Samsat Barat Arah Grogol, 3 menit ke Halte Pulo Nangka

	------------------------------------------------------------

	WTR Apartemen Grand Madison
Central Park... 
Fully furnish
Uk : 80 - 2+1BR 
160jt / thn

Hubungi 
kokoagus.properti
081818xxxx ",8052789.0,4447211.0,0.4397,-55.2,1.21,Premium / High Price,,Disewa Apartemen Grand Madison Central Park,Grand Madison,exact
LST-00772,Unresolved • Jakarta Barat • 2BR Furnished (36 m²),https://www.99.co/id/properti/apartemen-disewa-60jt-daan-mogot-cp-1013298807,Jakarta Barat,DKI Jakarta,Jakarta Barat,Jakarta Barat,Apartemen,5000000.0,138888.88888888888,yearly,2,1,2 Bedroom,36.0,8.664265627387184,6.357588937754532,Stasiun KRL Tanah Abang,Tier 2: Inner Ring Metro (7-15km),0,0,0,0,0,0,0,0,1,0,0,0,-6.15797,106.760597,listing,0,,"Hunian hemat siap huni di Daan Mogot, Jakarta Barat. Bisa langsung sewa!

Spesifikasi: 2 KT, 1 KM, luas 36m2.
Harga sewa: Rp 60 Juta/ Tahun.

Apartemen ini jadi favorit karena akses transportasi umum yang mudah. 1 menit ke Halte Transjakarta Taman Kota, 1 menit ke Halte Taman Kota, 1 menit ke Stasiun Taman Kota

Jangan sampai kehabisan unit!

	------------------------------------------------------------

	Kesempatan terbatas buat Anda dapatkan apartemen strategis dengan return investasi tinggi d",3357230.0,1642770.0,0.3983,-48.9,1.1,Premium / High Price,,Sewa Apartemen Bagus Siap Huni Lokasi Strategis,,unresolved
LST-00773,Condominium Taman Anggrek • 1BR Furnished (38 m²),https://www.99.co/id/properti/apartemen-disewa-75jt-taman-anggrek-cp-1014028404,Jakarta Barat,DKI Jakarta,Jakarta Barat,Jakarta Barat,Apartemen,6250000.0,164473.68421052632,yearly,1,1,Studio / 1BR,38.0,4.610219595941524,2.4387411788181472,Stasiun KRL Tanah Abang,Tier 1: Core Urban Center (<7km),0,0,0,0,0,0,0,0,0,0,0,0,-6.180502,106.78952,listing,0,,"Apartemen terjangkau untuk disewa di Jakarta Barat.

Unit ini memiliki 1 kamar tidur dan 1 kamar mandi.
Harga Rp 75 Juta/ Tahun, cocok untuk hunian bagus dan strategis ini.

Lokasinya strategis. 1 menit ke Halte Ja Connexion Mta Bandara, 1 menit ke Cititrans Central Park, 2 menit ke Pangkalan Blue Bird Central Park Lobby Laguna

	------------------------------------------------------------

	Disewakan Bagus, Cozy, Bersih 1 Bedroom Taman Anggrek Residence

",4939297.0,1310703.0,0.2354,-26.5,0.65,Fair Market Price,,"Apartemen Minimalis untuk Disewa, 1 Kamar di Jakarta Barat",Condominium Taman Anggrek,exact
LST-00774,Condominium Taman Anggrek • 1BR Furnished (50 m²),https://www.99.co/id/properti/apartemen-disewa-105jt-taman-anggrek-cp-1013134240,Jakarta Barat,DKI Jakarta,Jakarta Barat,Jakarta Barat,Apartemen,8750000.0,175000.0,yearly,1,1,Studio / 1BR,50.0,4.610219595941524,2.4387411788181472,Stasiun KRL Tanah Abang,Tier 1: Core Urban Center (<7km),0,0,0,0,0,0,0,0,0,0,0,0,-6.180502,106.78952,listing,0,,"FOR RENT ONLY. Hunian ekonomis di Taman Anggrek, Jakarta Barat.
Apartemen dengan 1 kamar tidur & 1 kamar mandi, pas untuk pasangan muda.
Harga sewa hanya Rp 105 Juta/ Tahun.

1 menit ke Halte Ja Connexion Mta Bandara, 1 menit ke Cititrans Central Park, 2 menit ke Pangkalan Blue Bird Central Park Lobby Laguna
1 menit ke Akademi Kesehatan Swakarsa, 1 menit ke Podomoro University (Universitas Agung Podomoro), 2 menit ke Wall Street English Central Park

	--------------------------------------------",6583189.0,2166811.0,0.2845,-32.9,0.78,Premium / High Price,,Disewakan Cozy 1 Bedroom 50Sqm Condo Taman Anggrek Residence,Condominium Taman Anggrek,exact
LST-00775,Unresolved • Jakarta Barat • 2BR Furnished (88 m²),https://www.99.co/id/properti/apartemen-disewa-130jt-puri-indah-cp-1014559590,Jakarta Barat,DKI Jakarta,Jakarta Barat,Jakarta Barat,Apartemen,10833333.333333334,123106.0606060606,yearly,2,2,2 Bedroom,88.0,8.871799490960802,7.527029550583822,Stasiun KRL Tanah Abang,Tier 2: Inner Ring Metro (7-15km),0,0,0,0,0,0,0,0,0,0,0,0,-6.18658,106.74292,listing,0,,"FOR RENT ONLY. Hunian hemat di Puri Indah, Jakarta Barat.
Apartemen dengan 2 kamar tidur & 2 kamar mandi, pas untuk pasangan muda.
Harga sewa hanya Rp 130 Juta/ Tahun.

2 menit ke Halte Kejaksaan Negeri Jakbar, 6 menit ke Halte Kebon Jeruk, 7 menit ke Halte Universitas Mercubuana
4 menit ke Universitas Mpu Tantular Kampus B, 5 menit ke ISTA Al-Kamal (Institut Sains dan Teknologi Al-Kamal), 6 menit ke STIKes Kesosi (Sekolah Tinggi Ilmu Kesehatan Kesetiakawanan Sosial Indonesia)

	----------------",8746652.0,2086681.333333334,0.214,-23.9,0.59,Fair Market Price,,"Siap Huni, Apartemen, Strata, di Puri Indah",,unresolved
LST-00776,Condominium Taman Anggrek Tower E • 2BR Furnished (50 m²),https://www.99.co/id/properti/apartemen-disewa-80jt-taman-anggrek-cp-1015080404,Jakarta Barat,DKI Jakarta,Jakarta Barat,Jakarta Barat,Apartemen,6666666.666666667,133333.33333333334,yearly,2,1,2 Bedroom,50.0,4.610219595941524,2.4387411788181472,Stasiun KRL Tanah Abang,Tier 1: Core Urban Center (<7km),0,0,0,0,0,0,0,0,0,0,0,0,-6.180502,106.78952,listing,0,,"Disewakan apartemen murah di Taman Anggrek, Jakarta Barat.
Memiliki 2 kamar tidur, 1 kamar mandi, serta luas 50m2.
Harga sewa Rp 80 Juta/ Tahun

Area paling strategis. 1 menit ke Halte Ja Connexion Mta Bandara, 1 menit ke Cititrans Central Park, 2 menit ke Pangkalan Blue Bird Central Park Lobby Laguna

	------------------------------------------------------------

	DISEWAKAN APARTEMEN TARES 2 BEDROOM HOOK - TOWER E, LANTAI RENDAH

Unit 2 bedroom posisi hook di Tower E dengan luas 50 m². Berada d",6326694.0,339972.666666667,0.0523,-5.4,0.14,Fair Market Price,,"Disewakan Apartemen Tares 2 Bedroom Hook - Tower E, Lantai Rendah",Condominium Taman Anggrek,exact
LST-00777,Royal Mediterania Garden • 2BR Furnished (42 m²),https://www.99.co/id/properti/apartemen-disewa-65jt-central-park-cp-1015080413,Jakarta Barat,DKI Jakarta,Jakarta Barat,Jakarta Barat,Apartemen,5416666.666666667,128968.25396825398,yearly,2,1,2 Bedroom,42.0,4.7633463918655625,2.40091462710712,Stasiun KRL Tanah Abang,Tier 1: Core Urban Center (<7km),0,0,0,0,0,0,0,0,0,0,0,0,-6.177137,106.790977,listing,0,,"Apartemen harga hemat untuk disewa di Jakarta Barat.

Unit ini memiliki 2 kamar tidur dan 1 kamar mandi.
Harga Rp 65 Juta/ Tahun, cocok untuk hunian bagus dan strategis ini.

Lokasinya strategis. 0 menit ke Cititrans Central Park, 1 menit ke Zona Rocp Grogol, 1 menit ke Halte Tanjung Duren Arah Barat

	------------------------------------------------------------

	DISEWAKAN APARTEMEN ROYAL MEDITERANIA - 2 BEDROOM, LANTAI TINGGI

Unit 2 bedroom di Royal Mediterania dengan luas 42 m² dan posisi la",5162551.0,254115.66666666695,0.048,-4.9,0.13,Fair Market Price,,"Disewakan Apartemen Royal Mediterania - 2 Bedroom, Lantai Tinggi",Royal Mediterania Garden,exact
LST-00778,Condominium Taman Anggrek • 3BR Furnished (65 m²),https://www.99.co/id/properti/apartemen-disewa-130jt-taman-anggrek-cp-1015080025,Jakarta Barat,DKI Jakarta,Jakarta Barat,Jakarta Barat,Apartemen,10833333.333333334,166666.6666666667,yearly,3,2,3 Bedroom,65.0,4.610219595941524,2.4387411788181472,Stasiun KRL Tanah Abang,Tier 1: Core Urban Center (<7km),0,0,0,0,0,0,0,0,0,0,0,0,-6.180502,106.78952,listing,0,,"Apartemen harga hemat untuk disewa di Jakarta Barat.

Unit ini memiliki 3 kamar tidur dan 2 kamar mandi.
Harga Rp 130 Juta/ Tahun, cocok untuk hunian bagus dan strategis ini.

Lokasinya strategis. 1 menit ke Halte Ja Connexion Mta Bandara, 1 menit ke Cititrans Central Park, 2 menit ke Pangkalan Blue Bird Central Park Lobby Laguna

	------------------------------------------------------------

	 DISEWAKAN APARTEMEN TAMAN ANGGREK RESIDENCE

 Tower Daffodil | High Floor ( View City ) 

✨ 3 Bedroom ",8596995.0,2236338.333333334,0.2312,-26.0,0.64,Fair Market Price,,Disewakan Apartemen Taman Anggrek Residence 3 Bedroom,Condominium Taman Anggrek,exact
LST-00779,Condominium Taman Anggrek • 2BR Furnished (88 m²),https://www.99.co/id/properti/apartemen-disewa-95jt-taman-anggrek-cp-1015080250,Jakarta Barat,DKI Jakarta,Jakarta Barat,Jakarta Barat,Apartemen,7916666.666666667,89962.12121212122,yearly,2,1,2 Bedroom,88.0,4.610219595941524,2.4387411788181472,Stasiun KRL Tanah Abang,Tier 1: Core Urban Center (<7km),0,0,0,0,0,0,0,0,0,0,0,0,-6.180502,106.78952,listing,0,,"Cari Apartemen Murah?
Tersedia unit di Jakarta Barat dengan 2 KT & 1 KM siap huni.
Harga sewa mulai Rp 95 Juta/ Tahun.

Anda tak perlu khawatir tentang lokasi karena area apartemen ini strategis. 1 menit ke Halte Ja Connexion Mta Bandara, 1 menit ke Cititrans Central Park, 2 menit ke Pangkalan Blue Bird Central Park Lobby Laguna

	------------------------------------------------------------

	DISEWAKAN APARTEMEN TAMAN ANGGREK - 2 BEDROOM, LANTAI TINGGI

Unit 2 bedroom di Taman Anggrek dengan lua",12332745.0,-4416078.333333333,-0.4433,35.8,-1.22,Good Deal (Undervalued),good,"Disewakan Apartemen Taman Anggrek - 2 Bedroom, Lantai Tinggi",Condominium Taman Anggrek,exact
LST-00780,West Vista Puri • Studio Furnished (30 m²),https://www.99.co/id/properti/apartemen-disewa-45jt-cengkareng-cp-1010805335,Jakarta Barat,DKI Jakarta,Cengkareng,"Cengkareng, Jakarta Barat",Apartemen,3750000.0,125000.0,yearly,1,1,Studio / 1BR,30.0,10.592648045704957,8.350882730974956,Stasiun KRL Tanah Abang,Tier 2: Inner Ring Metro (7-15km),0,0,0,0,0,0,0,0,0,0,0,0,-6.15072,106.74405,listing,0,,"Apartemen Murah Disewakan!
- Lokasi: Cengkareng, Jakarta Barat, Jakarta Barat
- 1 KT, 1 KM
- Luas 30m2
- Harga: Rp 45 Juta/ Tahun

Lokasi strategis. 2 menit ke Halte Dispenda Samsat Barat Arah Grogol, 2 menit ke Halte Pulo Nangka, 3 menit ke Halte Pabrik Glass

	------------------------------------------------------------

	Disewakan unit apartemen di The Chrest at West Vista, Jakarta Barat.

Tipe Studio / 1 BR / 2 BR
Dekat ke akses tol
Selangkah ke commuter line
Lokasi strategis
View Kota/city/",3219384.0,530616.0,0.1526,-16.5,0.42,Fair Market Price,,Sewa Apartemen Studio West Vista Jakarta Barat,West Vista Puri,exact
LST-00781,Unresolved • Cengkareng • Studio Furnished (31 m²),https://www.99.co/id/properti/apartemen-disewa-40jt-cengkareng-cp-1013617537,Jakarta Barat,DKI Jakarta,Cengkareng,"Cengkareng, Jakarta Barat",Apartemen,3333333.333333333,107526.88172043012,yearly,0,1,Studio / 1BR,31.0,11.191303974360595,9.052388288360548,Stasiun KRL Tanah Abang,Tier 2: Inner Ring Metro (7-15km),0,0,0,0,0,0,0,0,0,0,0,0,-6.15224905,106.7362572,listing,0,,"Apartemen Murah Disewakan!
- Lokasi: Cengkareng, Jakarta Barat, Jakarta Barat
- 0 KT, 1 KM
- Luas 31m2
- Harga: Rp 40 Juta/ Tahun

Lokasi strategis. 1 menit ke Halte Pabrik Glass, 1 menit ke Halte Dispenda Samsat Barat Arah Grogol, 1 menit ke Halte Pulo Nangka

	------------------------------------------------------------

	Studio 31
Lantai 2
sewa 40juta setahun
jual 680 juta

",3477960.0,-144626.66666666698,-0.0425,4.2,-0.12,Fair Market Price,,Apartemen Harga Murah dengan 0 BR & 1 KM di Cengkareng Jakarta Barat,,unresolved
LST-00782,Unresolved • Cengkareng • 1BR Furnished (91 m²),https://www.99.co/id/properti/apartemen-disewa-90jt-cengkareng-cp-1013617576,Jakarta Barat,DKI Jakarta,Cengkareng,"Cengkareng, Jakarta Barat",Apartemen,7500000.0,82417.58241758242,yearly,1,1,Studio / 1BR,91.0,11.191303974360595,9.052388288360548,Stasiun KRL Tanah Abang,Tier 2: Inner Ring Metro (7-15km),0,0,0,0,0,0,0,0,0,0,0,0,-6.15224905,106.7362572,listing,0,,"Apartemen Murah Disewakan!
- Lokasi: Cengkareng, Jakarta Barat, Jakarta Barat
- 1 KT, 1 KM
- Luas 91m2
- Harga: Rp 90 Juta/ Tahun

Lokasi strategis. 1 menit ke Halte Pabrik Glass, 1 menit ke Halte Dispenda Samsat Barat Arah Grogol, 1 menit ke Halte Pulo Nangka

	------------------------------------------------------------

	West Vista
1 Kamar tidur
Furnish
Lantai 36
90 juta pertahun nego

",8125795.0,-625795.0,-0.0801,7.7,-0.22,Fair Market Price,,"Ada Unit Apartemen Murah Disewa di Cengkareng, Jakarta Barat 1 BR",,unresolved
LST-00783,Transpark Cibubur • Studio Full Furnished (22 m²),https://www.99.co/id/properti/apartemen-disewa-47jt-cibubur-cp-1014593024,Jakarta Timur,DKI Jakarta,Jakarta Timur,Jakarta Timur,Apartemen,3916666.6666666665,178030.303030303,yearly,1,1,Studio / 1BR,22.0,18.36377962780643,8.982117676463927,Stasiun KRL Depok Baru,Tier 3: Outer Commuter Ring (15-28km),1,0,0,0,0,0,1,0,1,0,0,0,-6.35611,106.895111,listing,0,,"Cari Apartemen Murah?
Tersedia unit di Jakarta Timur dengan 1 KT & 1 KM siap huni.
Harga sewa mulai Rp 47 Juta/ Tahun.

Anda tak perlu khawatir soal lokasi karena area apartemen ini strategis. 6 menit ke LRT Harjamukti, 10 menit ke Tol Cimanggis, 9 menit ke Stasiun LRT Ciracas

	------------------------------------------------------------

	Disewakan Apartemen Trans Studio Cibubur
Luas 22m²
Type studio 
Full furnish
Lantai 10 tower Borealis
View kolam renang 
Harga 47juta/tahun nego
HD28.07.26

",3518786.0,397880.6666666665,0.1071,-11.3,0.29,Fair Market Price,,Disewakan Apartemen Trans Studio Cibubur,Transpark Cibubur,exact
LST-00784,Tifolia Apartment • 2BR Full Furnished (43 m²),https://www.99.co/id/properti/apartemen-disewa-50jt-pulomas-cp-1002936218,Jakarta Timur,DKI Jakarta,Jakarta Timur,Jakarta Timur,Apartemen,4166666.6666666665,96899.22480620154,yearly,2,1,2 Bedroom,43.0,8.124077474088894,5.3934662707657095,Stasiun KRL Manggarai,Tier 2: Inner Ring Metro (7-15km),1,0,0,0,0,0,0,0,1,0,0,0,-6.17726,106.88629,listing,0,,"FOR RENT ONLY. Hunian hemat di Pulomas, Jakarta Timur.
Apartemen dengan 2 kamar tidur & 1 kamar mandi, pas untuk pasangan muda.
Harga sewa hanya Rp 50 Juta/ Tahun.

2 menit ke LRT Pulomas Station, 2 menit ke Stasiun LRT Equestrian, 3 menit ke Halte Pulo Mas Bypass
1 menit ke Institut Bisnis Nusantara (IBN), 1 menit ke ASEKMA Don Bosco (Akademi Sekretari dan Manajemen Don Bosco), 1 menit ke STIMar AMI

	------------------------------------------------------------

	View City. Dekat Busway Dan LRT",4902802.0,-736135.3333333335,-0.1627,15.0,-0.45,Fair Market Price,,"Apartemen Tifolia Full Furnished, Lokasi Strategis, Siap Huni",Tifolia Apartment,exact
LST-00785,Unresolved • Jakarta Timur • 4BR+ Furnished (278 m²),https://www.99.co/id/properti/apartemen-disewa-180jt-pulomas-cp-1001820110,Jakarta Timur,DKI Jakarta,Jakarta Timur,Jakarta Timur,Apartemen,15000000.0,53956.8345323741,yearly,4,3,4+ Bedroom,278.0,8.124077474088894,5.3934662707657095,Stasiun KRL Manggarai,Tier 2: Inner Ring Metro (7-15km),0,0,0,0,0,0,0,0,1,0,1,0,-6.17726,106.88629,listing,0,,"Sewa apartemen hemat di Pulomas, Jakarta Timur.
Memiliki 4 kamar tidur, 3 kamar mandi, serta luas 278m2.
Harga sewa Rp 180 Juta/ Tahun

Area paling strategis. 2 menit ke LRT Pulomas Station, 2 menit ke Stasiun LRT Equestrian, 3 menit ke Halte Pulo Mas Bypass

	------------------------------------------------------------

	Apartment 2 in 1,
Seluas 278m2
Hadap Utara & Selatan

Berfasilitas:
- 1 Master bedroom
- 3 kamar tidur
- 2 kamar pembantu
- 3 kamar mandi
- 1 dapur
- 2 service area
- 2 teras u",19172927.0,-4172927.0,-0.2454,21.8,-0.67,Fair Market Price,,"Apartemen Minimalis untuk Disewa, 4 Kamar di Jakarta Timur",,unresolved
LST-00786,Sedayu City Suites • Studio Furnished (60 m²),https://www.99.co/id/properti/apartemen-disewa-70jt-cakung-cp-1015032077,Jakarta Timur,DKI Jakarta,Cakung,"Cakung, Jakarta Timur",Apartemen,5833333.333333333,97222.22222222222,yearly,0,1,Studio / 1BR,60.0,14.28344921892035,11.059408666635788,Stasiun KRL Depok Baru,Tier 2: Inner Ring Metro (7-15km),0,0,0,0,0,0,0,0,1,0,0,0,-6.31741,106.889,listing,0,,"[SEWA] Apartemen hemat di Cakung dengan spesifikasi lengkap.
Luas 60m2m², dilengkapi 0 kamar tidur dan 1 kamar mandi.
Harga sewa hanya Rp 70 Juta/ Tahun.

Mengapa unit ini menarik untuk disewa? Karena lokasinya strategis. 2 menit ke Stasiun LRT Ciracas, 2 menit ke Stasiun LRT Kampung Rambutan, 3 menit ke LRT Kampung Rambutan

	------------------------------------------------------------

	Apartemen di Cakung.

Temukan apartemen 12 lantai yang modern ini,  disewakan menawarkan lingkungan fasilita",7955967.0,-2122633.666666667,-0.3103,26.7,-0.85,Good Deal (Undervalued),good,Disewa Apartemen Sedayu City Cakung Jakarta Timur,Sedayu City Suites,exact
LST-00787,Unresolved • Jatinegara • Studio Full Furnished (34 m²),https://www.99.co/id/properti/apartemen-disewa-400rb-jatinegara-cp-1013879764,Jakarta Timur,DKI Jakarta,Jatinegara,"Jatinegara, Jakarta Timur",Apartemen,12000000.0,352941.17647058825,daily,0,0,Studio / 1BR,34.0,14.28344921892035,11.059408666635788,Stasiun KRL Depok Baru,Tier 2: Inner Ring Metro (7-15km),1,0,0,0,0,0,0,0,0,0,0,0,-6.31741,106.889,listing,0,,"Apartemen disewa murah:
- 0 Bedroom
- 0 Bathroom
- Luas 34m2
- Lokasi: Jatinegara, Jakarta Timur, Jakarta Timur
- Harga: Rp 400 Ribu/ Hari

Hubungi sekarang!

	------------------------------------------------------------

	Apartment Bassura City 2 BR 
fully furnished

",5993389.0,6006611.0,0.6942,-100.2,1.91,Overpriced / Luxury Tag,,"Apartemen Siap Huni 0 BR dengan Harga Hemat di Area Jatinegara, Jakarta Timur",,unresolved
LST-00788,Unresolved • Jatinegara • 2BR Full Furnished (34 m²),https://www.99.co/id/properti/apartemen-disewa-48jt-jatinegara-cp-1013967359,Jakarta Timur,DKI Jakarta,Jatinegara,"Jatinegara, Jakarta Timur",Apartemen,4000000.0,117647.0588235294,yearly,2,1,2 Bedroom,34.0,6.670137921392139,3.581676443291726,Stasiun KRL Manggarai,Tier 1: Core Urban Center (<7km),1,0,0,0,0,0,0,0,1,0,0,0,-6.22750897,106.8773311,listing,0,,"Apartemen harga terjangkau untuk disewa:
- Lokasi: Jatinegara, Jakarta Timur, Jakarta Timur
- 2 Kamar Tidur
- 1 Kamar Mandi
- Luas 34m2
- Harga: Rp 48 Juta/ Tahun

Lokasi strategis. 1 menit ke Halte Kebon Nanas, 3 menit ke Halte Busway Cawang Otista, 3 menit ke Halte Bidara Cina

	------------------------------------------------------------

	disewakan apartemen Bassura City, 
       Jatinegara Jakarta Timur
tower D 
LB : 34m
2 BR, 
fully furnished
listrik : 2.200watt
Connecting Mall Bassura
  F",4063418.0,-63418.0,-0.0157,1.6,-0.04,Fair Market Price,,Apartemen Murah dengan 2 BR & 1 KM di Jatinegara Jakarta Timur,,unresolved
LST-00789,Patria Park Cawang • 2BR Full Furnished (52 m²),https://www.99.co/id/properti/apartemen-disewa-84jt-jatinegara-cp-1014666263,Jakarta Timur,DKI Jakarta,Jatinegara,"Jatinegara, Jakarta Timur",Apartemen,7000000.0,134615.38461538462,yearly,2,1,2 Bedroom,52.0,7.283068998726783,4.689407847108651,Stasiun KRL Manggarai,Tier 2: Inner Ring Metro (7-15km),1,0,0,0,0,0,0,0,1,0,0,0,-6.243439,106.875919,listing,0,,"[SEWA] Apartemen hemat di Jatinegara dengan spesifikasi lengkap.
Luas 52m2m², dilengkapi 2 kamar tidur dan 1 kamar mandi.
Harga sewa hanya Rp 84 Juta/ Tahun.

Mengapa unit ini menarik untuk disewa? Karena lokasinya strategis. 0 menit ke Halte Simpang Cawang, 1 menit ke Halte Transjakarta BNN Arah Grogol, 1 menit ke Halte Halim

	------------------------------------------------------------

	Apartemen 31 lantai di Jatinegara, Jakarta Timur.

For rent di wilayah yang tenang. Dengan spesifikasinya ",5384835.0,1615165.0,0.2623,-30.0,0.72,Fair Market Price,,Di Sewakan Apartemen Full Furnished di Patria Park Jatinegara Jakarta Timur,Patria Park Cawang,exact
LST-00790,Unresolved • Jakarta Timur • 3BR Furnished (141 m²),https://www.99.co/id/properti/apartemen-disewa-160jt-kayu-putih-cp-1014450959,Jakarta Timur,DKI Jakarta,Jakarta Timur,Jakarta Timur,Apartemen,13333333.333333334,94562.64775413711,yearly,3,2,3 Bedroom,141.0,12.117818946163302,9.025205676502278,Stasiun KRL Manggarai,Tier 2: Inner Ring Metro (7-15km),0,0,0,0,0,0,0,0,0,0,0,0,-6.17709245,106.9248755,subdistrict_centroid,1,,"Hunian murah siap huni di Kayu Putih, Jakarta Timur. Bisa langsung sewa!

Spesifikasi: 3 KT, 2 KM, luas 141m2.
Harga sewa: Rp 160 Juta/ Tahun.

Apartemen ini jadi incaran karena akses transportasi umum yang mudah. 

Ayo survei sekarang!

	------------------------------------------------------------

	Di sewa Apartemen Pasadenia pulomas unit hook 3 bedroom hadap timur di kayu putih, pulo gadung, jakarta timur

Luas : 141m2
Posisi Tanah : Hook
Hadap :Timur + Utara
Lantai : 2
Kamar Tidur : 3
",13251726.0,81607.33333333395,0.0061,-0.6,0.02,Fair Market Price,,"Apartemen Pasadenia Pulomas Unit Hook 3 Bedroom Hadap Timur di Kayu Putih, Pulo Gadung, Jakarta Timur",,unresolved
LST-00791,Residence 8 Senopati • 2BR Full Furnished (37 m²),https://www.99.co/id/properti/apartemen-disewa-72jt-cijantung-cp-1014871133,Jakarta Timur,DKI Jakarta,Jakarta Timur,Jakarta Timur,Apartemen,6000000.0,162162.16216216216,yearly,2,1,2 Bedroom,37.0,14.046467392076,8.881145591034752,Stasiun KRL Depok Baru,Tier 2: Inner Ring Metro (7-15km),1,0,0,0,0,0,0,0,1,0,0,0,-6.32577,106.867989,listing,0,,"Disewakan apartemen hemat di Cijantung, Jakarta Timur.
Memiliki 2 kamar tidur, 1 kamar mandi, serta luas 37m2.
Harga sewa Rp 72 Juta/ Tahun

Area paling strategis. 5 menit ke Stasiun LRT Ciracas, 6 menit ke Stasiun LRT Kampung Rambutan, 6 menit ke LRT Kampung Rambutan

	------------------------------------------------------------

	Hunian strategis, nyaman dan aman di Cijantung yg memiliki akses dan kemudahan mobilitas yang mudah menuju TB Simatupang, Cawang, serta berbagai kawasan bisnis di Jak",3907183.0,2092817.0,0.4289,-53.6,1.18,Premium / High Price,,"Disewakan 2 Bedrooms Fully Furnished di The Belton Residence Cijantung, Jaktim",Residence 8 Senopati,fuzzy
LST-00792,Tifolia Apartment • Studio Furnished (21 m²),https://www.99.co/id/properti/apartemen-disewa-27jt-kayu-putih-cp-1006024634,Jakarta Timur,DKI Jakarta,Jakarta Timur,Jakarta Timur,Apartemen,2250000.0,107142.85714285714,yearly,1,1,Studio / 1BR,21.0,8.777883745205392,5.920650792462112,Stasiun KRL Manggarai,Tier 2: Inner Ring Metro (7-15km),0,0,0,0,0,0,0,0,1,0,0,0,-6.17809,106.89315,listing,0,,"Cari Apartemen Murah?
Tersedia unit di Jakarta Timur dengan 1 KT & 1 KM siap huni.
Harga sewa mulai Rp 27 Juta/ Tahun.

Anda tidak perlu khawatir soal lokasi karena area apartemen ini strategis. 0 menit ke LRT Pulomas Station, 2 menit ke Stasiun LRT Equestrian, 3 menit ke Stasiun LRT Kelapa Gading

	------------------------------------------------------------

	Disewakan Apartemen Tifolia
Jl. Perintis Kemerdekaan No.23
Kayu Putih - Pulo Gadung
Jakarta Timur 13210

Tipe Studio
Luas Bangunan 21m2
",2381974.0,-131974.0,-0.057,5.5,-0.16,Fair Market Price,,Disewakan Apartemen Tifolia Tipe Studio Lokasi Strategis,Tifolia Apartment,exact
LST-00793,Cleon Park JGC • 2BR Full Furnished (60 m²),https://www.99.co/id/properti/apartemen-disewa-80jt-cakung-cp-1014953411,Jakarta Timur,DKI Jakarta,Cakung,"Cakung, Jakarta Timur",Apartemen,6666666.666666667,111111.11111111112,yearly,2,0,2 Bedroom,60.0,15.20292090505915,8.668463417624288,Stasiun KRL Bekasi,Tier 3: Outer Commuter Ring (15-28km),1,0,0,0,0,0,0,0,1,0,0,0,-6.173440416966585,106.95284645256568,listing,0,,"Apartemen harga terjangkau disewakan di Cakung, Jakarta Timur, Jakarta Timur.
Apartemen ini memiliki 2 kamar tidur & 0 kamar mandi dengan luas 60m2m².
Cocok untuk tempat tinggal strategis dengan harga terjangkau.

5 menit ke Terminal Pulogebang, 11 menit ke Halte Busway Walikota Kota Administrasi Jakarta Timur Arah Terminal Pulo Gebang, 11 menit ke Stasiun LRT Pegangsaan Dua
3 menit ke Sekolah Tinggi Manajemen Informatika & Komputer Laksi 31, 4 menit ke Kampus STIE YPBI, 4 menit ke ISWI Fashion ",7488006.0,-821339.333333333,-0.1162,11.0,-0.32,Fair Market Price,,Disewakan 2 Bedroom Apartemen Cleon Park Full Furnish,Cleon Park JGC,exact
LST-00794,Cleon Park JGC • Studio Furnished (32 m²),https://www.99.co/id/properti/apartemen-disewa-5jt-jakarta-garden-city-cp-1014754000,Jakarta Timur,DKI Jakarta,Jakarta Timur,Jakarta Timur,Apartemen,5000000.0,156250.0,monthly,1,1,Studio / 1BR,32.0,15.30011241273674,8.239379108457513,Stasiun KRL Bekasi,Tier 3: Outer Commuter Ring (15-28km),0,0,0,0,0,0,0,0,1,0,0,0,-6.1769249,106.95464,listing,0,,"FOR RENT ONLY. Hunian hemat di Jakarta Garden City, Jakarta Timur.
Apartemen dengan 1 kamar tidur & 1 kamar mandi, pas untuk pasangan muda.
Harga sewa hanya Rp 5 Juta/ Bulan.

4 menit ke Terminal Pulogebang, 10 menit ke Halte Busway Walikota Kota Administrasi Jakarta Timur Arah Terminal Pulo Gebang, 11 menit ke Stasiun Cakung
2 menit ke Sekolah Tinggi Manajemen Informatika & Komputer Laksi 31, 3 menit ke Kampus STIE YPBI, 3 menit ke ISWI Fashion Academy

	----------------------------------------",5002936.0,-2936.0,-0.0006,0.1,-0.0,Fair Market Price,,Disewakan Apartemen Cleon Park Tipe Studio Nyaman,Cleon Park JGC,exact
LST-00795,Cleon Park JGC • 1BR Furnished (32 m²),https://www.99.co/id/properti/apartemen-disewa-4jt-jakarta-garden-city-cp-1014804366,Jakarta Timur,DKI Jakarta,Jakarta Timur,Jakarta Timur,Apartemen,4500000.0,140625.0,monthly,1,1,Studio / 1BR,32.0,15.30011241273674,8.239379108457513,Stasiun KRL Bekasi,Tier 3: Outer Commuter Ring (15-28km),0,0,0,0,0,0,0,0,1,0,0,0,-6.1769249,106.95464,listing,0,,"Sewa apartemen murah di Jakarta Garden City, Jakarta Timur.
Memiliki 1 kamar tidur, 1 kamar mandi, serta luas 32m2.
Harga sewa Rp 4,5 Juta/ Bulan

Area paling strategis. 4 menit ke Terminal Pulogebang, 10 menit ke Halte Busway Walikota Kota Administrasi Jakarta Timur Arah Terminal Pulo Gebang, 11 menit ke Stasiun Cakung

	------------------------------------------------------------

	Disewakan Cleon Park Apartemen di Lantai 11 Nyaman

Rasakan kenyamanan tinggal di apartemen modern dengan desain ",5117747.0,-617747.0,-0.1286,12.1,-0.35,Fair Market Price,,Disewakan Cleon Park Apartemen di Lantai 11 Nyaman,Cleon Park JGC,exact
LST-00796,Cleon Park JGC • 1BR Furnished (46 m²),https://www.99.co/id/properti/apartemen-disewa-8jt-cakung-cp-1014731210,Jakarta Timur,DKI Jakarta,Cakung,"Cakung, Jakarta Timur",Apartemen,8500000.0,184782.60869565216,monthly,1,1,Studio / 1BR,46.0,14.31231283197021,9.491555988171282,Stasiun KRL Bekasi,Tier 2: Inner Ring Metro (7-15km),0,0,0,0,0,0,0,0,0,0,0,0,-6.171136856079102,106.9438018798828,listing,0,,"Apartemen hemat di Cakung, Jakarta Timur, Jakarta Timur siap untuk disewa.
Luas 46m2m², 1 kamar tidur, dan 1 kamar mandi.
Harga sewa: Rp 8,5 Juta/ Bulan.
Segera survei.

	------------------------------------------------------------

	Disewakan Apartemen 1 Bedroom Mewah di Cleon Park - Best View Bianglala AEON JGC

Rasakan kenyamanan tinggal di apartemen modern dengan desain minimalis dan sudah dilengkapi furnitur lengkap siap huni. Lokasi strategis di kawasan Jakarta Garden City, dekat dengan pu",7391750.0,1108250.0,0.1397,-15.0,0.38,Fair Market Price,,Disewakan Apartemen 1 Bedroom Mewah di Cleon Park - Best View Bianglala Aeon Jgc,Cleon Park JGC,exact
LST-00797,Cleon Park JGC • Studio Furnished (32 m²),https://www.99.co/id/properti/apartemen-disewa-7jt-jakarta-garden-city-cp-1014726760,Jakarta Timur,DKI Jakarta,Jakarta Timur,Jakarta Timur,Apartemen,7000000.0,218750.0,monthly,1,1,Studio / 1BR,32.0,15.30011241273674,8.239379108457513,Stasiun KRL Bekasi,Tier 3: Outer Commuter Ring (15-28km),0,0,0,0,0,0,0,0,1,0,0,0,-6.1769249,106.95464,listing,0,,"Hunian hemat siap huni di Jakarta Garden City, Jakarta Timur. Bisa langsung sewa!

Spesifikasi: 1 KT, 1 KM, luas 32m2.
Harga sewa: Rp 7 Juta/ Bulan.

Apartemen ini jadi favorit karena akses transportasi umum yang mudah. 4 menit ke Terminal Pulogebang, 10 menit ke Halte Busway Walikota Kota Administrasi Jakarta Timur Arah Terminal Pulo Gebang, 11 menit ke Stasiun Cakung

Jangan sampai kehabisan unit!

	------------------------------------------------------------

	Disewakan Apartemen Studio Mewah",4647199.0,2352801.0,0.4096,-50.6,1.13,Premium / High Price,,Disewakan Apartemen Studio Mewah di Cleon Park,Cleon Park JGC,exact
LST-00798,Cleon Park JGC • Studio Full Furnished (32 m²),https://www.99.co/id/properti/apartemen-disewa-650rb-cakung-cp-1014953039,Jakarta Timur,DKI Jakarta,Cakung,"Cakung, Jakarta Timur",Apartemen,19500000.0,609375.0,daily,1,1,Studio / 1BR,32.0,14.294461767121582,9.515080170345607,Stasiun KRL Bekasi,Tier 2: Inner Ring Metro (7-15km),1,0,0,0,0,0,0,0,1,0,0,0,-6.17103,106.9436,listing,0,,"[SEWA] Apartemen hemat di Cakung dengan spesifikasi lengkap.
Luas 32m2m², dilengkapi 1 kamar tidur dan 1 kamar mandi.
Harga sewa hanya Rp 650 Ribu/ Hari.

Mengapa apartemen ini menarik untuk disewa? Karena lokasinya strategis. 5 menit ke Terminal Pulogebang, 8 menit ke Stasiun LRT Pegangsaan Dua, 9 menit ke LRT Kelapa Nias

	------------------------------------------------------------

	DISEWAKAN HARIAN TYPE STUDIO APARTEMEN CLEON PARK FULL FURNISH

Rasakan kenyamanan tinggal di apartemen modern",5480224.0,14019776.0,1.2693,-255.8,3.49,Overpriced / Luxury Tag,,Disewakan Harian Type Studio Apartemen Cleon Park Full Furnish,Cleon Park JGC,exact
LST-00799,Cleon Park JGC • 1BR Furnished (32 m²),https://www.99.co/id/properti/apartemen-disewa-6jt-jakarta-garden-city-cp-1014922469,Jakarta Timur,DKI Jakarta,Jakarta Timur,Jakarta Timur,Apartemen,6000000.0,187500.0,monthly,1,1,Studio / 1BR,32.0,15.30011241273674,8.239379108457513,Stasiun KRL Bekasi,Tier 3: Outer Commuter Ring (15-28km),0,0,0,0,0,0,0,0,1,0,0,0,-6.1769249,106.95464,listing,0,,"Cari Apartemen Murah?
Ada unit di Jakarta Timur dengan 1 KT & 1 KM siap huni.
Harga sewa mulai Rp 6 Juta/ Bulan.

Anda tidak perlu khawatir soal lokasi karena area apartemen ini strategis. 4 menit ke Terminal Pulogebang, 10 menit ke Halte Busway Walikota Kota Administrasi Jakarta Timur Arah Terminal Pulo Gebang, 11 menit ke Stasiun Cakung

	------------------------------------------------------------

	Disewakan Cleon Park Apartemen Dilantai 21 Mewah Minimalis

Rasakan kenyamanan tinggal di apar",4724101.0,1275899.0,0.2391,-27.0,0.66,Fair Market Price,,Disewakan Cleon Park Apartemen Dilantai 21 Mewah Minimalis,Cleon Park JGC,exact
LST-00800,Cleon Park JGC • 1BR Furnished (32 m²),https://www.99.co/id/properti/apartemen-disewa-5jt-jakarta-garden-city-cp-1015019557,Jakarta Timur,DKI Jakarta,Jakarta Timur,Jakarta Timur,Apartemen,5500000.0,171875.0,monthly,1,1,Studio / 1BR,32.0,15.30011241273674,8.239379108457513,Stasiun KRL Bekasi,Tier 3: Outer Commuter Ring (15-28km),0,0,0,0,0,0,0,0,1,0,0,0,-6.1769249,106.95464,listing,0,,"Hunian murah siap huni di Jakarta Garden City, Jakarta Timur. Bisa langsung sewa!

Spesifikasi: 1 KT, 1 KM, luas 32m2.
Harga sewa: Rp 5,5 Juta/ Bulan.

Apartemen ini jadi favorit karena akses transportasi umum yang mudah. 4 menit ke Terminal Pulogebang, 10 menit ke Halte Busway Walikota Kota Administrasi Jakarta Timur Arah Terminal Pulo Gebang, 11 menit ke Stasiun Cakung

Jangan sampai kehabisan unit!

	------------------------------------------------------------

	Disewakan Cleon Park Apartemen",5160162.0,339838.0,0.0638,-6.6,0.18,Fair Market Price,,Disewakan Cleon Park Apartemen View Bianglala Aeon Mall Jgc,Cleon Park JGC,exact
LST-00801,Green Lake Sunter • 2BR Furnished (42 m²),https://www.99.co/id/properti/apartemen-disewa-44jt-sunter-cp-1015067203,Jakarta Utara,DKI Jakarta,Jakarta Utara,Jakarta Utara,Apartemen,3666666.6666666665,87301.5873015873,yearly,2,1,2 Bedroom,42.0,9.40503224265084,8.052302498261486,Stasiun KRL Tanah Abang,Tier 2: Inner Ring Metro (7-15km),0,0,0,1,0,0,0,1,0,0,0,0,-6.13717,106.865242,listing,0,,"Butuh Hunian Hemat?
Tersedia unit di Jakarta Utara dengan 2 KT & 1 KM siap huni.
Harga sewa mulai Rp 44 Juta/ Tahun.

Anda tak perlu khawatir tentang lokasi karena area apartemen ini strategis. 1 menit ke Halte Nusantara, 1 menit ke Halte Sunter Karya, 2 menit ke Halte Bus Smp 140

	------------------------------------------------------------

	Disewakan Apartemen Green Lake Sunter Tipe  2BR Furnished

Terdapat AC dan Furnished lengkap dan Fasilitas Lengkap (Kolang renang, GYM, Laundry, Indomare",3485420.0,181246.6666666665,0.0507,-5.2,0.14,Fair Market Price,,Disewakan Apartemen Green Lake Sunter Tipe 2Br Furnished,Green Lake Sunter,exact
LST-00802,Green Lake Sunter • Studio Semi Furnished (21 m²),https://www.99.co/id/properti/apartemen-disewa-23jt-sunter-cp-1011768457,Jakarta Utara,DKI Jakarta,Jakarta Utara,Jakarta Utara,Apartemen,1958333.3333333333,93253.96825396824,yearly,0,1,Studio / 1BR,21.0,9.40503224265084,8.052302498261486,Stasiun KRL Tanah Abang,Tier 2: Inner Ring Metro (7-15km),0,1,0,1,0,0,0,1,0,0,0,0,-6.13717,106.865242,listing,0,,"Apartemen terjangkau untuk disewa di Jakarta Utara.

Unit ini memiliki 0 kamar tidur dan 1 kamar mandi.
Harga Rp 23,5 Juta/ Tahun, cocok untuk hunian bagus dan strategis ini.

Lokasinya strategis. 1 menit ke Halte Nusantara, 1 menit ke Halte Sunter Karya, 2 menit ke Halte Bus Smp 140

	------------------------------------------------------------

	Disewakan Apartemen Green Lake Sunter Tipe Studio Semi Furnished

Terdapat AC dan Furnished  
Fasilitas Lengkap (Kolang renang, GYM, Laundry, Indomare",1831197.0,127136.33333333326,0.0671,-6.9,0.18,Fair Market Price,,Disewakan Apartemen Green Lake Sunter Studio Semi Furnished,Green Lake Sunter,exact
LST-00803,Green Lake Sunter • 2BR Unfurnished (36 m²),https://www.99.co/id/properti/apartemen-disewa-25jt-sunter-cp-1015067431,Jakarta Utara,DKI Jakarta,Jakarta Utara,Jakarta Utara,Apartemen,2083333.3333333333,57870.370370370365,yearly,2,1,2 Bedroom,36.0,9.40503224265084,8.052302498261486,Stasiun KRL Tanah Abang,Tier 2: Inner Ring Metro (7-15km),0,0,0,1,0,0,0,1,0,0,0,0,-6.13717,106.865242,listing,0,,"Butuh Hunian Hemat?
Tersedia unit di Jakarta Utara dengan 2 KT & 1 KM siap huni.
Harga sewa mulai Rp 25 Juta/ Tahun.

Anda tidak perlu khawatir soal lokasi karena area apartemen ini strategis. 1 menit ke Halte Nusantara, 1 menit ke Halte Sunter Karya, 2 menit ke Halte Bus Smp 140

	------------------------------------------------------------

	Disewakan Apartemen Green Lake Sunter Tipe  2BR Unfurnish

Terdapat AC dan Furnished lengkap dan Fasilitas Lengkap (Kolang renang, GYM, Laundry, Indomaret",3317644.0,-1234310.6666666667,-0.4653,37.2,-1.28,Good Deal (Undervalued),good,Disewakan Apartemen Green Lake Sunter Tipe 2 Br Unfurnish,Green Lake Sunter,exact
LST-00804,Green Lake Sunter • Studio Furnished (20 m²),https://www.99.co/id/properti/apartemen-disewa-24jt-sunter-cp-1015090618,Jakarta Utara,DKI Jakarta,Jakarta Utara,Jakarta Utara,Apartemen,2000000.0,100000.0,yearly,0,0,Studio / 1BR,20.0,9.40503224265084,8.052302498261486,Stasiun KRL Tanah Abang,Tier 2: Inner Ring Metro (7-15km),0,0,0,1,0,0,0,1,0,0,0,0,-6.13717,106.865242,listing,0,,"Apartemen harga hemat untuk disewa di Jakarta Utara.

Unit ini memiliki 0 kamar tidur dan 0 kamar mandi.
Harga Rp 24 Juta/ Tahun, cocok untuk hunian bagus dan strategis ini.

Lokasinya strategis. 1 menit ke Halte Nusantara, 1 menit ke Halte Sunter Karya, 2 menit ke Halte Bus Smp 140

	------------------------------------------------------------

	Disewakan Apartemen Green Lake Sunter Tipe Studio Furnished

Terdapat AC dan Furnished lengkap dan Fasilitas Lengkap (Kolang renang, GYM, Laundry, Indo",2221811.0,-221811.0,-0.1052,10.0,-0.29,Fair Market Price,,Disewakan Apartemen Green Lake Sunter Tipw Studio Furnished,Green Lake Sunter,exact
LST-00805,Green Lake Sunter • Studio Semi Furnished (20 m²),https://www.99.co/id/properti/apartemen-disewa-22jt-sunter-cp-1015090850,Jakarta Utara,DKI Jakarta,Jakarta Utara,Jakarta Utara,Apartemen,1875000.0,93750.0,yearly,0,1,Studio / 1BR,20.0,9.40503224265084,8.052302498261486,Stasiun KRL Tanah Abang,Tier 2: Inner Ring Metro (7-15km),0,1,0,1,0,0,0,1,0,0,0,0,-6.13717,106.865242,listing,0,,"Apartemen harga hemat untuk disewa di Jakarta Utara.

Unit ini memiliki 0 kamar tidur dan 1 kamar mandi.
Harga Rp 22,5 Juta/ Tahun, cocok untuk hunian bagus dan strategis ini.

Lokasinya strategis. 1 menit ke Halte Nusantara, 1 menit ke Halte Sunter Karya, 2 menit ke Halte Bus Smp 140

	------------------------------------------------------------

	Disewakan Apartemen Green Lake Sunter Tipe Studio Furnished

Terdapat AC dan Furnished lengkap dan Fasilitas Lengkap (Kolang renang, GYM, Laundry, In",1818695.0,56305.0,0.0305,-3.1,0.08,Fair Market Price,,Disewakan Apartemen Green Lake Sunter Tipe Studio Semifurnish,Green Lake Sunter,exact
LST-00806,Unresolved • Kelapa Gading • 3BR Furnished (88 m²),https://www.99.co/id/properti/apartemen-disewa-120jt-kelapa-gading-cp-1013456442,Jakarta Utara,DKI Jakarta,Kelapa Gading,"Kelapa Gading, Jakarta Utara",Apartemen,10000000.0,113636.36363636365,yearly,3,2,3 Bedroom,88.0,10.667378438399515,8.037634400035223,Stasiun KRL Manggarai,Tier 2: Inner Ring Metro (7-15km),0,0,0,0,0,0,0,0,1,0,0,0,-6.16076844,106.9035302,listing,0,,"Apartemen harga terjangkau disewakan di Kelapa Gading, Jakarta Utara, Jakarta Utara.
Apartemen ini memiliki 3 kamar tidur & 2 kamar mandi dengan luas 88m2m².
Cocok untuk tempat tinggal praktis dengan harga terjangkau.

1 menit ke Stasiun LRT Boulevard Utara 2, 1 menit ke Stasiun Stasiun Blvd Utara, 1 menit ke Stasiun LRT Boulevard Utara 1
0 menit ke STT REM (STT RAHMAT EMMANUEL JAKARTA), 0 menit ke STIE UniSadhuGuna (UBS Business School), 3 menit ke IKI Jakarta (Institut Kesehatan Indonesia Jaka",9336012.0,663988.0,0.0687,-7.1,0.19,Fair Market Price,,"Apartemen Disewa Murah 3 KT / 2 KM di Kelapa Gading, Jakarta Utara",,unresolved
LST-00807,The Kensington • Studio Furnished (31 m²),https://www.99.co/id/properti/apartemen-disewa-90jt-kelapa-gading-cp-1013451907,Jakarta Utara,DKI Jakarta,Kelapa Gading,"Kelapa Gading, Jakarta Utara",Apartemen,7500000.0,241935.48387096773,yearly,0,0,Studio / 1BR,31.0,10.667378438399515,8.037634400035223,Stasiun KRL Manggarai,Tier 2: Inner Ring Metro (7-15km),0,0,0,0,0,0,0,0,0,0,0,0,-6.16076844,106.9035302,listing,0,,"Apartemen disewa murah:
- 0 Bedroom
- 0 Bathroom
- Luas 31m2
- Lokasi: Kelapa Gading, Jakarta Utara, Jakarta Utara
- Harga: Rp 90 Juta/ Tahun

Hubungi sekarang!

	------------------------------------------------------------

	Disewakan Kensington 1 BR
bagus,bersih,Rapi
strategis
nego

",4508831.0,2991169.0,0.5089,-66.3,1.4,Premium / High Price,,Disewakan The Royal Kensington Kelapa Gading,The Kensington,exact
LST-00808,French Walk MOI • 3BR Furnished (118 m²),https://www.99.co/id/properti/apartemen-disewa-135jt-kelapa-gading-cp-1012960548,Jakarta Utara,DKI Jakarta,Kelapa Gading,"Kelapa Gading, Jakarta Utara",Apartemen,11250000.0,95338.98305084746,yearly,3,1,3 Bedroom,118.0,10.667378438399515,8.037634400035223,Stasiun KRL Manggarai,Tier 2: Inner Ring Metro (7-15km),0,0,0,0,0,0,0,0,0,0,0,0,-6.16076844,106.9035302,listing,0,,"Apartemen disewa murah:
- 3 Bedroom
- 1 Bathroom
- Luas 118m2
- Lokasi: Kelapa Gading, Jakarta Utara, Jakarta Utara
- Harga: Rp 135 Juta/ Tahun

Jangan sampai terlewat!

	------------------------------------------------------------

	Di sewakan
Lordes garden
3+1 BR
118m2
135jt/thn

",12568296.0,-1318296.0,-0.1108,10.5,-0.3,Fair Market Price,,Apartemen French Walk Lourdes Garden di Kelapa Gading Jakut,French Walk MOI,exact
LST-00809,City Home MOI • 2BR Full Furnished (45 m²),https://www.99.co/id/properti/apartemen-disewa-90jt-kelapa-gading-cp-1014831027,Jakarta Utara,DKI Jakarta,Kelapa Gading,"Kelapa Gading, Jakarta Utara",Apartemen,7500000.0,166666.66666666666,yearly,2,1,2 Bedroom,45.0,10.667378438399515,8.037634400035223,Stasiun KRL Manggarai,Tier 2: Inner Ring Metro (7-15km),1,0,0,0,0,0,0,0,1,0,0,0,-6.16076844,106.9035302,listing,0,,"Apartemen harga terjangkau untuk disewa:
- Lokasi: Kelapa Gading, Jakarta Utara, Jakarta Utara
- 2 Kamar Tidur
- 1 Kamar Mandi
- Luas 45m2
- Harga: Rp 90 Juta/ Tahun

Lokasi strategis. 1 menit ke Stasiun LRT Boulevard Utara 2, 1 menit ke Stasiun Stasiun Blvd Utara, 1 menit ke Stasiun LRT Boulevard Utara 1

	------------------------------------------------------------

	Hawaian bay lt.21
New Fully furnished


",6340260.0,1159740.0,0.168,-18.3,0.46,Fair Market Price,,Disewakan Apartment Moi Cityhome Kelapa Gading,City Home MOI,exact
LST-00810,Unresolved • Kelapa Gading • 2BR Furnished (45 m²),https://www.99.co/id/properti/apartemen-disewa-95jt-kelapa-gading-cp-1015036158,Jakarta Utara,DKI Jakarta,Kelapa Gading,"Kelapa Gading, Jakarta Utara",Apartemen,7916666.666666667,175925.92592592593,yearly,2,1,2 Bedroom,45.0,10.667378438399515,8.037634400035223,Stasiun KRL Manggarai,Tier 2: Inner Ring Metro (7-15km),0,0,0,0,0,0,0,0,1,0,0,0,-6.16076844,106.9035302,listing,0,,"SEWA apartemen minimalis di Kelapa Gading, Jakarta Utara, Jakarta Utara.
Unit 2 KT, 1 KM, luas 45m2.
Harga sewa Rp 95 Juta/ Tahun.
Buruan survei!

1 menit ke Stasiun LRT Boulevard Utara 2, 1 menit ke Stasiun Stasiun Blvd Utara, 1 menit ke Stasiun LRT Boulevard Utara 1
0 menit ke STT REM (STT RAHMAT EMMANUEL JAKARTA), 0 menit ke STIE UniSadhuGuna (UBS Business School), 3 menit ke IKI Jakarta (Institut Kesehatan Indonesia Jakarta)

	------------------------------------------------------------

	Di",5412115.0,2504551.666666667,0.3803,-46.3,1.05,Premium / High Price,,Disewakan Apartment Sanfransiscobay Mall Of Indonesia,,unresolved
LST-00811,Gold Coast PIK • 1BR Full Furnished (44 m²),https://www.99.co/id/properti/apartemen-disewa-90jt-pantai-indah-kapuk-cp-1014948093,Jakarta Utara,DKI Jakarta,Jakarta Utara,Jakarta Utara,Apartemen,7500000.0,170454.54545454544,yearly,1,1,Studio / 1BR,44.0,14.675786961931234,12.023318175087477,Stasiun KRL Tanah Abang,Tier 2: Inner Ring Metro (7-15km),1,0,0,0,0,0,0,0,0,0,0,0,-6.102623,106.74115,listing,0,,"Apartemen harga hemat untuk disewa di Jakarta Utara.

Unit ini memiliki 1 kamar tidur dan 1 kamar mandi.
Harga Rp 90 Juta/ Tahun, cocok untuk hunian bagus dan strategis ini.

Lokasinya strategis. 3 menit ke Interchange PIK, 8 menit ke Halte Dian, 11 menit ke Halte Sentraland Cengkareng

	------------------------------------------------------------

	Apartemen di Pantai Indah Kapuk.

Cek segera apartemen 3 lantai yang asri ini,  disewakan menghadirkan lingkungan fasilitas yang lengkap, cocok untu",9599944.0,-2099944.0,-0.2469,21.9,-0.68,Fair Market Price,,"Apartemen Gold Coast Pik, 1 br Siap Huni Fully Furnish",Gold Coast PIK,exact
LST-00812,Unresolved • Kelapa Gading • 2BR Full Furnished (35 m²),https://www.99.co/id/properti/apartemen-disewa-52jt-kelapa-gading-cp-1013574628,Jakarta Utara,DKI Jakarta,Kelapa Gading,"Kelapa Gading, Jakarta Utara",Apartemen,4333333.333333333,123809.5238095238,yearly,2,1,2 Bedroom,35.0,10.291799654101997,8.136732390748026,Stasiun KRL Manggarai,Tier 2: Inner Ring Metro (7-15km),1,0,0,0,0,0,0,0,0,0,0,0,-6.149078286568383,106.89112386910205,listing,0,,"[SEWA] Apartemen murah di Kelapa Gading dengan spesifikasi lengkap.
Luas 35m2m², dilengkapi 2 kamar tidur dan 1 kamar mandi.
Harga sewa hanya Rp 52 Juta/ Tahun.

Mengapa apartemen ini menarik untuk disewa? Karena lokasinya strategis. 1 menit ke Halte Sunter Boulevard Barat, 1 menit ke Halte Kali Sunter, 2 menit ke Halte Arta Gading

	------------------------------------------------------------

	Disewakan cepat ;

Aptm - Moi 
Siap huni dan rapi
35m2 
City view 
Fully furnished 
2 Bedroom
1 kmrma",3716170.0,617163.333333333,0.1536,-16.6,0.42,Fair Market Price,,"Apartemen Siap Pakai 2 Kamar dengan Harga Terjangkau di Area Kelapa Gading, Jakarta Utara",,unresolved
LST-00813,Unresolved • Kelapa Gading • 1BR Furnished (28 m²),https://www.99.co/id/properti/apartemen-disewa-45jt-kelapa-gading-cp-1014002145,Jakarta Utara,DKI Jakarta,Kelapa Gading,"Kelapa Gading, Jakarta Utara",Apartemen,3750000.0,133928.57142857142,yearly,1,1,Studio / 1BR,28.0,10.667378438399515,8.037634400035223,Stasiun KRL Manggarai,Tier 2: Inner Ring Metro (7-15km),0,0,0,0,0,0,0,0,1,0,0,0,-6.16076844,106.9035302,listing,0,,"Disewakan apartemen hemat di Kelapa Gading, Jakarta Utara, Jakarta Utara.

Memiliki 1 kamar tidur, 1 kamar mandi, dan luas 28m2.
Harga sewa: Rp 45 Juta/ Tahun.
Jadwalkan survei sekarang.

1 menit ke Stasiun LRT Boulevard Utara 2, 1 menit ke Stasiun Stasiun Blvd Utara, 1 menit ke Stasiun LRT Boulevard Utara 1
0 menit ke STT REM (STT RAHMAT EMMANUEL JAKARTA), 0 menit ke STIE UniSadhuGuna (UBS Business School), 3 menit ke IKI Jakarta (Institut Kesehatan Indonesia Jakarta)

	------------------------",4442916.0,-692916.0,-0.1696,15.6,-0.47,Fair Market Price,,"Disewakan Segera Apartemen Strategis 1 KT, 1 KM di Kawasan Kelapa Gading",,unresolved
LST-00814,Unresolved • Kelapa Gading • 2BR Furnished (45 m²),https://www.99.co/id/properti/apartemen-disewa-70jt-kelapa-gading-cp-1013593662,Jakarta Utara,DKI Jakarta,Kelapa Gading,"Kelapa Gading, Jakarta Utara",Apartemen,5833333.333333333,129629.62962962962,yearly,2,1,2 Bedroom,45.0,10.667378438399515,8.037634400035223,Stasiun KRL Manggarai,Tier 2: Inner Ring Metro (7-15km),0,0,0,0,0,0,0,0,1,0,0,0,-6.16076844,106.9035302,listing,0,,"Apartemen terjangkau di kawasan Jakarta Utara.
Dengan 2 kamar tidur dan 1 kamar mandi, unit ini cocok untuk Anda atau keluarga kecil.
Harga sewa: Rp 70 Juta/ Tahun.

1 menit ke Stasiun LRT Boulevard Utara 2, 1 menit ke Stasiun Stasiun Blvd Utara, 1 menit ke Stasiun LRT Boulevard Utara 1
0 menit ke STT REM (STT RAHMAT EMMANUEL JAKARTA), 0 menit ke STIE UniSadhuGuna (UBS Business School), 3 menit ke IKI Jakarta (Institut Kesehatan Indonesia Jakarta)

	----------------------------------------------",5685796.0,147537.33333333302,0.0256,-2.6,0.07,Fair Market Price,,Disewakan Segera Apartemen Minimalis 2 KT di Kawasan Kelapa Gading,,unresolved
LST-00815,Unresolved • Kelapa Gading • 2BR Furnished (45 m²),https://www.99.co/id/properti/apartemen-disewa-75jt-kelapa-gading-cp-1013625266,Jakarta Utara,DKI Jakarta,Kelapa Gading,"Kelapa Gading, Jakarta Utara",Apartemen,6250000.0,138888.88888888888,yearly,2,1,2 Bedroom,45.0,10.667378438399515,8.037634400035223,Stasiun KRL Manggarai,Tier 2: Inner Ring Metro (7-15km),0,0,0,0,0,0,0,0,1,0,0,0,-6.16076844,106.9035302,listing,0,,"DISEWA apartemen minimalis di Kelapa Gading, Jakarta Utara, Jakarta Utara.
Unit 2 KT, 1 KM, luas 45m2.
Harga sewa Rp 75 Juta/ Tahun.
Buruan survei!

1 menit ke Stasiun LRT Boulevard Utara 2, 1 menit ke Stasiun Stasiun Blvd Utara, 1 menit ke Stasiun LRT Boulevard Utara 1
0 menit ke STT REM (STT RAHMAT EMMANUEL JAKARTA), 0 menit ke STIE UniSadhuGuna (UBS Business School), 3 menit ke IKI Jakarta (Institut Kesehatan Indonesia Jakarta)

	------------------------------------------------------------

	",5466009.0,783991.0,0.134,-14.3,0.37,Fair Market Price,,"Sewa Sekarang Apartemen Strategis 2 KT, 1 KM di Kawasan Kelapa Gading",,unresolved
LST-00816,Sherwood Kelapa Gading • 2BR Full Furnished (120 m²),https://www.99.co/id/properti/apartemen-disewa-185jt-kelapa-gading-cp-1014419452,Jakarta Utara,DKI Jakarta,Kelapa Gading,"Kelapa Gading, Jakarta Utara",Apartemen,15416666.666666666,128472.22222222222,yearly,2,2,2 Bedroom,120.0,10.667378438399515,8.037634400035223,Stasiun KRL Manggarai,Tier 2: Inner Ring Metro (7-15km),1,0,0,0,0,0,0,0,1,0,0,0,-6.16076844,106.9035302,listing,0,,"Apartemen harga terjangkau untuk disewa:
- Lokasi: Kelapa Gading, Jakarta Utara, Jakarta Utara
- 2 Kamar Tidur
- 2 Kamar Mandi
- Luas 120m2
- Harga: Rp 185 Juta/ Tahun

Lokasi strategis. 1 menit ke Stasiun LRT Boulevard Utara 2, 1 menit ke Stasiun Stasiun Blvd Utara, 1 menit ke Stasiun LRT Boulevard Utara 1

	------------------------------------------------------------

	DISEWAKAN :

Apt. Siap huni, Modern
@ Sherwood Regent
Kelapa Gading 

2 BR 
120m2 
2+1  bedroom,
 2+1 bathroom
Fully furnished",13601990.0,1814676.666666666,0.1252,-13.3,0.34,Fair Market Price,,Apt. Siap Huni 2Br Fully Furished Sherwood Regent Kelapa Gading,Sherwood Kelapa Gading,exact
LST-00817,Unresolved • Jakarta Utara • 2BR Furnished (48 m²),https://www.99.co/id/properti/apartemen-disewa-35jt-pluit-cp-1013722002,Jakarta Utara,DKI Jakarta,Jakarta Utara,Jakarta Utara,Apartemen,2916666.6666666665,60763.88888888888,yearly,2,1,2 Bedroom,48.0,11.115110459512994,8.339815295590071,Stasiun KRL Tanah Abang,Tier 2: Inner Ring Metro (7-15km),0,0,0,0,0,0,0,0,0,0,0,0,-6.11555,106.783783,listing,0,,"Apartemen harga hemat untuk disewa di Jakarta Utara.

Unit ini memiliki 2 kamar tidur dan 1 kamar mandi.
Harga Rp 35 Juta/ Tahun, cocok untuk hunian bagus dan strategis ini.

Lokasinya strategis. 1 menit ke Halte Muara Karang Raya, 2 menit ke Halte Pluit, 2 menit ke Halte Pluit Senen

	------------------------------------------------------------

	Apartment dgn luas 45m², 2 bedroom, view Mall, cocok untuk pasangan muda,  lokasi strategis dekdt Mall tinggal jalan kaki turun , tidak perlu repot2 l",4516503.0,-1599836.3333333335,-0.4373,35.4,-1.2,Good Deal (Undervalued),good,Hunian Strategis 48m2 di Pluit Jakarta Utara 2 KT,,unresolved
LST-00818,Gold Coast PIK • 1BR Full Furnished (34 m²),https://www.99.co/id/properti/apartemen-disewa-55jt-pantai-indah-kapuk-cp-1014451686,Jakarta Utara,DKI Jakarta,Jakarta Utara,Jakarta Utara,Apartemen,4583333.333333333,134803.92156862744,yearly,1,1,Studio / 1BR,34.0,14.180153801323623,11.565106081133417,Stasiun KRL Tanah Abang,Tier 2: Inner Ring Metro (7-15km),1,0,0,0,0,0,0,1,0,0,0,0,-6.1091303,106.7399855,listing,0,,"Apartemen terjangkau untuk disewa di Jakarta Utara.

Unit ini memiliki 1 kamar tidur dan 1 kamar mandi.
Harga Rp 55 Juta/ Tahun, cocok untuk hunian bagus dan strategis ini.

Lokasinya strategis. 3 menit ke Interchange PIK, 8 menit ke Halte Dian, 9 menit ke Halte Sentraland Cengkareng

	------------------------------------------------------------

	Apartemen goldcoast
Tower Honolulu 
Akses langsung Gym
Lantai sedang
1 Bedroom 34m²
View laut
Full furnished

75 juta negotiable
 #228083

",5809581.0,-1226247.666666667,-0.2371,21.1,-0.65,Fair Market Price,,Apartemen Goldcoast 1 Bedroom Full Furnished,Gold Coast PIK,exact
LST-00819,Unresolved • Tangerang • Studio Furnished (81 m²),https://www.99.co/id/properti/apartemen-disewa-55jt-alam-sutera-cp-1013818710,Tangerang,Banten,Tangerang,Tangerang,Apartemen,4583333.333333333,56584.36213991769,yearly,0,0,Studio / 1BR,81.0,18.284828570200347,7.452438556339252,Stasiun KRL Tangerang,Tier 3: Outer Commuter Ring (15-28km),0,0,0,0,0,0,0,0,0,0,0,0,-6.2391299,106.6574236,listing,0,,"Butuh Hunian Hemat?
Tersedia unit di Tangerang dengan 0 KT & 0 KM siap huni.
Harga sewa mulai Rp 55 Juta/ Tahun.

Anda tak perlu khawatir soal lokasi karena area apartemen ini strategis. 2 menit ke SutraLoop

	------------------------------------------------------------

	Pusat perbelanjaan: Living World Alam Sutera (sekitar 200-750 m), serta Mall  Alam Sutera untuk kebutuhan belanja, hiburan, dan kuliner.
Kesehatan: RS EMC Alam Sutera berada sekitar 600 m-1 km dari apartemen, sehingga mudah dia",8021059.0,-3437725.666666667,-0.5596,42.9,-1.54,Deep Value Deal (Rare Find),deep,"Apartemen Disewakan 0 Kamar Murah Siap Huni di Tangerang, Luas 81m2",,unresolved
LST-00820,Unresolved • Tangerang • 3BR Furnished (68 m²),https://www.99.co/id/properti/apartemen-disewa-13jt-bsd-city-cp-1013739058,Tangerang,Banten,Tangerang,Tangerang,Apartemen,13500000.0,198529.41176470587,monthly,3,1,3 Bedroom,68.0,21.55962378019988,3.900638538651216,Stasiun KRL Rawabuntu (BSD),Tier 3: Outer Commuter Ring (15-28km),0,0,0,0,0,0,0,0,1,0,0,0,-6.3039929,106.6500744,listing,0,,"Hunian murah siap huni di BSD City, Tangerang. Bisa langsung sewa!

Spesifikasi: 3 KT, 1 KM, luas 68m2.
Harga sewa: Rp 13,5 Juta/ Bulan.

Apartemen ini jadi incaran karena akses transportasi umum yang mudah. 6 menit ke Stasiun Cisauk, 7 menit ke Stasiun Serpong, 9 menit ke Stasiun Rawa Buntu

Jangan sampai kehabisan unit!

	------------------------------------------------------------

	Akses ke Aeon Mal BSD boleh sewa bulanan #287719

",7441447.0,6058553.0,0.5956,-81.4,1.64,Overpriced / Luxury Tag,,Apartemen Strategis 68m2 di BSD City Tangerang 3 KT,,unresolved
LST-00821,Unresolved • Tangerang • 1BR Full Furnished (71 m²),https://www.99.co/id/properti/apartemen-disewa-60jt-lippo-karawaci-cp-1014404487,Tangerang,Banten,Tangerang,Tangerang,Apartemen,5000000.0,70422.5352112676,yearly,1,1,Studio / 1BR,71.0,23.314168810356414,6.136740871239539,Stasiun KRL Tangerang,Tier 3: Outer Commuter Ring (15-28km),1,0,0,0,0,0,0,0,0,0,0,0,-6.22692,106.609879,listing,0,,"Butuh Hunian Hemat?
Ada unit di Tangerang dengan 1 KT & 1 KM siap huni.
Harga sewa mulai Rp 60 Juta/ Tahun.

Anda tidak perlu khawatir tentang lokasi karena area apartemen ini strategis. 13 menit ke Terminal Cimone

	------------------------------------------------------------

	DI SEWA APARTEMEN U RESIDENCE 1 , FULLY FURNISHED,  VIEW GOLF, 1 BR  
Sewa Apartment
APARTEMEN U RESIDENCE LIPPO KARAWACI - Tangerang
LT 71 LB 71
KT 1 KM 1
Listrik 2200
Rp 60.000.000 
HGB
Hadap Utara

Spesifikasi 

Luas ",7212621.0,-2212621.0,-0.3664,30.7,-1.01,Good Deal (Undervalued),good,Apartemen di Lippo Karawaci 1 Br Full Furnished,,unresolved
LST-00822,Pacific Garden Campus Town • Studio Full Furnished (25 m²),https://www.99.co/id/properti/apartemen-disewa-45jt-alam-sutera-cp-1014471179,Tangerang,Banten,Tangerang,Tangerang,Apartemen,3750000.0,150000.0,yearly,0,1,Studio / 1BR,25.0,18.70666064640257,8.09954934668883,Stasiun KRL Rawabuntu (BSD),Tier 3: Outer Commuter Ring (15-28km),1,0,0,0,0,0,1,0,0,0,0,0,-6.25276,106.656647,listing,0,,"Disewakan apartemen murah di Alam Sutera, Tangerang.
Memiliki 0 kamar tidur, 1 kamar mandi, serta luas 25m2.
Harga sewa Rp 45 Juta/ Tahun

Area paling strategis. 3 menit ke SutraLoop

	------------------------------------------------------------

	Unit Apartemen Pacific Garden, Siap Huni dan Full Furnish


Type Studio
Full Furnished
Tower C
Lantai 7
Luas 25.45m²
View Pool

Hrg Sewa= 45JT / TH

Hubungi 
Atik Siregar 
GP Sentul 

",3723321.0,26679.0,0.0071,-0.7,0.02,Fair Market Price,,"Unit Apartemen Pacific Garden, Siap Huni dan Full Furnish",Pacific Garden Campus Town,fuzzy
LST-00823,Unresolved • Tangerang • 1BR Furnished (22 m²),https://www.99.co/id/properti/apartemen-disewa-37jt-tangerang-cp-1013870678,Tangerang,Banten,Tangerang,"Tangerang, Tangerang",Apartemen,3083333.333333333,140151.51515151517,yearly,1,1,Studio / 1BR,22.0,20.42335872496948,1.136855171478793,Stasiun KRL Tangerang,Tier 3: Outer Commuter Ring (15-28km),0,0,0,0,0,0,0,0,1,0,0,0,-6.18622,106.63665,listing,0,,"DISEWA apartemen murah di Tangerang, Tangerang, Tangerang.
Unit 1 KT, 1 KM, luas 22m2.
Harga sewa Rp 37 Juta/ Tahun.
Buruan survei!

3 menit ke Stasiun Tangerang, 4 menit ke Stasiun Tanah Tinggi, 6 menit ke Terminal Cimone
0 menit ke SMK Yuppentek 1 Tangerang, 1 menit ke Universitas Islam Syekh Yusuf (UNIS), 1 menit ke Sekolah Tinggi Manajemen Informatika Dan Komputer (STMIK)

	------------------------------------------------------------

	Disewakan Apartemen Collins Boulevard Serpong Tipe Studi",1931647.0,1151686.333333333,0.4676,-59.6,1.29,Premium / High Price,,"Hunian Apartemen Disewakan Terjangkau 22m2 di Tangerang, Cocok untuk Tempat Tinggal Anda",,unresolved
LST-00824,Pacific Garden Campus Town • Studio Full Furnished (25 m²),https://www.99.co/id/properti/apartemen-disewa-45jt-alam-sutera-cp-1014461420,Tangerang,Banten,Tangerang,Tangerang,Apartemen,3750000.0,150000.0,yearly,1,1,Studio / 1BR,25.0,18.70666064640257,8.09954934668883,Stasiun KRL Rawabuntu (BSD),Tier 3: Outer Commuter Ring (15-28km),1,0,0,0,0,0,1,0,0,0,0,0,-6.25276,106.656647,listing,0,,"Apartemen terjangkau untuk disewa di Tangerang.

Unit ini memiliki 1 kamar tidur dan 1 kamar mandi.
Harga Rp 45 Juta/ Tahun, cocok untuk hunian bagus dan strategis ini.

Lokasinya strategis. 3 menit ke SutraLoop

	------------------------------------------------------------

	Disewakan Unit Apartemen Pacific Garden,Alam Sutera Type Studio 

Type Studio
Full Furnished
Tower C
Lantai 7
Luas 25.45m²
View Pool

Hrg Sewa= 45JT / TH

Hubungi 
Ummie 
GP Sentul City 

//krn

",3841106.0,-91106.0,-0.024,2.4,-0.07,Fair Market Price,,"Disewakan Unit Apartemen Pacific Garden,Alam Sutera Type Studio",Pacific Garden Campus Town,fuzzy
LST-00825,Unresolved • Tangerang • 2BR Semi Furnished (89 m²),https://www.99.co/id/properti/apartemen-disewa-125jt-bsd-city-cp-1010965772,Tangerang,Banten,Tangerang,Tangerang,Apartemen,10416666.666666666,117041.19850187266,yearly,2,2,2 Bedroom,89.0,17.014475657921245,4.4103487765652165,Stasiun KRL Rawabuntu (BSD),Tier 3: Outer Commuter Ring (15-28km),0,1,0,0,0,0,0,0,1,0,0,0,-6.28217,106.684921,listing,0,,"FOR RENT ONLY. Hunian ekonomis di BSD City, Tangerang.
Apartemen dengan 2 kamar tidur & 2 kamar mandi, cocok untuk pasangan muda.
Harga sewa hanya Rp 125 Juta/ Tahun.

8 menit ke Tol Serpong, 10 menit ke Stasiun Rawa Buntu, 11 menit ke Stasiun Sudimara
3 menit ke SMA Islam Al-Azhar BSD, 5 menit ke Eleven Stars, 5 menit ke SMAN 11 Tangerang Selatan

	------------------------------------------------------------

	DISEWAKAN

Apt. Upper West 
BSD City

Posisi Corner
LB : 89 m2
KT : 2
KM : 2
Listrik ",8555579.0,1861087.666666666,0.1968,-21.8,0.54,Fair Market Price,,Disewakan Cepat Apartemen Upper West Semi Furnished Siap Pakai di BSD City,,unresolved
LST-00826,Sky House Alam Sutera • 2BR Full Furnished (48 m²),https://www.99.co/id/properti/apartemen-disewa-60jt-alam-sutera-cp-1015024892,Tangerang,Banten,Tangerang,Tangerang,Apartemen,5000000.0,104166.66666666669,yearly,2,1,2 Bedroom,48.0,18.70666064640257,8.09954934668883,Stasiun KRL Rawabuntu (BSD),Tier 3: Outer Commuter Ring (15-28km),1,0,0,0,0,0,0,0,0,0,0,0,-6.25276,106.656647,listing,0,,"Sewa apartemen hemat di Alam Sutera, Tangerang.
Memiliki 2 kamar tidur, 1 kamar mandi, serta luas 48m2.
Harga sewa Rp 60 Juta/ Tahun

Area paling strategis. 3 menit ke SutraLoop

	------------------------------------------------------------

	:fire: DISEWAKAN - APARTEMEN PREMIUM SKY HOUSE ALAM SUTERA :fire:

 Sky House Alam Sutera - Tangerang
Lokasi strategis di jantung kawasan Alam Sutera, dekat kampus, mall, akses tol, dan pusat bisnis. Cocok untuk profesional muda, pasangan, maupun ekspatriat",5456679.0,-456679.0,-0.0874,8.4,-0.24,Fair Market Price,,Sewa Sky House Alam Sutera 2Br Full Furnished View City,Sky House Alam Sutera,exact
LST-00827,Unresolved • Tangerang • 1BR Full Furnished (28 m²),https://www.99.co/id/properti/apartemen-disewa-34jt-gading-serpong-cp-1013704343,Tangerang,Banten,Tangerang,Tangerang,Apartemen,2833333.333333333,101190.4761904762,yearly,1,1,Studio / 1BR,28.0,20.371621719416744,5.1115596333950215,Stasiun KRL Tangerang,Tier 3: Outer Commuter Ring (15-28km),1,0,0,0,0,0,0,0,0,0,0,0,-6.22255,106.63623,listing,0,,"Hunian murah siap huni di Gading Serpong, Tangerang. Bisa langsung sewa!

Spesifikasi: 1 KT, 1 KM, luas 28m2.
Harga sewa: Rp 34 Juta/ Tahun.

Apartemen ini jadi incaran karena akses transportasi umum yang mudah. 8 menit ke SutraLoop, 13 menit ke Terminal Cimone

Ayo survei sekarang!

	------------------------------------------------------------

	Disewakan Apartemen M-Town Type Studio - Gading Serpong 
Fully Furnished - Siap Huni - Nyaman & Strategis

 Luas
* Gross: 23.86 m²
* Nett: 19.92 m²

 K",3502955.0,-669621.666666667,-0.2122,19.1,-0.58,Fair Market Price,,"Apartemen Sewa 1 Kamar Hemat Siap Huni di Tangerang, Luas 28m2",,unresolved
LST-00828,Unresolved • Tangerang • 1BR Furnished (23 m²),https://www.99.co/id/properti/apartemen-disewa-32jt-gading-serpong-cp-1013677551,Tangerang,Banten,Tangerang,Tangerang,Apartemen,2666666.6666666665,115942.02898550723,yearly,1,1,Studio / 1BR,23.0,20.371621719416744,5.1115596333950215,Stasiun KRL Tangerang,Tier 3: Outer Commuter Ring (15-28km),0,0,0,0,0,0,0,0,0,0,0,0,-6.22255,106.63623,listing,0,,"Cari Apartemen Murah?
Ada unit di Tangerang dengan 1 KT & 1 KM siap huni.
Harga sewa mulai Rp 32 Juta/ Tahun.

Anda tak perlu khawatir soal lokasi karena area apartemen ini strategis. 8 menit ke SutraLoop, 13 menit ke Terminal Cimone

	------------------------------------------------------------

	Disewa Apartemen M Town Type Studio Siap Huni di Gading Serpong

Gross: 23.86 m2
Nett: 19.92 m2
Hadap Timur
Pagi Hari Kena Sinar Matahari Pagi (Sehat)
Siang Hari Tidak Panas
View ke City

Kelengkapan
a",2605504.0,61162.66666666651,0.0232,-2.3,0.06,Fair Market Price,,"Apartemen Sewa 1 Kamar Hemat Siap Huni di Tangerang, Luas 23m2",,unresolved
LST-00829,Unresolved • Tangerang • 1BR Furnished (32 m²),https://www.99.co/id/properti/apartemen-disewa-45jt-alam-sutera-cp-1014173544,Tangerang,Banten,Tangerang,Tangerang,Apartemen,3750000.0,117187.5,yearly,1,1,Studio / 1BR,32.0,18.70666064640257,8.09954934668883,Stasiun KRL Rawabuntu (BSD),Tier 3: Outer Commuter Ring (15-28km),0,0,0,0,0,0,1,1,0,0,0,0,-6.25276,106.656647,listing,0,,"Disewakan apartemen murah di Alam Sutera, Tangerang.
Memiliki 1 kamar tidur, 1 kamar mandi, serta luas 32m2.
Harga sewa Rp 45 Juta/ Tahun

Area paling strategis. 3 menit ke SutraLoop

	------------------------------------------------------------

	*Disewakan apartemen silkwood  alamsutra*

Luas 32M2
Studio 
KM 1
Furnish 
Tower maple 
Lantai 6 

Fasilitas:
  Swimming pool
  GYM 
  Co working speace 
  Jogging track 

  Lokasi sangat strategis 
   3 menit jalan kaki ke          binus 
   Sebrang m",3892749.0,-142749.0,-0.0374,3.7,-0.1,Fair Market Price,,Disewakan Apartemen Ekonomis 1 KT di Alam Sutera Tangerang,,unresolved
LST-00830,Sky House BSD • Studio Full Furnished (26 m²),https://www.99.co/id/properti/apartemen-disewa-37jt-bsd-cp-1010860922,Tangerang,Banten,Tangerang,Tangerang,Apartemen,3083333.333333333,118589.7435897436,yearly,1,1,Studio / 1BR,26.0,17.014475657921245,4.4103487765652165,Stasiun KRL Rawabuntu (BSD),Tier 3: Outer Commuter Ring (15-28km),1,0,0,0,0,1,0,0,1,0,1,0,-6.28217,106.684921,listing,0,,"Butuh Hunian Hemat?
Tersedia unit di Tangerang dengan 1 KT & 1 KM siap huni.
Harga sewa mulai Rp 37 Juta/ Tahun.

Anda tak perlu khawatir tentang lokasi karena area apartemen ini strategis. 8 menit ke Tol Serpong, 10 menit ke Stasiun Rawa Buntu, 11 menit ke Stasiun Sudimara

	------------------------------------------------------------

	*Disewakan apartemen Sky House BSD*

Luas 26 M2
Studio 
Lt 5 
View Highway
Km 1 
Full furnish 
 Bed 160x200
 Dispenser
 Water heater
 Kitchen set +kabinet 
 Lem",4115049.0,-1031715.666666667,-0.2886,25.1,-0.79,Good Deal (Undervalued),good,Di Sewakan Apartemen Sky House BSD Type Studio ,Sky House BSD,exact
LST-00831,U Residence Karawaci • 1BR Furnished (60 m²),https://www.99.co/id/properti/apartemen-disewa-75jt-lippo-karawaci-cp-1012707269,Tangerang,Banten,Tangerang,Tangerang,Apartemen,6250000.0,104166.66666666669,yearly,1,1,Studio / 1BR,60.0,23.314168810356414,6.136740871239539,Stasiun KRL Tangerang,Tier 3: Outer Commuter Ring (15-28km),0,0,0,0,0,0,0,0,0,0,0,0,-6.22692,106.609879,listing,0,,"FOR RENT ONLY. Hunian hemat di Lippo Karawaci, Tangerang.
Apartemen dengan 1 kamar tidur & 1 kamar mandi, pas untuk pasangan muda.
Harga sewa hanya Rp 75 Juta/ Tahun.

13 menit ke Terminal Cimone
1 menit ke UPH, 2 menit ke Universitas Cendekia Abditama, 2 menit ke FTIK UCA (Fakultas Tarbiyah dan Ilmu Keguruan Universitas Cendekia Abditama)

	------------------------------------------------------------

	*Disewakan Bizloft SOHO apartemen U Residence lippo karawaci*

Spesifikasi Unit:
	-	Luas: 60 ",5238006.0,1011994.0,0.1766,-19.3,0.49,Fair Market Price,,Disewakan Bizloft Soho Apartemen U Residence Lippo Karawaci,U Residence Karawaci,fuzzy
LST-00832,Silkwood Residences Tower Oak • 1BR Furnished (38 m²),https://www.99.co/id/properti/apartemen-disewa-37jt-pinang-cp-1008521868,Tangerang,Banten,Pinang,"Pinang, Tangerang",Apartemen,3083333.333333333,81140.35087719299,yearly,1,1,Studio / 1BR,38.0,14.309270936448245,8.237388779171845,Stasiun KRL Tangerang,Tier 2: Inner Ring Metro (7-15km),0,0,0,0,0,0,0,0,0,0,0,0,-6.2227,106.69131,listing,0,,"Sedang mencari hunian praktis dengan harga hemat? Ini pilihan yang tepat! Apartemen ini ada di Pinang, Tangerang. Dengan 1 kamar tidur & 1 kamar mandi, apartemen ini cocok untuk Anda.

Harga sewa: Rp 37 Juta/ Tahun.

11 menit ke Halte Komplek Unilever, 12 menit ke Halte Jaklingko Sdn Joglo 01/03/05, 13 menit ke SutraLoop
3 menit ke STIE PARIPURNA (Kampus Graha Raya), 4 menit ke Binus, 4 menit ke SMA YUPPENTEK

	------------------------------------------------------------

	apartemen silkwood
Stu",4513418.0,-1430084.666666667,-0.381,31.7,-1.05,Good Deal (Undervalued),good,Disewakan Apartemen Silkwood Tower Oak Lantai 23,Silkwood Residences,exact
LST-00833,Unresolved • Tangerang • 3BR Furnished (105 m²),https://www.99.co/id/properti/apartemen-disewa-100jt-cihuni-cp-1010860053,Tangerang,Banten,Tangerang,Tangerang,Apartemen,8333333.333333333,79365.07936507936,yearly,3,3,3 Bedroom,105.0,19.99259916545409,7.817279965594535,Stasiun KRL Rawabuntu (BSD),Tier 3: Outer Commuter Ring (15-28km),0,0,0,0,0,0,0,0,0,0,0,0,-6.25995,106.646606,listing,0,,"FOR RENT ONLY. Hunian hemat di Cihuni, Tangerang.
Apartemen dengan 3 kamar tidur & 3 kamar mandi, pas untuk pasangan muda.
Harga sewa hanya Rp 100 Juta/ Tahun.

5 menit ke SutraLoop
5 menit ke ITTS (Institut Teknologi Tangerang Selatan), 6 menit ke APCA Indonesia (Academy of Pastry & Culinary Arts Indonesia), 7 menit ke Santa Laurensia Alam Sutera

	------------------------------------------------------------

	WTL
*Disewakan Apartemen 3 BR Rainbow Condovillas*

Luas Tanah : 96.50m2
Luas Banguna",7849701.0,483632.333333333,0.0598,-6.2,0.16,Fair Market Price,,Di Sewakan Apartemen 3 BR Rainbow Condovillas,,unresolved
LST-00834,Silkwood Residences • 2BR Furnished (48 m²),https://www.99.co/id/properti/apartemen-disewa-65jt-alam-sutera-cp-1011397028,Tangerang,Banten,Tangerang,Tangerang,Apartemen,5416666.666666667,112847.22222222223,yearly,2,1,2 Bedroom,48.0,18.70666064640257,8.09954934668883,Stasiun KRL Rawabuntu (BSD),Tier 3: Outer Commuter Ring (15-28km),0,0,0,0,0,0,0,0,0,0,0,0,-6.25276,106.656647,listing,0,,"FOR RENT ONLY. Hunian hemat di Alam Sutera, Tangerang.
Apartemen dengan 2 kamar tidur & 1 kamar mandi, pas untuk pasangan muda.
Harga sewa hanya Rp 65 Juta/ Tahun.

3 menit ke SutraLoop
3 menit ke Santa Laurensia Alam Sutera, 4 menit ke APCA Indonesia (Academy of Pastry & Culinary Arts Indonesia), 7 menit ke ITTS (Institut Teknologi Tangerang Selatan)

	------------------------------------------------------------

	Disewakan apartemen silkwood 2 BR Alsut 

 Luas 48 
 Kt 2 
 Km 1 
 Furnish 

    ",5008055.0,408611.666666667,0.0784,-8.2,0.22,Fair Market Price,,Disewakan apartemen silkwood 2 BR Alsut ,Silkwood Residences,exact
LST-00835,Sky House Alam Sutera • 2BR Full Furnished (29 m²),https://www.99.co/id/properti/apartemen-disewa-70jt-alam-sutera-cp-1010658085,Tangerang,Banten,Tangerang,Tangerang,Apartemen,5833333.333333333,201149.4252873563,yearly,2,1,2 Bedroom,29.0,18.70666064640257,8.09954934668883,Stasiun KRL Rawabuntu (BSD),Tier 3: Outer Commuter Ring (15-28km),1,0,0,0,0,0,0,0,0,0,0,0,-6.25276,106.656647,listing,0,,"Butuh Hunian Hemat?
Tersedia unit di Tangerang dengan 2 KT & 1 KM siap huni.
Harga sewa mulai Rp 70 Juta/ Tahun.

Anda tak perlu khawatir tentang lokasi karena area apartemen ini strategis. 3 menit ke SutraLoop

	------------------------------------------------------------

	Disewakan apartemen 2 BR SKY House alam sutra

 Luas 29 m2
 2 BR 
 1 KM
Full furnish 
Hadap kota 

Lokasi sangat strategis 
5 menit univ Bunda Mulia 
5 menit univ BINUS
3 menit Mall alamsutra 
8 menit Livingword 

Fasilitas:",3663790.0,2169543.333333333,0.4651,-59.2,1.28,Premium / High Price,,Disewakan Apartemen 2 BR Sky House Alam Sutra,Sky House Alam Sutera,fuzzy
LST-00836,Unresolved • Tangerang • 1BR Full Furnished (40 m²),https://www.99.co/id/properti/apartemen-disewa-55jt-alam-sutera-cp-1008950933,Tangerang,Banten,Tangerang,Tangerang,Apartemen,4583333.333333333,114583.33333333331,yearly,1,1,Studio / 1BR,40.0,18.70666064640257,8.09954934668883,Stasiun KRL Rawabuntu (BSD),Tier 3: Outer Commuter Ring (15-28km),1,0,0,0,0,0,0,0,0,0,0,0,-6.25276,106.656647,listing,0,,"Disewakan apartemen murah di Alam Sutera, Tangerang.
Memiliki 1 kamar tidur, 1 kamar mandi, serta luas 40m2.
Harga sewa Rp 55 Juta/ Tahun

Area paling strategis. 3 menit ke SutraLoop

	------------------------------------------------------------

	Di sewakan the smith alam sutra 

1BR
Full furnish 
Lt 26
Unit 2623
Lb 40m2
Listrik 2200

Harga sewa 55jt/th nego

",4704880.0,-121546.66666666698,-0.0262,2.6,-0.07,Fair Market Price,,Disewakan Apartemen The Smith Alam Sutra Full Furnish,,unresolved
LST-00837,L'Avenue • 3BR Furnished (74 m²),https://www.99.co/id/properti/apartemen-disewa-50jt-serpong-utara-cp-1013190944,Tangerang Selatan,Banten,Serpong Utara,"Serpong Utara, Tangerang Selatan",Apartemen,4166666.6666666665,56306.3063063063,yearly,3,2,3 Bedroom,74.0,18.3272282158144,7.509804330005511,Stasiun KRL Tangerang,Tier 3: Outer Commuter Ring (15-28km),0,0,0,0,0,0,0,0,0,0,0,0,-6.239785,106.657158,listing,0,,"Disewakan apartemen hemat di Serpong Utara, Tangerang Selatan, Tangerang Selatan.

Memiliki 3 kamar tidur, 2 kamar mandi, dan luas 74m2.
Harga sewa: Rp 50 Juta/ Tahun.
Segera hubungi kami sekarang.

2 menit ke SutraLoop
2 menit ke Santa Laurensia Alam Sutera, 2 menit ke APCA Indonesia (Academy of Pastry & Culinary Arts Indonesia), 4 menit ke Tax Academy Indonesia HQ

	------------------------------------------------------------

	Sewa Apartment
APARTEMEN KINGLAND AVENUE, JL RAYA SERPONG, TANGERA",7533049.0,-3366382.333333333,-0.5922,44.7,-1.63,Deep Value Deal (Rare Find),deep,"Disewakan Apartemen Kingland Avenue , Jl Raya Serpong Tangerang Selatan 3Br",L'Avenue,fuzzy
LST-00838,Unresolved • Tangerang Selatan • 1BR Furnished (39 m²),https://www.99.co/id/properti/apartemen-disewa-120jt-bintaro-cp-1012633277,Tangerang Selatan,Banten,Tangerang Selatan,Tangerang Selatan,Apartemen,10000000.0,256410.2564102564,yearly,1,1,Studio / 1BR,39.0,13.19670559789285,0.8997217613026535,Stasiun KRL Jurang Mangu (Bintaro),Tier 2: Inner Ring Metro (7-15km),0,0,0,0,0,0,0,0,1,0,0,0,-6.28241,106.726349,listing,0,,"FOR RENT ONLY. Hunian hemat di Bintaro, Tangerang Selatan.
Apartemen dengan 1 kamar tidur & 1 kamar mandi, pas untuk pasangan muda.
Harga sewa hanya Rp 120 Juta/ Tahun.

2 menit ke Stasiun Jurangmangu, 5 menit ke Stasiun Sudimara, 6 menit ke Stasiun Pondok Ranji
3 menit ke UPJ Bintaro (Universitas Pembangunan Jaya), 5 menit ke PKN STAN Bintaro, 5 menit ke PKN STAN (Politeknik Keuangan Negara STAN)

	------------------------------------------------------------

	DISEWAKAN APARTEMEN SIAP HUNI STRA",4457054.0,5542946.0,0.8081,-124.4,2.22,Overpriced / Luxury Tag,,Disewakan Apartement di The Accent Bintaro,,unresolved
LST-00839,The Branz BSD • 1BR Full Furnished (43 m²),https://www.99.co/id/properti/apartemen-disewa-75jt-bsd-cp-1011915338,Tangerang Selatan,Banten,BSD,"BSD, Tangerang Selatan",Apartemen,6250000.0,145348.83720930232,yearly,1,1,Studio / 1BR,43.0,21.365185417243254,4.077276069524725,Stasiun KRL Rawabuntu (BSD),Tier 3: Outer Commuter Ring (15-28km),1,0,0,0,1,1,0,0,0,0,1,0,-6.30073,106.6502669980909,subdistrict_centroid,1,,"Apartemen disewa murah:
- 1 Bedroom
- 1 Bathroom
- Luas 43m2
- Lokasi: BSD, Tangerang Selatan, Tangerang Selatan
- Harga: Rp 75 Juta/ Tahun

Jangan sampai terlewat!

	------------------------------------------------------------

	*DIsewakan apartemen Branz BSD* 

Luas 43 M2 
Bedroom  1 
Bathroom  1
Tower A
Lantai 12
Full furnish 
   Smart TV 43'
   Queen bed 
   Microwave
   Kompor +LPG +kulkas
   Sofa 
   Mesin cuci 
   Water Heater 
   Wifi 

*Harga 75 jt /thn* 

Theresia 
0817000xxxx 
Atlanti",5385510.0,864490.0,0.1489,-16.1,0.41,Fair Market Price,,Di sewakan apartemen Branz BSD,The Branz BSD,exact
LST-00840,Unresolved • BSD • 1BR Full Furnished (49 m²),https://www.99.co/id/properti/apartemen-disewa-70jt-bsd-cp-1011915295,Tangerang Selatan,Banten,BSD,"BSD, Tangerang Selatan",Apartemen,5833333.333333333,119047.61904761904,yearly,1,1,Studio / 1BR,49.0,21.365185417243254,4.077276069524725,Stasiun KRL Rawabuntu (BSD),Tier 3: Outer Commuter Ring (15-28km),1,0,0,0,0,0,0,0,0,0,0,0,-6.30073,106.6502669980909,subdistrict_centroid,1,,"Hunian harga terjangkau disewakan di BSD, Tangerang Selatan, Tangerang Selatan.
Apartemen ini memiliki 1 kamar tidur & 1 kamar mandi dengan luas 49m2m².
Cocok untuk tempat tinggal strategis dengan harga terjangkau.




	------------------------------------------------------------

	*Disewakan apartemen Sky House 2 BR*

Luas  49 M2 
Batroom  1
Full furnish 
Tower Castilla
View kota 

Lokasi strategis diapit 2 mall IKEA sebelah kanan dan sebelah kiri Jakarta Premium Otlet
5 menit universitas Bunda",6325283.0,-491949.666666667,-0.081,7.8,-0.22,Fair Market Price,,Disewakan apartemen Sky House 2 BR,,unresolved
LST-00841,Unresolved • BSD • 2BR Furnished (77 m²),https://www.99.co/id/properti/apartemen-disewa-145jt-bsd-cp-1012704752,Tangerang Selatan,Banten,BSD,"BSD, Tangerang Selatan",Apartemen,12083333.333333334,156926.40692640693,yearly,2,1,2 Bedroom,77.0,21.365185417243254,4.077276069524725,Stasiun KRL Rawabuntu (BSD),Tier 3: Outer Commuter Ring (15-28km),0,0,0,0,0,0,0,0,0,0,0,0,-6.30073,106.6502669980909,subdistrict_centroid,1,,"Anda mencari hunian praktis dengan harga terjangkau? Ini pilihan yang tepat! Apartemen ini ada di BSD, Tangerang Selatan. Dengan 2 kamar tidur & 1 kamar mandi, apartemen ini cocok untuk Anda.

Harga sewa: Rp 145 Juta/ Tahun.




	------------------------------------------------------------

	DISEWAKAN Apartemen @NavaPark, BSD.

Spesifikasinya adalah sebagai berikut:
- Kamar Tidur: 2+1
- Kamar Mandi: 1+1
- Kondisi Perabotan: Furnished
- listrik : 5500watt
- Air : PDAM
- View : botanic park view

",10723411.0,1359922.333333334,0.1194,-12.7,0.33,Fair Market Price,,Disewakan Apartemen Mewah Lokasi Eksklusif Nava Park Bsd,,unresolved
LST-00842,Unresolved • BSD • 1BR Full Furnished (50 m²),https://www.99.co/id/properti/apartemen-disewa-85jt-bsd-cp-1014286390,Tangerang Selatan,Banten,BSD,"BSD, Tangerang Selatan",Apartemen,7083333.333333333,141666.66666666666,yearly,1,1,Studio / 1BR,50.0,21.365185417243254,4.077276069524725,Stasiun KRL Rawabuntu (BSD),Tier 3: Outer Commuter Ring (15-28km),1,0,0,0,0,0,0,0,0,0,1,0,-6.30073,106.6502669980909,subdistrict_centroid,1,,"Apartemen ekonomis untuk disewa:
- Lokasi: BSD, Tangerang Selatan, Tangerang Selatan
- 1 Kamar Tidur
- 1 Kamar Mandi
- Luas 50m2
- Harga: Rp 85 Juta/ Tahun

Lokasi strategis. 

	------------------------------------------------------------

	Apartment Marigold di Navapark.
Fasilitas taman jogging dan playground 10 Ha.
akses langsung ke The Breeze BSD

Full Furnished :
- Bedroom 
- Living room
- Kitchen set 

",6526053.0,557280.333333333,0.0819,-8.5,0.23,Fair Market Price,,Sewa Sekarang Apartemen Nyaman 1 KT di Kawasan BSD,,unresolved
LST-00843,Sky House BSD • 3BR Full Furnished (69 m²),https://www.99.co/id/properti/apartemen-disewa-110jt-bsd-cp-1014474757,Tangerang Selatan,Banten,BSD,"BSD, Tangerang Selatan",Apartemen,9166666.666666666,132850.24154589372,yearly,3,1,3 Bedroom,69.0,21.365185417243254,4.077276069524725,Stasiun KRL Rawabuntu (BSD),Tier 3: Outer Commuter Ring (15-28km),1,0,0,0,0,0,0,0,0,0,0,1,-6.30073,106.6502669980909,subdistrict_centroid,1,,"Apartemen harga terjangkau disewakan di BSD, Tangerang Selatan, Tangerang Selatan.
Apartemen ini memiliki 3 kamar tidur & 1 kamar mandi dengan luas 69m2m².
Cocok untuk tempat tinggal praktis dengan harga terjangkau.




	------------------------------------------------------------

	Tower Duxton 1
Luas 69.6M²
KT 3
KM 1
Lantai 32
Hadap Timur
3BR Furnished
View City

*Harga sewa 110jt/th (excl IPL)*
Bisa sewa 1th
Parkir 200rb/bln
IPL 2jt/bln
Deposit 30jt

hub, 
wellina

",8596150.0,570516.666666666,0.0643,-6.6,0.18,Fair Market Price,,Apartemen Skyhouse 3Br BSD Full Furnished Brand New Sebelah Mall Aeon,Sky House BSD,exact
LST-00844,Unresolved • Tangerang Selatan • Studio Furnished (21 m²),https://www.99.co/id/properti/apartemen-disewa-30jt-bintaro-cp-1015150998,Tangerang Selatan,Banten,Tangerang Selatan,Tangerang Selatan,Apartemen,2500000.0,119047.61904761904,yearly,1,0,Studio / 1BR,21.0,13.19670559789285,0.8997217613026535,Stasiun KRL Jurang Mangu (Bintaro),Tier 2: Inner Ring Metro (7-15km),0,0,0,0,0,0,0,0,1,0,0,0,-6.28241,106.726349,listing,0,,"FOR RENT ONLY. Hunian hemat di Bintaro, Tangerang Selatan.
Apartemen dengan 1 kamar tidur & 0 kamar mandi, cocok untuk pasangan muda.
Harga sewa hanya Rp 30 Juta/ Tahun.

2 menit ke Stasiun Jurangmangu, 5 menit ke Stasiun Sudimara, 6 menit ke Stasiun Pondok Ranji
3 menit ke UPJ Bintaro (Universitas Pembangunan Jaya), 5 menit ke PKN STAN Bintaro, 5 menit ke PKN STAN (Politeknik Keuangan Negara STAN)

	------------------------------------------------------------

	Siap huni
Aman dan nyaman
Keamana",2494441.0,5559.0,0.0022,-0.2,0.01,Fair Market Price,,Siap Huni Apartemen Type Studio di Emerald Bintaro,,unresolved
LST-00845,Unresolved • BSD • 1BR Furnished (37 m²),https://www.99.co/id/properti/apartemen-disewa-45jt-bsd-cp-1013829235,Tangerang Selatan,Banten,BSD,"BSD, Tangerang Selatan",Apartemen,3750000.0,101351.35135135136,yearly,1,1,Studio / 1BR,37.0,14.635311908981269,1.88077029974464,Stasiun KRL Jurang Mangu (Bintaro),Tier 2: Inner Ring Metro (7-15km),0,0,0,0,0,0,0,0,1,0,0,0,-6.28352,106.711,listing,0,,"Hunian harga terjangkau disewakan di BSD, Tangerang Selatan, Tangerang Selatan.
Apartemen ini memiliki 1 kamar tidur & 1 kamar mandi dengan luas 37m2m².
Cocok untuk tempat tinggal praktis dengan harga terjangkau.

4 menit ke Stasiun Sudimara, 5 menit ke Tol Serpong, 6 menit ke Stasiun Jurangmangu
4 menit ke British School Jakarta, 5 menit ke SMAN 11 Tangerang Selatan, 5 menit ke Eleven Stars

	------------------------------------------------------------

	DI SEWAKAN 1 UNIT 
SAVERIA APARTEMENT BS",4275440.0,-525440.0,-0.1311,12.3,-0.36,Fair Market Price,,"Ada Unit Apartemen Murah Disewa di BSD, Tangerang Selatan 1 BR",,unresolved
LST-00846,The Breeze Bintaro • 2BR Furnished (56 m²),https://www.99.co/id/properti/apartemen-disewa-80jt-bintaro-cp-1013000186,Tangerang Selatan,Banten,Tangerang Selatan,Tangerang Selatan,Apartemen,6666666.666666667,119047.61904761904,yearly,2,1,2 Bedroom,56.0,13.19670559789285,0.8997217613026535,Stasiun KRL Jurang Mangu (Bintaro),Tier 2: Inner Ring Metro (7-15km),0,0,0,1,0,0,0,0,1,0,0,0,-6.28241,106.726349,listing,0,,"Cari Apartemen Murah?
Tersedia unit di Tangerang Selatan dengan 2 KT & 1 KM siap huni.
Harga sewa mulai Rp 80 Juta/ Tahun.

Anda tidak perlu khawatir soal lokasi karena area apartemen ini strategis. 2 menit ke Stasiun Jurangmangu, 5 menit ke Stasiun Sudimara, 6 menit ke Stasiun Pondok Ranji

	------------------------------------------------------------

	CPA 13407 Apartment Breeze - 

LB: 56,47 m2, 
KT: 2, KM: 1, 
Lantai: 16, Hadap: Plaza Bintaro, 
Listrik: 2200, AC: 2 , 
Air: PAM,  Furnished, 
",6379181.0,287485.666666667,0.0441,-4.5,0.12,Fair Market Price,,Apatemen Breeze Bintaro Plaza Jual Sewa,The Breeze Bintaro,fuzzy
LST-00847,Unresolved • Tangerang Selatan • Studio Furnished (21 m²),https://www.99.co/id/properti/apartemen-disewa-40jt-bintaro-cp-1011954122,Tangerang Selatan,Banten,Tangerang Selatan,Tangerang Selatan,Apartemen,3333333.333333333,158730.15873015873,yearly,0,0,Studio / 1BR,21.0,14.404766802711016,3.18097442149615,Stasiun KRL Jurang Mangu (Bintaro),Tier 2: Inner Ring Metro (7-15km),0,0,0,0,0,0,0,0,1,0,0,0,-6.270836300000001,106.7055969,listing,0,,"FOR RENT ONLY. Hunian hemat di Bintaro, Tangerang Selatan.
Apartemen dengan 0 kamar tidur & 0 kamar mandi, pas untuk pasangan muda.
Harga sewa hanya Rp 40 Juta/ Tahun.

8 menit ke Stasiun Sudimara, 9 menit ke Tol Serpong, 9 menit ke Stasiun Jurangmangu
1 menit ke British School Jakarta, 3 menit ke STIT DAARULFATAH, 5 menit ke STIT Darul Fatah

	------------------------------------------------------------

	(CPA3 9408) Apartement di Bintaro - 

LT : 21 m2, 
LB : 21 m2, 
Hadap : Utara, 
Lanta",2733173.0,600160.333333333,0.1985,-22.0,0.55,Fair Market Price,,Sewa Apartement Emerald Bintaro 9408,,unresolved
LST-00848,Unresolved • BSD • 2BR Furnished (80 m²),https://www.99.co/id/properti/apartemen-disewa-120jt-bsd-cp-1013725225,Tangerang Selatan,Banten,BSD,"BSD, Tangerang Selatan",Apartemen,10000000.0,125000.0,yearly,2,1,2 Bedroom,80.0,21.365185417243254,4.077276069524725,Stasiun KRL Rawabuntu (BSD),Tier 3: Outer Commuter Ring (15-28km),0,0,0,0,0,0,0,0,0,0,0,0,-6.30073,106.6502669980909,subdistrict_centroid,1,,"Anda mencari hunian praktis dengan harga hemat? Ini pilihan yang tepat! Apartemen ini ada di BSD, Tangerang Selatan. Dengan 2 kamar tidur & 1 kamar mandi, hunian ini cocok untuk Anda.

Harga sewa: Rp 120 Juta/ Tahun.




	------------------------------------------------------------

	Apartemen siap huni
harga masih bisa Nego
lokasi dekat universitas  dan Aeon Mall 


",10869794.0,-869794.0,-0.0834,8.0,-0.23,Fair Market Price,,"Hunian Apartemen Sewa Murah 80m2 di BSD, Cocok Dijadikan Tempat Tinggal Anda",,unresolved
LST-00849,Unresolved • Pondok Aren • 1BR Furnished (39 m²),https://www.99.co/id/properti/apartemen-disewa-55jt-pondok-aren-cp-1014504591,Tangerang Selatan,Banten,Pondok Aren,"Pondok Aren, Tangerang Selatan",Apartemen,4583333.333333333,117521.36752136752,yearly,1,1,Studio / 1BR,39.0,12.836708225993243,2.779946558137054,Stasiun KRL Jurang Mangu (Bintaro),Tier 2: Inner Ring Metro (7-15km),0,0,0,0,0,0,0,0,1,0,0,0,-6.26651,106.719421,listing,0,,"Sedang mencari hunian praktis dengan harga terjangkau? Ini pilihan yang tepat! Apartemen ini ada di Pondok Aren, Tangerang Selatan. Dengan 1 kamar tidur & 1 kamar mandi, hunian ini cocok untuk Anda.

Harga sewa: Rp 55 Juta/ Tahun.

7 menit ke Stasiun Jurangmangu, 9 menit ke Stasiun Pondok Ranji, 9 menit ke Stasiun Sudimara
2 menit ke STIT DAARULFATAH, 4 menit ke PKN STAN (Politeknik Keuangan Negara STAN), 4 menit ke PKN STAN Bintaro

	------------------------------------------------------------
",5369798.0,-786464.666666667,-0.1584,14.6,-0.44,Fair Market Price,,Disewa Apartemen The Accent Tipe 1Br di Cbd Bintaro Jaya Tangerang Selatan,,unresolved
LST-00850,Marigold Nava Park • 2BR Furnished (110 m²),https://www.99.co/id/properti/apartemen-disewa-150jt-bsd-cp-1012639734,Tangerang Selatan,Banten,BSD,"BSD, Tangerang Selatan",Apartemen,12500000.0,113636.36363636365,yearly,2,0,2 Bedroom,110.0,21.365185417243254,4.077276069524725,Stasiun KRL Rawabuntu (BSD),Tier 3: Outer Commuter Ring (15-28km),0,0,0,0,0,0,1,0,0,0,0,0,-6.30073,106.6502669980909,subdistrict_centroid,1,,"Apartemen disewa murah:
- 2 Bedroom
- 0 Bathroom
- Luas 110m2
- Lokasi: BSD, Tangerang Selatan, Tangerang Selatan
- Harga: Rp 150 Juta/ Tahun

Hubungi sekarang!

	------------------------------------------------------------

	*DISEWAKAN*

*Apartment Marigold Navapark, BSD*

Tipe 2bedroom + study
Luas SG 110m2
Tower 6
Lantai 9
View Pool n Botanical Park :heart_eyes:
Furnished cakep

Harga sewa Rp. 150 juta/tahun

Info
Indah
LJH Alam Sutera
08782050xxxx 

",14640964.0,-2140964.0,-0.1581,14.6,-0.43,Fair Market Price,,"Unit Mewah, 2 Br, Furnished, di Marigold, Nava Park BSD (Lin)",Marigold Nava Park,exact
LST-00851,Unresolved • BSD • 2BR Full Furnished (115 m²),https://www.99.co/id/properti/apartemen-disewa-220jt-bsd-cp-1012826275,Tangerang Selatan,Banten,BSD,"BSD, Tangerang Selatan",Apartemen,18333333.33333333,159420.28985507245,yearly,2,2,2 Bedroom,115.0,21.365185417243254,4.077276069524725,Stasiun KRL Rawabuntu (BSD),Tier 3: Outer Commuter Ring (15-28km),1,0,0,0,0,0,0,0,0,1,0,0,-6.30073,106.6502669980909,subdistrict_centroid,1,,"Apartemen disewa murah:
- 2 Bedroom
- 2 Bathroom
- Luas 115m2
- Lokasi: BSD, Tangerang Selatan, Tangerang Selatan
- Harga: Rp 220 Juta/ Tahun

Jangan sampai terlewat!

	------------------------------------------------------------

	DiSewa dan Dijual Unit Apartemen Marigold Navapark BSD tower 3 full Furnished 
dalam Kondisi Bagus Dan Rapi 
Luas : 115m
2 Bed Room 
2 Bathroom, 
Living room 
Ruang Makan 
Balcony 
Service Are 
full Apartment Facility 

Harga 220Juta/Tahun 
exclude tax 

Dijual Harga ",15120234.0,3213099.3333333284,0.1927,-21.3,0.53,Fair Market Price,,Disewakan Apartment Navapark Full Furnished Dalam Kondisi Rapi Tinggal Bawa Koper,,unresolved
LST-00852,Unresolved • BSD • Studio Full Furnished (22 m²),https://www.99.co/id/properti/apartemen-disewa-35jt-bsd-cp-1013290160,Tangerang Selatan,Banten,BSD,"BSD, Tangerang Selatan",Apartemen,2916666.6666666665,132575.75757575757,yearly,0,1,Studio / 1BR,22.0,21.365185417243254,4.077276069524725,Stasiun KRL Rawabuntu (BSD),Tier 3: Outer Commuter Ring (15-28km),1,0,0,0,0,0,1,1,0,0,0,0,-6.30073,106.6502669980909,subdistrict_centroid,1,,"Apartemen disewa murah:
- 0 Bedroom
- 1 Bathroom
- Luas 22m2
- Lokasi: BSD, Tangerang Selatan, Tangerang Selatan
- Harga: Rp 35 Juta/ Tahun

Hubungi sekarang!

	------------------------------------------------------------

	Apartemen  TreePark di BSD 
tipe Studio Luas 22 m
Full Furnish Perabot Premium
Lantai Sedang
Tinggal bawa koper
Harga Sewa hanya 35 juta masih nego tipis

cocok untuk Karyawan/ Mahasiswa

Fasilitas
Swimming Pool, Gym, Barbeque, Alfamart, Preschool

Tinggal sebrang ke Simas Wo",2084300.0,832366.6666666665,0.336,-39.9,0.92,Premium / High Price,,Aptdi BSD Tipe Studio Full Furnish Dekat Universitas,,unresolved
LST-00853,Unresolved • BSD • Studio Full Furnished (25 m²),https://www.99.co/id/properti/apartemen-disewa-37jt-bsd-cp-1013618588,Tangerang Selatan,Banten,BSD,"BSD, Tangerang Selatan",Apartemen,3083333.333333333,123333.33333333334,yearly,0,1,Studio / 1BR,25.0,21.365185417243254,4.077276069524725,Stasiun KRL Rawabuntu (BSD),Tier 3: Outer Commuter Ring (15-28km),1,0,0,0,0,0,0,0,0,0,0,0,-6.30073,106.6502669980909,subdistrict_centroid,1,,"Apartemen Murah Disewakan!
- Lokasi: BSD, Tangerang Selatan, Tangerang Selatan
- 0 KT, 1 KM
- Luas 25m2
- Harga: Rp 37 Juta/ Tahun

Lokasi strategis. 

	------------------------------------------------------------

	DIJUAL/SEWA

Apt B Residence BSD
Tipe Studio 25 m2
Full Furnish, belum pernah dipakai masih gres
Lantai Tinggi
PPJB
Tinggal jalan kaki ke Univ Prasmul

Harga jual 500 juta nego
Harga Sewa 37 juta

Susan Zhou
Infinite GS
08128908xxxx 

",3889743.0,-806409.666666667,-0.2323,20.7,-0.64,Fair Market Price,,"Sewa Sekarang Apartemen Strategis 0 KT, 1 KM di Kawasan BSD",,unresolved
LST-00854,Unresolved • BSD • 1BR Full Furnished (50 m²),https://www.99.co/id/properti/apartemen-disewa-90jt-bsd-cp-1013623929,Tangerang Selatan,Banten,BSD,"BSD, Tangerang Selatan",Apartemen,7500000.0,150000.0,yearly,1,1,Studio / 1BR,50.0,21.365185417243254,4.077276069524725,Stasiun KRL Rawabuntu (BSD),Tier 3: Outer Commuter Ring (15-28km),1,0,0,0,0,0,0,0,0,0,0,0,-6.30073,106.6502669980909,subdistrict_centroid,1,,"Apartemen hemat di BSD, Tangerang Selatan, Tangerang Selatan siap untuk disewa.
Luas 50m2m², 1 kamar tidur, dan 1 kamar mandi.
Harga sewa: Rp 90 Juta/ Tahun.
Hubungi kami untuk detail.

	------------------------------------------------------------

	Di Jual & Di Sewakan 
Apartemen Marigold Navapark, Bsd
Tower 2 
1BR , 1km (50m2)
Fully Furnish 
View Botanical garden 
PPJB 

Sewa: 90jt/th 
Jual : 2,150m Nego

Susan Zhou

kode: li-tjam



",6357808.0,1142192.0,0.1652,-18.0,0.45,Fair Market Price,,"Disewakan Cepat! Hunian Apartemen Hemat di BSD, Tangerang Selatan 1 Kamar Tidur dan 1 Kamar Mandi",,unresolved
LST-00855,Sky House BSD • 3BR Full Furnished (68 m²),https://www.99.co/id/properti/apartemen-disewa-85jt-bsd-cp-1012399601,Tangerang Selatan,Banten,BSD,"BSD, Tangerang Selatan",Apartemen,7083333.333333333,104166.66666666666,yearly,3,1,3 Bedroom,68.0,21.365185417243254,4.077276069524725,Stasiun KRL Rawabuntu (BSD),Tier 3: Outer Commuter Ring (15-28km),1,0,0,1,0,0,1,0,0,0,0,0,-6.30073,106.6502669980909,subdistrict_centroid,1,,"Apartemen Murah Disewakan!
- Lokasi: BSD, Tangerang Selatan, Tangerang Selatan
- 3 KT, 1 KM
- Luas 68m2
- Harga: Rp 85 Juta/ Tahun

Lokasi strategis. 

	------------------------------------------------------------

	Disewakan Apartemen 3BR Full Furnish Sky House BSD Samping AEON Mall

▪︎Type : 3BR
▪︎KT : 3
▪︎KM : 1
▪︎LB : 68 sqm
▪︎Tower : Duxton Lt.27
▪︎View : Swimming Pool dan Garden
▪︎Full Furnished : All Furniture yg menempel dan lepasan, AC, Kulkas TV

* Benefit :
▪︎Lokasi di area CBD BSD Ci",9383899.0,-2300565.666666667,-0.2813,24.5,-0.77,Good Deal (Undervalued),good,Disewakan Apartemen 3Br Full Furnish Sky House BSD Samping Aeon Mall,Sky House BSD,exact
LST-00856,Sky House BSD • 2BR Full Furnished (48 m²),https://www.99.co/id/properti/apartemen-disewa-95jt-bsd-cp-1013089835,Tangerang Selatan,Banten,BSD,"BSD, Tangerang Selatan",Apartemen,7916666.666666667,164930.55555555556,yearly,2,2,2 Bedroom,48.0,21.365185417243254,4.077276069524725,Stasiun KRL Rawabuntu (BSD),Tier 3: Outer Commuter Ring (15-28km),1,0,0,1,0,0,0,0,0,0,0,0,-6.30073,106.6502669980909,subdistrict_centroid,1,,"Apartemen murah di BSD, Tangerang Selatan, Tangerang Selatan siap untuk disewa.
Luas 48m2m², 2 kamar tidur, dan 2 kamar mandi.
Harga sewa: Rp 95 Juta/ Tahun.
Hubungi kami untuk detail.

	------------------------------------------------------------

	Disewakan Apartemen 2BR Full Furnish Sky House BSD Samping AEON Mall*

▪︎Type : 2BR
▪︎KT : 2
▪︎KM : 2
▪︎LB : 48 sqm2
▪︎Tower : Jervois
▪︎ Lantai :20B
▪︎View : Kota
▪︎Full Furnished : All Furniture yg menempel dan lepasan, AC, Kulkas 1 Pintu.  

* Ben",4909131.0,3007535.666666667,0.4779,-61.3,1.31,Premium / High Price,,Disewakan Apartemen 2Br Full Furnish Sky House BSD Samping Aeon Mall,Sky House BSD,exact
LST-00857,Podomoro Golf View • 2BR Full Furnished (35 m²),https://www.99.co/id/properti/apartemen-disewa-42jt-cimanggis-cp-1013265988,Depok,Jawa Barat,Cimanggis,"Cimanggis, Depok",Apartemen,3500000.0,100000.0,yearly,2,1,2 Bedroom,35.0,21.813847711201102,7.593995502776035,Stasiun KRL Depok Baru,Tier 3: Outer Commuter Ring (15-28km),1,0,0,0,0,0,0,0,1,0,0,0,-6.39199,106.890617,listing,0,,"Disewakan apartemen hemat di Cimanggis, Depok, Depok.

Memiliki 2 kamar tidur, 1 kamar mandi, dan luas 35m2.
Harga sewa: Rp 42 Juta/ Tahun.
Jadwalkan survei sekarang.

5 menit ke LRT Harjamukti, 10 menit ke Tol Cimanggis
2 menit ke SMAN 4 Depok, 7 menit ke STIKES MRHJ (Sekolah Tinggi Ilmu Kesehatan Mitra RIA Husada Jakarta), 9 menit ke UIII (Universitas Islam Internasional Indonesia)

	------------------------------------------------------------

	Disewakan Apartemen Podomoro Golf View Cimanggis",3343357.0,156643.0,0.0458,-4.7,0.13,Fair Market Price,,For Rent 2Br Fully Furnished Apartemen Podomoro Golf View Cimanggis,Podomoro Golf View,exact
LST-00858,Unresolved • Cimanggis • 1BR Full Furnished (25 m²),https://www.99.co/id/properti/apartemen-disewa-3jt-cimanggis-cp-1013550285,Depok,Jawa Barat,Cimanggis,"Cimanggis, Depok",Apartemen,3800000.0,152000.0,monthly,1,1,Studio / 1BR,25.0,20.651263543663024,9.083604670624643,Stasiun KRL Depok Baru,Tier 3: Outer Commuter Ring (15-28km),1,0,0,0,1,1,0,0,1,0,1,0,-6.375412217356839,106.90255071352118,listing,0,,"Apartemen Murah Disewakan!
- Lokasi: Cimanggis, Depok, Depok
- 1 KT, 1 KM
- Luas 25m2
- Harga: Rp 3,8 Juta/ Bulan

Lokasi strategis. 2 menit ke LRT Harjamukti, 5 menit ke Tol Cimanggis

	------------------------------------------------------------

	Disewakan Apartemen Trans Park Cibubur Full Furnish Type Studio yang COZY
Fasilitas lengkap

Fasilitas dalam unit :
Waterheater, dapur alat masak kompor, Rice Cooker, kulkas, Setrika, dispenser, alat makan, tv, wifi dan masih banyak lagi

Fasilitas G",4266079.0,-466079.0,-0.1157,10.9,-0.32,Fair Market Price,,Apartemen Harga Murah dengan 1 BR & 1 KM di Cimanggis Depok,,unresolved
LST-00859,Unresolved • Cimanggis • 2BR Full Furnished (45 m²),https://www.99.co/id/properti/apartemen-disewa-7jt-cimanggis-cp-1013551082,Depok,Jawa Barat,Cimanggis,"Cimanggis, Depok",Apartemen,7000000.0,155555.55555555556,monthly,2,1,2 Bedroom,45.0,20.651263543663024,9.083604670624643,Stasiun KRL Depok Baru,Tier 3: Outer Commuter Ring (15-28km),1,0,0,0,0,0,0,0,1,0,0,0,-6.375412217356839,106.90255071352118,listing,0,,"Sewa apartemen murah di Cimanggis, Depok, Depok.

Memiliki 2 kamar tidur, 1 kamar mandi, dan luas 45m2.
Harga sewa: Rp 7 Juta/ Bulan.
Jadwalkan survei sekarang.

2 menit ke LRT Harjamukti, 5 menit ke Tol Cimanggis
4 menit ke STIKES MRHJ (Sekolah Tinggi Ilmu Kesehatan Mitra RIA Husada Jakarta), 6 menit ke IHBS, 8 menit ke SMAN 4 Depok

	------------------------------------------------------------

	Disewakan Apartemen Trans Park Cibubur Full Furnish Type 2BR yang COZY
Fasilitas yang sangat lengka",2737414.0,4262586.0,0.9389,-155.7,2.58,Overpriced / Luxury Tag,,Apartemen Harga Murah dengan 2 BR & 1 KM di Cimanggis Depok,,unresolved
LST-00860,Unresolved • Cimanggis • 1BR Furnished (35 m²),https://www.99.co/id/properti/apartemen-disewa-23jt-cimanggis-cp-1013669715,Depok,Jawa Barat,Cimanggis,"Cimanggis, Depok",Apartemen,1916666.6666666667,54761.90476190476,yearly,1,1,Studio / 1BR,35.0,21.813847711201102,7.593995502776035,Stasiun KRL Depok Baru,Tier 3: Outer Commuter Ring (15-28km),0,0,0,0,0,0,0,0,1,0,0,0,-6.39199,106.890617,listing,0,,"Disewakan apartemen hemat di Cimanggis, Depok, Depok.

Memiliki 1 kamar tidur, 1 kamar mandi, dan luas 35m2.
Harga sewa: Rp 23 Juta/ Tahun.
Jadwalkan survei sekarang.

5 menit ke LRT Harjamukti, 10 menit ke Tol Cimanggis
2 menit ke SMAN 4 Depok, 7 menit ke STIKES MRHJ (Sekolah Tinggi Ilmu Kesehatan Mitra RIA Husada Jakarta), 9 menit ke UIII (Universitas Islam Internasional Indonesia)

	------------------------------------------------------------

	Apartemen Podomoro Golf View. 

2KT
2KM
LB  35 m",4020745.0,-2104078.333333333,-0.7409,52.3,-2.04,Deep Value Deal (Rare Find),deep,"Hunian Apartemen Sewa Murah 35m2 di Cimanggis, Cocok Dijadikan Hunian Anda",,unresolved
LST-00861,Unresolved • Depok • 1BR Furnished (25 m²),https://www.99.co/id/properti/apartemen-disewa-4jt-sukmajaya-cp-1014909922,Depok,Jawa Barat,Depok,Depok,Apartemen,4000000.0,160000.0,monthly,1,1,Studio / 1BR,25.0,19.95795131095914,5.019515082072803,Stasiun KRL Depok Baru,Tier 3: Outer Commuter Ring (15-28km),0,0,0,0,0,0,0,0,1,0,0,0,-6.3822536,106.8664225,listing,0,,"Apartemen harga hemat untuk disewa di Depok.

Unit ini memiliki 1 kamar tidur dan 1 kamar mandi.
Harga Rp 4 Juta/ Bulan, cocok untuk hunian bagus dan strategis ini.

Lokasinya strategis. 9 menit ke LRT Harjamukti, 11 menit ke Stasiun Pondok Cina, 12 menit ke Stasiun UI

	------------------------------------------------------------

	:fire: **SEWA MARRAKECH SUITES - BISA MULAI 1 BULAN!**

Butuh apartemen **siap huni di lokasi strategis Depok?**  
Marrakech Suites, Pesona City hadir dengan pilihan",3420255.0,579745.0,0.1566,-17.0,0.43,Fair Market Price,,Apartemen Siap Huni Sewa Nyaman Fasilitas Lengkap Connecting Pesona Mall,,unresolved
LST-00862,Saladin Mansion • Studio Furnished (18 m²),https://www.99.co/id/properti/apartemen-disewa-2jt-beji-cp-1008253156,Depok,Jawa Barat,Beji,"Beji, Depok",Apartemen,2100000.0,116666.66666666669,monthly,0,1,Studio / 1BR,18.0,17.972235569283374,2.360967230794268,Stasiun KRL Depok Baru,Tier 3: Outer Commuter Ring (15-28km),0,0,0,0,0,0,0,0,1,0,0,0,-6.37041,106.81756,listing,0,,"Apartemen harga terjangkau disewakan di Beji, Depok, Depok.
Apartemen ini memiliki 0 kamar tidur & 1 kamar mandi dengan luas 18m2m².
Cocok untuk tempat tinggal praktis dengan harga terjangkau.

5 menit ke Stasiun Pondok Cina, 6 menit ke Stasiun UI, 7 menit ke Stasiun Depok Baru
2 menit ke PNJ, 2 menit ke UPATIK PNJ, 2 menit ke Departemen Teknik Informatika dan Komputer PNJ

	------------------------------------------------------------

	Di sewakan sebuh unit Apartemen di Saladdin Mansion Depok. ",2199448.0,-99448.0,-0.0463,4.5,-0.13,Fair Market Price,,Disewakan Unit di Apartemen Saladdin Mansion Margonda Depok,Saladin Mansion,fuzzy
LST-00863,Unresolved • Depok • 3BR Furnished (71 m²),https://www.99.co/id/properti/apartemen-disewa-125jt-cibubur-cp-1013948781,Depok,Jawa Barat,Depok,Depok,Apartemen,10416666.666666666,146713.61502347418,yearly,3,2,3 Bedroom,71.0,18.36377962780643,8.982117676463927,Stasiun KRL Depok Baru,Tier 3: Outer Commuter Ring (15-28km),0,0,0,0,0,0,0,0,1,0,0,0,-6.35611,106.895111,listing,0,,"Apartemen harga hemat untuk disewa di Depok.

Unit ini memiliki 3 kamar tidur dan 2 kamar mandi.
Harga Rp 125 Juta/ Tahun, cocok untuk hunian bagus dan strategis ini.

Lokasinya strategis. 6 menit ke LRT Harjamukti, 10 menit ke Tol Cimanggis, 9 menit ke Stasiun LRT Ciracas

	------------------------------------------------------------

	Get this comfortable 27th-floor apartement for rent, offering a fully-equipped Environment, perfect for those seeking a secure residence. 

Located in Cibubur, t",4906919.0,5509747.666666666,0.7528,-112.3,2.07,Overpriced / Luxury Tag,,"Apartemen Nyaman untuk Disewa, 3 Kamar di Depok",,unresolved
LST-00864,Samesta Mahata Margonda • 1BR Full Furnished (36 m²),https://www.99.co/id/properti/apartemen-disewa-47jt-margonda-cp-1015043679,Depok,Jawa Barat,Depok,Depok,Apartemen,3916666.6666666665,108796.29629629628,yearly,1,1,Studio / 1BR,36.0,18.454229924783714,2.2200289577268,Stasiun KRL Depok Baru,Tier 3: Outer Commuter Ring (15-28km),1,0,0,0,0,0,0,0,1,0,1,0,-6.374291,106.832582,listing,0,,"Disewakan apartemen murah di Margonda, Depok.
Memiliki 1 kamar tidur, 1 kamar mandi, serta luas 36m2.
Harga sewa Rp 47 Juta/ Tahun

Area paling strategis. 2 menit ke Stasiun Pondok Cina, 4 menit ke Stasiun UI, 5 menit ke Stasiun Depok Baru

	------------------------------------------------------------

	For Rent

Apartemen Samesta Mahata margonda
Depok, Jawa Barat

Detail:
Tower P
Level 18
Size 36 m2
1 Bedroom & 1 Bathroom
Brand New Furnished

Fully Furnished:
Kitchen Set (Kompor, Cooker Hood, S",4138900.0,-222233.3333333335,-0.0552,5.4,-0.15,Fair Market Price,,Disewakan Apartment 1Bedroom Fully Furnished Samesta Mahata Margonda Depok,Samesta Mahata Margonda,exact
LST-00865,Cinere Bellevue • 2BR Furnished (41 m²),https://www.99.co/id/properti/apartemen-disewa-55jt-cinere-cp-1014301238,Depok,Jawa Barat,Cinere,"Cinere, Depok",Apartemen,4583333.333333333,111788.61788617884,yearly,2,1,2 Bedroom,41.0,12.738380056299714,3.275377628272929,Stasiun MRT Lebak Bulus,Tier 2: Inner Ring Metro (7-15km),0,0,0,0,0,0,0,0,1,0,0,0,-6.317254,106.78288,listing,0,,"Anda mencari hunian praktis dengan harga terjangkau? Ini pilihan yang tepat! Apartemen ini ada di Cinere, Depok. Dengan 2 kamar tidur & 1 kamar mandi, apartemen ini cocok untuk Anda.

Harga sewa: Rp 55 Juta/ Tahun.

7 menit ke Stasiun Fatmawati, 7 menit ke MRT Fatmawati, 8 menit ke Stasiun Lebak Bulus Grab
3 menit ke SMAN 8 Tangerang, 3 menit ke Universitas Pembangunan Nasional 'Veteran' Jakarta, 3 menit ke UBSI Fatmawati (Universitas Bina Sarana Informatika) Kampus Fatmawati

	-----------------",3953506.0,629827.333333333,0.1478,-15.9,0.41,Fair Market Price,,"Apartemen Cinere Bellevue Suites Disewakan, Lokasi Strategis",Cinere Bellevue,exact
LST-00866,Transpark Cibubur • 2BR Full Furnished (45 m²),https://www.99.co/id/properti/apartemen-disewa-7jt-cibubur-cp-1015007203,Depok,Jawa Barat,Depok,Depok,Apartemen,625000.0,13888.888888888889,yearly,2,1,2 Bedroom,45.0,20.637613521398144,9.132755487612355,Stasiun KRL Depok Baru,Tier 3: Outer Commuter Ring (15-28km),1,0,0,0,0,0,0,0,1,0,0,0,-6.37508470900535,106.90293872148897,listing,0,,"Disewakan apartemen hemat di Cibubur, Depok.
Memiliki 2 kamar tidur, 1 kamar mandi, serta luas 45m2.
Harga sewa Rp 7,5 Juta/ Tahun

Area paling strategis. 2 menit ke LRT Harjamukti, 5 menit ke Tol Cimanggis

	------------------------------------------------------------

	APARTEMEN 2BR MEWAH - TRANSPARK CIBUBUR, TOWER AURORA ✨

Nikmati kenyamanan tinggal di apartemen premium dengan desain modern dan fasilitas lengkap di kawasan Transpark Cibubur. Unit 2 Bedroom fully furnished ini siap huni dan c",5895698.0,-5270698.0,-2.2442,89.4,-6.17,Deep Value Deal (Rare Find),deep,Transpark Cibubur 2Br Mewah Full Furnished,Transpark Cibubur,exact
LST-00867,Margonda Residence • Studio Furnished (20 m²),https://www.99.co/id/properti/apartemen-disewa-1jt-margonda-cp-1011127534,Depok,Jawa Barat,Depok,Depok,Apartemen,1500000.0,75000.0,monthly,0,1,Studio / 1BR,20.0,19.117689833962416,1.545535782398491,Stasiun KRL Depok Baru,Tier 3: Outer Commuter Ring (15-28km),0,0,0,0,0,0,0,0,1,0,0,0,-6.3804,106.830704,listing,0,,"FOR RENT ONLY. Hunian ekonomis di Margonda, Depok.
Apartemen dengan 0 kamar tidur & 1 kamar mandi, cocok untuk pasangan muda.
Harga sewa hanya Rp 1,5 Juta/ Bulan.

3 menit ke Stasiun Depok Baru, 4 menit ke Stasiun Pondok Cina, 6 menit ke Stasiun UI
0 menit ke Akademi Pariwisata Nusantara Jaya, 3 menit ke Darul Abidin, 3 menit ke Departemen Teknik Informatika dan Komputer PNJ

	------------------------------------------------------------

	Disewakan Unit Apartemen
Margonda Residence 1,
*Harga 1,5",2016120.0,-516120.0,-0.2957,25.6,-0.81,Good Deal (Undervalued),good,Margonda Residence 1 Mares 1 Dekat Ui,Margonda Residence,exact
LST-00868,Samesta Mahata Margonda • 2BR Furnished (50 m²),https://www.99.co/id/properti/apartemen-disewa-9jt-margonda-cp-1011400640,Depok,Jawa Barat,Depok,Depok,Apartemen,750000.0,15000.0,yearly,2,2,2 Bedroom,50.0,19.117689833962416,1.545535782398491,Stasiun KRL Depok Baru,Tier 3: Outer Commuter Ring (15-28km),0,0,0,0,0,0,0,0,1,0,0,0,-6.3804,106.830704,listing,0,,"Hunian hemat siap huni di Margonda, Depok. Bisa langsung sewa!

Spesifikasi: 2 KT, 2 KM, luas 50m2.
Harga sewa: Rp 9 Juta/ Tahun.

Apartemen ini jadi favorit karena akses transportasi umum yang mudah. 3 menit ke Stasiun Depok Baru, 4 menit ke Stasiun Pondok Cina, 6 menit ke Stasiun UI

Jangan sampai kehabisan unit!

	------------------------------------------------------------

	APARTEMEN SAMESTA MAHATA MARGONDA DEPOK

APARTEMENT 2 BedRoom DUAL KEYS, 
2 unit studio dengan 1 pintu utama, masing m",5482248.0,-4732248.0,-1.9892,86.3,-5.47,Deep Value Deal (Rare Find),deep,Apartemen Samasta Mahata 2br Furnish Margonda Depok,Samesta Mahata Margonda,fuzzy
LST-00869,Unresolved • Depok • Studio Full Furnished (24 m²),https://www.99.co/id/properti/apartemen-disewa-45jt-margonda-cp-1007481969,Depok,Jawa Barat,Depok,Depok,Apartemen,3750000.0,156250.0,yearly,1,1,Studio / 1BR,24.0,19.104278543040536,2.840460045002345,Stasiun KRL Depok Baru,Tier 3: Outer Commuter Ring (15-28km),1,0,0,0,0,0,1,0,1,0,0,0,-6.3788856,106.8444204,listing,0,,"Butuh Hunian Hemat?
Ada unit di Depok dengan 1 KT & 1 KM siap huni.
Harga sewa mulai Rp 45 Juta/ Tahun.

Anda tak perlu khawatir tentang lokasi karena area apartemen ini strategis. 5 menit ke Stasiun Pondok Cina, 7 menit ke Stasiun UI, 7 menit ke Stasiun Depok Baru

	------------------------------------------------------------

	Apartment Disewa Depok Sewa apartemen studio full furnish 
- view hadap Kolam Renang 
- tidak bising & tenang
- dekat RS Bunda
- dekat RS UI
- dekat Universitas Ind",4493360.0,-743360.0,-0.1808,16.5,-0.5,Fair Market Price,,APARTEMENT STUDIO FULL FURNISH,,unresolved
LST-00870,Cinere Bellevue • 2BR Full Furnished (41 m²),https://www.99.co/id/properti/apartemen-disewa-4jt-cinere-cp-1013342077,Depok,Jawa Barat,Cinere,"Cinere, Depok",Apartemen,4500000.0,109756.0975609756,monthly,2,1,2 Bedroom,41.0,20.17881143743289,0.9049734048211204,Stasiun KRL Depok Baru,Tier 3: Outer Commuter Ring (15-28km),1,0,0,0,0,0,1,0,1,0,0,0,-6.39,106.83,listing,0,,"Apartemen Murah Disewakan!
- Lokasi: Cinere, Depok, Depok
- 2 KT, 1 KM
- Luas 41m2
- Harga: Rp 4,5 Juta/ Bulan

Lokasi strategis. 1 menit ke Stasiun Depok Baru, 6 menit ke Stasiun Depok, 7 menit ke Stasiun Pondok Cina

	------------------------------------------------------------

	DISEWAKAN - APARTMENT
Cinere Bellevue Suites, Tower A

Spec :
- Luas 41 sqm
- 2 BR, Fully Furnished
- Lantai 6, View Pool
- Bersih dan terawat

Fasilitas Unit Apartment :
- 2 Bed & Wardrobe
- 1 Set meja kursi
- Kitche",3481508.0,1018492.0,0.2566,-29.3,0.71,Fair Market Price,,Disewakan Apartment Cinere Bellevue 2Br Fully Furnished,Cinere Bellevue,exact
LST-00871,Unresolved • Cinere • 2BR Full Furnished (40 m²),https://www.99.co/id/properti/apartemen-disewa-46jt-cinere-cp-1013399385,Depok,Jawa Barat,Cinere,"Cinere, Depok",Apartemen,3833333.3333333335,95833.33333333334,yearly,2,1,2 Bedroom,40.0,14.553202015811204,4.909428178482895,Stasiun MRT Lebak Bulus,Tier 2: Inner Ring Metro (7-15km),1,0,0,0,0,0,0,0,0,0,0,0,-6.33298,106.778412,listing,0,,"Apartemen disewa murah:
- 2 Bedroom
- 1 Bathroom
- Luas 40m2
- Lokasi: Cinere, Depok, Depok
- Harga: Rp 46 Juta/ Tahun

Hubungi sekarang!

	------------------------------------------------------------

	Disewakan apartemen cibell full furnished 

40 sqm
KT 2
KM 1
tower B Lantai 1

",4624031.0,-790697.6666666665,-0.1875,17.1,-0.52,Fair Market Price,,Disewakan Apartemen Cibell Full Furnished,,unresolved
LST-00872,Taman Melati Margonda • Studio Full Furnished (33 m²),https://www.99.co/id/properti/apartemen-disewa-50jt-depok-i-cp-1010484478,Depok,Jawa Barat,Depok,Depok,Apartemen,4166666.6666666665,126262.62626262626,yearly,0,1,Studio / 1BR,33.0,20.005625423803828,0.5324481056707552,Stasiun KRL Depok Baru,Tier 3: Outer Commuter Ring (15-28km),1,0,0,0,0,0,0,0,1,0,0,0,-6.388701496005748,106.81778955830116,listing,0,,"Apartemen terjangkau untuk disewa di Depok.

Unit ini memiliki 0 kamar tidur dan 1 kamar mandi.
Harga Rp 50 Juta/ Tahun, cocok untuk hunian bagus dan strategis ini.

Lokasinya strategis. 2 menit ke Stasiun Depok Baru, 5 menit ke Stasiun Depok, 8 menit ke Stasiun Pondok Cina

	------------------------------------------------------------

	Ukuran 33 m2
tingkat 18
kamar tidur Studio
kamar mandi 1
Sertifikat SHM
Fasilitas Full Furnished

",4317285.0,-150618.3333333335,-0.0355,3.5,-0.1,Fair Market Price,,Apartment Grand Taman Melati 2 (Studio),Taman Melati Margonda,exact
LST-00873,Taman Melati Margonda Tower C • 1BR Furnished (27 m²),https://www.99.co/id/properti/apartemen-disewa-3jt-margonda-cp-1014723329,Depok,Jawa Barat,Depok,Depok,Apartemen,3800000.0,140740.74074074073,monthly,1,1,Studio / 1BR,27.0,16.903913696813504,3.656819086512658,Stasiun KRL Depok Baru,Tier 3: Outer Commuter Ring (15-28km),0,0,0,0,0,0,0,0,1,0,0,0,-6.360260408094277,106.8331169209905,listing,0,,"Disewakan apartemen murah di Margonda, Depok.
Memiliki 1 kamar tidur, 1 kamar mandi, serta luas 27m2.
Harga sewa Rp 3,8 Juta/ Bulan

Area paling strategis. 0 menit ke Stasiun UI, 3 menit ke Stasiun Pondok Cina, 6 menit ke Stasiun Universitas Pancasila

	------------------------------------------------------------

	DISEWAKAN Apartemen dekat Kampus UI

Unit Studio Grand Taman Melati 2
Tower C Lantai 9

Lokasi strategis:
Dekat kampus UI
Dekat kampus Gunadarma
Akses jalan kaki ke Stasiun UI
Dekat m",3758972.0,41028.0,0.0109,-1.1,0.03,Fair Market Price,,Disewakan! Apartemen Grand Taman Melati 2 Tower C,Taman Melati Margonda,exact
LST-00874,Unresolved • Depok • Studio Full Furnished (22 m²),https://www.99.co/id/properti/apartemen-disewa-40jt-depok-i-cp-1012329794,Depok,Jawa Barat,Depok,Depok,Apartemen,3333333.333333333,151515.15151515152,yearly,0,1,Studio / 1BR,22.0,20.00557372954168,0.5327180613396044,Stasiun KRL Depok Baru,Tier 3: Outer Commuter Ring (15-28km),1,0,0,0,0,0,0,0,1,0,0,0,-6.388701,106.817787,listing,0,,"Apartemen harga hemat untuk disewa di Depok.

Unit ini memiliki 0 kamar tidur dan 1 kamar mandi.
Harga Rp 40 Juta/ Tahun, cocok untuk hunian bagus dan strategis ini.

Lokasinya strategis. 2 menit ke Stasiun Depok Baru, 5 menit ke Stasiun Depok, 8 menit ke Stasiun Pondok Cina

	------------------------------------------------------------

	Apartemen di Depok I.

Miliki apartemen 26 lantai yang modern ini,  disewakan menghadirkan lingkungan fasilitas yang lengkap, cocok untuk Anda yang menginginka",2741833.0,591500.333333333,0.1953,-21.6,0.54,Fair Market Price,,Disewakan Apartemen Cozy.full Furnish,,unresolved
LST-00875,Podomoro Golf View • 2BR Furnished (36 m²),https://www.99.co/id/properti/apartemen-disewa-4jt-cimanggis-cp-1013386446,Depok,Jawa Barat,Cimanggis,"Cimanggis, Depok",Apartemen,4500000.0,125000.0,monthly,2,1,2 Bedroom,36.0,21.813847711201102,7.593995502776035,Stasiun KRL Depok Baru,Tier 3: Outer Commuter Ring (15-28km),0,0,0,0,0,0,0,0,0,0,0,0,-6.39199,106.890617,listing,0,,"Apartemen murah di Cimanggis, Depok, Depok siap untuk disewa.
Luas 36m2m², 2 kamar tidur, dan 1 kamar mandi.
Harga sewa: Rp 4,5 Juta/ Bulan.
Hubungi kami untuk detail.

	------------------------------------------------------------

	Podomoro Golf view 
blm termasuk IPL
deposit 2 jt

",3450846.0,1049154.0,0.2655,-30.4,0.73,Fair Market Price,,Sewa Apartement Podomoro Golf View,Podomoro Golf View,exact
LST-00876,Unresolved • Bekasi • Studio Furnished (21 m²),https://www.99.co/id/properti/apartemen-disewa-26jt-summarecon-bekasi-cp-1015014021,Bekasi,Jawa Barat,Bekasi,Bekasi,Apartemen,2166666.6666666665,103174.60317460317,yearly,0,1,Studio / 1BR,21.0,20.1088230041982,1.1224371882548043,Stasiun KRL Bekasi,Tier 3: Outer Commuter Ring (15-28km),0,0,0,0,0,0,0,0,1,0,0,0,-6.226128,107.001076,listing,0,,"FOR RENT ONLY. Hunian hemat di Summarecon Bekasi, Bekasi.
Apartemen dengan 0 kamar tidur & 1 kamar mandi, pas untuk pasangan muda.
Harga sewa hanya Rp 26 Juta/ Tahun.

3 menit ke Stasiun Bekasi, 6 menit ke Stasiun Kranji, 8 menit ke Terminal Bekasi Kota
2 menit ke BINUS University (Bina Nusantara University) Bekasi, 3 menit ke Stie Bisnis International Indonesia, 3 menit ke SMAN 1 Bekasi

	------------------------------------------------------------

	Apartemen strategis dekat pusat kota, mall, ",1832518.0,334148.6666666665,0.1675,-18.2,0.46,Fair Market Price,,Apartemen Studio Siap Huni Aman dan Nyaman di Pusat Kota Bekasi,,unresolved
LST-00877,Unresolved • Bekasi • Studio Furnished (21 m²),https://www.99.co/id/properti/apartemen-disewa-27jt-summarecon-bekasi-cp-1015013960,Bekasi,Jawa Barat,Bekasi,Bekasi,Apartemen,2250000.0,107142.85714285714,yearly,0,1,Studio / 1BR,21.0,20.1088230041982,1.1224371882548043,Stasiun KRL Bekasi,Tier 3: Outer Commuter Ring (15-28km),0,0,0,0,0,0,0,0,1,0,0,0,-6.226128,107.001076,listing,0,,"Apartemen terjangkau untuk disewa di Bekasi.

Unit ini memiliki 0 kamar tidur dan 1 kamar mandi.
Harga Rp 27 Juta/ Tahun, cocok untuk hunian bagus dan strategis ini.

Lokasinya strategis. 3 menit ke Stasiun Bekasi, 6 menit ke Stasiun Kranji, 8 menit ke Terminal Bekasi Kota

	------------------------------------------------------------

	Apartemen tipe studio siap huni, sudah furnished hanya membawa barang pribadi, dekat mall, Rumah Sakit Universitas dan fasiltas umum lainnya.

",2029167.0,220833.0,0.1033,-10.9,0.28,Fair Market Price,,Apartemen Studio Dekat Fasilitas Umum dan Nyaman,,unresolved
LST-00878,Unresolved • Cikarang Barat • 1BR Furnished (28 m²),https://www.99.co/id/properti/apartemen-disewa-45jt-cikarang-barat-cp-1013637242,Bekasi,Jawa Barat,Cikarang Barat,"Cikarang Barat, Bekasi",Apartemen,3750000.0,133928.57142857142,yearly,1,1,Studio / 1BR,28.0,32.011397527329024,13.432002331141629,Stasiun KRL Bekasi,Tier 4: Greater Satellite Periphery (>28km),0,0,0,0,0,0,0,0,0,0,0,0,-6.319622,107.087296,listing,0,,"DISEWA apartemen murah di Cikarang Barat, Bekasi, Bekasi.
Unit 1 KT, 1 KM, luas 28m2.
Harga sewa Rp 45 Juta/ Tahun.
Buruan survei!


9 menit ke PTDI-STTD (POLITEKNIK TRANSPORTASI DARAT INDONESIA), 9 menit ke STTD Bekasi (Sekolah Tinggi Transportasi Darat Bekasi), 11 menit ke Annisa Islamic School

	------------------------------------------------------------

	mudah akses dan cocok buat pekerja dari luar kota

",3229465.0,520535.0,0.1494,-16.1,0.41,Fair Market Price,,"Sewa Apartemen Minimalis 28m2 Punya 1 KT, 1 KM, Lokasi di Cikarang Barat",,unresolved
LST-00879,Grand Icon Caman • 2BR Full Furnished (41 m²),https://www.99.co/id/properti/apartemen-disewa-48jt-jatibening-cp-1010297881,Bekasi,Jawa Barat,Bekasi,Bekasi,Apartemen,4000000.0,97560.9756097561,yearly,2,1,2 Bedroom,41.0,15.580454451642812,5.621829752741939,Stasiun KRL Bekasi,Tier 3: Outer Commuter Ring (15-28km),1,0,0,0,0,0,0,0,1,0,0,0,-6.25596,106.952728,listing,0,,"Sewa apartemen hemat di Jatibening, Bekasi.
Memiliki 2 kamar tidur, 1 kamar mandi, serta luas 41m2.
Harga sewa Rp 48 Juta/ Tahun

Area paling strategis. 0 menit ke LRT Cikunir 1, 2 menit ke Pintu Tol Jatibening, 3 menit ke LRT Cikunir 2

	------------------------------------------------------------

	Disewakan Apartemen Grand Icon Caman Raya Type 2BR Posisi Hoek Fullfurnish, Siap Huni, Dekat Tol Jati Bening, Bekasi

Luas Bangunan : 41m2
Kamar Tidur : 2
Kamar Mandi : 1
Tingkat : 23
Harga : 48.000",5238487.0,-1238487.0,-0.2697,23.6,-0.74,Fair Market Price,,"Disewakan Apartemen Grand Icon Caman Raya Type 2BR Posisi Hoek Fullfurnish, Siap Huni, Dekat Tol Jati Bening, Bekasi",Grand Icon Caman,exact
LST-00880,Orange County Cikarang • 1BR Furnished (47 m²),https://www.99.co/id/properti/apartemen-disewa-18jt-cikarang-selatan-cp-1014997015,Bekasi,Jawa Barat,Cikarang Selatan,"Cikarang Selatan, Bekasi",Apartemen,1500000.0,31914.89361702128,yearly,1,1,Studio / 1BR,47.0,43.06117851430047,23.733149490434528,Stasiun KRL Bekasi,Tier 4: Greater Satellite Periphery (>28km),0,0,1,0,0,0,0,0,0,0,0,0,-6.34254,107.185623,listing,0,,"Apartemen Murah Disewakan!
- Lokasi: Cikarang Selatan, Bekasi, Bekasi
- 1 KT, 1 KM
- Luas 47m2
- Harga: Rp 18 Juta/ Tahun

Lokasi strategis. 

	------------------------------------------------------------

	Orange County Cikarang 
Tower Pasadena 
Lantai 29
Luas 47 m²
1 Bedroom
1 Bathroom
Unfurnished
Harga sewa : Rp18.000.000/tahun Nego
Belum termasuk IPL, air & listrik

",4903198.0,-3403198.0,-1.1844,69.4,-3.26,Deep Value Deal (Rare Find),deep,Disewakan Apartment 1 Bedroom di Orange County Cikarang,Orange County Cikarang,exact
LST-00881,Unresolved • Bekasi Tower D • 1BR Furnished (30 m²),https://www.99.co/id/properti/apartemen-disewa-25jt-margahayu-cp-1010047053,Bekasi,Jawa Barat,Bekasi,Bekasi,Apartemen,2083333.3333333333,69444.44444444444,yearly,1,1,Studio / 1BR,30.0,22.43978522358288,2.377805270038329,Stasiun KRL Bekasi,Tier 3: Outer Commuter Ring (15-28km),0,0,0,1,0,0,0,0,1,0,0,0,-6.24144,107.02033,listing,0,,"Cari Apartemen Murah?
Tersedia unit di Bekasi dengan 1 KT & 1 KM siap huni.
Harga sewa mulai Rp 25 Juta/ Tahun.

Anda tidak perlu khawatir tentang lokasi karena area apartemen ini strategis. 2 menit ke Stasiun Bekasi Timur, 3 menit ke Terminal Bekasi Kota, 6 menit ke Pintu Tol Bekasi Timur

	------------------------------------------------------------

	Disewakan Apt. Center Point Tower D Bekasi

Luas Bangunan : 30 m²
Kamar tidur : 2 jadi 1
Kamar mandi : 1
Listrik : 1.300 watt
Air : PDAM
AC : 2
",3767367.0,-1684033.6666666667,-0.5924,44.7,-1.63,Deep Value Deal (Rare Find),deep,Disewakan Apt. Center Point Tower D Bekasi,,unresolved
LST-00882,Orange County Cikarang • 1BR Furnished (42 m²),https://www.99.co/id/properti/apartemen-disewa-40jt-cikarang-selatan-cp-1003590254,Bekasi,Jawa Barat,Cikarang Selatan,"Cikarang Selatan, Bekasi",Apartemen,3333333.333333333,79365.07936507936,yearly,1,1,Studio / 1BR,42.0,43.06086733003063,23.73286208738612,Stasiun KRL Bekasi,Tier 4: Greater Satellite Periphery (>28km),0,0,0,0,0,0,0,0,0,0,0,0,-6.34254,107.18562,listing,0,,"Apartemen terjangkau di kawasan Bekasi.
Dengan 1 kamar tidur dan 1 kamar mandi, unit ini cocok untuk Anda atau keluarga kecil.
Harga sewa: Rp 40 Juta/ Tahun.


4 menit ke PSU (Universitas Panca Sakti) Kampus B, 6 menit ke ITSB, 7 menit ke Universitas Pelita Bangsa

	------------------------------------------------------------

	Unit baru selesai di buat interior berada di lantai tengah, hadap Timut, view jalan toll Jakarta-Cikampek dan lintasan kereta cepat Jakartra-Bandung. Fasilitas yang terda",3853015.0,-519681.666666667,-0.1449,13.5,-0.4,Fair Market Price,,Apartemen Orange County View Timur New Edition,Orange County Cikarang,exact
LST-00883,Orange County Cikarang • 2BR Full Furnished (66 m²),https://www.99.co/id/properti/apartemen-disewa-120jt-cikarang-selatan-cp-1012951603,Bekasi,Jawa Barat,Cikarang Selatan,"Cikarang Selatan, Bekasi",Apartemen,10000000.0,151515.15151515152,yearly,2,2,2 Bedroom,66.0,43.06117851430047,23.733149490434528,Stasiun KRL Bekasi,Tier 4: Greater Satellite Periphery (>28km),1,0,0,1,0,1,0,0,0,0,0,0,-6.34254,107.185623,listing,0,,"Apartemen murah di Cikarang Selatan, Bekasi, Bekasi siap untuk disewa.
Luas 66m2m², 2 kamar tidur, dan 2 kamar mandi.
Harga sewa: Rp 120 Juta/ Tahun.
Hubungi kami untuk detail.

	------------------------------------------------------------

	Condition: Fully furnished. 3 Air conditioners, water heater, washing machine, refrigerator, stove, microwave, water dispenser, rice cooker, 50"" LCD TV. 

Facility: 
1. Security System: 24-hours with CCTV and Access Card. 
2. 24-Hours Customer Service 
3. Wa",5907214.0,4092786.0,0.5264,-69.3,1.45,Premium / High Price,,Apartemen Orange County Cikarang,Orange County Cikarang,exact
LST-00884,Orange County Cikarang • 3BR Full Furnished (128 m²),https://www.99.co/id/properti/apartemen-disewa-150jt-cikarang-cp-1013270653,Bekasi,Jawa Barat,Bekasi,Bekasi,Apartemen,12500000.0,97656.25,yearly,3,2,3 Bedroom,128.0,38.56637506297416,18.510971419363152,Stasiun KRL Bekasi,Tier 4: Greater Satellite Periphery (>28km),1,0,0,1,0,1,0,0,1,0,0,0,-6.2513,107.166267,listing,0,,"Apartemen harga hemat untuk disewa di Bekasi.

Unit ini memiliki 3 kamar tidur dan 2 kamar mandi.
Harga Rp 150 Juta/ Tahun, cocok untuk hunian bagus dan strategis ini.

Lokasinya strategis. 6 menit ke Stasiun Cikarang, 8 menit ke Terminal Cikarang

	------------------------------------------------------------

	* Condition: Fully furnished .3 Air conditioners, water heater, washing machine, refrigerator, stove, microwave, water dispenser, rice cooker, 2 LCD TV 55"".
* Facility:
    1. Security Sy",12433298.0,66702.0,0.0054,-0.5,0.01,Fair Market Price,,Disewakan Apartemen Orange County,Orange County Cikarang,exact
LST-00885,District 8 SCBD • 2BR Furnished (38 m²),https://www.99.co/id/properti/apartemen-disewa-3jt-bekasi-kota-cp-1012509420,Bekasi,Jawa Barat,Bekasi,Bekasi,Apartemen,3700000.0,97368.42105263156,monthly,2,1,2 Bedroom,38.0,19.59421185149208,2.3950745566100147,Stasiun KRL Bekasi,Tier 3: Outer Commuter Ring (15-28km),0,0,0,0,0,0,0,0,1,0,0,0,-6.25584,106.99083,listing,0,,"FOR RENT ONLY. Hunian hemat di Bekasi Kota, Bekasi.
Apartemen dengan 2 kamar tidur & 1 kamar mandi, pas untuk pasangan muda.
Harga sewa hanya Rp 3,7 Juta/ Bulan.

1 menit ke Stasiun LRT Bekasi Barat, 7 menit ke Stasiun Bekasi, 7 menit ke Terminal Bekasi Kota
2 menit ke BIU (Universitas Bina Insani), 2 menit ke Asmi Stansa, 3 menit ke STIE TRI BHAKTI (Tri Bhakti Business School)

	------------------------------------------------------------

	Apartemen di Bekasi Kota.

Cek segera apartemen 7 lant",3220500.0,479500.0,0.1388,-14.9,0.38,Fair Market Price,,Disewakan Apartemen 2 Bed Thamrin District Bekasi Furnished,District 8 SCBD,exact
LST-00886,Unresolved • Bekasi • Studio Full Furnished (44 m²),https://www.99.co/id/properti/apartemen-disewa-44jt-cikarang-cp-1010577100,Bekasi,Jawa Barat,Bekasi,Bekasi,Apartemen,3666666.6666666665,83333.33333333333,yearly,1,1,Studio / 1BR,44.0,27.3844984059103,7.329389828792045,Stasiun KRL Bekasi,Tier 3: Outer Commuter Ring (15-28km),1,0,0,0,0,0,0,0,0,0,0,0,-6.2513,107.064021,subdistrict_centroid,1,,"Apartemen harga hemat untuk disewa di Bekasi.

Unit ini memiliki 1 kamar tidur dan 1 kamar mandi.
Harga Rp 44 Juta/ Tahun, cocok untuk hunian bagus dan strategis ini.

Lokasinya strategis. 

	------------------------------------------------------------

	dekat ke tol bekasi barat
full furnished
dekat ke kawasan industri cikarang

",4754126.0,-1087459.3333333335,-0.2597,22.9,-0.71,Fair Market Price,,"Disewakan apartemen Azalea tipe studio suites, siap huni di cikarang",,unresolved
LST-00887,Unresolved • Bekasi • 1BR Full Furnished (70 m²),https://www.99.co/id/properti/apartemen-disewa-75jt-cikarang-cp-1002044667,Bekasi,Jawa Barat,Bekasi,Bekasi,Apartemen,6250000.0,89285.71428571429,yearly,1,2,Studio / 1BR,70.0,38.56670417861773,18.51130164028046,Stasiun KRL Bekasi,Tier 4: Greater Satellite Periphery (>28km),1,0,0,0,0,0,0,0,1,0,0,0,-6.2513,107.16627,listing,0,,"Apartemen harga hemat untuk disewa di Bekasi.

Unit ini memiliki 1 kamar tidur dan 2 kamar mandi.
Harga Rp 75 Juta/ Tahun, cocok untuk hunian bagus dan strategis ini.

Lokasinya strategis. 6 menit ke Stasiun Cikarang, 8 menit ke Terminal Cikarang

	------------------------------------------------------------

	DISEWA Combined Unit Apartment ala Jepang FULL FURNISHED

Apartment Vasanta Innopark
Cikarang Barat
Luas Bangunan: 70m2

Specifications️
- Combined Unit
- 1 Bedroom
- 2 Bathrooms
- Daya Li",6712876.0,-462876.0,-0.0714,6.9,-0.2,Fair Market Price,,Apartment Ala Jepang Siap Huni,,unresolved
LST-00888,Chadstone Cikarang • 1BR Full Furnished (25 m²),https://www.99.co/id/properti/apartemen-disewa-42jt-cikarang-barat-cp-1014345976,Bekasi,Jawa Barat,Cikarang Barat,"Cikarang Barat, Bekasi",Apartemen,3500000.0,140000.0,yearly,1,1,Studio / 1BR,25.0,32.011397527329024,13.432002331141629,Stasiun KRL Bekasi,Tier 4: Greater Satellite Periphery (>28km),1,0,0,0,0,0,0,0,0,0,0,0,-6.319622,107.087296,listing,0,,"[SEWA] Apartemen hemat di Cikarang Barat dengan spesifikasi lengkap.
Luas 25m2m², dilengkapi 1 kamar tidur dan 1 kamar mandi.
Harga sewa hanya Rp 42 Juta/ Tahun.

Mengapa unit ini menarik untuk disewa? Karena lokasinya strategis. 

	------------------------------------------------------------

	Dekat dengan pusat perbelanjaan. Fully furnished, newly renovated, siap huni

",3482847.0,17153.0,0.0049,-0.5,0.01,Fair Market Price,,Disewakan Apartment Chadstone Newly Renovated,Chadstone Cikarang,exact
LST-00889,Unresolved • Bekasi • 4BR+ Furnished (84 m²),https://www.99.co/id/properti/apartemen-disewa-80jt-cikarang-cp-1013891831,Bekasi,Jawa Barat,Bekasi,Bekasi,Apartemen,6666666.666666667,79365.07936507936,yearly,4,2,4+ Bedroom,84.0,38.56637506297416,18.510971419363152,Stasiun KRL Bekasi,Tier 4: Greater Satellite Periphery (>28km),0,0,0,0,0,0,0,0,1,0,0,0,-6.2513,107.166267,listing,0,,"Butuh Hunian Hemat?
Ada unit di Bekasi dengan 4 KT & 2 KM siap huni.
Harga sewa mulai Rp 80 Juta/ Tahun.

Anda tidak perlu khawatir tentang lokasi karena area apartemen ini strategis. 6 menit ke Stasiun Cikarang, 8 menit ke Terminal Cikarang

	------------------------------------------------------------

	Apartemen Sevilla Meikarta
Lokasi : Sevilla  1A, Tower District 2
Lantai : 26
Kamar : 26 C
Jumlah Kamar :  4
WC :  2
Listrik :  4.400 watt
Air : PAM
View dari jendela : perumahan 

Komponen Bil",5080433.0,1586233.666666667,0.2717,-31.2,0.75,Premium / High Price,,Apartemen Strategis 84m2 di Cikarang Bekasi 4 Bedroom,,unresolved
LST-00890,Meikarta Cikarang • 2BR Furnished (42 m²),https://www.99.co/id/properti/apartemen-disewa-55jt-cikarang-cp-1012879369,Bekasi,Jawa Barat,Bekasi,Bekasi,Apartemen,4583333.333333333,109126.98412698413,yearly,2,1,2 Bedroom,42.0,38.56637506297416,18.510971419363152,Stasiun KRL Bekasi,Tier 4: Greater Satellite Periphery (>28km),0,0,0,0,0,0,0,0,1,0,0,0,-6.2513,107.166267,listing,0,,"Butuh Hunian Hemat?
Tersedia unit di Bekasi dengan 2 KT & 1 KM siap huni.
Harga sewa mulai Rp 55 Juta/ Tahun.

Anda tak perlu khawatir soal lokasi karena area apartemen ini strategis. 6 menit ke Stasiun Cikarang, 8 menit ke Terminal Cikarang

	------------------------------------------------------------

	Kesempatan terbatas buat Anda dapatkan apartemen strategis dengan return investasi tinggi di Cikarang, Bekasi.

Apartemen ini menawarkan lokasi yang strategis serta memiliki nilai tepat yang si",2505265.0,2078068.333333333,0.604,-82.9,1.66,Overpriced / Luxury Tag,,Apartemen Meikarta 2 Kamar Lippo Cikarang,Meikarta Cikarang,exact
LST-00891,Unresolved • Cikarang Selatan • 3BR Furnished (65 m²),https://www.99.co/id/properti/apartemen-disewa-6jt-cikarang-selatan-cp-1013603677,Bekasi,Jawa Barat,Cikarang Selatan,"Cikarang Selatan, Bekasi",Apartemen,6000000.0,92307.69230769233,monthly,3,2,3 Bedroom,65.0,43.06117851430047,23.733149490434528,Stasiun KRL Bekasi,Tier 4: Greater Satellite Periphery (>28km),0,0,0,0,0,1,0,0,0,0,0,0,-6.34254,107.185623,listing,0,,"[SEWA] Apartemen murah di Cikarang Selatan dengan spesifikasi lengkap.
Luas 65m2m², dilengkapi 3 kamar tidur dan 2 kamar mandi.
Harga sewa hanya Rp 6 Juta/ Bulan.

Mengapa apartemen ini menarik untuk disewa? Karena lokasinya strategis. 

	------------------------------------------------------------

	Tower Overtone 
3 Kamar
Lemari
Water heater
lampu dan gorden

6 juta perbulan

",4532132.0,1467868.0,0.2806,-32.4,0.77,Premium / High Price,,"Sewa Apartemen Hemat di Cikarang Selatan, Bekasi Lokasi Strategis",,unresolved
LST-00892,Unresolved • Cikarang Pusat • 3BR Full Furnished (65 m²),https://www.99.co/id/properti/apartemen-disewa-4jt-cikarang-pusat-cp-1013603629,Bekasi,Jawa Barat,Cikarang Pusat,"Cikarang Pusat, Bekasi",Apartemen,4000000.0,61538.46153846154,monthly,3,2,3 Bedroom,65.0,40.2717178899778,21.916106794149663,Stasiun KRL Bekasi,Tier 4: Greater Satellite Periphery (>28km),1,0,0,0,0,0,0,0,0,0,0,0,-6.366952,107.147789,listing,0,,"Apartemen ekonomis untuk disewa:
- Lokasi: Cikarang Pusat, Bekasi, Bekasi
- 3 Kamar Tidur
- 2 Kamar Mandi
- Luas 65m2
- Harga: Rp 4 Juta/ Bulan

Lokasi strategis. 

	------------------------------------------------------------

	Apartemen tower Riverlake
Full Furnish
Lantai 11

Unit bersih dan nyaman

",5677879.0,-1677879.0,-0.3503,29.6,-0.96,Good Deal (Undervalued),good,"Disewakan Apartemen Minimalis 65m2 Punya 3 KT, 2 KM, Lokasi di Cikarang Pusat",,unresolved
LST-00893,Unresolved • Cikarang Selatan • 3BR Furnished (65 m²),https://www.99.co/id/properti/apartemen-disewa-4jt-cikarang-selatan-cp-1013640133,Bekasi,Jawa Barat,Cikarang Selatan,"Cikarang Selatan, Bekasi",Apartemen,4000000.0,61538.46153846154,monthly,3,2,3 Bedroom,65.0,43.06117851430047,23.733149490434528,Stasiun KRL Bekasi,Tier 4: Greater Satellite Periphery (>28km),0,0,0,0,0,0,0,0,0,0,0,0,-6.34254,107.185623,listing,0,,"Apartemen hemat di Cikarang Selatan, Bekasi, Bekasi siap untuk disewa.
Luas 65m2m², 3 kamar tidur, dan 2 kamar mandi.
Harga sewa: Rp 4 Juta/ Bulan.
Segera survei.

	------------------------------------------------------------

	Disewakan apartemen Meikarta
Tower Silverlake
Lantai rendah
Unfurnish
Sewa minimal 1 tahun

",5243707.0,-1243707.0,-0.2707,23.7,-0.74,Fair Market Price,,"Ada Unit Apartemen Murah Disewa di Cikarang Selatan, Bekasi 3 BR",,unresolved
LST-00894,Unresolved • Cikarang Selatan • 4BR+ Furnished (84 m²),https://www.99.co/id/properti/apartemen-disewa-6jt-cikarang-selatan-cp-1013642137,Bekasi,Jawa Barat,Cikarang Selatan,"Cikarang Selatan, Bekasi",Apartemen,6000000.0,71428.57142857143,monthly,4,2,4+ Bedroom,84.0,43.06117851430047,23.733149490434528,Stasiun KRL Bekasi,Tier 4: Greater Satellite Periphery (>28km),0,0,0,0,0,0,0,0,0,0,0,0,-6.34254,107.185623,listing,0,,"Apartemen hemat di Cikarang Selatan, Bekasi, Bekasi siap untuk disewa.
Luas 84m2m², 4 kamar tidur, dan 2 kamar mandi.
Harga sewa: Rp 6 Juta/ Bulan.
Segera survei.

	------------------------------------------------------------

	Hunian Praktis & Modern

Apartemen ini menawarkan gaya hidup yang praktis dengan lingkungan yang terus berkembang. Cocok bagi Anda yang menginginkan tempat tinggal dekat tempat kerja, nyaman, dan mudah menjangkau berbagai fasilitas penting

Apartemen ini cocok untuk karya",7558566.0,-1558566.0,-0.2309,20.6,-0.64,Fair Market Price,,"Apartemen Disewa Murah 4 KT / 2 KM di Cikarang Selatan, Bekasi",,unresolved
LST-00895,Unresolved • Cikarang Selatan • 2BR Full Furnished (65 m²),https://www.99.co/id/properti/apartemen-disewa-5jt-cikarang-selatan-cp-1013640976,Bekasi,Jawa Barat,Cikarang Selatan,"Cikarang Selatan, Bekasi",Apartemen,5000000.0,76923.07692307692,monthly,3,2,3 Bedroom,65.0,43.06117851430047,23.733149490434528,Stasiun KRL Bekasi,Tier 4: Greater Satellite Periphery (>28km),1,0,0,0,0,0,0,0,0,0,0,0,-6.34254,107.185623,listing,0,,"Disewakan apartemen hemat di Cikarang Selatan, Bekasi, Bekasi.

Memiliki 3 kamar tidur, 2 kamar mandi, dan luas 65m2.
Harga sewa: Rp 5 Juta/ Bulan.
Jadwalkan survei sekarang.


4 menit ke PSU (Universitas Panca Sakti) Kampus B, 6 menit ke ITSB, 7 menit ke Universitas Pelita Bangsa

	------------------------------------------------------------

	Meikarta Tower Sevilla
Lantai 26 E
Kondisi Fullfurnish
Sewa perbulan 5juta
1 tahun 55 juta

",5188272.0,-188272.0,-0.037,3.6,-0.1,Fair Market Price,,"Jarang Ada! Hunian Apartemen Hemat di Cikarang Selatan, Bekasi 3 Kamar Tidur dan 2 Kamar Mandi",,unresolved
LST-00896,Sentul Tower Apartment Tower Type • 2BR Full Furnished (52 m²),https://www.99.co/id/properti/apartemen-disewa-78jt-sentul-city-cp-1013262562,Bogor,Jawa Barat,Bogor,Bogor,Apartemen,6500000.0,125000.0,yearly,2,1,2 Bedroom,52.0,33.0904601567149,11.959029205217876,Stasiun KRL Bogor,Tier 4: Greater Satellite Periphery (>28km),1,0,0,0,0,0,1,0,1,0,0,0,-6.50497,106.849213,listing,0,,"Disewakan apartemen murah di Sentul City, Bogor.
Memiliki 2 kamar tidur, 1 kamar mandi, serta luas 52m2.
Harga sewa Rp 78 Juta/ Tahun

Area paling strategis. 10 menit ke Pintu Tol Citeurep, 13 menit ke Stasiun Cibinong

	------------------------------------------------------------

	Apartemen sentul Tower 
 - Disewakan
‍♂️ dekat ke AEON Mall
 Full furnished, tinggal bawa koper!
Nikmati fasilitas lengkap: kolam renang,minimarket,playground, cafe & lainnya.
 Lokasi super strategis:
v Tol Sentul Se",6711618.0,-211618.0,-0.032,3.2,-0.09,Fair Market Price,,Di.sewakan.apartemen Sentul Tower Type 2 Bedroom Dekat Aeon Mall.,Sentul Tower Apartment,fuzzy
LST-00897,Unresolved • Bogor • Studio Full Furnished (36 m²),https://www.99.co/id/properti/apartemen-disewa-8jt-sentul-city-cp-1012590207,Bogor,Jawa Barat,Bogor,Bogor,Apartemen,8000000.0,222222.22222222225,monthly,0,1,Studio / 1BR,36.0,33.0904601567149,11.959029205217876,Stasiun KRL Bogor,Tier 4: Greater Satellite Periphery (>28km),1,0,0,1,0,0,0,0,1,0,1,0,-6.50497,106.849213,listing,0,,"Cari Apartemen Murah?
Ada unit di Bogor dengan 0 KT & 1 KM siap huni.
Harga sewa mulai Rp 8 Juta/ Bulan.

Anda tidak perlu khawatir soal lokasi karena area apartemen ini strategis. 10 menit ke Pintu Tol Citeurep, 13 menit ke Stasiun Cibinong

	------------------------------------------------------------

	Disewakan Apartemen Saffron Sentul City
 Direct akses ke AEON Mall
✨ Cocok untuk karyawan & mahasiswa
 Full furnished - tinggal bawa koper
Fasilitas unit:
v Kulkas | Smart TV | AC | Kompor
v So",5986528.0,2013472.0,0.2899,-33.6,0.8,Premium / High Price,,"Apartemen Disewakan 0 Kamar Murah Siap Huni di Bogor, Luas 36m2",,unresolved
LST-00898,Unresolved • Bogor Tower 2 • 2BR Semi Furnished (60 m²),https://www.99.co/id/properti/apartemen-disewa-4jt-sentul-city-cp-1006684765,Bogor,Jawa Barat,Bogor,Bogor,Apartemen,4500000.0,75000.0,monthly,2,1,2 Bedroom,60.0,33.0904278134042,11.958848857665288,Stasiun KRL Bogor,Tier 4: Greater Satellite Periphery (>28km),0,1,0,0,0,0,0,0,1,0,0,0,-6.50497,106.84921,listing,0,,"Apartemen terjangkau untuk disewa di Bogor.

Unit ini memiliki 2 kamar tidur dan 1 kamar mandi.
Harga Rp 4,5 Juta/ Bulan, cocok untuk hunian bagus dan strategis ini.

Lokasinya strategis. 10 menit ke Pintu Tol Citeurep, 13 menit ke Stasiun Cibinong

	------------------------------------------------------------

	Apartment Name: Sentul Tower
Location: Sentul Selatan
Tower/Floor/View: B/5/ View gunung pancar
Size: 60 m2
Bedroom: 2
Bathroom: 1
Study Room: 1
Condition:
Semi Furnish
2 kamar tidur
1 A",4931182.0,-431182.0,-0.0915,8.7,-0.25,Fair Market Price,,Sentul Apartement Tower 2 BR Disewakan Bulanan Tahunan,,unresolved
LST-00899,Unresolved • Babakan Madang • 2BR Semi Furnished (60 m²),https://www.99.co/id/properti/apartemen-disewa-4jt-babakan-madang-cp-1006684691,Bogor,Jawa Barat,Babakan Madang,"Babakan Madang, Bogor",Apartemen,4500000.0,75000.0,monthly,2,1,2 Bedroom,60.0,38.84996045007059,10.527111013597205,Stasiun KRL Bogor,Tier 4: Greater Satellite Periphery (>28km),0,1,0,1,0,1,0,0,0,0,1,0,-6.55373,106.87597,listing,0,,"Apartemen Murah Disewakan!
- Lokasi: Babakan Madang, Bogor, Bogor
- 2 KT, 1 KM
- Luas 60m2
- Harga: Rp 4,5 Juta/ Bulan

Lokasi strategis. 

	------------------------------------------------------------

	Apartment Name: Sentul Tower
Location: Sentul Selatan
Tower/Floor/View: B/5/ View gunung pancar
Size: 60 m2
Bedroom: 2
Bathroom: 1
Study Room: 1
Condition:
Semi Furnish
2 kamar tidur
1 AC ruang keluarga
2 AC ruang tidur
Kitchen set
Water heater
1 set office / dinning table
1 set sofa
Led 32 inch",4866169.0,-366169.0,-0.0782,7.5,-0.22,Fair Market Price,,Sentul City Apartmen 2 Bedroom,,unresolved
LST-00900,Podomoro Golf View • 2BR Furnished (35 m²),https://www.99.co/id/properti/apartemen-disewa-23jt-gunung-putri-cp-1014300860,Bogor,Jawa Barat,Gunung Putri,"Gunung Putri, Bogor",Apartemen,1916666.6666666667,54761.90476190476,yearly,2,1,2 Bedroom,35.0,25.67406198877915,9.006094003726995,Stasiun KRL Depok Baru,Tier 3: Outer Commuter Ring (15-28km),0,0,0,0,0,0,0,0,1,0,0,0,-6.427390802902821,106.89481408223968,listing,0,,"DISEWA apartemen murah di Gunung Putri, Bogor, Bogor.
Unit 2 KT, 1 KM, luas 35m2.
Harga sewa Rp 23 Juta/ Tahun.
Segera cek unitnya!

11 menit ke Terminal Jatijajar, 12 menit ke Stasiun Nambo
11 menit ke SMAN 4 Depok, 12 menit ke PLJ (Politeknik LP3I Jakarta) Kampus Depok

	------------------------------------------------------------

	DISEWAKAN APARTEMEN PODOMORO GOLF VIEW - HUNIAN MODERN, NYAMAN, DAN STRATEGIS

Nikmati kenyamanan tinggal di Podomoro Golf View, apartemen modern dengan lingkungan",3966496.0,-2049829.3333333333,-0.7273,51.7,-2.0,Deep Value Deal (Rare Find),deep,Apartemen Disewakan di Podomoro Golf View - Nyaman & Strategis,Podomoro Golf View,exact
LST-00901,Unresolved • Bogor Tengah • 1BR Furnished (37 m²),https://www.99.co/id/properti/apartemen-disewa-7jt-bogor-tengah-cp-1014408372,Bogor,Jawa Barat,Bogor Tengah,"Bogor Tengah, Bogor",Apartemen,625000.0,16891.891891891893,yearly,1,1,Studio / 1BR,37.0,40.32481416667005,2.8154023166709976,Stasiun KRL Bogor,Tier 4: Greater Satellite Periphery (>28km),0,0,0,0,0,0,0,0,1,0,0,0,-6.57002,106.787628,listing,0,,"Apartemen harga terjangkau disewakan di Bogor Tengah, Bogor, Bogor.
Apartemen ini memiliki 1 kamar tidur & 1 kamar mandi dengan luas 37m2m².
Cocok untuk tempat tinggal strategis dengan harga terjangkau.

8 menit ke Stasiun Bogor, 9 menit ke Stasiun Paledang Bogor, 10 menit ke Terminal Bubulak
3 menit ke AMIK BOGOR, 3 menit ke UIKA (Universitas Ibn Khaldun Bogor), 3 menit ke SBH (STIKes Bogor Husada)

	------------------------------------------------------------

	Apartemen 11 lantai di Bogor Ten",5253011.0,-4628011.0,-2.1288,88.1,-5.85,Deep Value Deal (Rare Find),deep,Apartemen 1 Bedroom di Pusat Kota Bogor Pemandangan Gunung Salak,,unresolved
LST-00902,Transpark Cibubur • Studio Full Furnished (22 m²),https://www.99.co/id/properti/apartemen-disewa-4jt-cibubur-cp-1015152265,Bogor,Jawa Barat,Bogor,Bogor,Apartemen,4000000.0,181818.18181818185,monthly,1,1,Studio / 1BR,22.0,20.637613521398144,9.132755487612355,Stasiun KRL Depok Baru,Tier 3: Outer Commuter Ring (15-28km),1,0,0,0,0,0,0,0,1,0,0,0,-6.37508470900535,106.90293872148897,listing,0,,"FOR RENT ONLY. Hunian ekonomis di Cibubur, Bogor.
Apartemen dengan 1 kamar tidur & 1 kamar mandi, cocok untuk pasangan muda.
Harga sewa hanya Rp 4 Juta/ Bulan.

2 menit ke LRT Harjamukti, 5 menit ke Tol Cimanggis
4 menit ke STIKES MRHJ (Sekolah Tinggi Ilmu Kesehatan Mitra RIA Husada Jakarta), 6 menit ke IHBS, 8 menit ke SMAN 4 Depok

	------------------------------------------------------------

	Apartemen Transpark Cibubur Type Studio
FullFurnished
Lantai 32
Tower Aurora 

Spesifikasi Utama Pro",1454890.0,2545110.0,1.0114,-174.9,2.78,Overpriced / Luxury Tag,,Disewakan Apartemen Transpark Cibubur Type Studio Fullfurnished 32Nd Floor,Transpark Cibubur,exact
LST-00903,Sentul Tower Apartment • 2BR Full Furnished (48 m²),https://www.99.co/id/properti/apartemen-disewa-75jt-sentul-city-cp-1014944577,Bogor,Jawa Barat,Bogor,Bogor,Apartemen,6250000.0,130208.33333333331,yearly,2,1,2 Bedroom,48.0,33.0904601567149,11.959029205217876,Stasiun KRL Bogor,Tier 4: Greater Satellite Periphery (>28km),1,0,0,0,0,0,0,0,1,0,0,0,-6.50497,106.849213,listing,0,,"Hunian murah siap huni di Sentul City, Bogor. Bisa langsung sewa!

Spesifikasi: 2 KT, 1 KM, luas 48m2.
Harga sewa: Rp 75 Juta/ Tahun.

Apartemen ini jadi incaran karena akses transportasi umum yang mudah. 10 menit ke Pintu Tol Citeurep, 13 menit ke Stasiun Cibinong

Jangan sampai kehabisan unit!

	------------------------------------------------------------

	Dijual /disewakan Apartemen Santul Tower 
LT 52 m²
Lantai 9
Tower B 
2 bedroom 
1 bathroom 
Full furnished. 
Bagus, bersih 
Harga jual 525",5545416.0,704584.0,0.1196,-12.7,0.33,Fair Market Price,,"Apartemen Sentul Tower,Sentul City",Sentul Tower Apartment,fuzzy
LST-00904,Sentul Tower Apartment Tower B • 2BR Full Furnished (43 m²),https://www.99.co/id/properti/apartemen-disewa-70jt-sentul-city-cp-1015056266,Bogor,Jawa Barat,Bogor,Bogor,Apartemen,5833333.333333333,135658.91472868217,yearly,2,1,2 Bedroom,43.0,33.0904601567149,11.959029205217876,Stasiun KRL Bogor,Tier 4: Greater Satellite Periphery (>28km),1,0,0,0,0,0,0,0,1,0,0,0,-6.50497,106.849213,listing,0,,"Sewa apartemen murah di Sentul City, Bogor.
Memiliki 2 kamar tidur, 1 kamar mandi, serta luas 43m2.
Harga sewa Rp 70 Juta/ Tahun

Area paling strategis. 10 menit ke Pintu Tol Citeurep, 13 menit ke Stasiun Cibinong

	------------------------------------------------------------

	Disewakan harian/ tahunan di Apartemen Sentul Tower, Tower B, luas 43.5 m² Full furnished. sudah renovasi lantai, interior yang cantik, lengkap.. 

lokasi strategis dan deket ke pintu toll, IKEA, pasar bersih, mall Aeon..",5458903.0,374430.333333333,0.0663,-6.9,0.18,Fair Market Price,,"Apartemen Sentul Tower B, 2 Bedroom dan Fullfurnished",Sentul Tower Apartment,fuzzy
LST-00905,Unresolved • Bogor • 2BR Furnished (44 m²),https://www.99.co/id/properti/apartemen-disewa-5jt-sentul-city-cp-1010641020,Bogor,Jawa Barat,Bogor,Bogor,Apartemen,5500000.0,125000.0,monthly,2,1,2 Bedroom,44.0,33.0904601567149,11.959029205217876,Stasiun KRL Bogor,Tier 4: Greater Satellite Periphery (>28km),0,0,0,0,0,0,0,0,1,0,0,0,-6.50497,106.849213,listing,0,,"Hunian murah siap huni di Sentul City, Bogor. Bisa langsung sewa!

Spesifikasi: 2 KT, 1 KM, luas 44m2.
Harga sewa: Rp 5,5 Juta/ Bulan.

Apartemen ini jadi incaran karena akses transportasi umum yang mudah. 10 menit ke Pintu Tol Citeurep, 13 menit ke Stasiun Cibinong

Ayo survei sekarang!

	------------------------------------------------------------

	Apartemen di Sentul City, Bogor.

Disewakan di wilayah yang nyaman. Dengan rinciannya adalah sebagai berikut:
  - Kamar Tidur: 2
  - Kamar Mandi: ",5276474.0,223526.0,0.0415,-4.2,0.11,Fair Market Price,,2 Bad Furnish Dekat dengan Pusat Perbelanjaan,,unresolved
LST-00906,Unresolved • Bogor • 2BR Furnished (50 m²),https://www.99.co/id/properti/apartemen-disewa-35jt-sentul-city-cp-1013423689,Bogor,Jawa Barat,Bogor,Bogor,Apartemen,2916666.6666666665,58333.33333333333,yearly,2,1,2 Bedroom,50.0,33.0904601567149,11.959029205217876,Stasiun KRL Bogor,Tier 4: Greater Satellite Periphery (>28km),0,0,0,0,0,0,0,0,1,0,0,0,-6.50497,106.849213,listing,0,,"Hunian hemat siap huni di Sentul City, Bogor. Bisa langsung sewa!

Spesifikasi: 2 KT, 1 KM, luas 50m2.
Harga sewa: Rp 35 Juta/ Tahun.

Apartemen ini jadi favorit karena akses transportasi umum yang mudah. 10 menit ke Pintu Tol Citeurep, 13 menit ke Stasiun Cibinong

Ayo survei sekarang!

	------------------------------------------------------------

	Disewakan  Apartemen sentul dekat aeon 
2 bedroom
bisa sewa 3 blnan



",5907556.0,-2990889.333333333,-0.7058,50.6,-1.94,Deep Value Deal (Rare Find),deep,Disewakan.apartemen Sentul 2Kamar,,unresolved
LST-00907,Unresolved • Bogor • 2BR Furnished (60 m²),https://www.99.co/id/properti/apartemen-disewa-4jt-sentul-cp-1009664304,Bogor,Jawa Barat,Bogor,Bogor,Apartemen,4000000.0,66666.66666666667,monthly,2,1,2 Bedroom,60.0,33.0904278134042,11.958848857665288,Stasiun KRL Bogor,Tier 4: Greater Satellite Periphery (>28km),0,0,0,0,0,0,0,0,1,0,0,0,-6.50497,106.84921,listing,0,,"Disewakan apartemen murah di Sentul, Bogor.
Memiliki 2 kamar tidur, 1 kamar mandi, serta luas 60m2.
Harga sewa Rp 4 Juta/ Bulan

Area paling strategis. 10 menit ke Pintu Tol Citeurep, 13 menit ke Stasiun Cibinong

	------------------------------------------------------------

	Disewakan apartmnt sentul tower
lt 60
lb 60
2 br
hrg 4 jt 
bulanan
minimalny 3 bln sewanya

",5497524.0,-1497524.0,-0.318,27.2,-0.87,Good Deal (Undervalued),good,Disewa Apartment Sentul City View Gn Salak,,unresolved
LST-00908,Unresolved • Bogor Pool View • 1BR Furnished (26 m²),https://www.99.co/id/properti/apartemen-disewa-4jt-sentul-city-cp-1015099036,Bogor,Jawa Barat,Bogor,Bogor,Apartemen,4500000.0,173076.92307692306,monthly,1,1,Studio / 1BR,26.0,33.0904601567149,11.959029205217876,Stasiun KRL Bogor,Tier 4: Greater Satellite Periphery (>28km),0,0,0,0,0,0,1,0,1,0,0,0,-6.50497,106.849213,listing,0,,"Hunian hemat siap huni di Sentul City, Bogor. Bisa langsung sewa!

Spesifikasi: 1 KT, 1 KM, luas 26m2.
Harga sewa: Rp 4,5 Juta/ Bulan.

Apartemen ini jadi favorit karena akses transportasi umum yang mudah. 10 menit ke Pintu Tol Citeurep, 13 menit ke Stasiun Cibinong

Ayo survei sekarang!

	------------------------------------------------------------

	Kesempatan terbatas buat Anda dapatkan apartemen nyaman dengan return investasi tinggi di Sentul City, Bogor.

Apartemen ini menawarkan kelengkapa",3678892.0,821108.0,0.2015,-22.3,0.55,Fair Market Price,,Apartemen Siap Huni View Kolam Renang Sentul City Bogor,,unresolved
LST-00909,Unresolved • Bogor • 1BR Furnished (30 m²),https://www.99.co/id/properti/apartemen-disewa-4jt-sentul-city-cp-1010613121,Bogor,Jawa Barat,Bogor,Bogor,Apartemen,4000000.0,133333.33333333334,monthly,1,1,Studio / 1BR,30.0,33.0904601567149,11.959029205217876,Stasiun KRL Bogor,Tier 4: Greater Satellite Periphery (>28km),0,0,0,0,0,0,0,0,1,0,0,0,-6.50497,106.849213,listing,0,,"Hunian hemat siap huni di Sentul City, Bogor. Bisa langsung sewa!

Spesifikasi: 1 KT, 1 KM, luas 30m2.
Harga sewa: Rp 4 Juta/ Bulan.

Apartemen ini jadi favorit karena akses transportasi umum yang mudah. 10 menit ke Pintu Tol Citeurep, 13 menit ke Stasiun Cibinong

Ayo survei sekarang!

	------------------------------------------------------------

	Apartemen di Sentul City, Bogor.

For rent di wilayah yang tenang. Dengan kategorinya adalah sebagai berikut:
  - Kamar Tidur: 1
  - Kamar Mandi: 1
",4872680.0,-872680.0,-0.1973,17.9,-0.54,Fair Market Price,,Apartemen 1 Kamar Tidur Furnished Dengan View Yang Indah,,unresolved
LST-00910,Unresolved • Bogor • 2BR Furnished (44 m²),https://www.99.co/id/properti/apartemen-disewa-5jt-sentul-city-cp-1010607280,Bogor,Jawa Barat,Bogor,Bogor,Apartemen,5000000.0,113636.36363636365,monthly,2,1,2 Bedroom,44.0,33.0904278134042,11.958848857665288,Stasiun KRL Bogor,Tier 4: Greater Satellite Periphery (>28km),0,0,0,0,0,0,0,0,1,0,0,0,-6.50497,106.84921,listing,0,,"FOR RENT ONLY. Hunian hemat di Sentul City, Bogor.
Apartemen dengan 2 kamar tidur & 1 kamar mandi, pas untuk pasangan muda.
Harga sewa hanya Rp 5 Juta/ Bulan.

10 menit ke Pintu Tol Citeurep, 13 menit ke Stasiun Cibinong
10 menit ke STIE Kalpataru, 11 menit ke IAIN Laa Roiba Bogor Kampus 2, 11 menit ke UNHAN RI (Universitas Pertahanan Republik Indonesia)

	------------------------------------------------------------

	Apartemen di Sentul City, Bogor.

For rent di wilayah yang nyaman. Dengan spes",4247976.0,752024.0,0.163,-17.7,0.45,Fair Market Price,,Apartemen 2 Kamar Tidur Furnished Dengan View Pemandangan Alam Dan City View,,unresolved
LST-00911,Unresolved • Bogor • 1BR Semi Furnished (30 m²),https://www.99.co/id/properti/apartemen-disewa-4jt-sentul-city-cp-1010640936,Bogor,Jawa Barat,Bogor,Bogor,Apartemen,4500000.0,150000.0,monthly,1,1,Studio / 1BR,30.0,33.0904601567149,11.959029205217876,Stasiun KRL Bogor,Tier 4: Greater Satellite Periphery (>28km),0,1,0,0,0,0,0,0,1,0,0,0,-6.50497,106.849213,listing,0,,"Hunian murah siap huni di Sentul City, Bogor. Bisa langsung sewa!

Spesifikasi: 1 KT, 1 KM, luas 30m2.
Harga sewa: Rp 4,5 Juta/ Bulan.

Apartemen ini jadi incaran karena akses transportasi umum yang mudah. 10 menit ke Pintu Tol Citeurep, 13 menit ke Stasiun Cibinong

Jangan sampai kehabisan unit!

	------------------------------------------------------------

	Apartemen di Sentul City.

Dapatkan apartemen yang nyaman ini,  disewakan menawarkan lingkungan fasilitas yang lengkap, cocok untuk Anda ",3457031.0,1042969.0,0.2637,-30.2,0.73,Fair Market Price,,Apartemen 1 Kamar Tidur Semi Furnished Bagus Dekat Dengan Pasar Bersih Dan Aeon Mall,,unresolved
LST-00912,Essence Darmawangsa Tower East Private Lift • 2BR Full Furnished (134 m²),https://www.rumah123.com/properti/jakarta-selatan-kebayoran-baru/essence-darmawangsa-2-br-fully-furnished-tower-east-private-lift-ys367-apr7564197/,Jakarta Selatan,DKI Jakarta,Kebayoran Baru,"Kebayoran Baru, Jakarta Selatan",Apartemen,26000000.0,194029.85074626867,monthly,2,2,2 Bedroom,134.0,5.641237377072292,1.659864957823313,Stasiun MRT Blok M,Tier 1: Core Urban Center (<7km),1,0,0,0,0,0,0,0,0,0,0,0,-6.25735,106.805191,listing,0,https://picture.rumah123.com/r123-images/360x210-crop/customer/1964421/cac24e583a709d3ca03b9ba3ed51eba0.jpg,Essence Darmawangsa 2 BR Fully Furnished (Tower East & Private Lift) Ys367,27641095.0,-1641095.0,-0.0612,5.9,-0.17,Fair Market Price,,Essence Darmawangsa 2 BR Fully Furnished (Tower East & Private Lift) Ys367,Essence Darmawangsa,fuzzy
LST-00913,Pondok Indah Residences • 1BR Furnished (76 m²),https://www.rumah123.com/properti/jakarta-selatan-pondok-indah/premium-apartment-pondok-indah-residence-1-bedroom-poll-view-apr7832866/,Jakarta Selatan,DKI Jakarta,Pondok Indah,"Pondok Indah, Jakarta Selatan",Apartemen,21000000.0,276315.7894736842,monthly,1,1,Studio / 1BR,76.0,8.510634116372524,1.727692609637114,Stasiun MRT Lebak Bulus,Tier 2: Inner Ring Metro (7-15km),0,0,0,0,0,0,0,0,0,0,0,0,-6.2754,106.782059,listing,0,https://picture.rumah123.com/r123-images/360x210-crop/customer/2073291/af0cac11b294fd4f3186dc88732a5e0f.jpg,"Apartemen di Pondok Indah.  Miliki apartemen 1 lantai yang nyaman ini,  disewakan menghadirkan lingkungan fasilitas yang lengkap, cocok untuk Anda ...",20260849.0,739151.0,0.0358,-3.6,0.1,Fair Market Price,,Premium Apartment Pondok Indah Residence 1 Bedroom Poll View,Pondok Indah Residences,fuzzy
LST-00914,Casa Grande Residence • 2BR Full Furnished (76 m²),https://www.rumah123.com/properti/jakarta-selatan-casablanca/disewakan-apartment-casa-grande-2-br-available-for-visit-showunit-apr7789074/,Jakarta Selatan,DKI Jakarta,Casablanca,"Casablanca, Jakarta Selatan",Apartemen,17000000.0,223684.2105263158,monthly,2,1,2 Bedroom,76.0,2.8008151283721445,1.683972956380024,Stasiun KRL Manggarai,Tier 1: Core Urban Center (<7km),1,0,0,0,0,0,0,0,0,0,0,0,-6.222269280856636,106.84141037622294,listing,0,https://picture.rumah123.com/r123-images/360x210-crop/customer/4477302/3663a7b562efa0884caa349869485349.jpg,Casa Grande Residence Connect to Mall Kokas Casablanca Jakarta Selatan  Tower Bella Lantai 7 2 Bedroom 1 Bathroom Size 76 sqm Fully Furnished Ready...,19909455.0,-2909455.0,-0.158,14.6,-0.43,Fair Market Price,,Disewakan Apartment Casa Grande 2 BR Available For Visit Showunit,Casa Grande Residence,exact
LST-00915,Casa Grande Residence • 1BR Full Furnished (49 m²),https://www.rumah123.com/properti/jakarta-selatan-casablanca/disewakan-apartemen-casa-grande-1-bedroom-ready-to-visit-apr7853963/,Jakarta Selatan,DKI Jakarta,Casablanca,"Casablanca, Jakarta Selatan",Apartemen,12000000.0,244897.95918367343,monthly,1,1,Studio / 1BR,49.0,2.894794228859863,1.7852129653107864,Stasiun KRL Manggarai,Tier 1: Core Urban Center (<7km),1,0,0,0,0,0,0,0,0,0,0,0,-6.223498156349947,106.84161447061076,listing,0,https://picture.rumah123.com/r123-images/360x210-crop/customer/4477302/2961e03366215109a8359e26a51a7fba.jpg,Casa Grande Residence Casablanca Jakarta Selatan @connected to Mall Kota Kasablanka  Low Floor 1 Bedroom 1 Bathroom Size 49 sqm Fully Furnished Rea...,10528910.0,1471090.0,0.1308,-14.0,0.36,Fair Market Price,,Disewakan Apartemen Casa Grande 1 Bedroom Ready To Visit,Casa Grande Residence,exact
LST-00916,Kuningan City • 2BR Furnished (93 m²),https://www.rumah123.com/properti/jakarta-selatan-prof-dr-satrio/di-sewakan-apartemen-2-br-kuningan-city-apr7846555/,Jakarta Selatan,DKI Jakarta,Prof. Dr. Satrio,"Prof. Dr. Satrio, Jakarta Selatan",Apartemen,19000000.0,204301.0752688172,monthly,2,2,2 Bedroom,93.0,1.7104783908656822,2.5335358583003456,Stasiun MRT Dukuh Atas,Tier 1: Core Urban Center (<7km),0,0,0,0,0,0,1,1,0,0,0,0,-6.223513,106.824516,listing,0,https://picture.rumah123.com/r123-images/360x210-crop/customer/1372979/9c916f22f8a944cad83eabae940d5623.jpg,"Private access to Kuningan City Mall, Balinese resort swimming pool for adults and kids, sauna, jacuzzi, gym, tennis & basketball court, jogging tr...",20003466.0,-1003466.0,-0.0515,5.0,-0.14,Fair Market Price,,Di Sewakan Apartemen 2 Br Kuningan City,Kuningan City,exact
LST-00917,Casa Grande Residence Phase 2 • 2BR Furnished (88 m²),https://www.rumah123.com/properti/jakarta-selatan-menteng-dalam/di-sewakan-apartemen-casa-grande-2-br-phase-2-apr7791912/,Jakarta Selatan,DKI Jakarta,Menteng Dalam,"Menteng Dalam, Jakarta Selatan",Apartemen,17000000.0,193181.81818181812,monthly,2,2,2 Bedroom,88.0,6.86940019738089,2.8877021482408427,Stasiun MRT Blok M,Tier 1: Core Urban Center (<7km),0,0,0,0,0,0,1,0,0,0,0,0,-6.26899,106.806,listing,0,https://picture.rumah123.com/r123-images/360x210-crop/customer/1372979/3126a2c6ff74a5d5e944b3d0f1560d7d.jpg,"Daily needs: Direct access to Mall Kota Kasablanka: supermarket, laundry, drug store, and other commercial outlets Sports: swimming pool (kids, ja...",24998686.0,-7998686.0,-0.3856,32.0,-1.06,Good Deal (Undervalued),good,Di Sewakan Apartemen Casa Grande 2 Br Phase 2,Casa Grande Residence,exact
LST-00918,Unresolved • Prof. Dr. Satrio • Studio Furnished (22 m²),https://www.rumah123.com/properti/jakarta-selatan-prof-dr-satrio/di-sewakan-apartemen-type-studio-newton-1-apr7854314/,Jakarta Selatan,DKI Jakarta,Prof. Dr. Satrio,"Prof. Dr. Satrio, Jakarta Selatan",Apartemen,10000000.0,454545.4545454545,monthly,0,1,Studio / 1BR,22.0,1.7104783908656822,2.5335358583003456,Stasiun MRT Dukuh Atas,Tier 1: Core Urban Center (<7km),0,0,0,0,0,0,1,1,0,0,0,0,-6.223513,106.824516,listing,0,https://picture.rumah123.com/r123-images/360x210-crop/customer/1372979/0dda7a595311e287d44e521c9c743965.jpg,Swimming pool Kids Pool Lounge Jogging Area Sauna And Spa Gym Center,4619116.0,5380884.0,0.7724,-116.5,2.12,Overpriced / Luxury Tag,,Di Sewakan Apartemen Type Studio Newton 1,,unresolved
LST-00919,Unresolved • Prof. Dr. Satrio • 2BR Furnished (48 m²),https://www.rumah123.com/properti/jakarta-selatan-prof-dr-satrio/disewa-denpasar-residence-2br-60m-kuningan-city-nego-apr7839728/,Jakarta Selatan,DKI Jakarta,Prof. Dr. Satrio,"Prof. Dr. Satrio, Jakarta Selatan",Apartemen,13000000.0,270833.3333333333,monthly,2,1,2 Bedroom,48.0,2.064178350640496,2.772535731806634,Stasiun MRT Dukuh Atas,Tier 1: Core Urban Center (<7km),0,0,0,0,0,0,0,0,0,0,0,0,-6.2248168852,106.8294399,listing,0,https://picture.rumah123.com/r123-images/360x210-crop/customer/2159431/f70b8e22fb03bef45cae9c62b4575612.jpg,"DISEWAKAN DENPASAR RESIDENCE - KUNINGAN CITY  Apartemen 2 Bedroom di kawasan premium Kuningan, Jakarta Selatan. Unit dengan luas 60 m², nyaman dan...",9577076.0,3422924.0,0.3056,-35.7,0.84,Premium / High Price,,Disewa Denpasar Residence 2Br 60M² - Kuningan City | Nego,,unresolved
LST-00920,Taman Rasuna • 2BR Furnished (95 m²),https://www.rumah123.com/properti/jakarta-selatan-setiabudi/for-rent-apartment-the-element-epicentrum-rasuna-kuningan-jakarta-apr7743493/,Jakarta Selatan,DKI Jakarta,Setiabudi,"Setiabudi, Jakarta Selatan",Apartemen,25000000.0,263157.8947368421,yearly,2,2,2 Bedroom,95.0,1.622049356795302,2.234834797023227,Stasiun MRT Dukuh Atas,Tier 1: Core Urban Center (<7km),0,0,0,0,0,0,1,0,0,0,0,0,-6.21959019,106.8298746,listing,0,https://picture.rumah123.com/r123-images/360x210-crop/customer/4422452/listing/apr7743493/enhanced/41489d4ea81079a2db4cb0686fe389b3.jpg,"For Rent  The Elements, Harmony tower. 18th floor, swimmingpool view, 95 sqm, furnished. 2 bedrooms, 2 bathrooms, kitchen and dining area, living a...",18950812.0,6049188.0,0.277,-31.9,0.76,Premium / High Price,,For Rent Apartment The Element Epicentrum Rasuna Kuningan Jakarta,Taman Rasuna,exact
LST-00921,Residence 8 Senopati • 1BR Furnished (76 m²),https://www.rumah123.com/properti/jakarta-selatan-senopati/apartement-residence-8-best-unit-1bedroom-apr7854181/,Jakarta Selatan,DKI Jakarta,Senopati,"Senopati, Jakarta Selatan",Apartemen,22000000.0,289473.6842105263,yearly,1,1,Studio / 1BR,76.0,2.9815495503437885,1.7395941638335384,Stasiun MRT Blok M,Tier 1: Core Urban Center (<7km),0,0,0,0,0,0,0,0,0,0,0,0,-6.229419231414795,106.8027572631836,listing,0,https://picture.rumah123.com/r123-images/360x210-crop/customer/2036959/b52e960b38387f805e70875067ebb5c9.jpg,"Apartemen di Senopati.  Cek segera apartemen 1 lantai yang asri ini,  disewakan menawarkan lingkungan fasilitas yang lengkap, cocok untuk Anda yang...",18686925.0,3313075.0,0.1632,-17.7,0.45,Fair Market Price,,Apartement Residence 8 Best Unit 1Bedroom,Residence 8 Senopati,exact
LST-00922,The Newton 1 • 1BR Furnished (42 m²),https://www.rumah123.com/properti/jakarta-selatan-kuningan/apartement-the-newton-1-best-unit-1-bedroom-apr7854156/,Jakarta Selatan,DKI Jakarta,Kuningan,"Kuningan, Jakarta Selatan",Apartemen,14000000.0,333333.3333333333,yearly,1,1,Studio / 1BR,42.0,5.828345382914831,3.73525902037206,Stasiun KRL Manggarai,Tier 1: Core Urban Center (<7km),0,0,0,0,0,0,0,0,0,0,0,0,-6.24172,106.86103,listing,0,https://picture.rumah123.com/r123-images/360x210-crop/customer/2036959/5c4abb5e0f6638fae635522ae0716062.jpg,"Kesempatan terbatas buat Anda dapatkan apartemen nyaman dengan return investasi tinggi di Kuningan, Jakarta Selatan.  Apartemen ini menawarkan kele...",6112393.0,7887607.0,0.8287,-129.0,2.28,Overpriced / Luxury Tag,,Apartement The Newton 1 Best Unit 1 Bedroom,The Newton 1,exact
LST-00923,Unresolved • Tanah Abang • Studio Furnished (140 m²),https://www.rumah123.com/properti/jakarta-pusat-tanah-abang/disewa-2-kamar-apartemen-mewah-di-sudirman-apr7856536/,Jakarta Pusat,DKI Jakarta,Tanah Abang,"Tanah Abang, Jakarta Pusat",Apartemen,41000000.0,292857.14285714284,monthly,0,0,Studio / 1BR,140.0,1.2387002959524325,1.571780108598274,Stasiun MRT Dukuh Atas,Tier 1: Core Urban Center (<7km),0,0,0,0,0,0,0,0,0,0,0,0,-6.20551047,106.8092941,listing,0,https://picture.rumah123.com/r123-images/360x210-crop/customer/69433/a68ab6f2cbb936f81426c75c3320c926.jpg,"Siap huni dan lokasi strategis dipusat kota , bisnis dan pusat perbelanjaan .",34452976.0,6547024.0,0.174,-19.0,0.48,Fair Market Price,,Disewa 2 Kamar Apartemen Mewah di Sudirman,,unresolved
LST-00924,Menara Jakarta • 3BR Furnished (88 m²),https://www.rumah123.com/properti/jakarta-pusat-kemayoran/apartment-murah-menara-jakarta-kemayoran-apr7848670/,Jakarta Pusat,DKI Jakarta,Kemayoran,"Kemayoran, Jakarta Pusat",Apartemen,13333333.333333334,151515.15151515152,yearly,3,1,3 Bedroom,88.0,6.471998976010265,5.272616443868521,Stasiun KRL Manggarai,Tier 1: Core Urban Center (<7km),0,0,0,0,0,0,0,0,0,0,0,0,-6.16282185,106.8558983,listing,0,https://picture.rumah123.com/r123-images/360x210-crop/customer/984267/46c015c7251712fd3dbaf8fec3c67255.jpg,"SEWA APARTEMEN MENARA JAKARTA KEMAYORAN - LOKASI STRATEGIS & NYAMAN  Nikmati hunian nyaman di Menara Jakarta, Kemayoran, salah satu kawasan apartem...",8316146.0,5017187.333333334,0.4721,-60.3,1.3,Premium / High Price,,Apartment Murah Menara Jakarta Kemayoran,Menara Jakarta,exact
LST-00925,Unresolved • Kemayoran • 2BR Full Furnished (73 m²),https://www.rumah123.com/properti/jakarta-pusat-kemayoran/apartemen-full-furnished-2br1-di-the-grand-pallace-kemayoran-apr7739070/,Jakarta Pusat,DKI Jakarta,Kemayoran,"Kemayoran, Jakarta Pusat",Apartemen,3583333.333333333,49086.75799086758,yearly,2,3,2 Bedroom,73.0,6.452998873567641,5.378435531433638,Stasiun KRL Tanah Abang,Tier 1: Core Urban Center (<7km),1,0,0,0,0,0,0,0,0,0,0,0,-6.160825200000001,106.852845,listing,0,https://picture.rumah123.com/r123-images/360x210-crop/customer/815465/322174b3ec020741c0979177e89e7704.jpg,Disewakan Apartemen Lokasi Strategis di The Grand Pallace Kemayoran Jakarta Pusat Tower C capilano  LT/ LB   73m Kamar Tidur 2 + 1 Kamar Mandi 3 Ki...,6922098.0,-3338764.666666667,-0.6584,48.2,-1.81,Deep Value Deal (Rare Find),deep,Termurah Apartemen Full Furnished 2Br+1 di The Grand Pallace Kemayoran,,unresolved
LST-00926,The Mansion Kemayoran • 2BR Semi Furnished (60 m²),https://www.rumah123.com/properti/jakarta-pusat-kemayoran/p-fl-disewa-apart-the-mansion-kemayoran-2-br-furnish-min-2-thn-apr7848668/,Jakarta Pusat,DKI Jakarta,Kemayoran,"Kemayoran, Jakarta Pusat",Apartemen,4583333.333333333,76388.88888888889,yearly,2,1,2 Bedroom,60.0,6.471998976010265,5.272616443868521,Stasiun KRL Manggarai,Tier 1: Core Urban Center (<7km),0,1,0,0,0,0,0,0,0,0,0,0,-6.16282185,106.8558983,listing,0,https://picture.rumah123.com/r123-images/360x210-crop/customer/1218593/5d502b139a2dc800a2ffde57d81f2aa1.jpg,DISEWAKAN - THE MANSION KEMAYORAN   Tower Bougenville  2 Bedrooms 60 m² Lantai 26 Semi Furnished View golf Posisi pojok  Rp55 Juta/Tahun nett Mini...,5280302.0,-696968.666666667,-0.1416,13.2,-0.39,Fair Market Price,,P Fl Disewa Apart The Mansion Kemayoran 2 BR Furnish Min. 2 Thn,The Mansion Kemayoran,exact
LST-00927,Unresolved • Kemayoran • 1BR Full Furnished (40 m²),https://www.rumah123.com/properti/jakarta-pusat-kemayoran/apartemen-mewah-speing-hill-royal-suite-unit-cakep-siap-pakai-apr7834455/,Jakarta Pusat,DKI Jakarta,Kemayoran,"Kemayoran, Jakarta Pusat",Apartemen,6250000.0,156250.0,yearly,1,1,Studio / 1BR,40.0,6.471998976010265,5.272616443868521,Stasiun KRL Manggarai,Tier 1: Core Urban Center (<7km),1,0,0,0,0,0,0,0,0,0,0,0,-6.16282185,106.8558983,listing,0,https://picture.rumah123.com/r123-images/360x210-crop/customer/1995445/415d02de3da98ca17317ba7c9e0427f2.jpg,Spring hill Royal Suite  Luas 40 m Lantai 52  Hadap Selatan Full Furnish  Harge sewa rp.75 juta /th  Hub. LingLing  GadingPro PIK 0816181xxxx,4920811.0,1329189.0,0.2391,-27.0,0.66,Fair Market Price,,Apartemen Mewah Spring Hill Royal Suite Unit Cakep Siap Pakai,,unresolved
LST-00928,Kempinski Private Residences • 3BR Full Furnished (252 m²),https://www.rumah123.com/properti/jakarta-pusat-thamrin/spacious-furnished-3-br-kempinski-apartment-near-grand-indonesia-apr2905423/,Jakarta Pusat,DKI Jakarta,Thamrin,"Thamrin, Jakarta Pusat",Apartemen,70000000.0,277777.7777777777,yearly,3,2,3 Bedroom,252.0,4.461562907717622,2.708660529079164,Stasiun KRL Manggarai,Tier 1: Core Urban Center (<7km),1,0,0,0,0,0,0,0,0,0,0,0,-6.1857,106.853,listing,0,https://picture.rumah123.com/r123-images/360x210-crop/customer/59358/2023-08-29-09-16-25-77b3ed05-3a28-414d-a55e-1ed839cc0998.jpg,KEMP008-E / THAMRIN  Size: 252 sqm 3 Bedrooms 2 Bathrooms Fully Furnished  USD 4.000 / Month Negotiable Exclude all taxes Minimum 12 months rent  T...,44793117.0,25206883.0,0.4464,-56.3,1.23,Premium / High Price,,"Spacious Furnished 3 BR Kempinski Apartment, Near Grand Indonesia",Kempinski Private Residences,exact
LST-00929,57 Promenade • 3BR Full Furnished (183 m²),https://www.rumah123.com/properti/jakarta-pusat-tanah-abang/jarang-ada-3br-full-furnish-mewah-apartemen-57-promenade-siap-huni-v1-apr7655018/,Jakarta Pusat,DKI Jakarta,Tanah Abang,"Tanah Abang, Jakarta Pusat",Apartemen,65833333.333333336,359744.9908925319,yearly,3,3,3 Bedroom,183.0,1.3576441491292068,0.6452268043708659,Stasiun MRT Dukuh Atas,Tier 1: Core Urban Center (<7km),1,0,0,0,0,0,0,0,0,0,0,0,-6.19667,106.8186,listing,0,https://picture.rumah123.com/r123-images/360x210-crop/customer/910486/edd8e87de6df431320dc58b01d0bfc84.jpg,Luas Bangunan : 183 m2 Kamar tidur : 3 Kamar mandi : 3 Listrik : 8800 watt Air : PDAM Sertifikat : Strata Title View : City   Kondisi Unit :  1.⁠...,54870718.0,10962615.333333336,0.1821,-20.0,0.5,Fair Market Price,,Jarang Ada 3Br Full Furnish Mewah 57 Promenade Siap Huni [V1],57 Promenade,exact
LST-00930,Unresolved • Menteng • Studio Full Furnished (33 m²),https://www.rumah123.com/properti/jakarta-pusat-menteng/for-rent-apartemen-menteng-park-type-studio-fully-furnished-apr7811090/,Jakarta Pusat,DKI Jakarta,Menteng,"Menteng, Jakarta Pusat",Apartemen,8500000.0,257575.7575757576,monthly,1,1,Studio / 1BR,33.0,2.215387522692101,1.487291158622338,Stasiun MRT Dukuh Atas,Tier 1: Core Urban Center (<7km),1,0,0,0,0,0,0,0,0,0,0,0,-6.1957828,106.8351718,listing,0,https://picture.rumah123.com/r123-images/360x210-crop/customer/1933702/571be952172c33632fd58d443ef37e52.jpg,"Apartment Name: Menteng Park Location: Jl. Cikini Raya No.79, RT.2/RW.2, Cikini, Menteng, Central Jakarta City 10330 Tower / Floor / View: Sapphire...",8115670.0,384330.0,0.0463,-4.7,0.13,Fair Market Price,,For Rent Apartemen Menteng Park - Type Studio Fully Furnished,,unresolved
LST-00931,The Stature Residences • 1BR Full Furnished (98 m²),https://www.rumah123.com/properti/jakarta-pusat-menteng/disewakan-murah-apartemen-menteng-executive-1br-furnished-apr7847794/,Jakarta Pusat,DKI Jakarta,Menteng,"Menteng, Jakarta Pusat",Apartemen,27000000.0,275510.20408163266,monthly,1,2,Studio / 1BR,98.0,2.215387522692101,1.487291158622338,Stasiun MRT Dukuh Atas,Tier 1: Core Urban Center (<7km),1,0,0,0,0,0,0,0,0,0,0,0,-6.1957828,106.8351718,listing,0,https://picture.rumah123.com/r123-images/360x210-crop/customer/4501667/e609c500a5e0bb135762b73955793134.jpg,"Disewakan Murah Apartment Menteng Executive Apartment 1BR Furnished  Disewakan unit 1BR Fully Furnished di Menteng Executive Apartmen, Jakarta Pusa...",19457951.0,7542049.0,0.3276,-38.8,0.9,Premium / High Price,,Disewakan Murah Apartemen Menteng Executive 1Br Furnished,The Stature Residences,exact
LST-00932,Unresolved • Tanah Abang • 1BR Full Furnished (49 m²),https://www.rumah123.com/properti/jakarta-pusat-tanah-abang/apartemen-fasilitas-lengkap-area-jakarta-pusat-sewa-murah-the-boulevard-type-1br-unit-full-furnished-siap-huni-lokasi-apr7851974/,Jakarta Pusat,DKI Jakarta,Tanah Abang,"Tanah Abang, Jakarta Pusat",Apartemen,7500000.0,153061.22448979592,monthly,1,1,Studio / 1BR,49.0,1.2387002959524325,1.571780108598274,Stasiun MRT Dukuh Atas,Tier 1: Core Urban Center (<7km),1,0,0,1,0,1,0,0,0,0,0,0,-6.20551047,106.8092941,listing,0,https://picture.rumah123.com/r123-images/360x210-crop/customer/46710/0b553768c6d64bdba51bc99952ad9ab7.jpg,"Kondisi : Lengkap dengan peralatan elektronik (AC, microwave, pemanas air, dispenser air, kulkas, mesin cuci)  Fasilitas : - Keamanan apartemen 24 ...",9619069.0,-2119069.0,-0.2488,22.0,-0.68,Fair Market Price,,"Apartemen Fasilitas Lengkap Area Jakarta Pusat! Sewa Murah The Boulevard Type 1Br, Unit Full Furnished, Siap Huni, Lokasi Dekat Area - Bundaran Hi, Monas, Harmoni, Sarinah, & Tanah Abang",,unresolved
LST-00933,Anandamaya Residence • 2BR Full Furnished (150 m²),https://www.rumah123.com/properti/jakarta-pusat-karet-tengsin/apartemen-anandamaya-residence-2-br-strata-full-furnished-apr7552010/,Jakarta Pusat,DKI Jakarta,Karet Tengsin,"Karet Tengsin, Jakarta Pusat",Apartemen,43000000.0,286666.6666666667,monthly,2,2,2 Bedroom,150.0,0.5884867595205738,0.6146796415307644,Stasiun MRT Dukuh Atas,Tier 1: Core Urban Center (<7km),1,0,0,0,0,0,0,0,0,0,0,0,-6.20602,106.82453,listing,0,https://picture.rumah123.com/r123-images/360x210-crop/customer/1882564/4255a8eaf7bec914197d548117903c45.jpg,"Apartemen di Karet Tengsin.  Temukan apartemen 16 lantai yang asri ini,  disewakan menghadirkan lingkungan fasilitas yang lengkap, cocok untuk Anda...",38974614.0,4025386.0,0.0983,-10.3,0.27,Fair Market Price,,"Apartemen Anandamaya Residence 2 BR , Strata, Full Furnished",Anandamaya Residence,exact
LST-00934,Unresolved • Menteng • 2BR Furnished (60 m²),https://www.rumah123.com/properti/jakarta-pusat-menteng/sewa-menteng-park-2-bedroom-furnish-interior-lantai-tinggi-apr7586883/,Jakarta Pusat,DKI Jakarta,Menteng,"Menteng, Jakarta Pusat",Apartemen,11666666.666666666,194444.44444444444,yearly,2,2,2 Bedroom,60.0,2.215387522692101,1.487291158622338,Stasiun MRT Dukuh Atas,Tier 1: Core Urban Center (<7km),0,0,0,0,0,0,0,0,0,0,0,0,-6.1957828,106.8351718,listing,0,https://picture.rumah123.com/r123-images/360x210-crop/customer/1607914/2ae5abe24a912d9866745b605ccf71c7.jpg,Disewakan cepat lantai tinggi view cakep   menteng park 2 bedroom 2 bathroom furnish interior 60 m2  harga 140 juta/thn,13625041.0,-1958374.333333334,-0.1552,14.4,-0.43,Fair Market Price,,Sewa Menteng Park 2 Bedroom Furnish Interior Lantai Tinggi,,unresolved
LST-00935,Sahid Sudirman Residence • 2BR Full Furnished (83 m²),https://www.rumah123.com/properti/jakarta-pusat-karet-tengsin/disewakan-apartement-sahid-sudirman-residence-2brservice-area-full-furnish-middle-floor-dekat-mrt-apr7743054/,Jakarta Pusat,DKI Jakarta,Karet Tengsin,"Karet Tengsin, Jakarta Pusat",Apartemen,15000000.0,180722.89156626505,monthly,2,2,2 Bedroom,83.0,0.588674899181817,0.6147524384164251,Stasiun MRT Dukuh Atas,Tier 1: Core Urban Center (<7km),1,0,0,0,0,0,0,0,1,0,0,0,-6.20602,106.824532,listing,0,https://picture.rumah123.com/r123-images/360x210-crop/customer/2002926/listing/apr7743054/enhanced/122daa9ad12ab7ea92987d7bb7708c1d.jpg,"Apartment Name: Sahid Sudirman Residence Location: Jl. Jenderal Sudirman Kav. 86, RT.10/RW.11, Karet Tengsin, Tanah Abang, Central Jakarta City 127...",14879008.0,120992.0,0.0081,-0.8,0.02,Fair Market Price,,Disewakan Apartement Sahid Sudirman Residence 2Br+Service Area Full Furnish Middle Floor Dekat MRT,Sahid Sudirman Residence,exact
LST-00936,Unresolved • Tanah Abang • 2BR Full Furnished (120 m²),https://www.rumah123.com/properti/jakarta-pusat-tanah-abang/siap-huni-dekat-akses-mrt-full-furnished-apr7744372/,Jakarta Pusat,DKI Jakarta,Tanah Abang,"Tanah Abang, Jakarta Pusat",Apartemen,35000000.0,291666.6666666667,monthly,2,2,2 Bedroom,120.0,1.2387002959524325,1.571780108598274,Stasiun MRT Dukuh Atas,Tier 1: Core Urban Center (<7km),1,0,0,0,0,0,0,0,1,0,0,0,-6.20551047,106.8092941,listing,0,https://picture.rumah123.com/r123-images/360x210-crop/customer/1820222/listing/apr7744372/enhanced/38ea0e5f53bc8a09c72d49c689b171a2.jpg,"* Facility:     * Ground Floor : Children Playground, Promenade, Grocery, Health&Beauty, Al-Fresco, Jogging Track, Residence private drop off, Disa...",23709321.0,11290679.0,0.3895,-47.6,1.07,Premium / High Price,,"Siap Huni, Dekat Akses MRT, Full Furnished,",,unresolved
LST-00937,Unresolved • Tanah Abang • 1BR Full Furnished (55 m²),https://www.rumah123.com/properti/jakarta-pusat-tanah-abang/full-furnished-apartemen-strata-dekat-pusat-perbelanjaan-siap-huni-apr7743080/,Jakarta Pusat,DKI Jakarta,Tanah Abang,"Tanah Abang, Jakarta Pusat",Apartemen,16000000.0,290909.0909090909,monthly,1,1,Studio / 1BR,55.0,1.2387002959524325,1.571780108598274,Stasiun MRT Dukuh Atas,Tier 1: Core Urban Center (<7km),1,0,0,0,0,0,0,0,0,0,0,0,-6.20551047,106.8092941,listing,0,https://picture.rumah123.com/r123-images/360x210-crop/customer/1820222/listing/apr7743080/enhanced/ded60362cddbcc88157264dabc4905e2.jpg,"* Facility:     * Ground Floor : Children Playground, Promenade, Grocery, Health&Beauty, Al-Fresco, Jogging Track, Residence private drop off, Disa...",12783131.0,3216869.0,0.2245,-25.2,0.62,Fair Market Price,,"Full Furnished, Apartemen, Strata, Dekat Pusat Perbelanjaan, Siap Huni,",,unresolved
LST-00938,The Stature Residences • 1BR Furnished (98 m²),https://www.rumah123.com/properti/jakarta-pusat-menteng/disewakan-apartemen-menteng-executive-murah-1br-98-m-apr7842010/,Jakarta Pusat,DKI Jakarta,Menteng,"Menteng, Jakarta Pusat",Apartemen,23000000.0,234693.8775510204,monthly,1,1,Studio / 1BR,98.0,2.215387522692101,1.487291158622338,Stasiun MRT Dukuh Atas,Tier 1: Core Urban Center (<7km),0,0,0,0,0,0,0,0,0,0,0,0,-6.1957828,106.8351718,listing,0,https://picture.rumah123.com/r123-images/360x210-crop/customer/4448405/8720bf11ebf2c2f7701e2676e6da4fa9.jpg,WANT TO LEASE  - Tower Palem - Lantai 10 - Luas 98 m² - 1 Bedroom - 1 Bathroom - 1 Maid Room + Bathroom - Furnished - Brand New Renovated - View m...,18646677.0,4353323.0,0.2098,-23.3,0.58,Fair Market Price,,Disewakan Apartemen Menteng Executive Murah - 1Br 98 M²,The Stature Residences,exact
LST-00939,Menara Jakarta • 2BR Furnished (88 m²),https://www.rumah123.com/properti/jakarta-pusat-kemayoran/disewakan-aprtemen-menara-jakarta-apr7841066/,Jakarta Pusat,DKI Jakarta,Kemayoran,"Kemayoran, Jakarta Pusat",Apartemen,8750000.0,99431.81818181818,yearly,2,2,2 Bedroom,88.0,6.471998976010265,5.272616443868521,Stasiun KRL Manggarai,Tier 1: Core Urban Center (<7km),0,0,0,0,0,0,0,0,0,0,0,0,-6.16282185,106.8558983,listing,0,https://picture.rumah123.com/r123-images/360x210-crop/customer/1092330/e70f523695da831c6e25d88e28486cd1.jpg,Disewakan Apartemen Menara Jakarta  Tipe : 2+1 condominium Luas : 88m2 Kondisi : Unfurnish + mesin cuci harga : 105jt/tahun nego  Fasilitas : - Kol...,8799880.0,-49880.0,-0.0057,0.6,-0.02,Fair Market Price,,Disewakan Aprtemen Menara Jakarta,Menara Jakarta,exact
LST-00940,Unresolved • Karet Tengsin • 3BR Full Furnished (168 m²),https://www.rumah123.com/properti/jakarta-pusat-karet-tengsin/for-rent-casa-domaine-3-bedroom-high-floor-apr7818906/,Jakarta Pusat,DKI Jakarta,Karet Tengsin,"Karet Tengsin, Jakarta Pusat",Apartemen,38000000.0,226190.47619047613,monthly,3,2,3 Bedroom,168.0,0.588674899181817,0.6147524384164251,Stasiun MRT Dukuh Atas,Tier 1: Core Urban Center (<7km),1,0,0,0,0,0,0,0,0,0,0,0,-6.20602,106.824532,listing,0,https://picture.rumah123.com/r123-images/360x210-crop/customer/4367387/5aabc866a7b036153a12fb3a97cda7e2.jpg,FOR RENT...  Tower 1 Luas 168m2 3 Bedroom 3 Bathroom Maid Area Fully Furnished High Floor  Rental Price : IDR 38 Juta/month  Tersedia unit murah ap...,31137342.0,6862658.0,0.1992,-22.0,0.55,Fair Market Price,,For Rent Casa Domaine 3 Bedroom High Floor,,unresolved
LST-00941,The Mansion Kemayoran • 1BR Full Furnished (33 m²),https://www.rumah123.com/properti/jakarta-pusat-kemayoran/disewakan-apartmen-the-mansion-jasmine-1-br-furnish-bagus-apr7853216/,Jakarta Pusat,DKI Jakarta,Kemayoran,"Kemayoran, Jakarta Pusat",Apartemen,3750000.0,113636.36363636365,yearly,1,1,Studio / 1BR,33.0,6.471998976010265,5.272616443868521,Stasiun KRL Manggarai,Tier 1: Core Urban Center (<7km),1,0,0,1,0,0,0,0,0,0,1,0,-6.16282185,106.8558983,listing,0,https://picture.rumah123.com/r123-images/360x210-crop/customer/1827180/1f06d49780b7a1b0f8c6da82bfae1d73.jpg,Disewakan... The Mansion Jasmine Tower GLORIA lantai 37  ukuran 33 m2. 1BR  1 kamar mandi full furnish 2 AC + 1 kulkas + 1 Microwave + 1 kompor gas...,3922013.0,-172013.0,-0.0448,4.4,-0.12,Fair Market Price,,Disewakan Apartmen The Mansion Jasmine!!! 1 Br Furnish!! Bagus!!!,The Mansion Kemayoran,exact
LST-00942,Unresolved • Kemayoran • 2BR Full Furnished (85 m²),https://www.rumah123.com/properti/jakarta-pusat-kemayoran/apartemen-full-furnish-luas-bagus-lokasi-strategis-apr7370134/,Jakarta Pusat,DKI Jakarta,Kemayoran,"Kemayoran, Jakarta Pusat",Apartemen,7333333.333333333,86274.50980392157,yearly,2,1,2 Bedroom,85.0,6.516624118710626,5.391440532502899,Stasiun KRL Manggarai,Tier 1: Core Urban Center (<7km),1,0,0,0,0,0,0,0,0,0,0,0,-6.16165,106.85501,listing,0,https://picture.rumah123.com/r123-images/360x210-crop/customer/2168765/c8212ec3534d52b28c3325067377b162.jpg,"Apartemen di Kemayoran.  Cek segera apartemen yang modern ini,  disewakan menawarkan lingkungan fasilitas yang lengkap, cocok untuk Anda yang mengi...",8494602.0,-1161268.666666667,-0.147,13.7,-0.4,Fair Market Price,,Apartemen Full Furnish Luas Bagus Lokasi Strategis,,unresolved
LST-00943,The Mansion Kemayoran • 2BR Furnished (84 m²),https://www.rumah123.com/properti/jakarta-pusat-kemayoran/apartemen-full-furnise-the-mansion-kemayoran-jakarta-pusat-apr3326598/,Jakarta Pusat,DKI Jakarta,Kemayoran,"Kemayoran, Jakarta Pusat",Apartemen,7500000.0,89285.71428571429,yearly,2,1,2 Bedroom,84.0,6.516624118710626,5.391440532502899,Stasiun KRL Manggarai,Tier 1: Core Urban Center (<7km),0,0,0,0,0,0,0,0,0,0,0,0,-6.16165,106.85501,listing,0,https://picture.rumah123.com/r123-images/360x210-crop/customer/1725303/2024-06-06-04-44-40-d4a0bc9b-6ff2-46a7-8019-54e920ab213f.jpg,2 Kamar tidur 1 Kamar mandi Full furnice complit,8135262.0,-635262.0,-0.0813,7.8,-0.22,Fair Market Price,,"Apartemen Full Furnise The Mansion, Kemayoran, Jakarta Pusat",The Mansion Kemayoran,exact
LST-00944,Neo Soho • 2BR Furnished (104 m²),https://www.rumah123.com/properti/jakarta-barat-central-park/disewakan-apartemen-neo-soho-kondisi-loft-bagus-apr7857177/,Jakarta Barat,DKI Jakarta,Central Park,"Central Park, Jakarta Barat",Apartemen,9583333.333333334,92147.4358974359,yearly,2,2,2 Bedroom,104.0,4.7633463918655625,2.40091462710712,Stasiun KRL Tanah Abang,Tier 1: Core Urban Center (<7km),0,0,0,0,0,0,0,0,0,0,0,0,-6.177137,106.790977,listing,0,https://picture.rumah123.com/r123-images/360x210-crop/customer/681164/73777cfc7ce26492b40ce82c9b8d15ae.jpg,Disewakan Apartemen Neo Soho Kondisi Loft Bagus  Spesifikasi : Neo soho apartemen Luas 104m Lantai 39 2 kamar tidur 2 kamar mandi Common lift Lokas...,12106713.0,-2523379.666666666,-0.2337,20.8,-0.64,Fair Market Price,,Disewakan Apartemen Neo Soho Kondisi Loft Bagus,Neo Soho,exact
LST-00945,Madison Park • 1BR Full Furnished (28 m²),https://www.rumah123.com/properti/jakarta-barat-central-park/disewakan-1br-apartemen-madison-park-lokasi-strategis-dekat-mall-central-park-apr7848406/,Jakarta Barat,DKI Jakarta,Central Park,"Central Park, Jakarta Barat",Apartemen,4583333.333333333,163690.47619047618,yearly,1,1,Studio / 1BR,28.0,4.7633463918655625,2.40091462710712,Stasiun KRL Tanah Abang,Tier 1: Core Urban Center (<7km),1,0,0,0,0,0,1,1,0,0,0,1,-6.177137,106.790977,listing,0,https://picture.rumah123.com/r123-images/360x210-crop/customer/1765574/75942afaf782e96d1777ab395bbc7d62.jpg,"Fully Furnished  Desain modern, rapi dan terawat    Fasilitas Apartemen:  Kolam renang & gym  Taman bermain anak  Area parkir luas & 24 jam securit...",4159834.0,423499.333333333,0.097,-10.2,0.27,Fair Market Price,,Disewakan 1Br Apartemen Madison Park Lokasi Strategis Dekat Mall Central Park,Madison Park,exact
LST-00946,Puri Orchard • Studio Furnished (26 m²),https://www.rumah123.com/properti/jakarta-barat-cengkareng/apartemen-puri-orchard-1br-disewa-dijual-35m2-apr3489086/,Jakarta Barat,DKI Jakarta,Cengkareng,"Cengkareng, Jakarta Barat",Apartemen,2750000.0,105769.23076923077,yearly,0,1,Studio / 1BR,26.0,10.592648045704957,8.350882730974956,Stasiun KRL Tanah Abang,Tier 2: Inner Ring Metro (7-15km),0,0,0,0,0,0,0,0,0,0,0,0,-6.15072,106.74405,listing,0,https://picture.rumah123.com/r123-images/360x210-crop/customer/1963454/802c019ea4e998c3c00def835c394149.jpg,"Apartemen puri Orchard tower B studio 26sqm  Listrik token Harga Sewa diluar IPL, dan utility",2493568.0,256432.0,0.0979,-10.3,0.27,Fair Market Price,,Puri Orchard Apt Newly Renovated,Puri Orchard,exact
LST-00947,Puri Orchard • 1BR Furnished (35 m²),https://www.rumah123.com/properti/jakarta-barat-cengkareng/siap-huni-apartment-puri-orchid-1-br-kosongan-pusat-kota-v2-apr7782092/,Jakarta Barat,DKI Jakarta,Cengkareng,"Cengkareng, Jakarta Barat",Apartemen,2250000.0,64285.71428571428,yearly,1,1,Studio / 1BR,35.0,11.191303974360595,9.052388288360548,Stasiun KRL Tanah Abang,Tier 2: Inner Ring Metro (7-15km),0,0,0,0,0,0,0,0,0,0,0,0,-6.15224905,106.7362572,listing,0,https://picture.rumah123.com/r123-images/360x210-crop/customer/910486/3a9b2b6547c48440f32d71d817c8aee7.jpg,Luas Bangunan : 35 m² Lantai : 29 Kamar Tidur : 1 Kamar Mandi : 1 View : City Sertifikat : PPJB Listrik : 2.200 Watt  Kondisi Unit :  1.⁠ ⁠Bag...,3704740.0,-1454740.0,-0.4987,39.3,-1.37,Good Deal (Undervalued),good,Siap Huni! Apartemen Puri Orchad 1 Br Puri Jakarta Barat[V2],Puri Orchard,fuzzy
LST-00948,Ciputra International • 1BR Full Furnished (58 m²),https://www.rumah123.com/properti/jakarta-barat-puri-indah/siap-pakai-apartment-ciputra-international-1-br-full-furnished-apr7648794/,Jakarta Barat,DKI Jakarta,Puri Indah,"Puri Indah, Jakarta Barat",Apartemen,6250000.0,107758.62068965516,yearly,1,1,Studio / 1BR,58.0,8.871799490960802,7.527029550583822,Stasiun KRL Tanah Abang,Tier 2: Inner Ring Metro (7-15km),1,0,0,0,0,0,0,0,0,0,0,0,-6.18658,106.74292,listing,0,https://picture.rumah123.com/r123-images/360x210-crop/customer/910486/872a842978496a35a456f25762cdb82d.jpg,Luas bangunan : 58.56 m² Lantai : 3 Kamar Tidur : 1 Kamar Mandi : 1 Listrik : 2200 watts Sertifikat : PPJB  Kondisi Unit :  1.⁠ ⁠Bagus 2.⁠ �...,6640153.0,-390153.0,-0.0606,5.9,-0.17,Fair Market Price,,Siap Pakai ! Apartment Ciputra International 1 Br Full Furnished[V2],Ciputra International,exact
LST-00949,Condominium Taman Anggrek • 1BR Furnished (50 m²),https://www.rumah123.com/properti/jakarta-barat-taman-anggrek/harga-spesial-condo-1-kamar-tidur-1-ruang-kerja-di-taman-anggrek-apr7855465/,Jakarta Barat,DKI Jakarta,Taman Anggrek,"Taman Anggrek, Jakarta Barat",Apartemen,6833333.333333333,136666.66666666666,yearly,1,1,Studio / 1BR,50.0,4.610219595941524,2.4387411788181472,Stasiun KRL Tanah Abang,Tier 1: Core Urban Center (<7km),0,0,0,0,0,0,0,0,0,0,0,0,-6.180502,106.78952,listing,0,https://picture.rumah123.com/r123-images/360x210-crop/customer/645605/cbb378435f21e9ca11baf8ff534dd3c4.jpg,Harga Spesial Condo 1 Kamar Tidur 1 Ruang Kerja di Taman Anggrek  Unit langka dengan harga terbaik seperti ini jarang ada Segera janjian untuk surv...,7049791.0,-216457.66666666695,-0.0312,3.1,-0.09,Fair Market Price,,Harga Spesial Condo 1 Kamar Tidur 1 Ruang Kerja di Taman Anggrek,Condominium Taman Anggrek,exact
LST-00950,Condominium Taman Anggrek • 2BR Furnished (88 m²),https://www.rumah123.com/properti/jakarta-barat-taman-anggrek/taman-anggrek-exclusive-apr7821970/,Jakarta Barat,DKI Jakarta,Taman Anggrek,"Taman Anggrek, Jakarta Barat",Apartemen,12916666.666666666,146780.303030303,yearly,2,1,2 Bedroom,88.0,9.818744389211442,7.6858570511275905,Stasiun KRL Tanah Abang,Tier 2: Inner Ring Metro (7-15km),0,0,0,0,0,0,0,0,0,0,0,0,-6.1585,106.747,listing,0,https://picture.rumah123.com/r123-images/360x210-crop/customer/841797/320c8b6cf30ea75fdc902969b9c2334c.jpg,"Apartemen di Taman Anggrek.  Temukan apartemen 15 lantai yang asri ini,  disewakan menawarkan lingkungan fasilitas yang lengkap, cocok untuk Anda y...",8981003.0,3935663.666666666,0.3634,-43.8,1.0,Premium / High Price,,Taman Anggrek Exclusive,Condominium Taman Anggrek,exact
LST-00951,Residence 8 Senopati Private Lift • 2BR Semi Furnished (154 m²),https://www.rumah123.com/properti/jakarta-barat-kedoya-utara/disewa-apartment-wang-residence-3-br-private-lift-apr7292253/,Jakarta Barat,DKI Jakarta,Kedoya Utara,"Kedoya Utara, Jakarta Barat",Apartemen,30000000.0,194805.1948051948,monthly,2,2,2 Bedroom,154.0,7.698470899259702,5.680236061182785,Stasiun KRL Tanah Abang,Tier 2: Inner Ring Metro (7-15km),0,1,0,0,0,0,0,0,0,0,0,0,-6.170788,106.761795,listing,0,https://picture.rumah123.com/r123-images/360x210-crop/customer/445909/b2543a7193a0992942e650635439bf16.jpg,Unit 27i - LB = 154 m² - KT = 2+1 - KM = 2+1 - semi furnished - private lift - Sewa 360 jt / thn  Gun,15693733.0,14306267.0,0.6479,-91.2,1.78,Overpriced / Luxury Tag,,Disewa Apartment Wang Residence 3 Br Private Lift,Residence 8 Senopati,fuzzy
LST-00952,Residence 8 Senopati • 3BR Furnished (175 m²),https://www.rumah123.com/properti/jakarta-barat-kedoya/sewa-murah-apartemen-wang-residence-kedoya-jakarta-barat-apr7277160/,Jakarta Barat,DKI Jakarta,Kedoya,"Kedoya, Jakarta Barat",Apartemen,22500000.0,128571.42857142857,yearly,3,2,3 Bedroom,175.0,7.134318565669827,5.146460379447465,Stasiun KRL Tanah Abang,Tier 2: Inner Ring Metro (7-15km),0,0,0,0,0,0,0,0,0,0,0,0,-6.17368,106.76599,listing,0,https://picture.rumah123.com/r123-images/360x210-crop/customer/978812/a8fa4c85f385131b492efdbc9b0e1898.jpg,Sewa Murah Cepat Apartemen Wang Residence Kedoya Jalan Panjang Jakarta Barat Luas 175sqm 3 Bedroom + 2 Bathroom  1 Dry Kitchen + 1 Wet Kitchen + Ma...,19022825.0,3477175.0,0.1679,-18.3,0.46,Fair Market Price,,Sewa Cepat Murah Apartemen Wang Residence Jalan Panjang Kedoya Jakarta Barat,Residence 8 Senopati,fuzzy
LST-00953,Puri Mansion • 2BR Full Furnished (77 m²),https://www.rumah123.com/properti/jakarta-barat-rawa-buaya/full-furnished-apartemen-2-bedroom-furnished-di-puri-indah-seberang-puri-mansion-cbd-puri-dekat-sekali-dengan-ciputra-apr7826179/,Jakarta Barat,DKI Jakarta,Rawa Buaya,"Rawa Buaya, Jakarta Barat",Apartemen,7083333.333333333,91991.341991342,yearly,2,2,2 Bedroom,77.0,10.469922404537789,8.484272159720902,Stasiun KRL Tanah Abang,Tier 2: Inner Ring Metro (7-15km),1,0,0,0,0,0,0,0,0,0,0,0,-6.161334,106.738205,listing,0,https://picture.rumah123.com/r123-images/360x210-crop/customer/1724848/8dddd6b31be2a9ccb5ba06b97496ce22.jpg,"Kesempatan terbatas buat Anda dapatkan apartemen nyaman dengan return investasi tinggi di Rawa Buaya, Jakarta Barat.  Apartemen ini menawarkan loka...",8247516.0,-1164182.666666667,-0.1522,14.1,-0.42,Fair Market Price,,"Full Furnished, Apartemen 2 Bedroom Furnished di Puri Indah Seberang Puri Mansion Cbd Puri, Dekat Sekali dengan Ciputra University Jakarta Barat",Puri Mansion,exact
LST-00954,Puri Park View • 2BR Furnished (35 m²),https://www.rumah123.com/properti/jakarta-barat-kembangan/sewa-cepat-apartemen-2br-puri-park-view-jakarta-baratb1-apr7852623/,Jakarta Barat,DKI Jakarta,Kembangan,"Kembangan, Jakarta Barat",Apartemen,3083333.333333333,88095.2380952381,yearly,2,1,2 Bedroom,35.0,8.725291347067088,7.787055063938469,Stasiun KRL Tanah Abang,Tier 2: Inner Ring Metro (7-15km),0,0,0,0,0,0,0,0,0,0,0,0,-6.19840588,106.7417649,listing,0,https://picture.rumah123.com/r123-images/360x210-crop/customer/910486/4202bbd774ddb4ba932a1380cfd7a038.jpg,Luas Bangunan : 35m²  Kamar : 2  Kamar mandi : 1 Hadap : City Sertifikat : PPJB Listrik : 2200 watt  Keunggulan : Lokasi Jakarta Selatan Dekat Tol...,3657973.0,-574639.666666667,-0.1709,15.7,-0.47,Fair Market Price,,"Sewa Cepat ! Apartemen 2Br Puri Park View, Jakarta Barat[B1]",Puri Park View,exact
LST-00955,Condominium Taman Anggrek • Studio Furnished (26 m²),https://www.rumah123.com/properti/jakarta-barat-grogol/di-sewakan-apartemen-taman-anggrek-residences-studio-furnish-apr7852191/,Jakarta Barat,DKI Jakarta,Grogol,"Grogol, Jakarta Barat",Apartemen,4083333.3333333335,157051.28205128206,yearly,1,1,Studio / 1BR,26.0,6.075792440751978,3.373348162312078,Stasiun KRL Tanah Abang,Tier 1: Core Urban Center (<7km),0,0,0,0,0,0,0,0,0,0,0,0,-6.16184,106.791901,listing,0,https://picture.rumah123.com/r123-images/360x210-crop/customer/1628187/52cc3f4cb54f457d368253a13d75f369.jpg,"Di Sewakan Apartemen Taman Anggrek Residences, Jakarta Barat  Lokasi Strategis di Kawasan Central Park Mall Podomoro City Kawasan Taman Anggrek Agu...",4056234.0,27099.33333333349,0.0067,-0.7,0.02,Fair Market Price,,Di Sewakan Apartemen Taman Anggrek Residences Studio Furnish,Condominium Taman Anggrek,exact
LST-00956,Condominium Taman Anggrek • Studio Furnished (26 m²),https://www.rumah123.com/properti/jakarta-barat-grogol-petamburan/disewakan-studio-furnish-bagus-taman-anggrek-residence-apr7852123/,Jakarta Barat,DKI Jakarta,Grogol Petamburan,"Grogol Petamburan, Jakarta Barat",Apartemen,3916666.6666666665,150641.02564102563,yearly,1,1,Studio / 1BR,26.0,4.454107450612944,2.2015868787957,Stasiun KRL Tanah Abang,Tier 1: Core Urban Center (<7km),0,0,0,0,0,0,1,0,0,0,0,0,-6.18017,106.79182,listing,0,https://picture.rumah123.com/r123-images/360x210-crop/customer/1615059/0745ae200581838fc181bdc131b7b374.jpg,Disewakan Apartemen Taman Anggrek  Residences    Tipe : Studio  Luas : 26m2  Kondisi : Furnish  harga : 47Jt/tahun   Fasilitas :  - Kolam Renang...,4538011.0,-621344.3333333335,-0.1472,13.7,-0.4,Fair Market Price,,Disewakan Studio Furnish Bagus Taman Anggrek Residence,Condominium Taman Anggrek,exact
LST-00957,Condominium Taman Anggrek • 2BR Full Furnished (50 m²),https://www.rumah123.com/properti/jakarta-barat-grogol/di-sewakan-apartemen-taman-anggrek-residences-2-bedroom-full-furnish-apr7851879/,Jakarta Barat,DKI Jakarta,Grogol,"Grogol, Jakarta Barat",Apartemen,6250000.0,125000.0,yearly,2,1,2 Bedroom,50.0,6.075792440751978,3.373348162312078,Stasiun KRL Tanah Abang,Tier 1: Core Urban Center (<7km),1,0,0,0,0,0,1,0,0,0,0,0,-6.16184,106.791901,listing,0,https://picture.rumah123.com/r123-images/360x210-crop/customer/1628187/d6e344696bae862164955712c1ff7fa3.jpg,Di Sewakan Apartemen Taman Anggrek Residences  Tipe : 2BR  Luas : 50 m2  Kondisi : Full Furnish  Fasilitas :  - Kolam Renang out dor  - Kolam Renan...,6239812.0,10188.0,0.0016,-0.2,0.0,Fair Market Price,,Di Sewakan Apartemen Taman Anggrek Residences 2 Bedroom Full Furnish,Condominium Taman Anggrek,exact
LST-00958,Condominium Taman Anggrek • 1BR Semi Furnished (38 m²),https://www.rumah123.com/properti/jakarta-barat-taman-anggrek/1br-apartemen-taman-anggrek-residence-unit-murah-di-tanjung-duren-apr2135036/,Jakarta Barat,DKI Jakarta,Taman Anggrek,"Taman Anggrek, Jakarta Barat",Apartemen,4166666.6666666665,109649.12280701754,yearly,1,1,Studio / 1BR,38.0,4.610219595941524,2.4387411788181472,Stasiun KRL Tanah Abang,Tier 1: Core Urban Center (<7km),0,1,0,0,0,0,0,0,0,0,0,0,-6.180502,106.78952,subdistrict_centroid,1,https://pic.rumah123.com/r123/360x210-crop/apartment/ap21/2135036/original/apr2135036-apartemen-di-sewa-di-taman-anggrek-jakarta-barat-15808973170004.jpg,"Apartemen Siap Huni,Harga Terjangkau Size : 38m2 1 Bedroom,1 Bathroom Semi Furnished  ******** : Strategic Location near Mall Taman Anggrek a...",4257903.0,-91236.33333333347,-0.0217,2.1,-0.06,Fair Market Price,,1Br Apartemen Taman Anggrek Residence Unit Murah di Tanjung Duren,Condominium Taman Anggrek,exact
LST-00959,Condominium Taman Anggrek • 2BR Furnished (99 m²),https://www.rumah123.com/properti/jakarta-barat-taman-anggrek/apartemen-2br1-good-furnished-siap-huni-di-tanjung-duren-jakarta-barat-apr2309726/,Jakarta Barat,DKI Jakarta,Taman Anggrek,"Taman Anggrek, Jakarta Barat",Apartemen,14583333.333333334,147306.39730639732,yearly,2,2,2 Bedroom,99.0,4.610219595941524,2.4387411788181472,Stasiun KRL Tanah Abang,Tier 1: Core Urban Center (<7km),0,0,0,0,0,0,0,0,0,0,0,0,-6.180502,106.78952,subdistrict_centroid,1,https://pic.rumah123.com/r123/360x210-crop/apartment/ap23/2309726/original/apr2309726-apartemen-di-sewa-di-taman-anggrek-jakarta-barat-15978321639958.jpg,"Size 99m Good Furnished dan Siap Huni ******** : Strategic Location near Mall Taman Anggrek and Central Park Close to School (BPK Penabur),Universi...",11556095.0,3027238.333333334,0.2327,-26.2,0.64,Fair Market Price,,Apartemen 2BR+1 Good Furnished Siap Huni di Tanjung Duren Jakarta Barat,Condominium Taman Anggrek,exact
LST-00960,Condominium Taman Anggrek • Studio Full Furnished (26 m²),https://www.rumah123.com/properti/jakarta-barat-taman-anggrek/studio-fully-furnish-murah-siap-huni-tinggal-bawa-koper-saja-apr2155548/,Jakarta Barat,DKI Jakarta,Taman Anggrek,"Taman Anggrek, Jakarta Barat",Apartemen,3500000.0,134615.38461538462,yearly,1,1,Studio / 1BR,26.0,4.610219595941524,2.4387411788181472,Stasiun KRL Tanah Abang,Tier 1: Core Urban Center (<7km),1,0,0,0,0,0,1,0,0,0,0,0,-6.180502,106.78952,subdistrict_centroid,1,https://pic.rumah123.com/r123/360x210-crop/apartment/ap21/2155548/original/apr2155548-apartemen-di-sewa-di-taman-anggrek-jakarta-barat-15820151643869.jpg,Facility:Luxurious main lobbyReception deskAccess 24-hours securityOutdoor & indoor swimming poolExtension Mall Taman Anggrek in ApartmentSky bridg...,4568355.0,-1068355.0,-0.2664,23.4,-0.73,Fair Market Price,,"Studio Fully Furnish Murah ! Siap Huni, Tinggal Bawa Koper Saja !",Condominium Taman Anggrek,exact
LST-00961,Condominium Taman Anggrek • 2BR Semi Furnished (50 m²),https://www.rumah123.com/properti/jakarta-barat-taman-anggrek/apartemen-ta-residences-2-bedroon-minimalis-di-jakarta-barat-apr1892748/,Jakarta Barat,DKI Jakarta,Taman Anggrek,"Taman Anggrek, Jakarta Barat",Apartemen,5416666.666666667,108333.33333333334,yearly,2,1,2 Bedroom,50.0,4.610219595941524,2.4387411788181472,Stasiun KRL Tanah Abang,Tier 1: Core Urban Center (<7km),0,1,0,0,0,0,0,0,0,0,0,0,-6.180502,106.78952,subdistrict_centroid,1,https://picture.rumah123.com/r123-images/360x210-crop/customer/1049879/2022-07-25-03-52-42-39401568-00f2-451a-a2ae-03b93513d4c6.jpg,"Apartemen tipe 2BR,harga terjangkau Size : 50m2 Semi Furnished  ******** : Strategic Location near Mall Taman Anggrek and Central Park Close ...",6011043.0,-594376.333333333,-0.1041,9.9,-0.29,Fair Market Price,,Apartemen Ta Residences 2 Bedroon Minimalis di Jakarta Barat,Condominium Taman Anggrek,exact
LST-00962,Condominium Taman Anggrek • 2BR Full Furnished (50 m²),https://www.rumah123.com/properti/jakarta-barat-taman-anggrek/new-2-bedroom-suite-fragrant-ta-residence-fully-furnish-baru-apr2306371/,Jakarta Barat,DKI Jakarta,Taman Anggrek,"Taman Anggrek, Jakarta Barat",Apartemen,7333333.333333333,146666.66666666666,yearly,2,1,2 Bedroom,50.0,4.610219595941524,2.4387411788181472,Stasiun KRL Tanah Abang,Tier 1: Core Urban Center (<7km),1,0,0,0,0,0,0,0,0,0,0,0,-6.180502,106.78952,subdistrict_centroid,1,https://pic.rumah123.com/r123/360x210-crop/apartment/ap23/2306371/original/apr2306371-apartemen-di-sewa-di-taman-anggrek-jakarta-barat-15974958703563.jpg,"Facility: Diamond club house 3000 m2 Lux main lobby Receptionist desk Access 24 hours security Private access card Outdoor indoor swimming po...",6740633.0,592700.333333333,0.0843,-8.8,0.23,Fair Market Price,,New 2 Bedroom Suite Fragrant Ta Residence Fully Furnish Baru !!!,Condominium Taman Anggrek,exact
LST-00963,Residence 8 Senopati • 1BR Full Furnished (38 m²),https://www.rumah123.com/properti/jakarta-barat-tanjung-duren/1-bedroom-full-furnished-ta-residence-apr2789611/,Jakarta Barat,DKI Jakarta,Tanjung Duren,"Tanjung Duren, Jakarta Barat",Apartemen,5625000.0,148026.31578947368,yearly,1,1,Studio / 1BR,38.0,5.11000712692968,3.072692328569469,Stasiun KRL Tanah Abang,Tier 1: Core Urban Center (<7km),1,0,0,0,0,0,0,0,0,0,0,0,-6.18036,106.78369,listing,0,https://picture.rumah123.com/r123-images/360x210-crop/customer/1049879/2023-10-11-04-56-59-132fd477-d999-4476-ac60-ab2934e22ed8.jpg,"Apartemen ,Siap Huni,Harga Terjangkau Size : 38m2 1 Bedroom,1 Bathroom Full Furnished Lantai rendah City View  ******** : Strategic Locatio...",5120547.0,504453.0,0.094,-9.9,0.26,Fair Market Price,,1 Bedroom Full Furnished TA Residence,Residence 8 Senopati,fuzzy
LST-00964,Condominium Taman Anggrek • 2BR Full Furnished (99 m²),https://www.rumah123.com/properti/jakarta-barat-taman-anggrek/condo-2-bedroom-include-maintenance-internet-fully-furnish-bagus-pokoknya-istimewa-apr2172337/,Jakarta Barat,DKI Jakarta,Taman Anggrek,"Taman Anggrek, Jakarta Barat",Apartemen,15000000.0,151515.15151515152,yearly,2,3,2 Bedroom,99.0,4.610219595941524,2.4387411788181472,Stasiun KRL Tanah Abang,Tier 1: Core Urban Center (<7km),1,0,0,0,1,0,1,0,0,0,0,0,-6.180502,106.78952,subdistrict_centroid,1,https://pic.rumah123.com/r123/360x210-crop/apartment/ap21/2172337/original/apr2172337-apartemen-di-sewa-di-taman-anggrek-jakarta-barat-15833931798501.jpg,Facility:Luxurious main lobbyReception deskAccess 24-hours securityOutdoor & indoor swimming poolExtension Mall Taman Anggrek in ApartmentSky bridg...,10257370.0,4742630.0,0.3801,-46.2,1.05,Premium / High Price,,"Condo 2 Bedroom Include Maintenance & Internet, Fully Furnish Bagus , Pokoknya Istimewa !",Condominium Taman Anggrek,exact
LST-00965,Condominium Taman Anggrek • Studio Furnished (26 m²),https://www.rumah123.com/properti/jakarta-barat-taman-anggrek/studio-apartemen-ta-residences-furnished-di-tanjung-duren-selatan-apr1992112/,Jakarta Barat,DKI Jakarta,Taman Anggrek,"Taman Anggrek, Jakarta Barat",Apartemen,4166666.6666666665,160256.41025641025,yearly,0,1,Studio / 1BR,26.0,4.610219595941524,2.4387411788181472,Stasiun KRL Tanah Abang,Tier 1: Core Urban Center (<7km),0,0,0,0,0,0,0,0,0,0,0,0,-6.180502,106.78952,subdistrict_centroid,1,https://pic.rumah123.com/r123/360x210-crop/apartment/ap19/1992112/original/apr1992112-apartemen-di-sewa-di-taman-anggrek-jakarta-barat-15725708017448.jpg,"Apartemen Siap Huni,Murah Size : 26m Furnished  ******** : Strategic Location near Mall Taman Anggrek and Central Park Close to School (BPK P...",4205317.0,-38650.33333333349,-0.0092,0.9,-0.03,Fair Market Price,,Studio Apartemen Ta Residences Furnished di Tanjung Duren Selatan,Condominium Taman Anggrek,exact
LST-00966,Condominium Taman Anggrek • 3BR Full Furnished (65 m²),https://www.rumah123.com/properti/jakarta-barat-taman-anggrek/ta-residence-suite-3-br-fullyfurnish-harga-nego-siap-huni-tinggal-angkat-koper-apr2042089/,Jakarta Barat,DKI Jakarta,Taman Anggrek,"Taman Anggrek, Jakarta Barat",Apartemen,9166666.666666666,141025.641025641,yearly,3,2,3 Bedroom,65.0,4.610219595941524,2.4387411788181472,Stasiun KRL Tanah Abang,Tier 1: Core Urban Center (<7km),1,0,0,0,0,0,1,0,0,0,0,0,-6.180502,106.78952,subdistrict_centroid,1,https://pic.rumah123.com/r123/360x210-crop/apartment/ap20/2042089/original/apr2042089-apartemen-di-sewa-di-taman-anggrek-jakarta-barat-15762394967777.jpg,Facility:Luxurious main lobbyReception deskAccess 24-hours securityOutdoor & indoor swimming poolExtension Mall Taman Anggrek in ApartmentSky bridg...,9244303.0,-77636.33333333395,-0.0084,0.8,-0.02,Fair Market Price,,"Ta Residence Suite 3 BR Fullyfurnish !! Harga Nego ,Siap Huni Tinggal Angkat Koper.",Condominium Taman Anggrek,exact
LST-00967,Condominium Taman Anggrek • 2BR Furnished (99 m²),https://www.rumah123.com/properti/jakarta-barat-taman-anggrek/taman-anggrek-residence-condominium-exclusive-furnish-tv-dispenser-siap-masuk-sangat-cocok-untuk-anda-yg-exclusive-apr2004786/,Jakarta Barat,DKI Jakarta,Taman Anggrek,"Taman Anggrek, Jakarta Barat",Apartemen,15000000.0,151515.15151515152,yearly,2,2,2 Bedroom,99.0,4.610219595941524,2.4387411788181472,Stasiun KRL Tanah Abang,Tier 1: Core Urban Center (<7km),0,0,0,0,0,0,1,1,0,0,0,0,-6.180502,106.78952,subdistrict_centroid,1,https://pic.rumah123.com/r123/360x210-crop/apartment/ap20/2004786/original/apr2004786-apartemen-di-sewa-di-taman-anggrek-jakarta-barat-15740694257998.jpg,"Facility: Swimming pool, fitness center, children pool, sky lobby, multi purpose hall, reception, sky garden, tenant direction, playground, sky Ter...",11909103.0,3090897.0,0.2307,-26.0,0.63,Fair Market Price,,"Taman Anggrek Residence Condominium Exclusive Furnish !! TV & Dispenser Siap Masuk, Sangat Cocok untuk Anda Yg Exclusive.",Condominium Taman Anggrek,exact
LST-00968,Unresolved • Cawang • 2BR Furnished (49 m²),https://www.rumah123.com/properti/jakarta-timur-cawang/termurah-apartment-signature-grande-park-2-br-furnishedv2-apr7792060/,Jakarta Timur,DKI Jakarta,Cawang,"Cawang, Jakarta Timur",Apartemen,10000000.0,204081.6326530612,yearly,2,1,2 Bedroom,49.0,7.86450965270701,5.626349468065597,Stasiun KRL Manggarai,Tier 2: Inner Ring Metro (7-15km),0,0,0,0,0,0,1,0,0,0,0,0,-6.25444,106.874352,listing,0,https://picture.rumah123.com/r123-images/360x210-crop/customer/910486/502c35e1b611c349fee490f016520956.jpg,Luas Bangunan :  49 m²  Kamar Tidur : 2 Kamar Mandi : 1 View : Kolam Renang Sertifikat : HGB Listrik : 3.500 Watt  Kondisi Unit : 1.⁠ ⁠Terawat...,5621583.0,4378417.0,0.576,-77.9,1.58,Overpriced / Luxury Tag,,Termurah ! Apartment Signature Grande Park 2 Br Furnished[V2],,unresolved
LST-00969,Transpark Cibubur • Studio Furnished (20 m²),https://www.rumah123.com/properti/jakarta-timur-cibubur/apartemen-transpark-cibubur-tipe-studio-siap-huni-apr7334913/,Jakarta Timur,DKI Jakarta,Cibubur,"Cibubur, Jakarta Timur",Apartemen,3500000.0,175000.0,monthly,1,1,Studio / 1BR,20.0,18.36377962780643,8.982117676463927,Stasiun KRL Depok Baru,Tier 3: Outer Commuter Ring (15-28km),0,0,0,0,0,0,0,0,0,0,0,0,-6.35611,106.895111,listing,0,https://picture.rumah123.com/r123-images/360x210-crop/customer/1760512/30b201ea0a388afdb012cb3271195272.jpg,"Tipe Studio Lantai 33 Lt A 3302 IPL 450rb  Deposit 2 Juta",2557118.0,942882.0,0.3139,-36.9,0.86,Premium / High Price,,Apartemen Transpark Cibubur Tipe Studio Siap Huni,Transpark Cibubur,exact
LST-00970,Cleon Park JGC • Studio Furnished (27 m²),https://www.rumah123.com/properti/jakarta-timur-jakarta-garden-city/murahfree-ipl-apartemen-cleon-park-jakarta-garden-city-tipe-studio-semi-furnished-langsung-huni-apr7381091/,Jakarta Timur,DKI Jakarta,Jakarta Garden City,"Jakarta Garden City, Jakarta Timur",Apartemen,3583333.333333333,132716.04938271607,yearly,1,1,Studio / 1BR,27.0,15.586084622283838,8.621961788838401,Stasiun KRL Bekasi,Tier 3: Outer Commuter Ring (15-28km),0,0,0,0,0,0,0,0,0,0,0,0,-6.171755,106.955978,listing,0,https://picture.rumah123.com/r123-images/360x210-crop/customer/4355770/63c3869fac4303f65233a456e446c333.jpg,[ FOR RENT ] FREE IPL APARTEMEN CLEON PARK JAKARTA GARDEN CITY TIPE STUDIOI FURNISHED LANGSUNG HUNI ===============================  SPESIFIKASI UN...,4084780.0,-501446.666666667,-0.131,12.3,-0.36,Fair Market Price,,Free IPL Apartemen Cleon Park Jakarta Garden City Tipe Studioi Furnished Langsung Huni,Cleon Park JGC,exact
LST-00971,Unresolved • Cakung • Studio Furnished (21 m²),https://www.rumah123.com/properti/jakarta-timur-cakung/sunit-sewa-studio-21-hemat-irit-apr7855631/,Jakarta Timur,DKI Jakarta,Cakung,"Cakung, Jakarta Timur",Apartemen,1166666.6666666667,55555.55555555556,yearly,0,1,Studio / 1BR,21.0,13.488302193538072,8.396577413691325,Stasiun KRL Bekasi,Tier 2: Inner Ring Metro (7-15km),0,0,1,0,0,0,0,0,0,0,0,0,-6.18874163,106.9403369,listing,0,https://picture.rumah123.com/r123-images/360x210-crop/customer/1456904/59959f64bd5333ca894ac876afd434ba.jpg,Disewakan Apartment Studio Tipe 21 kosongan  lokasi di Apartemen Sentra Timur Residence   lokasi sangat strategis dengan multi akses dan fasilitas ...,2447766.0,-1281099.3333333333,-0.741,52.3,-2.04,Deep Value Deal (Rare Find),deep,Sunit Sewa Studio 21 Hemat Irit,,unresolved
LST-00972,Unresolved • Pulo Gadung Tower B • Studio Unfurnished (21 m²),https://www.rumah123.com/properti/jakarta-timur-pulo-gadung/disewakan-apartemen-studio-gading-icon-tower-b-lantai-7-unfurnish-akses-mudah-di-pulo-gadung-apr7856557/,Jakarta Timur,DKI Jakarta,Pulo Gadung,"Pulo Gadung, Jakarta Timur",Apartemen,1666666.6666666667,79365.07936507936,yearly,1,1,Studio / 1BR,21.0,9.08096283211486,6.0959330835197925,Stasiun KRL Manggarai,Tier 2: Inner Ring Metro (7-15km),0,0,0,0,0,0,0,0,0,0,0,0,-6.181712,106.8974964,listing,0,https://picture.rumah123.com/r123-images/360x210-crop/customer/1808098/672d89394e9e3d51ba3ae94afd51e853.jpg,Nikmati hunian praktis di Apartemen Gading Icon Tower B dengan tipe Studio Unfurnish yang berada di lantai 7. Unit ini cocok untuk Anda yang ingin ...,2419306.0,-752639.3333333333,-0.3727,31.1,-1.03,Good Deal (Undervalued),good,"Disewakan Apartemen Studio Gading Icon Tower B Lantai 7 - Unfurnish, Akses Mudah di Pulo Gadung",,unresolved
LST-00973,Tifolia Apartment • Studio Full Furnished (21 m²),https://www.rumah123.com/properti/jakarta-timur-pulo-gadung/disewakan-apartemen-tifolia-studio-full-furnish-apr7856469/,Jakarta Timur,DKI Jakarta,Pulo Gadung,"Pulo Gadung, Jakarta Timur",Apartemen,2333333.333333333,111111.11111111112,yearly,0,1,Studio / 1BR,21.0,7.81040687630694,4.660549984903866,Stasiun KRL Manggarai,Tier 2: Inner Ring Metro (7-15km),1,0,0,0,0,0,0,0,0,0,0,0,-6.19329934,106.8889122,listing,0,https://picture.rumah123.com/r123-images/360x210-crop/customer/871145/5aafe0df97c41396433ad85b96e6719c.jpg,Disewakan Apartemen Tifolia Studio Full Furnish,2699366.0,-366032.666666667,-0.1457,13.6,-0.4,Fair Market Price,,Disewakan Apartemen Tifolia Studio Full Furnish,Tifolia Apartment,exact
LST-00974,Tifolia Apartment • Studio Full Furnished (19 m²),https://www.rumah123.com/properti/jakarta-timur-pulo-gadung/disewakan-apartemen-tifolia-full-furnish-apr7848274/,Jakarta Timur,DKI Jakarta,Pulo Gadung,"Pulo Gadung, Jakarta Timur",Apartemen,2250000.0,118421.05263157896,yearly,0,1,Studio / 1BR,19.0,7.81040687630694,4.660549984903866,Stasiun KRL Manggarai,Tier 2: Inner Ring Metro (7-15km),1,0,0,0,0,0,0,0,0,0,0,0,-6.19329934,106.8889122,listing,0,https://picture.rumah123.com/r123-images/360x210-crop/customer/871145/8db47ffaa0f652365eb2622f7974c0b1.jpg,Disewakan apartemen tifolia full furnish,2703445.0,-453445.0,-0.1836,16.8,-0.5,Fair Market Price,,Disewakan Apartemen Tifolia Full Furnish,Tifolia Apartment,exact
LST-00975,The Oak Tower • Studio Furnished (23 m²),https://www.rumah123.com/properti/jakarta-timur-pulo-gadung/apartemen-oak-tower-siap-huni-full-furnised-apr7848254/,Jakarta Timur,DKI Jakarta,Pulo Gadung,"Pulo Gadung, Jakarta Timur",Apartemen,3000000.0,130434.78260869563,yearly,0,0,Studio / 1BR,23.0,9.871574818585376,6.8283897274139065,Stasiun KRL Manggarai,Tier 2: Inner Ring Metro (7-15km),0,0,0,1,0,0,0,0,0,0,0,0,-6.1815216,106.9049787,listing,0,https://picture.rumah123.com/r123-images/360x210-crop/customer/1999039/3c2cbb8049a9dde95c77cc7d392a8a79.jpg,disewakan aptm oak tower lantai 18 type stidio luas 23 m2 kt 1 km1 ac full furnised hrg sewa 36 jt/th  ed  #308971,2424590.0,575410.0,0.213,-23.7,0.59,Fair Market Price,,Apartemen Oak Tower Siap Huni Full Furnised,The Oak Tower,exact
LST-00976,Sedayu City Suites Tower Melbourne • 2BR Furnished (60 m²),https://www.rumah123.com/properti/jakarta-timur-cakung/disewakan-apartemen-sedayu-city-suites-tower-melbournelt-1-luas60m-jakarta-timur-apr7815140/,Jakarta Timur,DKI Jakarta,Cakung,"Cakung, Jakarta Timur",Apartemen,6250000.0,104166.66666666669,yearly,2,2,2 Bedroom,60.0,13.488302193538072,8.396577413691325,Stasiun KRL Bekasi,Tier 2: Inner Ring Metro (7-15km),0,0,0,0,0,0,0,0,0,0,0,0,-6.18874163,106.9403369,listing,0,https://picture.rumah123.com/r123-images/360x210-crop/customer/1905961/510cd5edce52348462f934f361b86605.jpg,Disewakan Apartemen Sedayu City Suites Tower Melbourne . lt 1 . Luas 60m 2 kamar tidur 2 kamar mandi  fulnish  harga 75 juta  # ali,5793966.0,456034.0,0.0758,-7.9,0.21,Fair Market Price,,Disewakan Apartemen Sedayu City Suites Tower Melbourne.lt 1 Luas.60m Jakarta Timur,Sedayu City Suites,exact
LST-00977,Cleon Park JGC • 1BR Full Furnished (31 m²),https://www.rumah123.com/properti/jakarta-timur-jakarta-garden-city/disewakan-apartemen-cleon-park-jakarta-garden-city-apr7616401/,Jakarta Timur,DKI Jakarta,Jakarta Garden City,"Jakarta Garden City, Jakarta Timur",Apartemen,4875000.0,157258.06451612903,yearly,1,1,Studio / 1BR,31.0,15.586084622283838,8.621961788838401,Stasiun KRL Bekasi,Tier 3: Outer Commuter Ring (15-28km),1,0,0,0,0,0,0,0,0,0,0,0,-6.171755,106.955978,listing,0,https://picture.rumah123.com/r123-images/360x210-crop/customer/1971808/67bb2482d0c869787c6ffb7931187718.jpg,"Disewakan apartemen cleon park jakarta garden city  Type studio full furnish  Luas. 31 M² 1 BR 1 Km Lantai 26 Air pam Listrik 2200  Harga 58,5 jt ...",5372127.0,-497127.0,-0.0971,9.3,-0.27,Fair Market Price,,Disewakan Apartemen Cleon Park Jakarta Garden City,Cleon Park JGC,exact
LST-00978,Callia Apartment • 1BR Furnished (43 m²),https://www.rumah123.com/properti/jakarta-timur-pulo-gadung/disewakan-apartemen-callia-1-kamar-furnish-apr7803900/,Jakarta Timur,DKI Jakarta,Pulo Gadung,"Pulo Gadung, Jakarta Timur",Apartemen,2916666.6666666665,67829.45736434108,yearly,1,1,Studio / 1BR,43.0,7.81040687630694,4.660549984903866,Stasiun KRL Manggarai,Tier 2: Inner Ring Metro (7-15km),0,0,0,0,0,0,0,0,0,0,0,0,-6.19329934,106.8889122,listing,0,https://picture.rumah123.com/r123-images/360x210-crop/customer/871145/dbf26223049fbe49dc04952fc4b96424.jpg,Disewakan apartemen callia 1 kamar furnish,4450102.0,-1533435.3333333335,-0.4225,34.5,-1.16,Good Deal (Undervalued),good,Disewakan Apartemen Callia 1 Kamar Furnish,Callia Apartment,exact
LST-00979,Tifolia Apartment • Studio Furnished (21 m²),https://www.rumah123.com/properti/jakarta-timur-pulo-gadung/disewakan-apartemen-tifolia-pulomas-studio-furnish-apr7801191/,Jakarta Timur,DKI Jakarta,Pulo Gadung,"Pulo Gadung, Jakarta Timur",Apartemen,2250000.0,107142.85714285714,yearly,0,1,Studio / 1BR,21.0,7.81040687630694,4.660549984903866,Stasiun KRL Manggarai,Tier 2: Inner Ring Metro (7-15km),0,0,0,0,0,0,0,0,0,0,0,0,-6.19329934,106.8889122,listing,0,https://picture.rumah123.com/r123-images/360x210-crop/customer/871145/5aafe0df97c41396433ad85b96e6719c.jpg,Disewakan Apartemen Tifolia Pulomas studio Furnish,2366325.0,-116325.0,-0.0504,4.9,-0.14,Fair Market Price,,Disewakan Apartemen Tifolia Pulomas Studio Furnish,Tifolia Apartment,exact
LST-00980,Tifolia Apartment • Studio Furnished (21 m²),https://www.rumah123.com/properti/jakarta-timur-pulo-gadung/disewakan-apartemen-tifolia-pulomas-studio-furnish-apr7801194/,Jakarta Timur,DKI Jakarta,Pulo Gadung,"Pulo Gadung, Jakarta Timur",Apartemen,2125000.0,101190.47619047618,yearly,0,1,Studio / 1BR,21.0,7.81040687630694,4.660549984903866,Stasiun KRL Manggarai,Tier 2: Inner Ring Metro (7-15km),0,0,0,0,0,0,0,0,0,0,0,0,-6.19329934,106.8889122,listing,0,https://picture.rumah123.com/r123-images/360x210-crop/customer/871145/c7bdabee5e33912edf0479a1ceafcad9.jpg,Disewakan Apartemen Tifolia Pulomas studio Furnish,2351733.0,-226733.0,-0.1014,9.6,-0.28,Fair Market Price,,Disewakan Apartemen Tifolia Pulomas Studio Furnish,Tifolia Apartment,exact
LST-00981,Callia Apartment • 1BR Semi Furnished (43 m²),https://www.rumah123.com/properti/jakarta-timur-pulo-gadung/disewakan-apartemen-callia-1-kamar-semi-furnish-apr7805886/,Jakarta Timur,DKI Jakarta,Pulo Gadung,"Pulo Gadung, Jakarta Timur",Apartemen,3125000.0,72674.41860465116,yearly,1,1,Studio / 1BR,43.0,7.81040687630694,4.660549984903866,Stasiun KRL Manggarai,Tier 2: Inner Ring Metro (7-15km),0,1,0,0,0,0,0,0,0,0,0,0,-6.19329934,106.8889122,listing,0,https://picture.rumah123.com/r123-images/360x210-crop/customer/871145/f3011040a1b814e99a78cc876e602825.jpg,Disewakan apartemen callia 1 kamar semi furnish,3631650.0,-506650.0,-0.1503,14.0,-0.41,Fair Market Price,,Disewakan Apartemen Callia 1 Kamar Semi Furnish,Callia Apartment,exact
LST-00982,Callia Apartment • 1BR Furnished (43 m²),https://www.rumah123.com/properti/jakarta-timur-pulo-gadung/disewakan-apartemen-callia-1-kamar-tidur-apr7807895/,Jakarta Timur,DKI Jakarta,Pulo Gadung,"Pulo Gadung, Jakarta Timur",Apartemen,2583333.333333333,60077.51937984496,yearly,1,1,Studio / 1BR,43.0,7.81040687630694,4.660549984903866,Stasiun KRL Manggarai,Tier 2: Inner Ring Metro (7-15km),0,0,0,0,0,0,0,0,0,0,0,0,-6.19329934,106.8889122,listing,0,https://picture.rumah123.com/r123-images/360x210-crop/customer/871145/4fb073f4d1f5fb02aca4452db69672f4.jpg,Disewakan apartemen callia 1 kamar tidur,4607284.0,-2023950.666666667,-0.5786,43.9,-1.59,Deep Value Deal (Rare Find),deep,Disewakan Apartemen Callia 1 Kamar Tidur,Callia Apartment,exact
LST-00983,Tifolia Apartment • Studio Furnished (21 m²),https://www.rumah123.com/properti/jakarta-timur-pulo-gadung/disewakan-apartemen-tifolia-tipe-studio-apr7817461/,Jakarta Timur,DKI Jakarta,Pulo Gadung,"Pulo Gadung, Jakarta Timur",Apartemen,2166666.6666666665,103174.60317460317,yearly,0,1,Studio / 1BR,21.0,7.81040687630694,4.660549984903866,Stasiun KRL Manggarai,Tier 2: Inner Ring Metro (7-15km),0,0,0,0,0,0,0,0,0,0,0,0,-6.19329934,106.8889122,listing,0,https://picture.rumah123.com/r123-images/360x210-crop/customer/871145/bba21ad70fefc83b446611b192d40956.jpg,Disewakan apartemen tifolia studio furnish,2316381.0,-149714.3333333335,-0.0668,6.5,-0.18,Fair Market Price,,Disewakan Apartemen Tifolia Tipe Studio,Tifolia Apartment,exact
LST-00984,Bassura City • 2BR Furnished (38 m²),https://www.rumah123.com/properti/jakarta-timur-jatinegara/disewakan-apartemen-bassura-city-2-kamar-furnish-apr7611072/,Jakarta Timur,DKI Jakarta,Jatinegara,"Jatinegara, Jakarta Timur",Apartemen,2875000.0,75657.8947368421,yearly,2,1,2 Bedroom,38.0,6.670137921392139,3.581676443291726,Stasiun KRL Manggarai,Tier 1: Core Urban Center (<7km),0,0,0,0,0,0,0,0,0,0,0,0,-6.22750897,106.8773311,listing,0,https://picture.rumah123.com/r123-images/360x210-crop/customer/871145/d00d1704b563996e07436a662b12e044.jpg,"Disewakan Apartemen Bassura City 2 Kamar Furnish bagus, belum termasuk ipl",4010724.0,-1135724.0,-0.3329,28.3,-0.92,Good Deal (Undervalued),good,Disewakan Apartemen Bassura City 2 Kamar Furnish,Bassura City,exact
LST-00985,Callia Apartment • 1BR Full Furnished (43 m²),https://www.rumah123.com/properti/jakarta-timur-pulo-gadung/disewakan-apartemen-callia-1-kamar-full-furnish-apr7838836/,Jakarta Timur,DKI Jakarta,Pulo Gadung,"Pulo Gadung, Jakarta Timur",Apartemen,3750000.0,87209.30232558139,yearly,1,1,Studio / 1BR,43.0,7.81040687630694,4.660549984903866,Stasiun KRL Manggarai,Tier 2: Inner Ring Metro (7-15km),1,0,0,0,0,0,0,0,0,0,0,0,-6.19329934,106.8889122,listing,0,https://picture.rumah123.com/r123-images/360x210-crop/customer/871145/052115004b4f200873bc83b1699cfc8e.jpg,Disewakan apartemen callia 1 kamar full furnish,4677174.0,-927174.0,-0.2209,19.8,-0.61,Fair Market Price,,Disewakan Apartemen Callia 1 Kamar Full Furnish,Callia Apartment,exact
LST-00986,The Oak Tower Tower A • 2BR Furnished (42 m²),https://www.rumah123.com/properti/jakarta-timur-pulo-gadung/disewakan-2-bedroom-oak-tower-a-lantai-18-view-jalan-hadap-timur-apr7830257/,Jakarta Timur,DKI Jakarta,Pulo Gadung,"Pulo Gadung, Jakarta Timur",Apartemen,4500000.0,107142.85714285714,monthly,2,1,2 Bedroom,42.0,7.81040687630694,4.660549984903866,Stasiun KRL Manggarai,Tier 2: Inner Ring Metro (7-15km),0,0,0,0,0,0,0,0,0,0,0,0,-6.19329934,106.8889122,listing,0,https://picture.rumah123.com/r123-images/360x210-crop/customer/1808098/80c9bf3e58ba4303623fd6fc618a473b.jpg,"Nikmati hunian nyaman di Apartemen Oak Tower A, Pulo Gadung dengan posisi lantai tinggi dan view jalan yang luas. Unit menghadap Timur, sehingga me...",3929252.0,570748.0,0.1356,-14.5,0.37,Fair Market Price,,"Disewakan 2 Bedroom Oak Tower A - Lantai 18, View Jalan, Hadap Timur",The Oak Tower,exact
LST-00987,Pluit Sea View • 2BR Furnished (42 m²),https://www.rumah123.com/properti/jakarta-utara-muara-baru/disewakan-apartement-pluit-seaview-lantai-rendah-unit-bagus-apr7851326/,Jakarta Utara,DKI Jakarta,Muara Baru,"Muara Baru, Jakarta Utara",Apartemen,1666666.6666666667,39682.53968253968,yearly,2,1,2 Bedroom,42.0,11.09172130783706,8.383236198632716,Stasiun KRL Tanah Abang,Tier 2: Inner Ring Metro (7-15km),0,0,1,0,0,0,1,0,0,0,1,0,-6.11059,106.802437,listing,0,https://picture.rumah123.com/r123-images/360x210-crop/customer/607649/87997c0e9d35d2d0590039dfb682805d.jpg,Disewakan apartement Pluit Sea View / Pluit Residence Tower BELIZE lantai 1 view hadap kolam renang NON furnish 2 kamar tidur 1 dapur 1 toilet list...,3635007.0,-1968340.3333333333,-0.7798,54.1,-2.14,Deep Value Deal (Rare Find),deep,Disewakan Apartement Pluit Seaview Lantai Rendah Unit Bagus,Pluit Sea View,exact
LST-00988,Sedayu City Suites • 2BR Semi Furnished (77 m²),https://www.rumah123.com/properti/jakarta-utara-kelapa-gading/disewakan-apartment-mezzanine-sedayu-city-kelapa-gading-apr7856422/,Jakarta Utara,DKI Jakarta,Kelapa Gading,"Kelapa Gading, Jakarta Utara",Apartemen,6250000.0,81168.83116883117,yearly,2,1,2 Bedroom,77.0,12.379079110147387,9.432761336773456,Stasiun KRL Manggarai,Tier 2: Inner Ring Metro (7-15km),0,1,0,1,0,0,0,0,0,0,1,0,-6.16686,106.92373,listing,0,https://picture.rumah123.com/r123-images/360x210-crop/customer/4423069/35d19a3e599d148f7938cfa01a05b0d2.jpg,Disewakan Apartment Sedayu City  Luas 77m2  Semi Furnish  - Kitchen set  - Kompor  - Kulkas  - Microwave  - Ac  - Mesin cuci  Fasilitas umum  Keama...,6503090.0,-253090.0,-0.0397,3.9,-0.11,Fair Market Price,,Disewakan Apartment Mezzanine Sedayu City Kelapa Gading,Sedayu City Suites,exact
LST-00989,Green Bay Pluit • 2BR Full Furnished (35 m²),https://www.rumah123.com/properti/jakarta-utara-pluit/disewakan-apartemen-green-bay-pluit-apr7856154/,Jakarta Utara,DKI Jakarta,Pluit,"Pluit, Jakarta Utara",Apartemen,2333333.333333333,66666.66666666667,yearly,2,1,2 Bedroom,35.0,11.115110459512994,8.339815295590071,Stasiun KRL Tanah Abang,Tier 2: Inner Ring Metro (7-15km),1,0,0,0,0,0,0,0,0,0,0,0,-6.11555,106.783783,listing,0,https://picture.rumah123.com/r123-images/360x210-crop/customer/1068996/35d007311c729c4c27d971c4452b41e8.jpg,Disewakan  Apartemen Green bay  2 br  uk. 35 m Tower H lt 22 Full Furnished Lengkap Tinggal Bawa Baju  Harga sewa 28 Juta / Tahun,3668105.0,-1334771.666666667,-0.4524,36.4,-1.24,Good Deal (Undervalued),good,Disewakan Apartemen Green Bay Pluit,Green Bay Pluit,exact
LST-00990,Unresolved • Kelapa Gading Tower C • 2BR Furnished (69 m²),https://www.rumah123.com/properti/jakarta-utara-kelapa-gading/di-sewa-apartment-paladian-park-kelapa-gading-permai-tower-c-apr7749749/,Jakarta Utara,DKI Jakarta,Kelapa Gading,"Kelapa Gading, Jakarta Utara",Apartemen,5000000.0,72463.76811594203,yearly,2,1,2 Bedroom,69.0,10.667378438399515,8.037634400035223,Stasiun KRL Manggarai,Tier 2: Inner Ring Metro (7-15km),0,0,0,0,0,0,0,0,0,0,0,0,-6.16076844,106.9035302,listing,0,https://picture.rumah123.com/r123-images/360x210-crop/customer/1971481/listing/apr7749749/enhanced/4878677bd3f71108acb45c70eba3bcae.jpg,"Di SEWA : Apartment "" PALADIAN PARK , Kelapa Gading Permai  Tower :  C Lantai : 19 No.unit : 03 Ex unit contoh Luas    : 69 m2 KT.        : ...",7395792.0,-2395792.0,-0.3915,32.4,-1.08,Good Deal (Undervalued),good,"Di Sewa Apartment Paladian Park , Kelapa Gading Permai Tower C",,unresolved
LST-00991,Tokyo Riverside PIK 2 • Studio Unfurnished (21 m²),https://www.rumah123.com/properti/jakarta-utara-pantai-indah-kapuk-2/studio-kosongan-ac-apt-tokyo-riverside-pik2-apr7664296/,Jakarta Utara,DKI Jakarta,Pantai Indah Kapuk 2,"Pantai Indah Kapuk 2, Jakarta Utara",Apartemen,1250000.0,59523.80952380953,yearly,0,1,Studio / 1BR,21.0,19.856577827132323,15.06958050701512,Stasiun KRL Tangerang,Tier 3: Outer Commuter Ring (15-28km),0,0,1,1,0,0,0,0,0,0,0,0,-6.066228,106.711853,listing,0,https://picture.rumah123.com/r123-images/360x210-crop/customer/4421589/listing/apr7664296/enhanced/6b3c7d6eca8034065f3ceb9e46bfe6fb.jpg,Di Sewakan Apt Tokyo Riverside PIK2  Studio Kosongan + AC Lantai 29 View Laut Lantai Tinggi Harga 15 jt/thn Nego Smp Deal,1487023.0,-237023.0,-0.1736,15.9,-0.48,Fair Market Price,,Studio Kosongan Ac Apt Tokyo Riverside Pik2,Tokyo Riverside PIK 2,exact
LST-00992,Tokyo Riverside PIK 2 • 1BR Full Furnished (38 m²),https://www.rumah123.com/properti/tangerang-teluk-naga/tokyo-riverside-pik-2-apartemen-pantai-indah-kapuk-lemo-teluknaga-tangerang-regency-bantem-apr2855437/,Jakarta Utara,DKI Jakarta,Pantai Indah Kapuk 2,"Pantai Indah Kapuk 2, Jakarta Utara",Apartemen,5000000.0,131578.94736842104,monthly,1,1,Studio / 1BR,38.0,21.0573495920598,0.2048137033228905,Stasiun KRL Tangerang,Tier 3: Outer Commuter Ring (15-28km),1,0,0,0,0,0,1,0,0,0,0,0,-6.17831,106.632,listing,0,https://picture.rumah123.com/r123-images/360x210-crop/customer/1493797/2023-03-17-02-35-40-e96a954a-3705-4b3b-8c17-7c2f6d20718c.jpg,"D0950 Lt Rendah, Tower Tengah, View Pool IPL 580  Bulanan 4,5jt deposit 5jt Tahunan 54jt Disc 10jt jd 45jt deposit 8jt  1Unit Bs 5org (2org km...",3203208.0,1796792.0,0.4453,-56.1,1.22,Premium / High Price,,Apartemen Siap Huni Tokyo Riverside Pik 2 Strategis Full Furnished,Tokyo Riverside PIK 2,exact
LST-00993,Tokyo Riverside PIK 2 Tower Chikusei • Studio Furnished (21 m²),https://www.rumah123.com/properti/jakarta-utara-pantai-indah-kapuk-2/disewakan-apartemen-tokyo-riverside-pik2-apr7850796/,Jakarta Utara,DKI Jakarta,Pantai Indah Kapuk 2,"Pantai Indah Kapuk 2, Jakarta Utara",Apartemen,1500000.0,71428.57142857143,yearly,0,1,Studio / 1BR,21.0,19.856577827132323,15.06958050701512,Stasiun KRL Tangerang,Tier 3: Outer Commuter Ring (15-28km),0,0,0,0,0,0,0,0,0,0,0,0,-6.066228,106.711853,listing,0,https://picture.rumah123.com/r123-images/360x210-crop/customer/1068996/342584460e0c6caa28323cc498afacad.jpg,Disewakan Apartemen Tokyo Riverside Pik2 Studio TOWER CHIKUSEI LT 8 Luas 21m2 1 Kamar mandi Kosong Sama Sekali  Harga sewa 18 Juta / Tahun Deposit ...,1445985.0,54015.0,0.0367,-3.7,0.1,Fair Market Price,,Disewakan Apartemen Tokyo Riverside Pik2 Tower Chikusei,Tokyo Riverside PIK 2,exact
LST-00994,Unresolved • Pluit • 2BR Full Furnished (69 m²),https://www.rumah123.com/properti/jakarta-utara-pluit/apartemen-siap-huni-di-emporium-pluit-cbd-pluit-apr2684977/,Jakarta Utara,DKI Jakarta,Pluit,"Pluit, Jakarta Utara",Apartemen,10833333.333333334,157004.8309178744,yearly,2,2,2 Bedroom,69.0,11.115229933187733,8.339934964576322,Stasiun KRL Tanah Abang,Tier 2: Inner Ring Metro (7-15km),1,0,0,0,0,0,0,0,0,0,0,0,-6.11555,106.78378,listing,0,https://picture.rumah123.com/r123-images/360x210-crop/customer/19156/2022-08-16-04-18-06-a17b1dbc-2020-47d2-8c96-6bd09c1f0ae2.jpg,Full furnish tinggal bawa baju ...,5785725.0,5047608.333333334,0.6272,-87.2,1.73,Overpriced / Luxury Tag,,Apartemen siap huni di emporium pluit CBD Pluit,,unresolved
LST-00995,Unresolved • Pluit • 2BR Furnished (36 m²),https://www.rumah123.com/properti/jakarta-utara-pluit/apartemen-di-pluit-apr7799978/,Jakarta Utara,DKI Jakarta,Pluit,"Pluit, Jakarta Utara",Apartemen,1583333.3333333333,43981.48148148148,yearly,2,1,2 Bedroom,36.0,11.115110459512994,8.339815295590071,Stasiun KRL Tanah Abang,Tier 2: Inner Ring Metro (7-15km),0,0,0,0,0,0,0,0,0,0,1,0,-6.11555,106.783783,listing,0,https://picture.rumah123.com/r123-images/360x210-crop/customer/393105/dd1b2f8e519e819a2d73df4c7bb89b9f.jpg,Disewakan Apartemen Laguna Pluit rapi kitchen set,2707405.0,-1124071.6666666667,-0.5365,41.5,-1.48,Good Deal (Undervalued),good,"Apartemen, di Pluit,",,unresolved
LST-00996,Gold Coast PIK • 2BR Semi Furnished (90 m²),https://www.rumah123.com/properti/jakarta-utara-pantai-indah-kapuk/disewakan-apartemen-goldcoast-2-br-semi-furnish-harga-130-jutath-apr3431062/,Jakarta Utara,DKI Jakarta,Pantai Indah Kapuk,"Pantai Indah Kapuk, Jakarta Utara",Apartemen,10833333.333333334,120370.37037037038,yearly,2,2,2 Bedroom,90.0,14.67571147470037,12.023233832528812,Stasiun KRL Tanah Abang,Tier 2: Inner Ring Metro (7-15km),0,1,0,0,0,0,0,0,0,0,0,0,-6.1026227639272,106.74115147116,listing,0,https://picture.rumah123.com/r123-images/360x210-crop/customer/944442/listing/apr3431062/enhanced/41c50fe426535530acd54c43e4b41ef9.jpg,"Disewakan Apartemen Goldcoast 2 BR Semi Furnished Harga 130 Juta/Tahun  SAYA JUGA PUNYA LISTINGAN LAIN SELAIN UNIT DIATAS, JIKALAU BAPAK/IBU MENCAR...",13969978.0,-3136644.666666666,-0.2543,22.5,-0.7,Fair Market Price,,Disewakan Apartemen Goldcoast 2 Br Semi Furnish Harga 130 Juta/Th,Gold Coast PIK,exact
LST-00997,Tokyo Riverside PIK 2 • 2BR Full Furnished (36 m²),https://www.rumah123.com/properti/jakarta-utara-pantai-indah-kapuk-2/disewa-2-bedroom-apartemen-tokyo-riverside-pik-2-full-furnished-lengkap-apr7857124/,Jakarta Utara,DKI Jakarta,Pantai Indah Kapuk 2,"Pantai Indah Kapuk 2, Jakarta Utara",Apartemen,4166666.6666666665,115740.74074074072,yearly,2,1,2 Bedroom,36.0,19.856577827132323,15.06958050701512,Stasiun KRL Tangerang,Tier 3: Outer Commuter Ring (15-28km),1,0,0,0,0,0,0,0,0,0,0,0,-6.066228,106.711853,listing,0,https://picture.rumah123.com/r123-images/360x210-crop/customer/2074514/670aea97d80b0b5776288fdd34b1e0cd.jpg,Disewakan Apartemen Tokyo Riverside PIK 2  ✨ Detail Unit - Tipe: Studio - Luas: 36m² - Kondisi: Full Furnished - Sertifikat: PPJB   Fasilitas Ap...,3526355.0,640311.6666666665,0.1669,-18.2,0.46,Fair Market Price,,Disewa 2 Bedroom Apartemen Tokyo Riverside Pik 2 Full Furnished Lengkap,Tokyo Riverside PIK 2,exact
LST-00998,Unresolved • Kelapa Gading • Studio Full Furnished (45 m²),https://www.rumah123.com/properti/jakarta-utara-kelapa-gading/apartemen-di-kelapa-gading-moi-apr7854137/,Jakarta Utara,DKI Jakarta,Kelapa Gading,"Kelapa Gading, Jakarta Utara",Apartemen,7083333.333333333,157407.4074074074,yearly,0,0,Studio / 1BR,45.0,10.667378438399515,8.037634400035223,Stasiun KRL Manggarai,Tier 2: Inner Ring Metro (7-15km),1,0,0,0,0,0,0,0,0,0,0,0,-6.16076844,106.9035302,listing,0,https://picture.rumah123.com/r123-images/360x210-crop/customer/644176/9eadc8672f61e5dd8dfd7e1d657eb5cc.jpg,"DIsewakan Apartemen city home tower sanfransisco bay  lantai 17 , 2kamar tidur fullyfurnish info detail bisa call atau wa",6332182.0,751151.333333333,0.1121,-11.9,0.31,Fair Market Price,,"Apartemen, di Kelapa Gading, Moi",,unresolved
LST-00999,Gold Coast PIK Tower Honolulu • 1BR Furnished (44 m²),https://www.rumah123.com/properti/jakarta-utara-pantai-indah-kapuk/sewaapartemengoldcoastpik-apartemen-furnished-1-kamar-tidur-apr7450744/,Jakarta Utara,DKI Jakarta,Pantai Indah Kapuk,"Pantai Indah Kapuk, Jakarta Utara",Apartemen,14000000.0,318181.8181818182,monthly,1,1,Studio / 1BR,44.0,14.675786961931234,12.023318175087477,Stasiun KRL Tanah Abang,Tier 2: Inner Ring Metro (7-15km),0,0,0,0,0,0,0,0,0,0,0,0,-6.102623,106.74115,listing,0,https://picture.rumah123.com/r123-images/360x210-crop/customer/944513/782d9db984086dabaaa4d0236d9c7678.jpg,"Kesempatan terbatas buat Anda dapatkan apartemen strategis dengan return investasi tinggi di Pantai Indah Kapuk, Jakarta Utara.  Apartemen ini mena...",7709800.0,6290200.0,0.5966,-81.6,1.64,Overpriced / Luxury Tag,,Di Sewa Apartemen Gold Coast Tower Honolulu Lantai 20,Gold Coast PIK,exact
LST-01000,Gold Coast PIK • 1BR Full Furnished (190 m²),https://www.rumah123.com/properti/jakarta-utara-pantai-indah-kapuk/disewakan-office-goldcoast-pik-190m2-seaview-apr7635784/,Jakarta Utara,DKI Jakarta,Pantai Indah Kapuk,"Pantai Indah Kapuk, Jakarta Utara",Apartemen,62500000.0,328947.36842105264,yearly,1,2,Studio / 1BR,190.0,14.675786961931234,12.023318175087477,Stasiun KRL Tanah Abang,Tier 2: Inner Ring Metro (7-15km),0,1,0,0,0,0,0,0,0,0,0,0,-6.102623,106.74115,listing,0,https://picture.rumah123.com/r123-images/360x210-crop/customer/1824795/f6106237cac0dba04912f67b53fb8b2c.jpg,*DISEWAKAN GOLDCOAST OFFICE*  View Laut Uk 190m2 Lantai atas Semi Furnish sudah ada sekat Harga : 325rb/m2  Kunci Ready bisa survey  Yoke Icon Prop...,26516509.0,35983491.0,0.8574,-135.7,2.36,Overpriced / Luxury Tag,,Disewakan Office Goldcoast Pik 190M2 Seaview.,Gold Coast PIK,exact
LST-01001,Gold Coast PIK • 2BR Full Furnished (58 m²),https://www.rumah123.com/properti/jakarta-utara-pantai-indah-kapuk/disewakan-apt-goldcoast-honolulu-nl-apr7846064/,Jakarta Utara,DKI Jakarta,Pantai Indah Kapuk,"Pantai Indah Kapuk, Jakarta Utara",Apartemen,9166666.666666666,158045.97701149425,yearly,2,2,2 Bedroom,58.0,14.675711474438309,12.023233832245896,Stasiun KRL Tanah Abang,Tier 2: Inner Ring Metro (7-15km),1,0,0,0,0,0,0,0,0,0,0,0,-6.10262276392724,106.74115147116392,listing,0,https://picture.rumah123.com/r123-images/360x210-crop/customer/910948/f86f146e84a7f6b839cd9f0ae249a6d7.jpg,Disewakan Apt Goldcoast Honolulu Ukuran : 2BR 58m² Harga : 110jt nego  Desposit 20jt  Unit ready minggu depan Full furnished View mangrove  CONTAC...,8476563.0,690103.666666666,0.0783,-8.1,0.22,Fair Market Price,,Disewakan Apt Goldcoast Honolulu Nl,Gold Coast PIK,exact
LST-01002,Sedayu City Suites • 3BR Semi Furnished (72 m²),https://www.rumah123.com/properti/jakarta-utara-kelapa-gading/di-sewakan-apartemen-semi-furnish-mezanine-di-sedayu-city-kelapa-gading-apr7850831/,Jakarta Utara,DKI Jakarta,Kelapa Gading,"Kelapa Gading, Jakarta Utara",Apartemen,6416666.666666667,89120.37037037038,yearly,3,1,3 Bedroom,72.0,10.667378438399515,8.037634400035223,Stasiun KRL Manggarai,Tier 2: Inner Ring Metro (7-15km),0,1,0,0,0,0,0,0,0,0,0,0,-6.16076844,106.9035302,listing,0,https://picture.rumah123.com/r123-images/360x210-crop/customer/2020205/55c70b9c15648ae72d22aee13b8179ec.jpg,"Di Sewakan Apartemen Mezanine Semi Furnish Sedayu City Kelapa Gading  lb 72 kt 3 km 1 type Mezanine 1,5 Lantai semi Furnished lantai Rendah  harga ...",5963805.0,452861.666666667,0.0732,-7.6,0.2,Fair Market Price,,Di Sewakan Apartemen Semi Furnish Mezanine di Sedayu City Kelapa Gading,Sedayu City Suites,exact
LST-01003,The Summit Residences • 2BR Furnished (150 m²),https://www.rumah123.com/properti/jakarta-utara-kelapa-gading/disewakandijual-apartemen-the-summit-jakarta-utara-apr7830184/,Jakarta Utara,DKI Jakarta,Kelapa Gading,"Kelapa Gading, Jakarta Utara",Apartemen,19833333.33333333,132222.22222222222,yearly,2,2,2 Bedroom,150.0,10.667378438399515,8.037634400035223,Stasiun KRL Manggarai,Tier 2: Inner Ring Metro (7-15km),0,0,0,0,0,0,0,0,0,0,0,0,-6.16076844,106.9035302,listing,0,https://picture.rumah123.com/r123-images/360x210-crop/customer/1285538/3fd64e203bf01ac34ed4a04902e9380f.jpg,✨ Unit Luas dengan City View  Ditawarkan unit Apartemen The Summit di kawasan Jakarta Utara dengan luas bangunan 151 m². Memiliki 2 kamar tidur ...,15507318.0,4326015.333333328,0.2461,-27.9,0.68,Fair Market Price,,Disewakan/Dijual - Apartemen The Summit Jakarta Utara,The Summit Residences,exact
LST-01004,Unresolved • Alam Sutera • Studio Furnished (138 m²),https://www.rumah123.com/properti/tangerang-alam-sutera/jarang-ada-soho-the-smith-alam-sutera-spacious-city-view-siap-huniv1-apr7846911/,Tangerang,Banten,Alam Sutera,"Alam Sutera, Tangerang",Apartemen,8750000.0,63405.79710144927,yearly,0,2,Studio / 1BR,138.0,18.70666064640257,8.09954934668883,Stasiun KRL Rawabuntu (BSD),Tier 3: Outer Commuter Ring (15-28km),0,0,0,0,0,0,0,0,0,0,0,0,-6.25276,106.656647,listing,0,https://picture.rumah123.com/r123-images/360x210-crop/customer/910486/97788a5585a510a15d289e099967d7b2.jpg,Luas Bangunan : 138 m2  Lantai : 11 Kamar Mandi : 2 Listrik : 9500 Watt View : City  Hadap : Barat Sertifikat : PPJB siap AJB   Kondisi Unit : 1.�...,14260736.0,-5510736.0,-0.4885,38.6,-1.34,Good Deal (Undervalued),good,Jarang Ada ! Soho The Smith Alam Sutera Spacious City View Siap Huni[V1],,unresolved
LST-01005,Unresolved • Tangerang Kota • Studio Full Furnished (36 m²),https://www.rumah123.com/properti/tangerang-tangerang-kota/disewakan-apartemen-skandinavia-full-furnished-lt-23-tipe-studio-apr7826697/,Tangerang,Banten,Tangerang Kota,"Tangerang Kota, Tangerang",Apartemen,5500000.0,152777.77777777778,monthly,1,1,Studio / 1BR,36.0,20.73591581365966,2.1015844043326872,Stasiun KRL Tangerang,Tier 3: Outer Commuter Ring (15-28km),1,0,0,0,0,0,0,0,0,0,0,0,-6.1956,106.63289,listing,0,https://picture.rumah123.com/r123-images/360x210-crop/customer/1094854/a448671fafaeac8fd34810ffb5de93a7.jpg,"Hallo Bp/Ibu, Kami dari Agent HOST by Skandinavia Apartemen  #WTR #Disewakan dapat disewa perbulan/bulanan/tahunan  Akses : Tol Jakarta - Tan...",4167463.0,1332537.0,0.2774,-32.0,0.76,Premium / High Price,,Disewakan Apartemen Skandinavia Full Furnished LT 23 Tipe Studio,,unresolved
LST-01006,Asatti BSD • 2BR Full Furnished (32 m²),https://www.rumah123.com/properti/tangerang-bsd/siap-pakai-apartment-asatti-low-rise-bsd-2br-full-furnishedv1-apr7700112/,Tangerang,Banten,BSD,"BSD, Tangerang",Apartemen,4416666.666666667,138020.83333333334,yearly,2,1,2 Bedroom,32.0,17.014475657921245,4.4103487765652165,Stasiun KRL Rawabuntu (BSD),Tier 3: Outer Commuter Ring (15-28km),1,0,0,0,0,0,0,0,0,0,0,0,-6.28217,106.684921,listing,0,https://picture.rumah123.com/r123-images/360x210-crop/customer/910486/listing/apr7700112/enhanced/2a3c5e8de814092d5e453ccabc56dfe9.jpg,Luas Bangunan : 32 m² Lantai : 2 Kamar Tidur : 2 Kamar Mandi : 1 Listrik : 1.300 watt Hadap : Utara Sertifikat : Strata Title on HGB  Kondisi Unit...,4259838.0,156828.66666666698,0.0362,-3.7,0.1,Fair Market Price,,Siap Pakai ! Apartment Asatti Low Rise BSD 2Br Full Furnished[V2],Asatti BSD,exact
LST-01007,Unresolved • Alam Sutera • 2BR Furnished (99 m²),https://www.rumah123.com/properti/tangerang-alam-sutera/disewakan-low-rise-apartment-2-bedroom-unit-baru-belum-pernah-ditempati-apr7832927/,Tangerang,Banten,Alam Sutera,"Alam Sutera, Tangerang",Apartemen,6666666.666666667,67340.06734006734,yearly,2,2,2 Bedroom,99.0,18.70666064640257,8.09954934668883,Stasiun KRL Rawabuntu (BSD),Tier 3: Outer Commuter Ring (15-28km),0,0,0,0,0,0,0,0,0,0,0,0,-6.25276,106.656647,listing,0,https://picture.rumah123.com/r123-images/360x210-crop/customer/2037419/e00ea1122e01235af4211285918b4d9d.jpg,Disewakan apartemen Lloyd alam sutera  tower k unit baru belum pernah d tempati hrga blm trmsik listrik air Dan IPL min sewa 2 tahun,8672855.0,-2006188.333333333,-0.2631,23.1,-0.72,Fair Market Price,,Disewakan Murah Low Rise Apartment 2 Bedroom Unit Baru Belum Pernah Ditempati,,unresolved
LST-01008,Paddington Heights • 2BR Furnished (95 m²),https://www.rumah123.com/properti/tangerang-alam-sutera/apartemen-homey-mewah-dan-lengkap-siap-huni-di-paddington-alam-sutera-3-menit-dari-toll-apr7746038/,Tangerang,Banten,Alam Sutera,"Alam Sutera, Tangerang",Apartemen,7083333.333333333,74561.40350877192,yearly,2,2,2 Bedroom,95.0,18.70666064640257,8.09954934668883,Stasiun KRL Rawabuntu (BSD),Tier 3: Outer Commuter Ring (15-28km),0,0,0,0,0,0,0,0,0,0,0,0,-6.25276,106.656647,listing,0,https://picture.rumah123.com/r123-images/360x210-crop/customer/791227/listing/apr7746038/enhanced/d117545bfc66b0e1973e254c60b94e55.jpg,Apartemen Homey! Mewah dan Lengkap! Siap Huni di Paddington Alam Sutera! 3 Menit Dari Toll,8584803.0,-1501469.666666667,-0.1922,17.5,-0.53,Fair Market Price,,Apartemen Homey! Mewah dan Lengkap! Siap Huni di Paddington Alam Sutera! 3 Menit Dari Toll,Paddington Heights,exact
LST-01009,Paddington Heights • 2BR Furnished (95 m²),https://www.rumah123.com/properti/tangerang-alam-sutera/siap-check-in-apartemen-paddington-alam-sutera-lengkap-dan-rapi-hanya-3-menit-dari-toll-apr7750973/,Tangerang,Banten,Alam Sutera,"Alam Sutera, Tangerang",Apartemen,5416666.666666667,57017.54385964913,yearly,2,2,2 Bedroom,95.0,18.70666064640257,8.09954934668883,Stasiun KRL Rawabuntu (BSD),Tier 3: Outer Commuter Ring (15-28km),0,0,0,0,0,0,0,0,0,0,0,1,-6.25276,106.656647,listing,0,https://picture.rumah123.com/r123-images/360x210-crop/customer/791227/listing/apr7750973/enhanced/93f33ffd17dc33cc892e6d440cdc1ef1.jpg,Siap Check In! Apartemen Paddington Alam Sutera! Lengkap dan Rapi! Hanya 3 Menit Dari Toll,7751829.0,-2335162.333333333,-0.3584,30.1,-0.99,Good Deal (Undervalued),good,Parkir Gratis! Termurah! Siap Check In! Apartemen Paddington Alam Sutera! Lengkap dan Rapi! Hanya 3 Menit Dari Toll,Paddington Heights,exact
LST-01010,Marigold Nava Park • 1BR Full Furnished (91 m²),https://www.rumah123.com/properti/tangerang-bsd/marigold-nava-park-bsd-21br-furnished-siap-huni-apr7827058/,Tangerang,Banten,BSD,"BSD, Tangerang",Apartemen,15000000.0,164835.16483516485,yearly,2,1,2 Bedroom,91.0,17.014475657921245,4.4103487765652165,Stasiun KRL Rawabuntu (BSD),Tier 3: Outer Commuter Ring (15-28km),1,0,0,0,0,0,0,0,0,0,0,0,-6.28217,106.684921,listing,0,https://picture.rumah123.com/r123-images/360x210-crop/customer/1993164/f953d2c2fead63451ec43867ac85d21a.jpg,"DISEWAKAN Apartemen Marigold Nava Park BSD  Unit luas 91,5 m², type 2+1 KT & 1+1 KM. Full furnished dengan IKEA furniture, siap huni. Harga Rp180 ...",9746697.0,5253303.0,0.4311,-53.9,1.19,Premium / High Price,,Marigold Nava Park BSD 2+1Br Furnished Siap Huni,Marigold Nava Park,exact
LST-01011,Unresolved • Alam Sutera • Studio Furnished (32 m²),https://www.rumah123.com/properti/tangerang-alam-sutera/super-lengkap-apartemen-sebelah-binus-alam-sutera-area-pendidikan-fasilitas-lengkap-apr7828205/,Tangerang,Banten,Alam Sutera,"Alam Sutera, Tangerang",Apartemen,3583333.333333333,111979.16666666669,yearly,0,0,Studio / 1BR,32.0,18.70666064640257,8.09954934668883,Stasiun KRL Rawabuntu (BSD),Tier 3: Outer Commuter Ring (15-28km),0,0,0,0,0,0,0,0,0,0,0,0,-6.25276,106.656647,listing,0,https://picture.rumah123.com/r123-images/360x210-crop/customer/791227/c92aa03b35def12b546422b4d90d647c.jpg,Super Lengkap! Apartemen Sebelah Binus Alam Sutera! Area Pendidikan! Fasilitas Lengkap,3797178.0,-213844.66666666695,-0.058,5.6,-0.16,Fair Market Price,,Super Lengkap! Apartemen Sebelah Binus Alam Sutera! Area Pendidikan! Fasilitas Lengkap,,unresolved
LST-01012,The Lloyd Alam Sutera • 2BR Full Furnished (99 m²),https://www.rumah123.com/properti/tangerang-alam-sutera/apartemen-rasa-villa-lloyd-alam-sutera-hanya-4-menit-dari-toll-fully-furnished-tinggal-bawa-koper-apr7779863/,Tangerang,Banten,Alam Sutera,"Alam Sutera, Tangerang",Apartemen,10833333.333333334,109427.60942760944,yearly,2,2,2 Bedroom,99.0,18.70666064640257,8.09954934668883,Stasiun KRL Rawabuntu (BSD),Tier 3: Outer Commuter Ring (15-28km),1,0,0,0,0,0,0,0,0,0,0,0,-6.25276,106.656647,listing,0,https://picture.rumah123.com/r123-images/360x210-crop/customer/791227/listing/apr7779863/enhanced/106f0b288d81aa61f79d87e68940cbda.jpg,Apartemen Rasa Villa! Lloyd Alam Sutera! Hanya 4 Menit Dari Toll! Fully Furnished Tinggal Bawa Koper!,9075010.0,1758323.333333334,0.1771,-19.4,0.49,Fair Market Price,,Apartemen Rasa Villa! Lloyd Alam Sutera! Hanya 4 Menit Dari Toll! Fully Furnished Tinggal Bawa Koper!,The Lloyd Alam Sutera,exact
LST-01013,Silkwood Residences • 1BR Full Furnished (47 m²),https://www.rumah123.com/properti/tangerang-alam-sutera/disewa-apartemen-silkwood-alam-sutera-view-city-danau-apr7750972/,Tangerang,Banten,Alam Sutera,"Alam Sutera, Tangerang",Apartemen,3750000.0,79787.23404255319,yearly,1,1,Studio / 1BR,47.0,18.70666064640257,8.09954934668883,Stasiun KRL Rawabuntu (BSD),Tier 3: Outer Commuter Ring (15-28km),1,0,0,0,0,0,1,0,0,0,0,0,-6.25276,106.656647,listing,0,https://picture.rumah123.com/r123-images/360x210-crop/customer/920480/listing/apr7750972/enhanced/97b68130-e6e6-4217-baee-763e8cec424e.png,Tower Oak Lantai 15 Size: 47m2 Bedroom: 1 Bathroom: 1 Full Furnished  Facility: - Kolam Renang - Lapangan Basket - Laundry - Alfamart - Restoran & ...,5315902.0,-1565902.0,-0.3489,29.5,-0.96,Good Deal (Undervalued),good,Disewa Apartemen Silkwood Alam Sutera View City & Danau,Silkwood Residences,exact
LST-01014,Elevee Alam Sutera • 3BR Furnished (149 m²),https://www.rumah123.com/properti/tangerang-alam-sutera/apartemen-baru-elevee-alam-sutera-unit-paling-besar-best-view-kawasan-strategis-dengan-segudang-fasilitas-apr7841796/,Tangerang,Banten,Alam Sutera,"Alam Sutera, Tangerang",Apartemen,11666666.666666666,78299.77628635346,yearly,3,2,3 Bedroom,149.0,18.70666064640257,8.09954934668883,Stasiun KRL Rawabuntu (BSD),Tier 3: Outer Commuter Ring (15-28km),0,0,0,0,0,0,0,0,0,0,0,0,-6.25276,106.656647,listing,0,https://picture.rumah123.com/r123-images/360x210-crop/customer/791227/65b4274cc81eea2aa25395b78638b10c.jpg,Apartemen Baru! Elevee Alam Sutera! Unit Paling Besar! Best View! Kawasan Strategis dengan Segudang Fasilitas,14263046.0,-2596379.333333334,-0.2009,18.2,-0.55,Fair Market Price,,Apartemen Baru! Elevee Alam Sutera! Unit Paling Besar! Best View! Kawasan Strategis dengan Segudang Fasilitas,Elevee Alam Sutera,exact
LST-01015,Marigold Nava Park • 1BR Full Furnished (50 m²),https://www.rumah123.com/properti/tangerang-bsd/disewakan-brandnew-apartement-marigold-navapark-apartment-1br-fully-furnished-apr7809513/,Tangerang,Banten,BSD,"BSD, Tangerang",Apartemen,8333333.333333333,166666.66666666666,yearly,1,1,Studio / 1BR,50.0,17.014475657921245,4.4103487765652165,Stasiun KRL Rawabuntu (BSD),Tier 3: Outer Commuter Ring (15-28km),1,0,0,0,0,0,0,0,0,0,0,0,-6.28217,106.684921,listing,0,https://picture.rumah123.com/r123-images/360x210-crop/customer/1962971/cc4b2d9f7c41b4c2f7e03117ecce8bb7.jpg,"Disewakan brandnew apartement Marigold Navapark Apartment 1BR Fully Furnished Luas 50 m2 Tipe 1 Bedroom View jalan utama  Harga Sewa 100jt/thn ...",6032215.0,2301118.333333333,0.3231,-38.1,0.89,Premium / High Price,,Disewakan Brandnew Apartement Marigold Navapark Apartment 1Br Fully Furnished,Marigold Nava Park,exact
LST-01016,Bintaro Plaza Residences • 1BR Full Furnished (32 m²),https://www.rumah123.com/properti/tangerang-selatan-sektor-3-bintaro/apartemen-1br-full-furnished-di-bintaro-plaza-residence-apr7787803/,Tangerang Selatan,Banten,Bintaro,"Bintaro, Tangerang Selatan",Apartemen,3500000.0,109375.0,monthly,1,1,Studio / 1BR,32.0,13.19670559789285,0.8997217613026535,Stasiun KRL Jurang Mangu (Bintaro),Tier 2: Inner Ring Metro (7-15km),1,0,0,0,0,0,0,0,0,0,0,0,-6.28241,106.726349,subdistrict_centroid,1,https://picture.rumah123.com/r123-images/360x210-crop/customer/2007995/ba5d18f607fc74d91de473e52c2261ee.jpg,"Disewakan apartemen 1 bedroom full furnished di Bintaro Plaza Residence Tower Altiz, Bintaro Sektor 3.  Unit telah dilengkapi furnitur dan siap d...",5305093.0,-1805093.0,-0.4159,34.0,-1.14,Good Deal (Undervalued),good,Apartemen 1Br Full Furnished di Bintaro Plaza Residence,Bintaro Plaza Residences,fuzzy
LST-01017,Embarcadero Bintaro • 1BR Full Furnished (34 m²),https://www.rumah123.com/properti/tangerang-selatan-pondok-aren/apartemen-embarcadero-bintaro-1br-apr7641384/,Tangerang Selatan,Banten,Pondok Aren,"Pondok Aren, Tangerang Selatan",Apartemen,5000000.0,147058.82352941178,yearly,1,1,Studio / 1BR,34.0,13.851659239465183,4.0502432036548175,Stasiun KRL Jurang Mangu (Bintaro),Tier 2: Inner Ring Metro (7-15km),1,0,0,0,0,0,0,0,0,0,1,0,-6.26035882644031,106.7059250796309,listing,0,https://picture.rumah123.com/r123-images/360x210-crop/customer/2138995/5a6709fff767c3e09518997c32fc59c8.jpg,"Tipe Unit 1 BR 1  Kamar Tidur 1 Kamar Mandi Full Furnished : Kitchen Set, Stove, Mesin Cuci, Kulkas TV, Dll Harga sewa exclude : Deposit Sewa, IPL,...",4057259.0,942741.0,0.2089,-23.2,0.57,Fair Market Price,,Dekat Akses Tol Apartemen Embarcadero Bintaro 1 Kamar Tidur,Embarcadero Bintaro,exact
LST-01018,Unresolved • BSD • 2BR Furnished (80 m²),https://www.rumah123.com/properti/tangerang-selatan-bsd/apartemen-eksklusif-di-bsd-apr7764358/,Tangerang Selatan,Banten,BSD,"BSD, Tangerang Selatan",Apartemen,10833333.333333334,135416.6666666667,yearly,2,2,2 Bedroom,80.0,21.365185417243254,4.077276069524725,Stasiun KRL Rawabuntu (BSD),Tier 3: Outer Commuter Ring (15-28km),0,0,0,0,0,0,0,0,0,0,0,0,-6.30073,106.6502669980909,subdistrict_centroid,1,https://picture.rumah123.com/r123-images/360x210-crop/customer/4449699/e27ea4b952d8d346886ad59e33021e26.jpg,Tower C - 2 Bedrooms Unit  Luas Bangunan: 87m2 Kamar Tidur:  2 Kamar Mandi:  2 Listrik 3500 watts  *Harga 130 Juta nego*  5 Menit dari Tol Serpong ...,10615977.0,217356.33333333395,0.0203,-2.0,0.06,Fair Market Price,,Apartemen Eksklusif di BSD,,unresolved
LST-01019,Marigold Nava Park • Studio Furnished (131 m²),https://www.rumah123.com/properti/tangerang-selatan-bsd/for-rent-marigold-type-3-view-botanical-apr7771742/,Tangerang Selatan,Banten,BSD,"BSD, Tangerang Selatan",Apartemen,25000000.0,190839.6946564885,yearly,0,0,Studio / 1BR,131.0,21.365185417243254,4.077276069524725,Stasiun KRL Rawabuntu (BSD),Tier 3: Outer Commuter Ring (15-28km),0,0,0,0,0,0,0,0,0,0,0,0,-6.30073,106.6502669980909,subdistrict_centroid,1,https://picture.rumah123.com/r123-images/360x210-crop/customer/2166869/b19efb2fb38464a6e422f1f92a881480.jpg,FOR RENT Marigold Type 3+1 (131m2) View Botanical Garden Low floor (lt-2) Tower 3  Price: 300 jt nego,14797974.0,10202026.0,0.5244,-68.9,1.44,Premium / High Price,,For Rent Marigold Type 3 View Botanical‼️,Marigold Nava Park,exact
LST-01020,Sky House BSD • 3BR Furnished (120 m²),https://www.rumah123.com/properti/tangerang-selatan-bsd/disewakan-apartemen-sky-house-bsd-3br-bristol-tower-apr7749994/,Tangerang Selatan,Banten,BSD,"BSD, Tangerang Selatan",Apartemen,13750000.0,114583.33333333331,yearly,3,2,3 Bedroom,120.0,21.365185417243254,4.077276069524725,Stasiun KRL Rawabuntu (BSD),Tier 3: Outer Commuter Ring (15-28km),0,0,0,0,0,0,0,0,0,0,0,0,-6.30073,106.6502669980909,subdistrict_centroid,1,https://picture.rumah123.com/r123-images/360x210-crop/customer/681164/listing/apr7749994/enhanced/cc3234d3679f3a505dea8e38c2b4c21b.jpg,Disewakan Apartemen Sky House BSD 3BR Bristol Tower  Spesifikasi : Sky house bsd Tower bristol Luas 120m Lantai 26 3 kamar tidur 2 kamar mandi Fasi...,13773531.0,-23531.0,-0.0017,0.2,-0.0,Fair Market Price,,Disewakan Apartemen Sky House BSD 3Br Bristol Tower,Sky House BSD,exact
LST-01021,Springwood Residence • 2BR Furnished (40 m²),https://www.rumah123.com/properti/tangerang-selatan-serpong/di-sewakan-apartment-springwood-unit-siap-huni-dekat-pintu-tol-binus-alsut-apr3159682/,Tangerang Selatan,Banten,Serpong,"Serpong, Tangerang Selatan",Apartemen,3750000.0,93750.0,yearly,2,1,2 Bedroom,40.0,19.86157900343381,0.4229698521842953,Stasiun KRL Rawabuntu (BSD),Tier 3: Outer Commuter Ring (15-28km),0,0,0,0,0,0,0,0,0,0,0,0,-6.31859,106.67826,listing,0,https://picture.rumah123.com/r123-images/360x210-crop/customer/1878795/2024-01-11-11-53-27-063903a0-6195-4699-8b30-9133c863fc01.jpg,Harga sewa excl. IPL,3826279.0,-76279.0,-0.0201,2.0,-0.06,Fair Market Price,,Di Sewakan Apartment Springwood Unit Siap Huni Dekat Pintu Tol & Binus Alsut,Springwood Residence,exact
LST-01022,Urbantown Serpong • Studio Full Furnished (28 m²),https://www.rumah123.com/properti/tangerang-selatan-serpong/sewa-apartemen-full-furnished-bulanan-hemat-luxury-urbantown-serpong-apr7611127/,Tangerang Selatan,Banten,Serpong,"Serpong, Tangerang Selatan",Apartemen,2210000.0,78928.57142857143,monthly,1,1,Studio / 1BR,28.0,16.898737745290184,3.321665710016402,Stasiun KRL Jurang Mangu (Bintaro),Tier 3: Outer Commuter Ring (15-28km),1,0,0,0,0,0,0,0,0,0,0,0,-6.317013867132888,106.71265480010848,listing,0,https://picture.rumah123.com/r123-images/360x210-crop/customer/2162063/d890aa2bcef5da5d24c8b6df70d31f4f.jpg,"SEWA SYARIAH TENANG, HEMAT & BIAYA PASTI Anda ingin yg benar2 nyaman, bukan hanya hemat? Happyhome Perintis Pengelola syariah Tangsel. Terbukti nya...",4544112.0,-2334112.0,-0.7208,51.4,-1.98,Deep Value Deal (Rare Find),deep,Sewa Apartemen Studio Luxury Full Furnished Murah Urbantown Serpong,Urbantown Serpong,exact
LST-01023,Sky House BSD • 3BR Semi Furnished (68 m²),https://www.rumah123.com/properti/tangerang-selatan-bsd/disewakan-apartemen-3br-sky-house-bsd-tangerang-apr7793074/,Tangerang Selatan,Banten,BSD,"BSD, Tangerang Selatan",Apartemen,6250000.0,91911.76470588236,yearly,3,1,3 Bedroom,68.0,21.365185417243254,4.077276069524725,Stasiun KRL Rawabuntu (BSD),Tier 3: Outer Commuter Ring (15-28km),0,1,0,1,0,1,0,0,0,0,1,0,-6.30073,106.6502669980909,subdistrict_centroid,1,https://picture.rumah123.com/r123-images/360x210-crop/customer/678326/651d1c73f94c3f894f14f7286f35134e.jpg,"Disewakan Apartemen 3Br Sky House BSD Tangerang  Luas 68m2 KT 3 KM 1 Semi Furnish (AC 2, Kitchen Set, Water Heater) Hadap Aeon Mall Tower Duxton sa...",7028751.0,-778751.0,-0.1174,11.1,-0.32,Fair Market Price,,Disewakan Apartemen 3Br Sky House BSD Tangerang,Sky House BSD,exact
LST-01024,Unresolved • Bintaro • 2BR Full Furnished (36 m²),https://www.rumah123.com/properti/tangerang-selatan-bintaro/disewakan-apartemen-2br-full-furnish-di-emerald-bintaro-apr3354456/,Tangerang Selatan,Banten,Bintaro,"Bintaro, Tangerang Selatan",Apartemen,4000000.0,111111.11111111112,yearly,2,1,2 Bedroom,36.0,13.196618892687576,0.8997197178715167,Stasiun KRL Jurang Mangu (Bintaro),Tier 2: Inner Ring Metro (7-15km),1,0,0,1,0,0,0,0,0,0,1,0,-6.28241,106.72635,listing,0,https://picture.rumah123.com/r123-images/360x210-crop/customer/1990859/2024-06-28-18-26-09-b077b215-e743-45b1-93de-9595a7307ee1.jpg,"Luas 36 Lantai 19 Kt. 2 Km. 1 View lapangan  Furnish baru: Bed 2 unit ( 1 ranjang susun, 1 double)  AC Daikin 3 unit TV LED Kulkas 2 pintu Kompor t...",4209101.0,-209101.0,-0.051,5.0,-0.14,Fair Market Price,,Disewakan Apartemen 2br Full Furnish Di Emerald Bintaro,,unresolved
LST-01025,Unresolved • Bintaro • Studio Furnished (23 m²),https://www.rumah123.com/properti/tangerang-selatan-bintaro/disewakan-unit-apartemen-altiz-type-studio-apr7662623/,Tangerang Selatan,Banten,Bintaro,"Bintaro, Tangerang Selatan",Apartemen,4500000.0,195652.1739130435,monthly,1,1,Studio / 1BR,23.0,13.19670559789285,0.8997217613026535,Stasiun KRL Jurang Mangu (Bintaro),Tier 2: Inner Ring Metro (7-15km),0,0,0,0,1,0,0,0,0,0,0,0,-6.28241,106.726349,subdistrict_centroid,1,https://picture.rumah123.com/r123-images/360x210-crop/customer/2169069/91b8fdf81c00b237caef85221fb8bbe4.jpg,"Disewakan unit apart Altiz,  Type studio lantai 5  - harga sewa Rp 4,5 juta per bulan, diluar IPL & indihome",2987303.0,1512697.0,0.4097,-50.6,1.13,Premium / High Price,,Disewakan Unit Apartemen Altiz Type Studio,,unresolved
LST-01026,Unresolved • Bintaro Tower Chicago • Studio Furnished (25 m²),https://www.rumah123.com/properti/tangerang-selatan-bintaro/disewakan-apartement-transpark-tower-chicago-apr7707826/,Tangerang Selatan,Banten,Bintaro,"Bintaro, Tangerang Selatan",Apartemen,5000000.0,200000.0,yearly,0,1,Studio / 1BR,25.0,13.19670559789285,0.8997217613026535,Stasiun KRL Jurang Mangu (Bintaro),Tier 2: Inner Ring Metro (7-15km),0,0,0,1,1,1,0,0,0,0,0,0,-6.28241,106.726349,listing,0,https://picture.rumah123.com/r123-images/360x210-crop/customer/2169069/listing/apr7707826/enhanced/10e359ab5c6e0403a4f53260ed7a57d9.jpg,"*Disewakan Apartement Transpark tower Chicago*  Tipe studio B, L: 25.51 m2  ✅ Wifi ✅ IPL ✅ Water heater ✅ AC  ✅ Kitchen ✅ Tempat tidur ...",3741089.0,1258911.0,0.2901,-33.7,0.8,Premium / High Price,,Disewakan Apartement Transpark Tower Chicago,,unresolved
LST-01027,Green Bay Pluit • 2BR Full Furnished (36 m²),https://www.rumah123.com/properti/tangerang-selatan-bintaro/apartemen-emerald-bintaro-full-furnished-green-view-apr7809594/,Tangerang Selatan,Banten,Bintaro,"Bintaro, Tangerang Selatan",Apartemen,6000000.0,166666.66666666666,yearly,2,1,2 Bedroom,36.0,13.19670559789285,0.8997217613026535,Stasiun KRL Jurang Mangu (Bintaro),Tier 2: Inner Ring Metro (7-15km),1,0,0,0,0,0,0,0,0,0,0,0,-6.28241,106.726349,listing,0,https://picture.rumah123.com/r123-images/360x210-crop/customer/2169069/cacb74db88c8d5cfeb54e779def37889.jpg,"Disewakan. Apartemen Emerald Bintaro, sbb :  - Harga Sewa : Rp. 72 Juta/Per tahun (Nego) --> Hrg include IPL * *2 BR* * Lantai : 26 * Luas Nett : 3...",4175755.0,1824245.0,0.3625,-43.7,1.0,Premium / High Price,,Apartemen Emerald Bintaro Full Furnished Green View,Green Bay Pluit,exact
LST-01028,The Breeze Bintaro • 1BR Full Furnished (40 m²),https://www.rumah123.com/properti/tangerang-selatan-bintaro/full-furnished-apartemen-breeze-bintaro-pemandangan-city-view-apr7825043/,Tangerang Selatan,Banten,Bintaro,"Bintaro, Tangerang Selatan",Apartemen,6000000.0,150000.0,yearly,1,1,Studio / 1BR,40.0,13.19670559789285,0.8997217613026535,Stasiun KRL Jurang Mangu (Bintaro),Tier 2: Inner Ring Metro (7-15km),1,0,0,0,0,0,0,0,0,0,0,0,-6.28241,106.726349,listing,0,https://picture.rumah123.com/r123-images/360x210-crop/customer/2169069/914a164360c349207bf9556fb353dee0.jpg,"Cari hunian praktis dan nyaman di Bintaro? Unit 1 bedroom di Breeze Bintaro ini sudah full furnished, sehingga siap ditempati tanpa perlu repot mel...",5506427.0,493573.0,0.0858,-9.0,0.24,Fair Market Price,,"Full Furnished! Apartemen Breeze Bintaro, Pemandangan City View",The Breeze Bintaro,exact
LST-01029,The Branz BSD • 2BR Furnished (68 m²),https://www.rumah123.com/properti/tangerang-selatan-bsd/apartemen-dijantung-kota-bsd-dengan-city-view-di-branz-apr7851184/,Tangerang Selatan,Banten,BSD,"BSD, Tangerang Selatan",Apartemen,10000000.0,147058.82352941178,yearly,2,1,2 Bedroom,68.0,14.635311908981269,1.88077029974464,Stasiun KRL Jurang Mangu (Bintaro),Tier 2: Inner Ring Metro (7-15km),0,0,0,0,0,0,0,0,0,0,0,0,-6.28352,106.711,listing,0,https://picture.rumah123.com/r123-images/360x210-crop/customer/4540835/1a73988e18ae2dfe2007e97747f4c191.jpg,"*TERMURAH DISEWAKAN APARTEMENT BRANZ BSD CITY*  CITY VIEW LANGSUNG MENGHADAP KOTA BSD, LOKASI STRATEGIS DEKAT DENGAN APAPUN  Branz 2BR LB : 68m2 KM...",8791509.0,1208491.0,0.1288,-13.7,0.35,Fair Market Price,,Apartemen Dijantung Kota BSD dengan City View di Branz,The Branz BSD,exact
LST-01030,Unresolved • Bintaro • 2BR Full Furnished (65 m²),https://www.rumah123.com/properti/tangerang-selatan-bintaro/sewa-exclusive-condominium-apartemen-2-bedroom-2-kamar-the-accent-bintaro-full-furnished-apr7645672/,Tangerang Selatan,Banten,Bintaro,"Bintaro, Tangerang Selatan",Apartemen,9583333.333333334,147435.89743589744,yearly,2,1,2 Bedroom,65.0,13.19670559789285,0.8997217613026535,Stasiun KRL Jurang Mangu (Bintaro),Tier 2: Inner Ring Metro (7-15km),1,0,0,0,0,0,0,0,0,0,0,0,-6.28241,106.726349,listing,0,https://picture.rumah123.com/r123-images/360x210-crop/customer/398698/aa22cba1c4f286395a26a7ccb78b6aaf.jpg,"Ready to stay apartment unit di The Accent Bintaro  lokasi sangat sangat strategis, dekat dengan banyak sekolah, banyak supermarket, mall besar Bin...",8904737.0,678596.333333334,0.0734,-7.6,0.2,Fair Market Price,,Sewa Exclusive Condominium Apartemen 2 Bedroom 2 Kamar The Accent Bintaro Full Furnished,,unresolved
LST-01031,The Breeze Bintaro • Studio Furnished (28 m²),https://www.rumah123.com/properti/tangerang-selatan-bintaro/lantai-rendah-apartemen-breeze-full-furniesd-apr7627765/,Tangerang Selatan,Banten,Bintaro,"Bintaro, Tangerang Selatan",Apartemen,4700000.0,167857.14285714287,monthly,0,1,Studio / 1BR,28.0,13.19670559789285,0.8997217613026535,Stasiun KRL Jurang Mangu (Bintaro),Tier 2: Inner Ring Metro (7-15km),0,0,0,0,0,0,0,0,0,0,0,0,-6.28241,106.726349,listing,0,https://picture.rumah123.com/r123-images/360x210-crop/customer/1834853/c9863b059389e0cbe14708980eed618b.jpg,Ready apartemen breeze type studio full furniesd tinggal bawa koper aja  harga sewa sudah termasuk IPL  harga sewa belum termasuk pemakaian listrik...,4284360.0,415640.0,0.0926,-9.7,0.25,Fair Market Price,,Lantai Rendah Apartemen Breeze Full Furniesd,The Breeze Bintaro,exact
LST-01032,The Branz BSD • 1BR Full Furnished (58 m²),https://www.rumah123.com/properti/tangerang-selatan-bsd/branz-apartemen-1-bedroom-siap-huni-sangat-rapih-apr7830726/,Tangerang Selatan,Banten,BSD,"BSD, Tangerang Selatan",Apartemen,6666666.666666667,114942.5287356322,yearly,1,1,Studio / 1BR,58.0,22.020777961221444,4.732325584952738,Stasiun KRL Rawabuntu (BSD),Tier 3: Outer Commuter Ring (15-28km),1,0,0,0,0,0,0,0,0,0,0,0,-6.300494108320677,106.6434180042586,listing,0,https://picture.rumah123.com/r123-images/360x210-crop/customer/1612297/7285157d0c566a6a8cc53fcc65623cca.jpg,The Branz Apartmen Bsd city 1 Bedroom  tower B  lantai 17 full furnish unit Rapi siap huni  80 juta/ tahun nego   siap survei infokan H-1  mayaRu L...,6647645.0,19021.666666666977,0.0029,-0.3,0.01,Fair Market Price,,Branz Apartemen 1 Bedroom Siap Huni Sangat Rapih,The Branz BSD,exact
LST-01033,B-Residence BSD • Studio Furnished (23 m²),https://www.rumah123.com/properti/tangerang-selatan-bsd/apartement-b-residence-bsd-apr7631012/,Tangerang Selatan,Banten,BSD,"BSD, Tangerang Selatan",Apartemen,2916666.6666666665,126811.59420289854,yearly,0,0,Studio / 1BR,23.0,21.365185417243254,4.077276069524725,Stasiun KRL Rawabuntu (BSD),Tier 3: Outer Commuter Ring (15-28km),0,0,0,0,0,0,0,0,0,0,0,0,-6.30073,106.6502669980909,subdistrict_centroid,1,https://picture.rumah123.com/r123-images/360x210-crop/customer/1878976/438c7744c53a8f83d0f428d39f68a3a1.jpg,"Apartemen di BSD.  Cek segera apartemen Lantai 9 yang modern ini,  disewakan menghadirkan lingkungan fasilitas yang lengkap, cocok untuk Anda yang ...",2711203.0,205463.6666666665,0.073,-7.6,0.2,Fair Market Price,,Apartement B Residence BSD,B-Residence BSD,exact
LST-01034,Margonda Residence • Studio Furnished (20 m²),https://www.rumah123.com/properti/depok-margonda/margond-residence-4-d-mall-mares-4-apr7648804/,Depok,Jawa Barat,Margonda,"Margonda, Depok",Apartemen,2300000.0,115000.0,monthly,0,1,Studio / 1BR,20.0,19.117689833962416,1.545535782398491,Stasiun KRL Depok Baru,Tier 3: Outer Commuter Ring (15-28km),0,0,0,0,0,0,0,0,0,0,0,0,-6.3804,106.830704,listing,0,https://picture.rumah123.com/r123-images/360x210-crop/customer/1854562/74363a352e193be02dd79f4289ff5e3f.jpg,"Disewakan Unit Apartemen. Margonda Residence 4 *Harga Sewa 2,3 Juta/Bln* (AO) Jl.Margonda Raya kav 88 Depok. Kawasan D Mall.  Lantai 16, Luas 20 m2...",1941470.0,358530.0,0.1695,-18.5,0.47,Fair Market Price,,Margonda Residence 4 D Mall Mares 4,Margonda Residence,exact
LST-01035,Unresolved • Depok I • Studio Full Furnished (22 m²),https://www.rumah123.com/properti/depok-depok-i/disewakan-apartemen-cozyfull-furnish-apr7519938/,Depok,Jawa Barat,Depok I,"Depok I, Depok",Apartemen,3333333.333333333,151515.15151515152,yearly,0,1,Studio / 1BR,22.0,20.00557372954168,0.5327180613396044,Stasiun KRL Depok Baru,Tier 3: Outer Commuter Ring (15-28km),1,0,0,0,0,0,0,0,0,0,0,0,-6.388701,106.817787,listing,0,https://picture.rumah123.com/r123-images/360x210-crop/customer/1482376/listing/apr7519938/enhanced/d49692897c2b05b570147f465d928ca2.jpg,"Apartemen di Depok I.  Miliki apartemen 26 lantai yang modern ini,  disewakan menghadirkan lingkungan fasilitas yang lengkap, cocok untuk Anda yang...",2691530.0,641803.333333333,0.2139,-23.8,0.59,Fair Market Price,,Disewakan Apartemen Cozy.full Furnish,,unresolved
LST-01036,Unresolved • Tapos • Studio Furnished (20 m²),https://www.rumah123.com/properti/depok-tapos/hunian-kos-kontrak-murah-di-depok-apr7658365/,Depok,Jawa Barat,Tapos,"Tapos, Depok",Apartemen,1600000.0,80000.0,monthly,0,1,Studio / 1BR,20.0,22.67436172335075,7.150049468587348,Stasiun KRL Depok Baru,Tier 3: Outer Commuter Ring (15-28km),0,0,0,0,0,0,0,0,0,0,0,0,-6.40198,106.885689,listing,0,https://picture.rumah123.com/r123-images/360x210-crop/customer/1760512/46d21335353b8a18873e0434af3eac82.jpg,"Apartemen di Tapos.  Dapatkan apartemen 1 lantai yang asri ini,  disewakan menawarkan lingkungan fasilitas yang lengkap, cocok untuk Anda yang meng...",1719956.0,-119956.0,-0.0723,7.0,-0.2,Fair Market Price,,Hunian Kos Kontrak Murah di Depok,,unresolved
LST-01037,Podomoro Golf View • 2BR Full Furnished (45 m²),https://www.rumah123.com/properti/depok-cimanggis/disewakan-apartemen-podomoro-golf-view-2-kamar-full-furnish-apr7700043/,Depok,Jawa Barat,Cimanggis,"Cimanggis, Depok",Apartemen,2875000.0,63888.88888888889,yearly,2,1,2 Bedroom,45.0,21.813847711201102,7.593995502776035,Stasiun KRL Depok Baru,Tier 3: Outer Commuter Ring (15-28km),1,0,0,0,0,0,0,0,0,0,0,0,-6.39199,106.890617,listing,0,https://picture.rumah123.com/r123-images/360x210-crop/customer/871145/listing/apr7700043/enhanced/fea34ab4b35ede490dcdf2d0f4cbdaa1.jpg,Disewakan apartemen podomoro golf view 2 kamar full furnish,4621429.0,-1746429.0,-0.4747,37.8,-1.31,Good Deal (Undervalued),good,Disewakan Apartemen Podomoro Golf View 2 Kamar Full Furnish,Podomoro Golf View,exact
LST-01038,Cinere Bellevue • 3BR Furnished (80 m²),https://www.rumah123.com/properti/depok-cinere/disewakan-apartement-cinere-bellevue-2-unit-jadi-1-apr7780009/,Depok,Jawa Barat,Cinere,"Cinere, Depok",Apartemen,7500000.0,93750.0,monthly,3,2,3 Bedroom,80.0,14.553202015811204,4.909428178482895,Stasiun MRT Lebak Bulus,Tier 2: Inner Ring Metro (7-15km),0,0,0,0,0,0,0,0,0,0,0,0,-6.33298,106.778412,listing,0,https://picture.rumah123.com/r123-images/360x210-crop/customer/23522/a7958b3f1ba0d89dd9bfeec8b4019d79.jpg,DISEWAKAN APARTEMENT CINERE BELLEVUE 2 UNIT JADI 1  Spesifikasi : - Luas Bangunan : ± 80 cm² - 2 unit BR dijadikan satu - 1 Kamar Tidur Utama + K...,8696658.0,-1196658.0,-0.148,13.8,-0.41,Fair Market Price,,Disewakan Apartement Cinere Bellevue 2 Unit Jadi 1,Cinere Bellevue,exact
LST-01039,Green Lake View Depok • Studio Furnished (20 m²),https://www.rumah123.com/properti/depok-cimanggis/sewa-bulanan-apartemen-green-lake-view-cimanggis-depok-apr7638529/,Depok,Jawa Barat,Cimanggis,"Cimanggis, Depok",Apartemen,1400000.0,70000.0,monthly,0,1,Studio / 1BR,20.0,21.813847711201102,7.593995502776035,Stasiun KRL Depok Baru,Tier 3: Outer Commuter Ring (15-28km),0,0,1,0,0,0,0,0,0,0,0,0,-6.39199,106.890617,listing,0,https://picture.rumah123.com/r123-images/360x210-crop/customer/1969139/aa0dd87066240f7ade45f9ca3d7c8394.jpg,"Unit kosongan harga sewa 1,4jt/bulan belum include IPL, listrik dan air deposit 1,5jt",1842367.0,-442367.0,-0.2746,24.0,-0.76,Good Deal (Undervalued),good,Sewa Bulanan Apartemen Green Lake View Cimanggis Depok,Green Lake View Depok,exact
LST-01040,Unresolved • Sukmajaya • 2BR Full Furnished (50 m²),https://www.rumah123.com/properti/depok-sukmajaya/apartemen-marrakech-full-furnished-apr7750726/,Depok,Jawa Barat,Sukmajaya,"Sukmajaya, Depok",Apartemen,6000000.0,120000.0,monthly,2,1,2 Bedroom,50.0,19.40690965138312,2.707219983463937,Stasiun KRL Depok Baru,Tier 3: Outer Commuter Ring (15-28km),1,0,0,1,0,0,0,0,0,0,0,0,-6.3816333,106.8444281,listing,0,https://picture.rumah123.com/r123-images/360x210-crop/customer/1771889/f545c1a06d634b1974de42057d908f98.jpg,"Tower Marrakech suites   Tower : C Lantai : 3  LB : 50.88m2 KT : 2 KM : 1 AC : 2 TV Harga : 6JT/bulan  IK #285750",5862351.0,137649.0,0.0232,-2.3,0.06,Fair Market Price,,Apartemen Marrakech Full Furnished,,unresolved
LST-01041,Unresolved • Beji • Studio Furnished (25 m²),https://www.rumah123.com/properti/depok-beji/disewakan-unit-studio-apartemen-dekat-ui-apr7283104/,Depok,Jawa Barat,Beji,"Beji, Depok",Apartemen,4000000.0,160000.0,monthly,1,1,Studio / 1BR,25.0,17.972235569283374,2.360967230794268,Stasiun KRL Depok Baru,Tier 3: Outer Commuter Ring (15-28km),0,0,0,0,0,0,0,0,0,0,0,0,-6.37041,106.81756,listing,0,https://picture.rumah123.com/r123-images/360x210-crop/customer/1870971/487bac770e69c0f7731939d34a633c5c.jpg,"Apartemen di Beji, Depok.  For rent di wilayah yang asri. Dengan spesifikasinya adalah sebagai berikut:   - Kamar Tidur: 1   - Kamar Mandi: 1   - S...",4498903.0,-498903.0,-0.1175,11.1,-0.32,Fair Market Price,,Disewakan Unit Studio Apartemen Dekat Ui,,unresolved
LST-01042,Transpark Cibubur • 3BR Furnished (71 m²),https://www.rumah123.com/properti/depok-harjamukti/apartemen-transpark-cibubur-apr7712473/,Depok,Jawa Barat,Harjamukti,"Harjamukti, Depok",Apartemen,7083333.333333333,99765.25821596244,yearly,3,2,3 Bedroom,71.0,22.581248687672307,11.560881995611195,Stasiun KRL Depok Baru,Tier 3: Outer Commuter Ring (15-28km),0,0,0,0,0,0,0,0,0,0,0,0,-6.3823255,106.926137,listing,0,https://picture.rumah123.com/r123-images/360x210-crop/customer/1897815/listing/apr7712473/enhanced/ed492bf5f30675fba11dfe477b87542e.webp,"APARTEMEN TRANSPARK CIBUBUR Sewa Apartment TRANSPARK CIBUBUR KELURAHAN HARJAMUKTI, KOTA DEPOK - Depok LT 71.2 LB 71.2 KT 3 KM 2 Dimensi 9.42 x 6 Li...",5990563.0,1092770.333333333,0.1676,-18.2,0.46,Fair Market Price,,Apartemen Transpark Cibubur,Transpark Cibubur,exact
LST-01043,Taman Melati Margonda • 1BR Furnished (18 m²),https://www.rumah123.com/properti/depok-margonda/hunian-strategis-di-jantung-depok-apartemen-taman-melati-margonda-depok-cocok-untuk-mahasiswa-pekerja-atau-investasi-apr7704115/,Depok,Jawa Barat,Margonda,"Margonda, Depok",Apartemen,3000000.0,166666.66666666666,monthly,1,1,Studio / 1BR,18.0,19.117689833962416,1.545535782398491,Stasiun KRL Depok Baru,Tier 3: Outer Commuter Ring (15-28km),0,0,0,0,0,0,0,0,0,0,0,0,-6.3804,106.830704,listing,0,https://picture.rumah123.com/r123-images/360x210-crop/customer/4394821/listing/apr7704115/enhanced/6edf78873ed690b3d16ffd5e6b916b4b.jpg,"Apartemen for Rent Price : Rp. 3 Juta/ Bulan Hunian Strategis di Jantung Depok! Apartemen Taman Melati Margonda Depok - Cocok Untuk Mahasiswa, Peke...",2616075.0,383925.0,0.1369,-14.7,0.38,Fair Market Price,,"Hunian Strategis di Jantung Depok! Apartemen Taman Melati Margonda Depok - Cocok untuk Mahasiswa, Pekerja, atau Investasi Properti",Taman Melati Margonda,exact
LST-01044,Meikarta Cikarang • 2BR Full Furnished (44 m²),https://www.rumah123.com/properti/bekasi-cikarang-selatan/disewakan-apartemen-meikarta-full-furnish-2br-new-apr3230749/,Bekasi,Jawa Barat,Cikarang Selatan,"Cikarang Selatan, Bekasi",Apartemen,3250000.0,73863.63636363637,yearly,2,1,2 Bedroom,44.0,40.61943263359476,21.458387753298343,Stasiun KRL Bekasi,Tier 4: Greater Satellite Periphery (>28km),1,0,0,0,0,0,0,0,0,0,0,0,-6.340492667854563,107.16278903686523,listing,0,https://picture.rumah123.com/r123-images/360x210-crop/customer/1602271/2024-03-08-06-34-31-d45881be-f18d-4800-a19d-9c362f87e8c4.jpg,"Meikarta Parkview 51022-1B-21G  Alamat: MEIKARTA Parkview (51022) District 1 Meikarta, Cibatu, Cikarang Selatan, Bekasi Regency, West Java 17530  L...",4528563.0,-1278563.0,-0.3317,28.2,-0.91,Good Deal (Undervalued),good,Disewakan Apartemen Meikarta Full Furnish 2br New,Meikarta Cikarang,exact
LST-01045,Unresolved • Cikarang Selatan • Studio Furnished (22 m²),https://www.rumah123.com/properti/bekasi-cikarang-selatan/sewa-apartemen-azalea-suites-a827-studio-apr3483021/,Bekasi,Jawa Barat,Cikarang Selatan,"Cikarang Selatan, Bekasi",Apartemen,1800000.0,81818.18181818182,monthly,1,1,Studio / 1BR,22.0,43.06086733003063,23.73286208738612,Stasiun KRL Bekasi,Tier 4: Greater Satellite Periphery (>28km),0,0,0,1,0,1,0,0,0,0,1,0,-6.34254,107.18562,listing,0,https://picture.rumah123.com/r123-images/360x210-crop/customer/567567/f65e68e7dff80b09ac0f67cf75d7e60d.jpg,SEWA JUAL APT AZALEA SUITES STUDIO FF  LUAS : 22m2 .   FASILITAS :  RANJANG 160x200 . AC  KITCHEN SET  LEMARI ES 2 Pintu  TV  WATER HEATER,1622656.0,177344.0,0.1037,-10.9,0.29,Fair Market Price,,Sewa Apartemen Azalea Suites A8.27 Studio,,unresolved
LST-01046,Unresolved • Cikarang Selatan • 1BR Full Furnished (22 m²),https://www.rumah123.com/properti/bekasi-cikarang-selatan/sewa-apartemen-azalea-a827-ff-full-furnish-rent-apartment-apr1487676/,Bekasi,Jawa Barat,Cikarang Selatan,"Cikarang Selatan, Bekasi",Apartemen,1666666.6666666667,75757.57575757576,yearly,1,1,Studio / 1BR,22.0,43.06086733003063,23.73286208738612,Stasiun KRL Bekasi,Tier 4: Greater Satellite Periphery (>28km),1,0,0,1,0,0,0,0,0,0,1,0,-6.34254,107.18562,subdistrict_centroid,1,https://pic.rumah123.com/r123/360x210-crop/apartment/ap14/1487676/original/apr1487676-apartemen-di-sewa-di-cikarang-selatan-di-bekasi-16308538148646.jpg,"APT AZALEA SUITES ( Apt. Green Place Residence )   Type : STUDIO ( Full Furnish ) .  PERLENGKAPAN :  AC 1 PK . KULKAS  TV 32""  KITCHEN SET ...",2270157.0,-603490.3333333333,-0.309,26.6,-0.85,Good Deal (Undervalued),good,Sewa Apartemen Azalea A8.27 Ff Full Furnish Rent Apartment,,unresolved
LST-01047,Pakuwon Residence Bekasi Tower Dolce • 2BR Full Furnished (58 m²),https://www.rumah123.com/properti/bekasi-pekayon/apartemen-pakuwon-mall-bekasi-2br-full-furnished-siap-huni-tower-dolce-pekayon-apr7854152/,Bekasi,Jawa Barat,Pekayon,"Pekayon, Bekasi",Apartemen,12500000.0,215517.24137931035,yearly,2,0,2 Bedroom,58.0,18.740944918338013,2.522593550761932,Stasiun KRL Bekasi,Tier 3: Outer Commuter Ring (15-28km),1,0,0,0,0,0,0,0,0,0,0,0,-6.25251,106.983742,listing,0,https://picture.rumah123.com/r123-images/360x210-crop/customer/4545387/fbafc0fa52a878e9275592c4f111753e.jpg,"Disewakan unit apartemen premium siap huni di Tower Dolce, Pakuwon Mall Bekasi, Pekayon Jaya, Bekasi Selatan. Hunian eksklusif ini terintegrasi lan...",8977488.0,3522512.0,0.331,-39.2,0.91,Premium / High Price,,Apartemen Pakuwon Mall Bekasi 2Br Full Furnished Siap Huni Tower Dolce Pekayon,Pakuwon Residence Bekasi,exact
LST-01048,Unresolved • Cikarang • 2BR Furnished (86 m²),https://www.rumah123.com/properti/bekasi-cikarang/disewakan-apartemen-pasadena-suites-cikarang-apr7582874/,Bekasi,Jawa Barat,Cikarang,"Cikarang, Bekasi",Apartemen,13333333.333333334,155038.75968992247,yearly,2,2,2 Bedroom,86.0,38.56637506297416,18.510971419363152,Stasiun KRL Bekasi,Tier 4: Greater Satellite Periphery (>28km),0,0,0,0,0,0,0,0,0,0,0,0,-6.2513,107.166267,listing,0,https://picture.rumah123.com/r123-images/360x210-crop/customer/4430819/b80aefa74d5e43f74b257a4859576a23.jpg,"Apartemen 8 lantai di Cikarang, Bekasi.  Disewakan di wilayah yang asri. Dengan rinciannya adalah sebagai berikut:   - Kamar Tidur: 2   - Kamar Man...",5527975.0,7805358.333333334,0.8804,-141.2,2.42,Overpriced / Luxury Tag,,Disewakan Apartemen Pasadena Suites Cikarang,,unresolved
LST-01049,District 8 SCBD Tower Riviera • 3BR Furnished (83 m²),https://www.rumah123.com/properti/bekasi-cikarang/apartemen-komersil-meikarta-unit-baru-tower-riviera-district-12a-tipe-3-bedroom-lokasi-sangat-strategis-apr7747782/,Bekasi,Jawa Barat,Cikarang,"Cikarang, Bekasi",Apartemen,2666666.6666666665,32128.514056224896,yearly,3,2,3 Bedroom,83.0,38.56637506297416,18.510971419363152,Stasiun KRL Bekasi,Tier 4: Greater Satellite Periphery (>28km),0,0,0,0,0,0,0,0,0,0,0,0,-6.2513,107.166267,listing,0,https://picture.rumah123.com/r123-images/360x210-crop/customer/4486812/listing/apr7747782/enhanced/a9adbb3c769c6a0e0f7405737f498dc8.jpg,Di Sewakan Apartemen komersil MEIKARTA Unit Baru Tower Riviera District 1- 2A  Tipe 3 Bedroom Lokasi Sangat Strategis  Dengan Spesifikasi Berikut  ...,6763602.0,-4096935.3333333335,-0.9307,60.6,-2.56,Deep Value Deal (Rare Find),deep,Apartemen Komersil Meikarta Unit Baru Tower Riviera District 1-2A Tipe 3 Bedroom Lokasi Sangat Strategis,District 8 SCBD,exact
LST-01050,Meikarta Cikarang Tower Aster • Studio Furnished (26 m²),https://www.rumah123.com/properti/bekasi-cikarang/apartemen-komersil-meikarta-unit-baru-tower-aster-lantai-969-tipe-studio-lokasi-sangat-strategis-apr7747796/,Bekasi,Jawa Barat,Cikarang,"Cikarang, Bekasi",Apartemen,1833333.3333333333,70512.82051282052,yearly,0,1,Studio / 1BR,26.0,38.56637506297416,18.510971419363152,Stasiun KRL Bekasi,Tier 4: Greater Satellite Periphery (>28km),0,0,0,0,0,0,0,0,0,0,0,0,-6.2513,107.166267,listing,0,https://picture.rumah123.com/r123-images/360x210-crop/customer/4486812/listing/apr7747796/enhanced/87faccb010f79dcc001e41dcd64563e9.jpg,Di Sewakan Apartemen komersil MEIKARTA Unit Baru Tower ASTER Lantai 9 -69  Tipe Studio Lokasi Sangat Strategis  Dengan Spesifikasi Berikut  :  ~Tip...,1914101.0,-80767.66666666674,-0.0431,4.2,-0.12,Fair Market Price,,Apartemen Komersil Meikarta Unit Baru Tower Aster Lantai 9-69 Tipe Studio Lokasi Sangat Strategis,Meikarta Cikarang,exact
LST-01051,The Springlake Summarecon • 2BR Full Furnished (43 m²),https://www.rumah123.com/properti/bekasi-summarecon-bekasi/disewakan-cepat-apartemen-springlake-summarecon-bekasi-2br-apr7805484/,Bekasi,Jawa Barat,Summarecon Bekasi,"Summarecon Bekasi, Bekasi",Apartemen,5500000.0,127906.97674418605,monthly,2,1,2 Bedroom,43.0,20.1088230041982,1.1224371882548043,Stasiun KRL Bekasi,Tier 3: Outer Commuter Ring (15-28km),1,0,0,0,0,0,0,0,0,0,0,0,-6.226128,107.001076,listing,0,https://picture.rumah123.com/r123-images/360x210-crop/customer/4401849/d6ef2187aa6244936f1981fa718e0155.jpg,DISEWAKAN APARTMENT SPRINGLAKE SUMMARECON BEKASI   Springlake Summarecon Bekasi  ✨ Full Furnish | View Danau  - Luas 43 m² - 2 Kamar Tidur - 1 K...,4595801.0,904199.0,0.1796,-19.7,0.49,Fair Market Price,,Disewakan Cepat Apartemen Springlake Summarecon Bekasi 2Br,The Springlake Summarecon,exact
LST-01052,Orange County Cikarang • 2BR Furnished (66 m²),https://www.rumah123.com/properti/bekasi-cikarang-selatan/apartemen-orange-county-newport-2br-66sqm-bagus-dan-nyaman-lippo-cikarang-apr7850922/,Bekasi,Jawa Barat,Cikarang Selatan,"Cikarang Selatan, Bekasi",Apartemen,8583333.333333334,130050.50505050506,yearly,2,1,2 Bedroom,66.0,43.06117851430047,23.733149490434528,Stasiun KRL Bekasi,Tier 4: Greater Satellite Periphery (>28km),0,0,0,0,0,0,0,0,0,0,0,0,-6.34254,107.185623,listing,0,https://picture.rumah123.com/r123-images/360x210-crop/customer/58361/5fb028f6dc6bbca2f9c0a5fbd418c5ea.jpg,Disewakan Apartemen Orange County Lippo Cikarang - アパートの貸室  Disewakan apartemen di Orange County Lippo Cikarang dengan kondisi full f...,5200940.0,3382393.333333334,0.501,-65.0,1.38,Premium / High Price,,Apartemen Orange County Newport 2Br 66Sqm Bagus dan Nyaman Lippo Cikarang,Orange County Cikarang,exact
LST-01053,The Springlake Summarecon • 2BR Unfurnished (42 m²),https://www.rumah123.com/properti/bekasi-summarecon-bekasi/di-sewakan-apt-2-br-unfurnish-springlake-summarecon-bekasi-apr7843980/,Bekasi,Jawa Barat,Summarecon Bekasi,"Summarecon Bekasi, Bekasi",Apartemen,2333333.333333333,55555.55555555556,yearly,2,1,2 Bedroom,42.0,20.1088230041982,1.1224371882548043,Stasiun KRL Bekasi,Tier 3: Outer Commuter Ring (15-28km),0,0,0,0,0,0,0,0,0,0,0,0,-6.226128,107.001076,listing,0,https://picture.rumah123.com/r123-images/360x210-crop/customer/4468420/6f204cbd73550a8d978211336423a667.jpg,"Apartemen di Summarecon Bekasi.  Cek segera apartemen  lantai 9 yang modern ini,  disewakan menawarkan lingkungan fasilitas yang lengkap, cocok unt...",4292816.0,-1959482.666666667,-0.6096,45.6,-1.68,Deep Value Deal (Rare Find),deep,Di Sewakan Apt 2 Br Unfurnish Springlake Summarecon Bekasi,The Springlake Summarecon,exact
LST-01054,Unresolved • Summarecon Bekasi • Studio Full Furnished (23 m²),https://www.rumah123.com/properti/bekasi-summarecon-bekasi/sewa-studio-full-furnish-cantik-summarecon-apr7832619/,Bekasi,Jawa Barat,Summarecon Bekasi,"Summarecon Bekasi, Bekasi",Apartemen,2333333.333333333,101449.27536231883,yearly,0,1,Studio / 1BR,23.0,20.1088230041982,1.1224371882548043,Stasiun KRL Bekasi,Tier 3: Outer Commuter Ring (15-28km),1,0,0,0,0,0,0,0,0,0,0,0,-6.226128,107.001076,listing,0,https://picture.rumah123.com/r123-images/360x210-crop/customer/4478200/70a4f3fbf16ee0160120977bc934299c.jpg,"Apartemen 3 lantai di Summarecon Bekasi, Bekasi.  For rent di wilayah yang asri. Dengan spesifikasinya adalah sebagai berikut:   - Kamar Tidur: 1  ...",3067847.0,-734513.666666667,-0.2737,23.9,-0.75,Good Deal (Undervalued),good,Sewa Studio Full Furnish Cantik Summarecon,,unresolved
LST-01055,Residence 8 Senopati • Studio Full Furnished (28 m²),https://www.rumah123.com/properti/bekasi-bekasi/disewakan-unit-studio-di-mont-blanc-btc-bekasi-apr7722951/,Bekasi,Jawa Barat,Bekasi,"Bekasi, Bekasi",Apartemen,3250000.0,116071.42857142857,yearly,1,1,Studio / 1BR,28.0,31.822583728359685,12.645270128379137,Stasiun KRL Bekasi,Tier 4: Greater Satellite Periphery (>28km),1,0,0,0,0,0,0,0,0,0,0,0,-6.19922,107.107712,listing,0,https://picture.rumah123.com/r123-images/360x210-crop/customer/246371/listing/apr7722951/enhanced/1a91183b7ab11b288dfb18b8242989ed.jpg,"Disewakan Unit Studio Mont Blanc BTC Bekasi Luas 28 sqm Lantai 8 Fully Furnished (Bed Queen Size, Rak Buku, Lemari Pakaian, Meja+Kursi, TV 32 INCH+...",4072087.0,-822087.0,-0.2255,20.2,-0.62,Fair Market Price,,Disewakan Unit Studio di Apartemen Btc Residence Mont Blanc Bekasi,Residence 8 Senopati,fuzzy
LST-01056,Pakuwon Residence Bekasi Tower Dolce • 3BR Full Furnished (86 m²),https://www.rumah123.com/properti/bekasi-pekayon/disewakan-apartemen-pakuwon-residence-3-br-tower-dolce-full-furnish-bekasi-apr7763677/,Bekasi,Jawa Barat,Pekayon,"Pekayon, Bekasi",Apartemen,15000000.0,174418.60465116278,monthly,3,2,3 Bedroom,86.0,18.740944918338013,2.522593550761932,Stasiun KRL Bekasi,Tier 3: Outer Commuter Ring (15-28km),1,0,0,0,0,0,0,0,0,0,0,0,-6.25251,106.983742,listing,0,https://picture.rumah123.com/r123-images/360x210-crop/customer/4437635/57a8e1d30ac781300e38ea3c7b45551e.jpg,Disewakan Apartemen Pakuwon Residence Kondisi Baru 3 BR Tower Dolce Full Furnish Bekasi  Tower : Dolce Lantai : 7 Luas  : 86 m² KT : 3 KM : 2 Sert...,12860220.0,2139780.0,0.1539,-16.6,0.42,Fair Market Price,,Disewakan Apartemen Pakuwon Residence 3 Br Tower Dolce Full Furnish Bekasi,Pakuwon Residence Bekasi,exact
LST-01057,Sayana Harapan Indah • Studio Full Furnished (22 m²),https://www.rumah123.com/properti/bekasi-harapan-indah/disewakan-apartemen-sayana-tipe-studio-full-furnish-bagus-di-harapan-indah-bekasi-apr7851025/,Bekasi,Jawa Barat,Harapan Indah,"Harapan Indah, Bekasi",Apartemen,2458333.333333333,111742.42424242424,yearly,0,1,Studio / 1BR,22.0,18.929695826261742,6.837177959553199,Stasiun KRL Bekasi,Tier 3: Outer Commuter Ring (15-28km),1,0,0,0,0,0,0,0,0,0,0,0,-6.17569,106.987968,listing,0,https://picture.rumah123.com/r123-images/360x210-crop/customer/4437635/62d3f90653d8a2ac5b85bccc43dadcf1.jpg,Disewakan Apartemen Sayana Tipe Studio Full Furnished Bagus Harapan Indah Bekasi  Lantai : 1 Tipe : Studio Luas : 22 m² KT : 1 KM : 1 Sertifikat :...,2704278.0,-245944.66666666695,-0.0954,9.1,-0.26,Fair Market Price,,Disewakan Apartemen Sayana Tipe Studio Full Furnish Bagus di Harapan Indah Bekasi,Sayana Harapan Indah,exact
LST-01058,Unresolved • Sentul City Tower 2 • 2BR Furnished (60 m²),https://www.rumah123.com/properti/bogor-sentul-city/sentul-apartement-tower-2-br-disewakan-bulanan-tahunan-apr3256434/,Bogor,Jawa Barat,Sentul City,"Sentul City, Bogor",Apartemen,4500000.0,75000.0,monthly,2,1,2 Bedroom,60.0,33.0904278134042,11.958848857665288,Stasiun KRL Bogor,Tier 4: Greater Satellite Periphery (>28km),0,0,0,0,0,0,0,0,0,0,0,0,-6.50497,106.84921,listing,0,https://picture.rumah123.com/r123-images/360x210-crop/customer/1953413/2024-04-01-06-42-46-75dd9524-803b-4a93-a5d7-98e0c3aa770d.png,Apartment Name: Sentul Tower Location: Sentul Selatan Tower/Floor/View: B/5/ View gunung pancar Size: 60 m2 Bedroom: 2 Bathroom: 1 Study Room: 1 Co...,5893123.0,-1393123.0,-0.2697,23.6,-0.74,Fair Market Price,,Sentul Apartement Tower 2 BR Disewakan Bulanan Tahunan,,unresolved
LST-01059,Sentul Tower Apartment Tower Sentul • 1BR Furnished (23 m²),https://www.rumah123.com/properti/bogor-sentul-city/disewa-apartment-tahunan-bagus-furnis-di-sentul-tower-sentul-city-apr7812271/,Bogor,Jawa Barat,Sentul City,"Sentul City, Bogor",Apartemen,3750000.0,163043.47826086957,yearly,1,1,Studio / 1BR,23.0,33.0904601567149,11.959029205217876,Stasiun KRL Bogor,Tier 4: Greater Satellite Periphery (>28km),0,0,0,0,0,0,0,0,0,0,0,0,-6.50497,106.849213,listing,0,https://picture.rumah123.com/r123-images/360x210-crop/customer/1265432/4db443d01cfa3dab876ff90e05971255.jpg,"Disewa Apartment di Sentul Tower Sentul City, bogor. lokasi sangat   strategis karena sangat dengan aeon mall sentul, pasar bersih, pasar ah   poon...",4012234.0,-262234.0,-0.0676,6.5,-0.19,Fair Market Price,,Disewa Apartment Tahunan Bagus Furnis di Sentul Tower Sentul City,Sentul Tower Apartment,fuzzy
LST-01060,Unresolved • Sentul City • 1BR Furnished (29 m²),https://www.rumah123.com/properti/bogor-sentul-city/apartemen-siap-huni-bagus-sekali-sentul-city-bogor-apr7811637/,Bogor,Jawa Barat,Sentul City,"Sentul City, Bogor",Apartemen,4500000.0,155172.41379310345,monthly,1,1,Studio / 1BR,29.0,33.0904601567149,11.959029205217876,Stasiun KRL Bogor,Tier 4: Greater Satellite Periphery (>28km),0,0,0,0,0,0,0,0,0,0,0,0,-6.50497,106.849213,listing,0,https://picture.rumah123.com/r123-images/360x210-crop/customer/789270/b13b7c2812d4eacea99f11ed2e60a230.jpg,"Kesempatan terbatas buat Anda dapatkan apartemen nyaman dengan return investasi tinggi di Sentul City, Bogor.  Apartemen ini menawarkan lokasi yang...",4814799.0,-314799.0,-0.0676,6.5,-0.19,Fair Market Price,,Apartemen Siap Huni Bagus Sekali Sentul City Bogor,,unresolved
LST-01061,Unresolved • Sentul City • Studio Furnished (34 m²),https://www.rumah123.com/properti/bogor-sentul-city/apartemen-type-studio-siap-huni-furnished-dekat-mall-aeon-dan-exit-tol-sentul-city-apr7740573/,Bogor,Jawa Barat,Sentul City,"Sentul City, Bogor",Apartemen,4500000.0,132352.9411764706,monthly,1,1,Studio / 1BR,34.0,33.0904601567149,11.959029205217876,Stasiun KRL Bogor,Tier 4: Greater Satellite Periphery (>28km),0,0,0,0,0,0,0,0,0,0,0,0,-6.50497,106.849213,listing,0,https://picture.rumah123.com/r123-images/360x210-crop/customer/1826189/listing/apr7740573/enhanced/7febc6953e591d2a2fc409b4a9a051fa.jpg,Beberapa alasan Why to choose property in sentul city areas : - Investasi menjanjikan pertahun. - Sertifikat terjamin. - Exit tol Sentul City langs...,6496360.0,-1996360.0,-0.3672,30.7,-1.01,Good Deal (Undervalued),good,"Apartemen Type Studio Siap Huni ,Furnished ,Dekat Mall Aeon dan Exit Tol Sentul City",,unresolved
LST-01062,Podomoro Golf View • Studio Furnished (22 m²),https://www.rumah123.com/properti/bogor-gunung-putri/apartemen-studio-furnish-podomoro-golf-view-apr7722064/,Bogor,Jawa Barat,Gunung Putri,"Gunung Putri, Bogor",Apartemen,2750000.0,125000.0,yearly,0,1,Studio / 1BR,22.0,27.81618161533624,9.82465965988774,Stasiun KRL Depok Baru,Tier 3: Outer Commuter Ring (15-28km),0,0,0,0,0,0,0,0,0,0,0,0,-6.44944,106.888763,listing,0,https://picture.rumah123.com/r123-images/360x210-crop/customer/1726478/listing/apr7722064/enhanced/a39a82a66907479f15cce80fa26a16fe.jpg,APARTEMEN STUDIO FURNISH DI PODOMORO GOLF VIEW  Lokasi strategis dalam lingkungan perumahan podomoro APARTEMEN PIDOMORO GOLF VIEW TOWER EKKI LT 22m...,2550545.0,199455.0,0.0753,-7.8,0.21,Fair Market Price,,Apartemen Studio Furnish Podomoro Golf View,Podomoro Golf View,exact
LST-01063,Saffron Noble Sentul City • Studio Full Furnished (36 m²),https://www.rumah123.com/properti/bogor-sentul-city/disewakan-apartement-saffron-type-studio-furnished-lt-17-apr7666428/,Bogor,Jawa Barat,Sentul City,"Sentul City, Bogor",Apartemen,8500000.0,236111.11111111112,monthly,0,1,Studio / 1BR,36.0,42.40031528499605,0.7338428959882085,Stasiun KRL Bogor,Tier 4: Greater Satellite Periphery (>28km),0,0,0,0,0,0,0,0,0,0,0,0,-6.58917,106.793,listing,0,https://picture.rumah123.com/r123-images/360x210-crop/customer/1778978/listing/apr7666428/enhanced/c09b174db4d4948274a54b2a16dc8d07.jpg,Disewakan apartemnt saffron type studio luas 36 mtr hrga 8.5 jt perbulan. furnished. lantai 17,4103890.0,4396110.0,0.7281,-107.1,2.0,Overpriced / Luxury Tag,,Disewakan Apartement Saffron Type Studio Furnished LT 17,Saffron Noble Sentul City,exact
LST-01064,Unresolved • Sentul City • Studio Full Furnished (20 m²),https://www.rumah123.com/properti/bogor-sentul-city/apartement-cantik-siap-huni-full-furnish-type-studio-di-sentul-city-apr7681897/,Bogor,Jawa Barat,Sentul City,"Sentul City, Bogor",Apartemen,4583333.333333333,229166.66666666663,yearly,0,1,Studio / 1BR,20.0,33.0904601567149,11.959029205217876,Stasiun KRL Bogor,Tier 4: Greater Satellite Periphery (>28km),1,0,0,0,0,0,0,0,0,0,0,0,-6.50497,106.849213,listing,0,https://picture.rumah123.com/r123-images/360x210-crop/customer/4348613/listing/apr7681897/enhanced/24522818b53924ebd1bc7d26445bff95.jpg,"Apartemen di Sentul City.  Temukan apartemen 17 lantai yang modern ini,  disewakan menawarkan lingkungan fasilitas yang lengkap, cocok untuk Anda y...",3652964.0,930369.333333333,0.2269,-25.5,0.62,Fair Market Price,,Apartement Cantik Siap Huni Full Furnish Type Studio di Sentul City,,unresolved
LST-01065,Saffron Noble Sentul City • Studio Full Furnished (36 m²),https://www.rumah123.com/properti/bogor-sentul-city/disewakan-saffron-noble-apartemen-sentul-city-bogor-apr7657130/,Bogor,Jawa Barat,Sentul City,"Sentul City, Bogor",Apartemen,5666666.666666667,157407.40740740742,yearly,0,1,Studio / 1BR,36.0,33.0904601567149,11.959029205217876,Stasiun KRL Bogor,Tier 4: Greater Satellite Periphery (>28km),1,0,0,0,0,0,1,1,0,0,0,0,-6.50497,106.849213,listing,0,https://picture.rumah123.com/r123-images/360x210-crop/customer/2078178/1d85c0bd301d1f4c8d35371e70505a8b.jpg,"Saffron Noble Apartemen Lokasi strategis akses langsung ke Aeon mall, Fasilitas lengkap (Gym, sauna, Swimming Pool)  Fully Furnished",7000394.0,-1333727.333333333,-0.2114,19.1,-0.58,Fair Market Price,,Disewakan Saffron Noble Apartemen Sentul City Bogor,Saffron Noble Sentul City,exact
LST-01066,Saffron Noble Sentul City • Studio Full Furnished (35 m²),https://www.rumah123.com/properti/bogor-sentul-city/disewakan-apartemen-saffron-sentul-city-tipe-studio-apr7641801/,Bogor,Jawa Barat,Sentul City,"Sentul City, Bogor",Apartemen,6583333.333333333,188095.23809523808,yearly,0,1,Studio / 1BR,35.0,33.0904601567149,11.959029205217876,Stasiun KRL Bogor,Tier 4: Greater Satellite Periphery (>28km),1,0,0,0,0,0,0,0,0,0,0,0,-6.50497,106.849213,listing,0,https://picture.rumah123.com/r123-images/360x210-crop/customer/4444146/2b3a375d48619acf7589a3c55413b128.jpg,Disewakan Apartemen Saffron Sentul City Studio Full Furnished Lantai 12   View City & Pegunungan - Siap Huni   ✨ Tersedia sews bulanan & tahunan ...,7428310.0,-844976.666666667,-0.1208,11.4,-0.33,Fair Market Price,,Disewakan Apartemen Saffron Sentul City Tipe Studio,Saffron Noble Sentul City,exact
LST-01067,Unresolved • Sentul City Tower Sentul • Studio Furnished (26 m²),https://www.rumah123.com/properti/bogor-sentul-city/disewa-apartement-studio-tower-sentul-city-apr3220296/,Bogor,Jawa Barat,Sentul City,"Sentul City, Bogor",Apartemen,3500000.0,134615.38461538462,monthly,1,1,Studio / 1BR,26.0,33.0904278134042,11.958848857665288,Stasiun KRL Bogor,Tier 4: Greater Satellite Periphery (>28km),0,0,0,0,0,0,0,0,0,0,0,0,-6.50497,106.84921,listing,0,https://picture.rumah123.com/r123-images/360x210-crop/customer/56089/2024-02-29-11-16-30-6c7bc0fc-a83d-4eca-af65-378133f68757.webp,"Note : Minimal Sewa 3 Bulan  Disewa Apartemen Studio, Tower Sentul City Lantai 1 Harga : 3,5 Juta per bulan IPL 330 Ribu per bulan  Hub Detail : Pr...",3938812.0,-438812.0,-0.1181,11.1,-0.32,Fair Market Price,,Disewa Apartement Studio Tower Sentul City,,unresolved
LST-01068,Bogor Icon • 1BR Furnished (23 m²),https://www.rumah123.com/properti/bogor-tanah-sareal/furnished-apartemen-bogor-icon-dekat-plaza-indah-bogor-apr2510370/,Bogor,Jawa Barat,Tanah Sareal,"Tanah Sareal, Bogor",Apartemen,5200000.0,226086.9565217392,monthly,1,1,Studio / 1BR,23.0,38.83716774340425,4.429150512789282,Stasiun KRL Bogor,Tier 4: Greater Satellite Periphery (>28km),0,0,0,0,0,0,0,0,0,0,0,0,-6.5560953186583,106.78267111835,listing,0,https://picture.rumah123.com/r123-images/360x210-crop/customer/1228541/510643dc87b138eddb3038096a4052a2.jpg,"Bogor Icon Apartment menghadirkan hunian modern dengan panorama kota yang indah di kawasan Tanah Sereal, Bogor. Lokasinya strategis dekat Plaza Ind...",3182668.0,2017332.0,0.4909,-63.4,1.35,Premium / High Price,,Furnished Apartemen Bogor Icon Dekat Plaza Indah Bogor,Bogor Icon,exact
LST-01069,Saffron Noble Sentul City • 1BR Full Furnished (34 m²),https://www.rumah123.com/properti/bogor-sentul/disewakan-apartemen-saffron-nobel-sentul-city-apr7826384/,Bogor,Jawa Barat,Sentul,"Sentul, Bogor",Apartemen,54166666.66666666,1593137.2549019607,yearly,1,1,Studio / 1BR,34.0,33.0904601567149,11.959029205217876,Stasiun KRL Bogor,Tier 4: Greater Satellite Periphery (>28km),0,0,0,0,0,0,0,0,0,0,0,0,-6.50497,106.849213,listing,0,https://picture.rumah123.com/r123-images/360x210-crop/customer/4477431/c061c218d03668885ddcea8567292648.jpg,"Apartemen di Sentul.  Cek segera apartemen 19 lantai yang asri ini,  menghadirkan lingkungan fasilitas yang lengkap, cocok untuk Anda yang mengingi...",5885517.0,48281149.66666666,2.2196,-820.3,6.1,Overpriced / Luxury Tag,,Di Jual Apartemen Saffron Nobel Sentul City,Saffron Noble Sentul City,exact
LST-01070,Unresolved • Cileungsi • 2BR Full Furnished (37 m²),https://www.rumah123.com/properti/bogor-cileungsi/for-rent-aparteman-kaliana-metland-transyogi-full-furnished-harga-nego-apr7802711/,Bogor,Jawa Barat,Cileungsi,"Cileungsi, Bogor",Apartemen,3333333.333333333,90090.09009009007,yearly,2,1,2 Bedroom,37.0,33.0904601567149,11.959029205217876,Stasiun KRL Bogor,Tier 4: Greater Satellite Periphery (>28km),1,0,0,0,0,0,0,0,0,0,0,0,-6.50497,106.849213,city_centroid,1,https://picture.rumah123.com/r123-images/360x210-crop/customer/1143311/8b14480dd0cc2b2ce790326bcb703643.jpg,"lokasinya yang strategis dekat dengan areal komersial lingkungan Aman dan nyaman dekat gerbang tol, sekolah, mall, rumah sakit dan dalam lingkungan...",4893202.0,-1559868.666666667,-0.3839,31.9,-1.06,Good Deal (Undervalued),good,For Rent Aparteman Kaliana Metland Transyogi Full Furnished Harga Nego !!!,,unresolved
