listing_id,title,url,target_city,target_province,subdistrict,display_location,property_type,price_monthly_idr,price_per_m2_idr,original_period,bedrooms,bathrooms,layout_category,floor_size_m2,distance_to_cbd_km,distance_to_transit_km,nearest_transit_hub,urban_zone,is_full_furnished,is_semi_furnished,is_unfurnished,has_ac,has_wifi,has_water_heater,has_pool,has_gym,near_transit,has_balcony,has_kitchen,has_parking,latitude,longitude,geo_source,geo_is_imputed,image_url,short_description
LST-00001,"Disewakan Segera Apartemen Strategis 2 KT, 2 KM di Kawasan Cilandak",https://www.99.co/id/properti/apartemen-disewa-180jt-cilandak-cp-1013729828,Jakarta Selatan,DKI Jakarta,Cilandak,"Cilandak, Jakarta Selatan",Apartemen,15000000.0,211267.60563380283,yearly,2,2,2 Bedroom,71.0,2.304538582801631,2.8720507611236856,Stasiun MRT Blok M,Tier 1: Core Urban Center (<7km),0,0,0,0,0,0,0,0,1,0,0,0,-6.22951,106.81920134120622,city_centroid,1,,"Sewa apartemen murah di Cilandak, Jakarta Selatan, Jakarta Selatan.

Memiliki 2 kamar tidur, 2 kamar mandi, dan luas 71m2.
Harga sewa: Rp 180 Juta/ Tahun.
Jadwalkan survei sekarang.




	------------------------------------------------------------

	Disewakan Apartemen 3 BR Modern di Lokasi Terbaik  di Jl. TB Simatupang dan Jl. RS Fatmawati Raya, dekat Jl. Antasari Raya, MRT Fatmawati, Tol JORR, Cilandak Town Square CITOS.

Harga Sewa : Rp 180 juta / tahun ( exclude service charge )
Luas unit"
LST-00002,Di Sewakan Apartment Full Furnished di Apartment Pakubuwono,https://www.99.co/id/properti/apartemen-disewa-48jt-pakubuwono-cp-1015087888,Jakarta Selatan,DKI Jakarta,Jakarta Selatan,Jakarta Selatan,Apartemen,4000000.0,23529.41176470588,yearly,2,2,2 Bedroom,170.0,4.495704375652768,1.7356088141069939,Stasiun MRT Blok M,Tier 1: Core Urban Center (<7km),1,0,0,0,0,0,0,0,0,0,0,0,-6.2328071,106.7872756,listing,0,,"FOR RENT ONLY. Hunian ekonomis di Pakubuwono, Jakarta Selatan.
Apartemen dengan 2 kamar tidur & 2 kamar mandi, pas untuk pasangan muda.
Harga sewa hanya Rp 48 Juta/ Tahun.

0 menit ke Halte Simprug, 1 menit ke Halte Gedung Pertamina, 1 menit ke Halte Singgalang
0 menit ke Binus School Simprug, 1 menit ke UPER (Universitas Pertamina), 2 menit ke POLKESJADU (Poltekkes Kemenkes Jakarta II)

	------------------------------------------------------------

	New Listing : SH RV AH
Di Sewakan Apartment "
LST-00003,Rent! Apartemen Ciputra World 2 The Suite Luxury Only 15Jt/Bln,https://www.99.co/id/properti/apartemen-disewa-180jt-kuningan-cp-1015049953,Jakarta Selatan,DKI Jakarta,Jakarta Selatan,Jakarta Selatan,Apartemen,15000000.0,283018.8679245283,yearly,1,0,Studio / 1BR,53.0,1.5382166278754763,2.448190764894018,Stasiun MRT Dukuh Atas,Tier 1: Core Urban Center (<7km),0,0,0,0,0,0,0,0,1,0,0,0,-6.222632584841023,106.81983867865898,listing,0,,"FOR RENT ONLY. Hunian hemat di Kuningan, Jakarta Selatan.
Apartemen dengan 1 kamar tidur & 0 kamar mandi, cocok untuk pasangan muda.
Harga sewa hanya Rp 180 Juta/ Tahun.

1 menit ke Halte Busway Dbs Tower, 1 menit ke Halte Lotte Mall Kuningan, 1 menit ke Halte Transjakarta Gatot Subroto Lipi
1 menit ke UPH Executive Education Center, 2 menit ke Jakarta Academics College, 2 menit ke AKPER Yayasan RS Jakarta (Akademi Keperawatan Yayasan Rumah Sakit Jakarta)

	--------------------------------------"
LST-00004,Apartemen Ciputra World 2 (The Ascott) 1Br Only Rp 13.000.000/ Month,https://www.99.co/id/properti/apartemen-disewa-156jt-kuningan-cp-1015049610,Jakarta Selatan,DKI Jakarta,Jakarta Selatan,Jakarta Selatan,Apartemen,13000000.0,288888.8888888889,yearly,1,1,Studio / 1BR,45.0,1.528443328943219,2.446217053626343,Stasiun MRT Dukuh Atas,Tier 1: Core Urban Center (<7km),0,0,0,0,0,0,0,0,1,0,0,0,-6.222522671775977,106.81920134120622,listing,0,,"FOR RENT ONLY. Hunian hemat di Kuningan, Jakarta Selatan.
Apartemen dengan 1 kamar tidur & 1 kamar mandi, pas untuk pasangan muda.
Harga sewa hanya Rp 156 Juta/ Tahun.

1 menit ke Halte Busway Dbs Tower, 1 menit ke Halte Lotte Mall Kuningan, 1 menit ke Halte Transjakarta Gatot Subroto Lipi
1 menit ke UPH Executive Education Center, 1 menit ke AKPER Yayasan RS Jakarta (Akademi Keperawatan Yayasan Rumah Sakit Jakarta), 1 menit ke UAJ (Universitas Katolik Indonesia Atma Jaya)

	--------------------"
LST-00005,"Apartemen Disewakan 3 Kamar Hemat Siap Huni di Jakarta Selatan, Luas 92m2",https://www.99.co/id/properti/apartemen-disewa-180jt-setiabudi-cp-1013872269,Jakarta Selatan,DKI Jakarta,Jakarta Selatan,Jakarta Selatan,Apartemen,15000000.0,163043.47826086957,yearly,3,2,3 Bedroom,92.0,1.622049356795302,2.234834797023227,Stasiun MRT Dukuh Atas,Tier 1: Core Urban Center (<7km),0,0,0,0,0,0,0,0,1,0,0,0,-6.21959019,106.8298746,listing,0,,"Cari Apartemen Murah?
Tersedia unit di Jakarta Selatan dengan 3 KT & 2 KM siap huni.
Harga sewa mulai Rp 180 Juta/ Tahun.

Anda tak perlu khawatir soal lokasi karena area apartemen ini strategis. 1 menit ke Halte Gor Sumantri 2, 1 menit ke Stasiun LRT Rasuna Said, 1 menit ke Halte Rasuna Said

	------------------------------------------------------------

	Disewakan Unit APARTEMEN JAKARTA SELATAN
Sudirman Tower Condominium

Apartemen Premium di Jakarta Selatan - Lokasi Sangat Strategis

Nikmati "
LST-00006,"Apartemen Nyaman untuk Disewa, 3 Kamar di Jakarta Selatan",https://www.99.co/id/properti/apartemen-disewa-20jt-permata-hijau-cp-1009628380,Jakarta Selatan,DKI Jakarta,Jakarta Selatan,Jakarta Selatan,Apartemen,20000000.0,185185.1851851852,monthly,3,2,3 Bedroom,108.0,3.9808894851413665,2.736621531447901,Stasiun MRT Blok M,Tier 1: Core Urban Center (<7km),0,0,0,0,0,0,0,0,1,0,0,0,-6.2223652312597,106.78667259025,listing,0,,"Cari Apartemen Murah?
Tersedia unit di Jakarta Selatan dengan 3 KT & 2 KM siap huni.
Harga sewa mulai Rp 20 Juta/ Bulan.

Anda tak perlu khawatir tentang lokasi karena area apartemen ini strategis. 1 menit ke Halte Permata Hijau, 1 menit ke Halte Busway Permata Hijau, 2 menit ke Halte Balai Pertamina

	------------------------------------------------------------

	Disewakan Apartement Permata Hijau Residence Tower A lantai 25 AA dan 25 AB
1 lantai ada 2 unit dengan tipe yang sama.
sewa Fullfurni"
LST-00007,"Disewakan Apartemen Favorit di Kuningan, 2 KT, 2 KM, 178m2",https://www.99.co/id/properti/apartemen-disewa-655jt-kuningan-cp-1013776847,Jakarta Selatan,DKI Jakarta,Jakarta Selatan,Jakarta Selatan,Apartemen,54583333.333333336,306647.9400749064,yearly,2,2,2 Bedroom,178.0,3.177135736484503,2.965221001463858,Stasiun MRT Blok M,Tier 1: Core Urban Center (<7km),0,0,0,0,0,0,0,0,0,0,0,0,-6.23713,106.823738,listing,0,,"For Rent Mid-Range Apartment in Kuningan Jakarta Selatan.

Featuring 2 Bedrooms, 2 Bathrooms, and 178m2 living space.
Rental Price: Rp 655 Juta/ Tahun.

	------------------------------------------------------------

	Verde Two Kuningan Setiabudi
16 floor
2 Bedroom middle
size 178 sqm
   $ / month
(harga belum termasuk pajak)
Yearly Only 


Note : 
1. Pembayaran Tahunan saja tidak bisa bulanan / 3 bulanan 
2. Semua harga sewa termasuk IPL dl
3. Pembayaran sesuai dengan harga Dollar saat itu

"
LST-00008,Disewakan Apartemen Harga Terjangkau di Lebak Bulus 3 Bedroom,https://www.99.co/id/properti/apartemen-disewa-450jt-lebak-bulus-cp-1013659623,Jakarta Selatan,DKI Jakarta,Jakarta Selatan,Jakarta Selatan,Apartemen,37500000.0,256849.31506849316,yearly,3,2,3 Bedroom,146.0,11.666645987286712,4.199260105330925,Stasiun MRT Lebak Bulus,Tier 2: Inner Ring Metro (7-15km),1,0,0,0,0,0,0,0,1,0,0,0,-6.31254,106.80421,listing,0,,"Disewakan apartemen murah di Lebak Bulus, Jakarta Selatan.
Memiliki 3 kamar tidur, 2 kamar mandi, serta luas 146m2.
Harga sewa Rp 450 Juta/ Tahun

Area paling strategis. 6 menit ke Stasiun Fatmawati, 6 menit ke MRT Fatmawati, 10 menit ke Pintu Tol Desari

	------------------------------------------------------------

	Luas bangunan : 146m2
3 Kamar Tidur
2 Kamar Mandi
Bali Style - Jimbaran Tower
Fully Furnished

Hubungi :
Novi 08151317xxxx 

"
LST-00009,Apartment 3 BR bisa Unfurnished atau Full Furnished dengan fasilitas lengkap.,https://www.99.co/id/properti/apartemen-disewa-220jt-kebayoran-lama-cp-1010130415,Jakarta Selatan,DKI Jakarta,Kebayoran Lama,"Kebayoran Lama, Jakarta Selatan",Apartemen,18333333.333333332,118279.56989247311,yearly,3,3,3 Bedroom,155.0,5.020690382492654,2.6035678681760284,Stasiun MRT Blok M,Tier 1: Core Urban Center (<7km),1,0,1,0,0,0,0,0,0,0,0,0,-6.22951,106.77964,listing,0,,"Apartemen disewa murah:
- 3 Bedroom
- 3 Bathroom
- Luas 155m2
- Lokasi: Kebayoran Lama, Jakarta Selatan, Jakarta Selatan
- Harga: Rp 220 Juta/ Tahun

Hubungi sekarang!

	------------------------------------------------------------

	Apartemen di Kebayoran Lama.

Temukan apartemen di lantai 10 yang nyaman ini,  disewakan menawarkan lingkungan fasilitas yang lengkap, cocok untuk Anda yang menginginkan hunian aman.

Spesifikasi Utama Properti:
  - Kamar Tidur: 3
  - Kamar Mandi: 3
  - Sertifikat: S"
LST-00010,Disewakan Apartment 3 BR Furnished di Permata Hijau Residences,https://www.99.co/id/properti/apartemen-disewa-205jt-permata-hijau-cp-1012642367,Jakarta Selatan,DKI Jakarta,Jakarta Selatan,Jakarta Selatan,Apartemen,17083333.333333332,164262.8205128205,yearly,3,2,3 Bedroom,104.0,3.980735526827461,2.7365737857168453,Stasiun MRT Blok M,Tier 1: Core Urban Center (<7km),0,0,0,0,0,0,0,0,1,0,0,0,-6.222365,106.786674,listing,0,,"FOR RENT ONLY. Hunian hemat di Permata Hijau, Jakarta Selatan.
Apartemen dengan 3 kamar tidur & 2 kamar mandi, pas untuk pasangan muda.
Harga sewa hanya Rp 205 Juta/ Tahun.

1 menit ke Halte Permata Hijau, 1 menit ke Halte Busway Permata Hijau, 2 menit ke Halte Balai Pertamina
1 menit ke Indonesian Institute of Aesthetic & Anti-Aging Medicine (IIAAAM), 1 menit ke BII (Business Institute Indonesia), 2 menit ke UPER (Universitas Pertamina)

	--------------------------------------------------------"
LST-00011,Apartment di Daerah Bintaro,https://www.99.co/id/properti/apartemen-disewa-120jt-bintaro-cp-1010925607,Jakarta Selatan,DKI Jakarta,Jakarta Selatan,Jakarta Selatan,Apartemen,10000000.0,256410.2564102564,yearly,1,1,Studio / 1BR,39.0,9.195238534353965,1.7020166655707087,Stasiun MRT Lebak Bulus,Tier 2: Inner Ring Metro (7-15km),0,0,0,0,0,0,0,0,1,0,0,0,-6.27452,106.769508,listing,0,,"Apartemen terjangkau untuk disewa di Jakarta Selatan.

Unit ini memiliki 1 kamar tidur dan 1 kamar mandi.
Harga Rp 120 Juta/ Tahun, cocok untuk hunian bagus dan strategis ini.

Lokasinya strategis. 2 menit ke Terminal Lebak Bulus, 3 menit ke Pintu Tol Veteran, 4 menit ke MRT Lebak Bulus

	------------------------------------------------------------

	DIJUAL/DISEWAKAN APARTEMEN SIAP HUNI STRATEGIS

- Dekat dengan jalan tol
- Dekat pusat perbelanjaan
- Lokasi strategis dan mudah di jangkau
- Lanta"
LST-00012,Disewakan Apartemen Simprug Indah Jakarta Selatan,https://www.99.co/id/properti/apartemen-disewa-37jt-kebayoran-lama-cp-1014946825,Jakarta Selatan,DKI Jakarta,Kebayoran Lama,"Kebayoran Lama, Jakarta Selatan",Apartemen,37500000.0,187500.0,monthly,3,0,3 Bedroom,200.0,4.756600261400646,1.7957571166389563,Stasiun MRT Blok M,Tier 1: Core Urban Center (<7km),1,0,0,0,0,0,0,0,1,0,1,0,-6.234101490576755,106.78530336707328,listing,0,,"Apartemen Murah Disewakan!
- Lokasi: Kebayoran Lama, Jakarta Selatan, Jakarta Selatan
- 3 KT, 0 KM
- Luas 200m2
- Harga: Rp 37,5 Juta/ Bulan

Lokasi strategis. 0 menit ke Halte Simprug, 1 menit ke Stasiun KRL Kebayoran, 1 menit ke Stasiun Kebayoran

	------------------------------------------------------------

	Disewakan
Apartemen Simprug Indah
Jakarta Selatan

Fully Furnished 
3 Bed Room

Luas : 200 m2
Lantai 11
Standing kompor
Mesin cuci

Harga Rp 37,5 jt per bulan 
Minimal sewa : 1 tahun

"
LST-00013,Hunian Strategis 127m2 di Kuningan Jakarta Selatan 0 KT,https://www.99.co/id/properti/apartemen-disewa-52jt-kuningan-cp-1014003722,Jakarta Selatan,DKI Jakarta,Jakarta Selatan,Jakarta Selatan,Apartemen,52000000.0,409448.8188976378,monthly,0,0,Studio / 1BR,127.0,3.177135736484503,2.965221001463858,Stasiun MRT Blok M,Tier 1: Core Urban Center (<7km),1,0,0,0,0,0,0,0,1,0,0,0,-6.23713,106.823738,listing,0,,"Disewakan apartemen murah di Kuningan, Jakarta Selatan.
Memiliki 0 kamar tidur, 0 kamar mandi, serta luas 127m2.
Harga sewa Rp 52 Juta/ Bulan

Area paling strategis. 1 menit ke Halte Timah, 1 menit ke Halte Kuningan Barat 2, 1 menit ke Halte Busway Kuningan Barat

	------------------------------------------------------------

	Disewakan minimal 1 tahun 
harga 2.700 USD / bulan
saya buat di iklan per bulan, tapi minimal sewa 1 tahun 
fasilitas lengkap 
semua full furnish 

"
LST-00014,Apartemen Southgate Elegance Tower Lokasi Sangat Bagus,https://www.99.co/id/properti/apartemen-disewa-144jt-tanjung-barat-cp-1012018056,Jakarta Selatan,DKI Jakarta,Jakarta Selatan,Jakarta Selatan,Apartemen,12000000.0,279069.76744186046,yearly,1,1,Studio / 1BR,43.0,11.152319273480696,7.57972586327993,Stasiun MRT Lebak Bulus,Tier 2: Inner Ring Metro (7-15km),0,0,0,0,0,0,0,0,1,0,0,0,-6.3069714,106.8406537,listing,0,,"Disewakan apartemen murah di Tanjung Barat, Jakarta Selatan.
Memiliki 1 kamar tidur, 1 kamar mandi, serta luas 43m2.
Harga sewa Rp 144 Juta/ Tahun

Area paling strategis. 1 menit ke Stasiun Tanjung Barat, 6 menit ke Stasiun Lenteng Agung, 6 menit ke Stasiun Pasar Minggu

	------------------------------------------------------------

	Disewa Bisa juga Dijual Apartemen Southgate Elegance Tower
Lantai tinggi
Gross : 51m²
Nett : 43m²
Kamar Tidur : 1
Kamar Mandi : 1
Air Pam 
Hadap : Timur
Ppj"
LST-00015,"Apart Springhill Disewakan Luas 61M² Dg 2 Kamar Tidur, Full Furnished",https://www.99.co/id/properti/apartemen-disewa-77jt-kemayoran-cp-1013411638,Jakarta Pusat,DKI Jakarta,Kemayoran,"Kemayoran, Jakarta Pusat",Apartemen,6416666.666666667,105191.2568306011,yearly,2,2,2 Bedroom,61.0,6.471998976010265,5.272616443868521,Stasiun KRL Manggarai,Tier 1: Core Urban Center (<7km),1,0,0,0,0,0,0,0,1,0,0,0,-6.16282185,106.8558983,listing,0,,"Apartemen ekonomis untuk disewa:
- Lokasi: Kemayoran, Jakarta Pusat, Jakarta Pusat
- 2 Kamar Tidur
- 2 Kamar Mandi
- Luas 61m2
- Harga: Rp 77 Juta/ Tahun

Lokasi strategis. 3 menit ke Halte Landasan Pacu, 3 menit ke Halte Busway Rawa Selatan, 3 menit ke Halte Cempaka Mas

	------------------------------------------------------------

	Apartemen di Kemayoran disewakan




Apartemen Springhill Residence Tower : Oakwood 
ukuran luas: 61 m²
unit 2 bedroom (renovate to semi 2 bedroom dengan partisi r"
LST-00016,"Sewa Apartemen Hemat di Kemayoran, Jakarta Pusat Lokasi Strategis",https://www.99.co/id/properti/apartemen-disewa-49jt-kemayoran-cp-1009625116,Jakarta Pusat,DKI Jakarta,Kemayoran,"Kemayoran, Jakarta Pusat",Apartemen,4083333.3333333335,107456.14035087719,yearly,2,1,2 Bedroom,38.0,6.516624118710626,5.391440532502899,Stasiun KRL Manggarai,Tier 1: Core Urban Center (<7km),0,0,0,0,0,0,1,1,0,0,0,0,-6.16165,106.85501,listing,0,,"Apartemen hemat di Kemayoran, Jakarta Pusat, Jakarta Pusat siap untuk disewa.
Luas 38m2m², 2 kamar tidur, dan 1 kamar mandi.
Harga sewa: Rp 49 Juta/ Tahun.
Segera survei.

	------------------------------------------------------------

	Disewakan  Apartemen Mediterania Palace Kemayoran
Location: Jl. Benyamin Sueb, Jakarta Pusat
Tower/Floor/View:B/32/pool
Size: 38m2
Bedroom: 2
Bathroom: 1
Condition: Furnished
Facility: Lobby & security 24 jam, kolam renang & sauna, fitness, lapangan tenis & basket"
LST-00017,Disewakan Apartemen The Mansion,https://www.99.co/id/properti/apartemen-disewa-75jt-kemayoran-cp-1013354108,Jakarta Pusat,DKI Jakarta,Kemayoran,"Kemayoran, Jakarta Pusat",Apartemen,6250000.0,82236.84210526316,yearly,2,2,2 Bedroom,76.0,6.471998976010265,5.272616443868521,Stasiun KRL Manggarai,Tier 1: Core Urban Center (<7km),0,0,0,0,0,0,0,0,1,0,0,0,-6.16282185,106.8558983,listing,0,,"[SEWA] Apartemen hemat di Kemayoran dengan spesifikasi lengkap.
Luas 76m2m², dilengkapi 2 kamar tidur dan 2 kamar mandi.
Harga sewa hanya Rp 75 Juta/ Tahun.

Mengapa unit ini menarik untuk disewa? Karena lokasinya strategis. 3 menit ke Halte Landasan Pacu, 3 menit ke Halte Busway Rawa Selatan, 3 menit ke Halte Cempaka Mas

	------------------------------------------------------------

	Disewakan 
the mansion kemayoran
75m2 
2BR
view lepas
lt.23

"
LST-00018,"Disewakan Apartemen Minimalis 79m2 Punya 2 KT, 2 KM, Lokasi di Menteng",https://www.99.co/id/properti/apartemen-disewa-18jt-menteng-cp-1014166586,Jakarta Pusat,DKI Jakarta,Menteng,"Menteng, Jakarta Pusat",Apartemen,18000000.0,227848.1012658228,monthly,2,2,2 Bedroom,79.0,2.215387522692101,1.487291158622338,Stasiun MRT Dukuh Atas,Tier 1: Core Urban Center (<7km),0,0,0,0,0,0,0,0,0,0,0,0,-6.1957828,106.8351718,listing,0,,"Apartemen terjangkau di kawasan Jakarta Pusat.
Dengan 2 kamar tidur dan 2 kamar mandi, unit ini cocok untuk Anda atau keluarga kecil.
Harga sewa: Rp 18 Juta/ Bulan.

1 menit ke Halte Simpang Rp Soeroso, 2 menit ke Halte Cikini, 2 menit ke Halte Taman Menteng
1 menit ke STIBA Indonesia LPI, 2 menit ke STIE Tri Dharma Widya, 2 menit ke YPS (Universitas Bung Karno)

	------------------------------------------------------------

	*Disewakan unit Casa Grande Residence*
 
Tower Montana
Lt 27 Luas 79
2"
LST-00019,Disewakan Apartement Menteng Park Apartement 2 BR Furnished Sudah Renovasi,https://www.99.co/id/properti/apartemen-disewa-170jt-menteng-cp-1012675489,Jakarta Pusat,DKI Jakarta,Menteng,"Menteng, Jakarta Pusat",Apartemen,14166666.666666666,244252.87356321837,yearly,2,1,2 Bedroom,58.0,2.4122065497545364,1.7497307760121048,Stasiun MRT Dukuh Atas,Tier 1: Core Urban Center (<7km),0,0,0,0,0,0,0,0,1,0,0,0,-6.19638,106.837891,listing,0,,"Apartemen terjangkau di kawasan Jakarta Pusat.
Dengan 2 kamar tidur dan 1 kamar mandi, unit ini cocok untuk Anda atau keluarga kecil.
Harga sewa: Rp 170 Juta/ Tahun.

1 menit ke Halte Cikini, 1 menit ke Stasiun Cikini, 1 menit ke Halte Pegangsaan Timur
1 menit ke STIBA Indonesia LPI, 1 menit ke STIE Tri Dharma Widya, 1 menit ke YPS (Universitas Bung Karno)

	------------------------------------------------------------

	Apartement Menteng Park Apartement 2 BR Furnished Sudah Renovasi

Apartemen "
LST-00020,"Sewa Sekarang Apartemen Strategis 2 KT, 2 KM di Kawasan Sawah Besar",https://www.99.co/id/properti/apartemen-disewa-70jt-sawah-besar-cp-1014134949,Jakarta Pusat,DKI Jakarta,Sawah Besar,"Sawah Besar, Jakarta Pusat",Apartemen,5833333.333333333,48611.11111111111,yearly,2,2,2 Bedroom,120.0,6.284382676938237,4.2940191390371405,Stasiun KRL Tanah Abang,Tier 1: Core Urban Center (<7km),0,0,0,0,0,0,0,0,1,0,0,0,-6.15383621,106.8332349,listing,0,,"Apartemen ekonomis untuk disewa:
- Lokasi: Sawah Besar, Jakarta Pusat, Jakarta Pusat
- 2 Kamar Tidur
- 2 Kamar Mandi
- Luas 120m2
- Harga: Rp 70 Juta/ Tahun

Lokasi strategis. 1 menit ke Halte Busway Bni/kartini, 2 menit ke Halte Rs. Husada, 2 menit ke Halte Sekolah Sawah Besar

	------------------------------------------------------------

	Disewakan Penthouse Pesona Bahari Mangga Dua
Tower Topaz Lt. 28
Luasan 120m², unit pent house
2 Lantai
2 km.tidur 
2 km.mandi
Harga sewa 70t/th 
Fully furni"
LST-00021,For Lease 3bedroom Lux Apartment Fifty Seven Promenade Jakarta,https://www.99.co/id/properti/apartemen-disewa-36jt-tanah-abang-cp-1012025989,Jakarta Pusat,DKI Jakarta,Tanah Abang,"Tanah Abang, Jakarta Pusat",Apartemen,36700000.0,319130.4347826087,monthly,3,3,3 Bedroom,115.0,0.8597326438413523,0.6211905193761527,Stasiun MRT Dukuh Atas,Tier 1: Core Urban Center (<7km),0,0,0,0,0,0,0,0,1,0,0,0,-6.20161,106.81714,listing,0,,"Apartemen Murah Disewakan!
- Lokasi: Tanah Abang, Jakarta Pusat, Jakarta Pusat
- 3 KT, 3 KM
- Luas 115m2
- Harga: Rp 36,7 Juta/ Bulan

Lokasi strategis. 0 menit ke Stasiun Stadiun Karet, 0 menit ke Stasiun Karet, 1 menit ke Stasiun Bni City

	------------------------------------------------------------

	Experience elevated living in this luxurious 3-bedroom residence at Fifty Seven Promenade Jakarta. Designed with refined finishes, panoramic city views, and world-class facilities, this home off"
LST-00022,Disewakan Apartment Kempinski Private Residence,https://www.99.co/id/properti/apartemen-disewa-600jt-menteng-cp-1011948337,Jakarta Pusat,DKI Jakarta,Menteng,"Menteng, Jakarta Pusat",Apartemen,50000000.0,198412.6984126984,yearly,3,2,3 Bedroom,252.0,1.5893615669570345,0.6940350411222953,Stasiun MRT Dukuh Atas,Tier 1: Core Urban Center (<7km),1,0,0,1,0,0,0,0,1,0,1,0,-6.1946208,106.8218144,listing,0,,"Apartemen Mid-Range Disewa:
- Lokasi: Menteng, Jakarta Pusat, Jakarta Pusat
- 3 KT, 2 KM
- Luas 252m2m²
- Harga: Rp 600 Juta/ Tahun

Kawasan strategis. 0 menit ke Halte Transjakarta Bundaran Hi Astra, 0 menit ke Halte Bus Transjakarta Tosari, 1 menit ke Stasiun Bundaran Hi


Full Furnished

	------------------------------------------------------------

	Disewakan Apartemen Kempinski Private Residence
LB 252 m2
3+1 KT
2+1 KM
Hadap : Timur
Ada Kitchen Set
AC Central
Fully Furnished
Private"
LST-00023,Disewakan Apartemen Fiftyseven Promenade (57Promenade),https://www.99.co/id/properti/apartemen-disewa-600jt-thamrin-cp-1014363602,Jakarta Pusat,DKI Jakarta,Jakarta Pusat,Jakarta Pusat,Apartemen,50000000.0,274725.2747252747,yearly,3,3,3 Bedroom,182.0,2.3505923483972473,1.3412799447718433,Stasiun KRL Tanah Abang,Tier 1: Core Urban Center (<7km),0,1,0,0,1,0,1,0,1,0,0,0,-6.187858,106.822899,listing,0,,"DISEWAKAN apartemen praktis di Thamrin.
Dilengkapi 3 Kamar Tidur, 3 Kamar Mandi, luas 182m2.

Lokasi strategis. 0 menit ke Halte MH Thamrin, 0 menit ke Halte Transjakarta M.h. Thamrin (D.h. Halte Sarinah), 0 menit ke Jakarta City Tour Bus Stop

Semi Furnished
Kolam Renang Komunitas, Taman, CCTV, Telepon, Wifi, Mesin Cuci, TV Kabel, Internet

	------------------------------------------------------------

	Apartment Name: Fifty Seven Promenade Apartment (57 Promenade Apartment)
Location: Jl. Teluk"
LST-00024,"Sewa Apartemen Hemat di Kemayoran, Jakarta Pusat Lokasi Strategis",https://www.99.co/id/properti/apartemen-disewa-38jt-kemayoran-cp-1009286577,Jakarta Pusat,DKI Jakarta,Kemayoran,"Kemayoran, Jakarta Pusat",Apartemen,3166666.6666666665,79166.66666666666,yearly,2,1,2 Bedroom,40.0,6.65902103028114,5.581313296042272,Stasiun KRL Tanah Abang,Tier 1: Core Urban Center (<7km),1,0,0,1,1,1,0,0,0,0,1,0,-6.1594869,106.8541776,listing,0,,"Apartemen disewa murah:
- 2 Bedroom
- 1 Bathroom
- Luas 40m2
- Lokasi: Kemayoran, Jakarta Pusat, Jakarta Pusat
- Harga: Rp 38 Juta/ Tahun

Jangan sampai terlewat!

	------------------------------------------------------------

	Apartment Disewa Jakarta Pusat Size: 40 m2
Bedroom: 2
Bathroom: 1

Condition: Full Furnished. Tempat Tidur & Lemari, wifi, Water Heater, Kitchen Set, Kompor Gas, Dispenser, LCD 32-inch & TV Cable, Kulkas, 2 AC (Kamar Utama & Kamar Anak), Sofa, Meja Makan, Listrik 2200"
LST-00025,Disewakan Apartemen Menara Jakarta Kemayoran Full Furnish,https://www.99.co/id/properti/apartemen-disewa-350jt-kemayoran-cp-1008865572,Jakarta Pusat,DKI Jakarta,Kemayoran,"Kemayoran, Jakarta Pusat",Apartemen,29166666.666666668,206855.79196217496,yearly,2,2,2 Bedroom,141.0,6.516624118710626,5.391440532502899,Stasiun KRL Manggarai,Tier 1: Core Urban Center (<7km),1,0,0,0,0,0,0,0,0,0,0,0,-6.16165,106.85501,listing,0,,"DISEWA apartemen murah di Kemayoran, Jakarta Pusat, Jakarta Pusat.
Unit 2 KT, 2 KM, luas 141m2.
Harga sewa Rp 350 Juta/ Tahun.
Buruan survei!

3 menit ke Halte Landasan Pacu, 3 menit ke Halte Kran, 3 menit ke Halte Angkasa
3 menit ke Universal School, 3 menit ke Akademi Keperawatan Pelni, 4 menit ke STTRIL (STT Reformed Injili Internasional)

	------------------------------------------------------------

	Apartemen menara jakarta kemayoran
menara azzure
luas 141m2
2 bedroom
private lift
lantai 5"
LST-00026,"Disewakan Apartemen The Mansion Kemayoran - Tower Fontana, LT 36",https://www.99.co/id/properti/apartemen-disewa-40jt-kemayoran-cp-1014296582,Jakarta Pusat,DKI Jakarta,Kemayoran,"Kemayoran, Jakarta Pusat",Apartemen,3333333.3333333335,90090.09009009009,yearly,1,1,Studio / 1BR,37.0,7.72739287246377,6.258346797469262,Stasiun KRL Tanah Abang,Tier 2: Inner Ring Metro (7-15km),0,0,1,0,0,0,0,0,0,0,0,0,-6.1473258,106.8525985,listing,0,,"Apartemen harga terjangkau untuk disewa:
- Lokasi: Kemayoran, Jakarta Pusat, Jakarta Pusat
- 1 Kamar Tidur
- 1 Kamar Mandi
- Luas 37m2
- Harga: Rp 40 Juta/ Tahun

Lokasi strategis. 1 menit ke Halte Jiexpo Kemayoran, 1 menit ke Halte Landasan Pacu, 1 menit ke Halte Danau Agung

	------------------------------------------------------------

	Disewakan unit kosongan di Tower Fontana, The Mansion Kemayoran, lantai tinggi (36) dengan view kota terbuka. Cocok untuk yang ingin mendesain interior sendir"
LST-00027,Sewa Apartemen Green Pramuka City Tower Scarlet 2 BR Furnished,https://www.99.co/id/properti/apartemen-disewa-65jt-cempaka-putih-cp-1014966899,Jakarta Pusat,DKI Jakarta,Cempaka Putih,"Cempaka Putih, Jakarta Pusat",Apartemen,5416666.666666667,164141.41414141416,yearly,2,1,2 Bedroom,33.0,6.841241180043732,4.225787134815926,Stasiun KRL Manggarai,Tier 1: Core Urban Center (<7km),0,0,0,0,0,0,0,0,0,0,0,0,-6.18128,106.87535,listing,0,,"Hunian harga terjangkau disewakan di Cempaka Putih, Jakarta Pusat, Jakarta Pusat.
Apartemen ini memiliki 2 kamar tidur & 1 kamar mandi dengan luas 33m2m².
Cocok untuk tempat tinggal strategis dengan harga terjangkau.

1 menit ke Halte Jaya Baya, 1 menit ke Halte Pulo Mas Bypass, 2 menit ke Halte Kayu Putih Rawasari
1 menit ke UJ (Universitas Jayabaya), 1 menit ke Kalbis (Universitas KALBIS / Kalbe Institute), 1 menit ke i3L School of Business (iSB)

	---------------------------------------------"
LST-00028,Disewakan Apartemen Terjangkau 0 BR di Thamrin Jakarta Pusat,https://www.99.co/id/properti/apartemen-disewa-220jt-thamrin-cp-1014266271,Jakarta Pusat,DKI Jakarta,Jakarta Pusat,Jakarta Pusat,Apartemen,18333333.333333332,333333.3333333333,yearly,0,1,Studio / 1BR,55.0,2.3505923483972473,1.3412799447718433,Stasiun KRL Tanah Abang,Tier 1: Core Urban Center (<7km),0,0,0,0,0,0,0,0,1,0,0,0,-6.187858,106.822899,listing,0,,"Disewakan apartemen hemat di Thamrin, Jakarta Pusat.
Memiliki 0 kamar tidur, 1 kamar mandi, serta luas 55m2.
Harga sewa Rp 220 Juta/ Tahun

Area paling strategis. 0 menit ke Halte MH Thamrin, 0 menit ke Halte Transjakarta M.h. Thamrin (D.h. Halte Sarinah), 0 menit ke Jakarta City Tour Bus Stop

	------------------------------------------------------------

	Apartemen di Thamrin.

Cek segera apartemen 8 lantai yang modern ini,  disewakan menawarkan lingkungan fasilitas yang lengkap, cocok untuk A"
LST-00029,Hunian Apartemen Strategis di Thamrin Punya 3 Kamar Tidur & 2 Kamar Mandi,https://www.99.co/id/properti/apartemen-disewa-700jt-thamrin-cp-1014266387,Jakarta Pusat,DKI Jakarta,Jakarta Pusat,Jakarta Pusat,Apartemen,58333333.333333336,318761.38433515484,yearly,3,2,3 Bedroom,183.0,2.3505923483972473,1.3412799447718433,Stasiun KRL Tanah Abang,Tier 1: Core Urban Center (<7km),1,0,0,0,0,0,0,0,0,0,0,0,-6.187858,106.822899,listing,0,,"Hunian nyaman dengan harga sewa terjangkau kini hadir di Jakarta Pusat.

Apartemen ini memiliki 3 kamar tidur, 2 kamar mandi, serta luas 183m2m².
Harga: Rp 700 Juta/ Tahun.

Full Furnished


	------------------------------------------------------------

	Kesempatan terbatas buat Anda dapatkan apartemen strategis dengan return investasi tinggi di Thamrin, Jakarta Pusat.

Apartemen ini menawarkan lokasi yang strategis serta memiliki nilai tepat yang siap untuk segera Anda miliki, utamanya bagi And"
LST-00030,Disewakan 2 Bedroom Apartement Fully Furnished,https://www.99.co/id/properti/apartemen-disewa-9jt-thamrin-cp-1010620781,Jakarta Pusat,DKI Jakarta,Jakarta Pusat,Jakarta Pusat,Apartemen,9000000.0,163636.36363636365,monthly,1,1,Studio / 1BR,55.0,2.3505923483972473,1.3412799447718433,Stasiun KRL Tanah Abang,Tier 1: Core Urban Center (<7km),1,0,0,0,0,0,0,0,1,0,0,0,-6.187858,106.822899,listing,0,,"FOR RENT ONLY. Hunian ekonomis di Thamrin, Jakarta Pusat.
Apartemen dengan 1 kamar tidur & 1 kamar mandi, cocok untuk pasangan muda.
Harga sewa hanya Rp 9 Juta/ Bulan.

0 menit ke Halte MH Thamrin, 0 menit ke Halte Transjakarta M.h. Thamrin (D.h. Halte Sarinah), 0 menit ke Jakarta City Tour Bus Stop
0 menit ke Raffles Institute Jakarta, 0 menit ke Akademi Sekretaris Interstudi Menteng, 2 menit ke Jakarta Science Academy Kursus Estetika Medik Menteng

	--------------------------------------------"
LST-00031,Disewakan Apart Springhill Oakwood Tower 3Br,https://www.99.co/id/properti/apartemen-disewa-135jt-kemayoran-cp-1014551116,Jakarta Pusat,DKI Jakarta,Kemayoran,"Kemayoran, Jakarta Pusat",Apartemen,11250000.0,146103.8961038961,yearly,3,2,3 Bedroom,77.0,6.471998976010265,5.272616443868521,Stasiun KRL Manggarai,Tier 1: Core Urban Center (<7km),0,0,0,0,0,0,0,0,1,0,0,0,-6.16282185,106.8558983,listing,0,,"Apartemen terjangkau di kawasan Jakarta Pusat.
Dengan 3 kamar tidur dan 2 kamar mandi, unit ini nyaman untuk Anda atau keluarga kecil.
Harga sewa: Rp 135 Juta/ Tahun.

3 menit ke Halte Landasan Pacu, 3 menit ke Halte Busway Rawa Selatan, 3 menit ke Halte Cempaka Mas
4 menit ke Universal School, 4 menit ke Akademi Keperawatan Pelni, 4 menit ke Politeknik STMI Jakarta

	------------------------------------------------------------

	Disewakan apartement yg nyaman, tenang , aman dan bebas banjir. FU"
LST-00032,Apartment Springhill Royale Kemayoran 1Br Furnish,https://www.99.co/id/properti/apartemen-disewa-90jt-kemayoran-cp-1014699545,Jakarta Pusat,DKI Jakarta,Kemayoran,"Kemayoran, Jakarta Pusat",Apartemen,7500000.0,94936.70886075949,yearly,1,1,Studio / 1BR,79.0,1.045620960964281,0.6729308061336748,Stasiun MRT Dukuh Atas,Tier 1: Core Urban Center (<7km),0,0,0,0,0,0,1,0,1,0,0,0,-6.2,106.816666,listing,0,,"SEWA apartemen minimalis di Kemayoran, Jakarta Pusat, Jakarta Pusat.
Unit 1 KT, 1 KM, luas 79m2.
Harga sewa Rp 90 Juta/ Tahun.
Buruan survei!

0 menit ke Stasiun Karet, 0 menit ke Stasiun Stadiun Karet, 1 menit ke Stasiun Bni City
1 menit ke STTGGI (Sekolah Tinggi Teologi Global Glow Indonesia), 1 menit ke TTH Tax Training House (Member of IKPI), 1 menit ke GlobalEdu

	------------------------------------------------------------

	private lift
luas semigross 79 m²
pool view
fasilitas lengkap
fur"
LST-00033,Apartment Springhill Royale 2Br + 1 Furnish,https://www.99.co/id/properti/apartemen-disewa-180jt-kemayoran-cp-1013004952,Jakarta Pusat,DKI Jakarta,Kemayoran,"Kemayoran, Jakarta Pusat",Apartemen,15000000.0,90909.09090909091,yearly,2,2,2 Bedroom,165.0,1.045620960964281,0.6729308061336748,Stasiun MRT Dukuh Atas,Tier 1: Core Urban Center (<7km),0,0,0,0,0,0,0,0,1,0,0,0,-6.2,106.816666,listing,0,,"DISEWA apartemen minimalis di Kemayoran, Jakarta Pusat, Jakarta Pusat.
Unit 2 KT, 2 KM, luas 165m2.
Harga sewa Rp 180 Juta/ Tahun.
Buruan survei!

0 menit ke Stasiun Karet, 0 menit ke Stasiun Stadiun Karet, 1 menit ke Stasiun Bni City
1 menit ke STTGGI (Sekolah Tinggi Teologi Global Glow Indonesia), 1 menit ke TTH Tax Training House (Member of IKPI), 1 menit ke GlobalEdu

	------------------------------------------------------------

	Luas semigross 165 m²
kamar tidur : 2br + 1
kamar mandi : 2+1"
LST-00034,"Apartemen Sewa 2 Kamar Hemat Siap Huni di Jakarta Pusat, Luas 90m2",https://www.99.co/id/properti/apartemen-disewa-186jt-karet-tengsin-cp-1014141251,Jakarta Pusat,DKI Jakarta,Jakarta Pusat,Jakarta Pusat,Apartemen,15500000.0,172222.22222222222,yearly,2,2,2 Bedroom,90.0,0.11316113118749421,1.0505097148155838,Stasiun MRT Dukuh Atas,Tier 1: Core Urban Center (<7km),0,0,0,0,0,0,0,0,1,0,0,0,-6.2098,106.81981,listing,0,,"FOR RENT ONLY. Hunian ekonomis di Karet Tengsin, Jakarta Pusat.
Apartemen dengan 2 kamar tidur & 2 kamar mandi, cocok untuk pasangan muda.
Harga sewa hanya Rp 186 Juta/ Tahun.

1 menit ke MRT Setiabudi, 1 menit ke Halte Karet, 1 menit ke Halte Dukuh Atas 1
0 menit ke LaSalle College Jakarta, 1 menit ke Charis Bible College Jakarta, 1 menit ke LSPR Institute of Communication & Business

	------------------------------------------------------------

	Apartment Name: Sahid Sudirman Residence
Locati"
LST-00035,"Sky Terrace, Pilihan Tepatuntuk Huhnian Modern",https://www.99.co/id/properti/apartemen-disewa-60jt-daan-mogot-cp-1015162219,Jakarta Barat,DKI Jakarta,Jakarta Barat,Jakarta Barat,Apartemen,5000000.0,102040.8163265306,yearly,2,1,2 Bedroom,49.0,8.664265627387184,6.357588937754532,Stasiun KRL Tanah Abang,Tier 2: Inner Ring Metro (7-15km),0,0,0,0,0,0,0,0,1,0,0,0,-6.15797,106.760597,listing,0,,"Cari Apartemen Murah?
Ada unit di Jakarta Barat dengan 2 KT & 1 KM siap huni.
Harga sewa mulai Rp 60 Juta/ Tahun.

Anda tak perlu khawatir tentang lokasi karena area apartemen ini strategis. 1 menit ke Halte Transjakarta Taman Kota, 1 menit ke Halte Taman Kota, 1 menit ke Stasiun Taman Kota

	------------------------------------------------------------

	Apartemen di Daan Mogot.

Temukan apartemen 2 lantai yang nyaman ini,  disewakan menawarkan lingkungan fasilitas yang lengkap, cocok untuk Anda"
LST-00036,Apartemen Strategis 65m2 di Tanjung Duren Jakarta Barat 2 KT,https://www.99.co/id/properti/apartemen-disewa-88jt-tanjung-duren-cp-1014249984,Jakarta Barat,DKI Jakarta,Jakarta Barat,Jakarta Barat,Apartemen,7333333.333333333,112820.51282051281,yearly,2,1,2 Bedroom,65.0,5.1099202936938335,3.072583709759156,Stasiun KRL Tanah Abang,Tier 1: Core Urban Center (<7km),0,0,0,0,0,0,0,0,0,0,0,0,-6.18036,106.783691,listing,0,,"Butuh Hunian Hemat?
Tersedia unit di Jakarta Barat dengan 2 KT & 1 KM siap huni.
Harga sewa mulai Rp 88 Juta/ Tahun.

Anda tak perlu khawatir soal lokasi karena area apartemen ini strategis. 3 menit ke Halte Ja Connexion Mta Bandara, 3 menit ke Cititrans Central Park, 3 menit ke Halte Ukrida

	------------------------------------------------------------

	Apartemen di Tanjung Duren.

Temukan apartemen 1 lantai yang asri ini,  disewakan menghadirkan lingkungan fasilitas yang lengkap, cocok untuk "
LST-00037,"Apartemen Siap Huni 2 Kamar dengan Harga Hemat di Area Cengkareng, Jakarta Barat",https://www.99.co/id/properti/apartemen-disewa-85jt-cengkareng-cp-1013526331,Jakarta Barat,DKI Jakarta,Cengkareng,"Cengkareng, Jakarta Barat",Apartemen,7083333.333333333,112433.86243386244,yearly,2,1,2 Bedroom,63.0,11.191303974360597,9.052388288360548,Stasiun KRL Tanah Abang,Tier 2: Inner Ring Metro (7-15km),0,0,0,0,0,0,0,0,0,0,0,0,-6.15224905,106.7362572,listing,0,,"[SEWA] Apartemen hemat di Cengkareng dengan spesifikasi lengkap.
Luas 63m2m², dilengkapi 2 kamar tidur dan 1 kamar mandi.
Harga sewa hanya Rp 85 Juta/ Tahun.

Mengapa apartemen ini menarik untuk disewa? Karena lokasinya strategis. 1 menit ke Halte Pabrik Glass, 1 menit ke Halte Dispenda Samsat Barat Arah Grogol, 1 menit ke Halte Pulo Nangka

	------------------------------------------------------------

	Hunian nyaman dengan lokasi strategis dan fasilitas premium.
 Luas: 63 m²
 2 Kamar Tidur
 1 "
LST-00038,Disewakan Apartemen Harga Terjangkau di Puri Indah 3 Bedroom,https://www.99.co/id/properti/apartemen-disewa-250jt-puri-indah-cp-1013459526,Jakarta Barat,DKI Jakarta,Jakarta Barat,Jakarta Barat,Apartemen,20833333.333333332,143678.1609195402,yearly,3,2,3 Bedroom,145.0,8.871799490960802,7.527029550583822,Stasiun KRL Tanah Abang,Tier 2: Inner Ring Metro (7-15km),0,0,0,0,0,0,0,0,0,0,0,0,-6.18658,106.74292,listing,0,,"Apartemen terjangkau untuk disewa di Jakarta Barat.

Unit ini memiliki 3 kamar tidur dan 2 kamar mandi.
Harga Rp 250 Juta/ Tahun, cocok untuk hunian bagus dan strategis ini.

Lokasinya strategis. 2 menit ke Halte Kejaksaan Negeri Jakbar, 6 menit ke Halte Kebon Jeruk, 7 menit ke Halte Universitas Mercubuana

	------------------------------------------------------------

	✨ FOR SALE / FOR RENT - APARTEMEN WINDSOR ✨
Hunian eksklusif di kawasan elit dengan kenyamanan maksimal & view kota yang menawa"
LST-00039,"Disewakan Apartemen Bagus Daerah Grogol, Jakarta Barat (Kg005339)",https://www.99.co/id/properti/apartemen-disewa-84jt-grogol-cp-1013760789,Jakarta Barat,DKI Jakarta,Jakarta Barat,Jakarta Barat,Apartemen,7000000.0,47619.04761904762,yearly,3,2,3 Bedroom,147.0,6.075848959480751,3.3734173572398243,Stasiun KRL Tanah Abang,Tier 1: Core Urban Center (<7km),0,0,0,1,0,0,0,0,1,0,0,0,-6.16184,106.7919,listing,0,,"Butuh Hunian Hemat?
Tersedia unit di Jakarta Barat dengan 3 KT & 2 KM siap huni.
Harga sewa mulai Rp 84 Juta/ Tahun.

Anda tak perlu khawatir soal lokasi karena area apartemen ini strategis. 1 menit ke Halte Busway Latumeten St. Grogol, 1 menit ke Stasiun Grogol, 1 menit ke Halte Grogol Petamburan

	------------------------------------------------------------

	- Lokasi Strategis
- Siap Huni
- Proses Cepat
- AC 4

"
LST-00040,Disewakan Apartemen Murah di Jembatan Besi 2 Bedroom,https://www.99.co/id/properti/apartemen-disewa-45jt-jembatan-besi-cp-1013621036,Jakarta Barat,DKI Jakarta,Jakarta Barat,Jakarta Barat,Apartemen,3750000.0,83333.33333333333,yearly,2,1,2 Bedroom,45.0,6.636672819990188,3.8613980988043335,Stasiun KRL Tanah Abang,Tier 1: Core Urban Center (<7km),0,0,0,0,0,0,0,0,1,0,0,0,-6.15301,106.798668,listing,0,,"Butuh Hunian Hemat?
Ada unit di Jakarta Barat dengan 2 KT & 1 KM siap huni.
Harga sewa mulai Rp 45 Juta/ Tahun.

Anda tak perlu khawatir soal lokasi karena area apartemen ini strategis. 1 menit ke Halte Jembatan Besi, 1 menit ke Stasiun Duri, 3 menit ke Stasiun Angke

	------------------------------------------------------------

	Apartemen di Jembatan Besi.

Dapatkan apartemen 28 lantai yang nyaman ini,  disewakan menghadirkan lingkungan fasilitas yang lengkap, cocok untuk Anda yang menginginka"
LST-00041,"Apartemen Sewa 0 Kamar Hemat Siap Huni di Jakarta Barat, Luas 53m2",https://www.99.co/id/properti/apartemen-disewa-70jt-kedoya-selatan-cp-1013979353,Jakarta Barat,DKI Jakarta,Jakarta Barat,Jakarta Barat,Apartemen,5833333.333333333,110062.893081761,yearly,0,0,Studio / 1BR,53.0,7.138295125536762,5.462472766001763,Stasiun KRL Tanah Abang,Tier 2: Inner Ring Metro (7-15km),0,0,0,0,0,0,0,0,1,0,0,0,-6.181001,106.761795,listing,0,,"FOR RENT ONLY. Hunian hemat di Kedoya Selatan, Jakarta Barat.
Apartemen dengan 0 kamar tidur & 0 kamar mandi, cocok untuk pasangan muda.
Harga sewa hanya Rp 70 Juta/ Tahun.

2 menit ke Halte Kedoya Panjang, 2 menit ke Halte Busway Kedoya Ash-shiddiqayya, 2 menit ke Halte Kebon Jeruk
1 menit ke Akatelkom Indonesia Gemilang, 2 menit ke ISTA Al-Kamal (Institut Sains dan Teknologi Al-Kamal), 2 menit ke Universitas Mpu Tantular Kampus B

	------------------------------------------------------------

"
LST-00042,Disewakan Apartemen Metropark Residence 3Br Fully Furnished,https://www.99.co/id/properti/apartemen-disewa-95jt-kedoya-selatan-cp-1013006727,Jakarta Barat,DKI Jakarta,Jakarta Barat,Jakarta Barat,Apartemen,7916666.666666667,89962.12121212122,yearly,3,3,3 Bedroom,88.0,7.138295125536762,5.462472766001763,Stasiun KRL Tanah Abang,Tier 2: Inner Ring Metro (7-15km),1,0,0,0,0,0,1,0,1,0,0,0,-6.181001,106.761795,listing,0,,"Apartemen terjangkau untuk disewa di Jakarta Barat.

Unit ini memiliki 3 kamar tidur dan 3 kamar mandi.
Harga Rp 95 Juta/ Tahun, cocok untuk hunian bagus dan strategis ini.

Lokasinya strategis. 2 menit ke Halte Kedoya Panjang, 2 menit ke Halte Busway Kedoya Ash-shiddiqayya, 2 menit ke Halte Kebon Jeruk

	------------------------------------------------------------

	Disewakan Apartemen Metropark Residence 3Br Fully Furnished
*Luas : 88m2
*Full Furnished
*3+1Bedroom
*Fasilitas : Swimming pool, J"
LST-00043,Disewa Apartemen Grand Madison Central Park,https://www.99.co/id/properti/apartemen-disewa-150jt-central-park-cp-1012328845,Jakarta Barat,DKI Jakarta,Jakarta Barat,Jakarta Barat,Apartemen,12500000.0,156250.0,yearly,3,2,3 Bedroom,80.0,9.818744389211442,7.6858570511275905,Stasiun KRL Tanah Abang,Tier 2: Inner Ring Metro (7-15km),1,0,0,0,0,0,0,0,1,0,0,0,-6.1585,106.747,listing,0,,"Apartemen terjangkau untuk disewa di Jakarta Barat.

Unit ini memiliki 3 kamar tidur dan 2 kamar mandi.
Harga Rp 150 Juta/ Tahun, cocok untuk hunian bagus dan strategis ini.

Lokasinya strategis. 3 menit ke Stasiun Taman Kota, 3 menit ke Halte Dispenda Samsat Barat Arah Grogol, 3 menit ke Halte Pulo Nangka

	------------------------------------------------------------

	WTR Apartemen Grand Madison
Central Park... 
Fully furnish
Uk : 80 - 2+1BR 
160jt / thn

Hubungi 
kokoagus.properti
081818xxxx "
LST-00044,Sewa Apartemen Bagus Siap Huni Lokasi Strategis,https://www.99.co/id/properti/apartemen-disewa-60jt-daan-mogot-cp-1013298807,Jakarta Barat,DKI Jakarta,Jakarta Barat,Jakarta Barat,Apartemen,5000000.0,138888.88888888888,yearly,2,1,2 Bedroom,36.0,8.664265627387184,6.357588937754532,Stasiun KRL Tanah Abang,Tier 2: Inner Ring Metro (7-15km),0,0,0,0,0,0,0,0,1,0,0,0,-6.15797,106.760597,listing,0,,"Hunian hemat siap huni di Daan Mogot, Jakarta Barat. Bisa langsung sewa!

Spesifikasi: 2 KT, 1 KM, luas 36m2.
Harga sewa: Rp 60 Juta/ Tahun.

Apartemen ini jadi favorit karena akses transportasi umum yang mudah. 1 menit ke Halte Transjakarta Taman Kota, 1 menit ke Halte Taman Kota, 1 menit ke Stasiun Taman Kota

Jangan sampai kehabisan unit!

	------------------------------------------------------------

	Kesempatan terbatas buat Anda dapatkan apartemen strategis dengan return investasi tinggi d"
LST-00045,"Apartemen Minimalis untuk Disewa, 1 Kamar di Jakarta Barat",https://www.99.co/id/properti/apartemen-disewa-75jt-taman-anggrek-cp-1014028404,Jakarta Barat,DKI Jakarta,Jakarta Barat,Jakarta Barat,Apartemen,6250000.0,164473.68421052632,yearly,1,1,Studio / 1BR,38.0,4.610219595941524,2.4387411788181472,Stasiun KRL Tanah Abang,Tier 1: Core Urban Center (<7km),0,0,0,0,0,0,0,0,0,0,0,0,-6.180502,106.78952,listing,0,,"Apartemen terjangkau untuk disewa di Jakarta Barat.

Unit ini memiliki 1 kamar tidur dan 1 kamar mandi.
Harga Rp 75 Juta/ Tahun, cocok untuk hunian bagus dan strategis ini.

Lokasinya strategis. 1 menit ke Halte Ja Connexion Mta Bandara, 1 menit ke Cititrans Central Park, 2 menit ke Pangkalan Blue Bird Central Park Lobby Laguna

	------------------------------------------------------------

	Disewakan Bagus, Cozy, Bersih 1 Bedroom Taman Anggrek Residence

"
LST-00046,Disewakan Cozy 1 Bedroom 50Sqm Condo Taman Anggrek Residence,https://www.99.co/id/properti/apartemen-disewa-105jt-taman-anggrek-cp-1013134240,Jakarta Barat,DKI Jakarta,Jakarta Barat,Jakarta Barat,Apartemen,8750000.0,175000.0,yearly,1,1,Studio / 1BR,50.0,4.610219595941524,2.4387411788181472,Stasiun KRL Tanah Abang,Tier 1: Core Urban Center (<7km),0,0,0,0,0,0,0,0,0,0,0,0,-6.180502,106.78952,listing,0,,"FOR RENT ONLY. Hunian ekonomis di Taman Anggrek, Jakarta Barat.
Apartemen dengan 1 kamar tidur & 1 kamar mandi, pas untuk pasangan muda.
Harga sewa hanya Rp 105 Juta/ Tahun.

1 menit ke Halte Ja Connexion Mta Bandara, 1 menit ke Cititrans Central Park, 2 menit ke Pangkalan Blue Bird Central Park Lobby Laguna
1 menit ke Akademi Kesehatan Swakarsa, 1 menit ke Podomoro University (Universitas Agung Podomoro), 2 menit ke Wall Street English Central Park

	--------------------------------------------"
LST-00047,"Siap Huni, Apartemen, Strata, di Puri Indah",https://www.99.co/id/properti/apartemen-disewa-130jt-puri-indah-cp-1014559590,Jakarta Barat,DKI Jakarta,Jakarta Barat,Jakarta Barat,Apartemen,10833333.333333334,123106.06060606061,yearly,2,2,2 Bedroom,88.0,8.871799490960802,7.527029550583822,Stasiun KRL Tanah Abang,Tier 2: Inner Ring Metro (7-15km),0,0,0,0,0,0,0,0,0,0,0,0,-6.18658,106.74292,listing,0,,"FOR RENT ONLY. Hunian hemat di Puri Indah, Jakarta Barat.
Apartemen dengan 2 kamar tidur & 2 kamar mandi, pas untuk pasangan muda.
Harga sewa hanya Rp 130 Juta/ Tahun.

2 menit ke Halte Kejaksaan Negeri Jakbar, 6 menit ke Halte Kebon Jeruk, 7 menit ke Halte Universitas Mercubuana
4 menit ke Universitas Mpu Tantular Kampus B, 5 menit ke ISTA Al-Kamal (Institut Sains dan Teknologi Al-Kamal), 6 menit ke STIKes Kesosi (Sekolah Tinggi Ilmu Kesehatan Kesetiakawanan Sosial Indonesia)

	----------------"
LST-00048,"Disewakan Apartemen Tares 2 Bedroom Hook - Tower E, Lantai Rendah",https://www.99.co/id/properti/apartemen-disewa-80jt-taman-anggrek-cp-1015080404,Jakarta Barat,DKI Jakarta,Jakarta Barat,Jakarta Barat,Apartemen,6666666.666666667,133333.33333333334,yearly,2,1,2 Bedroom,50.0,4.610219595941524,2.4387411788181472,Stasiun KRL Tanah Abang,Tier 1: Core Urban Center (<7km),0,0,0,0,0,0,0,0,0,0,0,0,-6.180502,106.78952,listing,0,,"Disewakan apartemen murah di Taman Anggrek, Jakarta Barat.
Memiliki 2 kamar tidur, 1 kamar mandi, serta luas 50m2.
Harga sewa Rp 80 Juta/ Tahun

Area paling strategis. 1 menit ke Halte Ja Connexion Mta Bandara, 1 menit ke Cititrans Central Park, 2 menit ke Pangkalan Blue Bird Central Park Lobby Laguna

	------------------------------------------------------------

	DISEWAKAN APARTEMEN TARES 2 BEDROOM HOOK - TOWER E, LANTAI RENDAH

Unit 2 bedroom posisi hook di Tower E dengan luas 50 m². Berada d"
LST-00049,"Disewakan Apartemen Royal Mediterania - 2 Bedroom, Lantai Tinggi",https://www.99.co/id/properti/apartemen-disewa-65jt-central-park-cp-1015080413,Jakarta Barat,DKI Jakarta,Jakarta Barat,Jakarta Barat,Apartemen,5416666.666666667,128968.25396825398,yearly,2,1,2 Bedroom,42.0,4.7633463918655625,2.4009146271071193,Stasiun KRL Tanah Abang,Tier 1: Core Urban Center (<7km),0,0,0,0,0,0,0,0,0,0,0,0,-6.177137,106.790977,listing,0,,"Apartemen harga hemat untuk disewa di Jakarta Barat.

Unit ini memiliki 2 kamar tidur dan 1 kamar mandi.
Harga Rp 65 Juta/ Tahun, cocok untuk hunian bagus dan strategis ini.

Lokasinya strategis. 0 menit ke Cititrans Central Park, 1 menit ke Zona Rocp Grogol, 1 menit ke Halte Tanjung Duren Arah Barat

	------------------------------------------------------------

	DISEWAKAN APARTEMEN ROYAL MEDITERANIA - 2 BEDROOM, LANTAI TINGGI

Unit 2 bedroom di Royal Mediterania dengan luas 42 m² dan posisi la"
LST-00050,Disewakan Apartemen Taman Anggrek Residence 3 Bedroom,https://www.99.co/id/properti/apartemen-disewa-130jt-taman-anggrek-cp-1015080025,Jakarta Barat,DKI Jakarta,Jakarta Barat,Jakarta Barat,Apartemen,10833333.333333334,166666.6666666667,yearly,3,2,3 Bedroom,65.0,4.610219595941524,2.4387411788181472,Stasiun KRL Tanah Abang,Tier 1: Core Urban Center (<7km),0,0,0,0,0,0,0,0,0,0,0,0,-6.180502,106.78952,listing,0,,"Apartemen harga hemat untuk disewa di Jakarta Barat.

Unit ini memiliki 3 kamar tidur dan 2 kamar mandi.
Harga Rp 130 Juta/ Tahun, cocok untuk hunian bagus dan strategis ini.

Lokasinya strategis. 1 menit ke Halte Ja Connexion Mta Bandara, 1 menit ke Cititrans Central Park, 2 menit ke Pangkalan Blue Bird Central Park Lobby Laguna

	------------------------------------------------------------

	 DISEWAKAN APARTEMEN TAMAN ANGGREK RESIDENCE

 Tower Daffodil | High Floor ( View City ) 

✨ 3 Bedroom "
LST-00051,"Disewakan Apartemen Taman Anggrek - 2 Bedroom, Lantai Tinggi",https://www.99.co/id/properti/apartemen-disewa-95jt-taman-anggrek-cp-1015080250,Jakarta Barat,DKI Jakarta,Jakarta Barat,Jakarta Barat,Apartemen,7916666.666666667,89962.12121212122,yearly,2,1,2 Bedroom,88.0,4.610219595941524,2.4387411788181472,Stasiun KRL Tanah Abang,Tier 1: Core Urban Center (<7km),0,0,0,0,0,0,0,0,0,0,0,0,-6.180502,106.78952,listing,0,,"Cari Apartemen Murah?
Tersedia unit di Jakarta Barat dengan 2 KT & 1 KM siap huni.
Harga sewa mulai Rp 95 Juta/ Tahun.

Anda tak perlu khawatir tentang lokasi karena area apartemen ini strategis. 1 menit ke Halte Ja Connexion Mta Bandara, 1 menit ke Cititrans Central Park, 2 menit ke Pangkalan Blue Bird Central Park Lobby Laguna

	------------------------------------------------------------

	DISEWAKAN APARTEMEN TAMAN ANGGREK - 2 BEDROOM, LANTAI TINGGI

Unit 2 bedroom di Taman Anggrek dengan lua"
LST-00052,Sewa Apartemen Studio West Vista Jakarta Barat,https://www.99.co/id/properti/apartemen-disewa-45jt-cengkareng-cp-1010805335,Jakarta Barat,DKI Jakarta,Cengkareng,"Cengkareng, Jakarta Barat",Apartemen,3750000.0,125000.0,yearly,1,1,Studio / 1BR,30.0,10.592648045704957,8.350882730974956,Stasiun KRL Tanah Abang,Tier 2: Inner Ring Metro (7-15km),0,0,0,0,0,0,0,0,0,0,0,0,-6.15072,106.74405,listing,0,,"Apartemen Murah Disewakan!
- Lokasi: Cengkareng, Jakarta Barat, Jakarta Barat
- 1 KT, 1 KM
- Luas 30m2
- Harga: Rp 45 Juta/ Tahun

Lokasi strategis. 2 menit ke Halte Dispenda Samsat Barat Arah Grogol, 2 menit ke Halte Pulo Nangka, 3 menit ke Halte Pabrik Glass

	------------------------------------------------------------

	Disewakan unit apartemen di The Chrest at West Vista, Jakarta Barat.

Tipe Studio / 1 BR / 2 BR
Dekat ke akses tol
Selangkah ke commuter line
Lokasi strategis
View Kota/city/"
LST-00053,Apartemen Harga Murah dengan 0 BR & 1 KM di Cengkareng Jakarta Barat,https://www.99.co/id/properti/apartemen-disewa-40jt-cengkareng-cp-1013617537,Jakarta Barat,DKI Jakarta,Cengkareng,"Cengkareng, Jakarta Barat",Apartemen,3333333.3333333335,107526.88172043012,yearly,0,1,Studio / 1BR,31.0,11.191303974360597,9.052388288360548,Stasiun KRL Tanah Abang,Tier 2: Inner Ring Metro (7-15km),0,0,0,0,0,0,0,0,0,0,0,0,-6.15224905,106.7362572,listing,0,,"Apartemen Murah Disewakan!
- Lokasi: Cengkareng, Jakarta Barat, Jakarta Barat
- 0 KT, 1 KM
- Luas 31m2
- Harga: Rp 40 Juta/ Tahun

Lokasi strategis. 1 menit ke Halte Pabrik Glass, 1 menit ke Halte Dispenda Samsat Barat Arah Grogol, 1 menit ke Halte Pulo Nangka

	------------------------------------------------------------

	Studio 31
Lantai 2
sewa 40juta setahun
jual 680 juta

"
LST-00054,"Ada Unit Apartemen Murah Disewa di Cengkareng, Jakarta Barat 1 BR",https://www.99.co/id/properti/apartemen-disewa-90jt-cengkareng-cp-1013617576,Jakarta Barat,DKI Jakarta,Cengkareng,"Cengkareng, Jakarta Barat",Apartemen,7500000.0,82417.58241758242,yearly,1,1,Studio / 1BR,91.0,11.191303974360597,9.052388288360548,Stasiun KRL Tanah Abang,Tier 2: Inner Ring Metro (7-15km),0,0,0,0,0,0,0,0,0,0,0,0,-6.15224905,106.7362572,listing,0,,"Apartemen Murah Disewakan!
- Lokasi: Cengkareng, Jakarta Barat, Jakarta Barat
- 1 KT, 1 KM
- Luas 91m2
- Harga: Rp 90 Juta/ Tahun

Lokasi strategis. 1 menit ke Halte Pabrik Glass, 1 menit ke Halte Dispenda Samsat Barat Arah Grogol, 1 menit ke Halte Pulo Nangka

	------------------------------------------------------------

	West Vista
1 Kamar tidur
Furnish
Lantai 36
90 juta pertahun nego

"
LST-00055,"Disewa Apartemen Type Studio Furnish, Baru Handover @Cleon Park Jakarta Garden City",https://www.99.co/id/properti/apartemen-disewa-39jt-cakung-cp-1005858627,Jakarta Timur,DKI Jakarta,Cakung,"Cakung, Jakarta Timur",Apartemen,3250000.0,130000.0,yearly,1,1,Studio / 1BR,25.0,14.063997196732158,8.295393375194978,Stasiun KRL Bekasi,Tier 2: Inner Ring Metro (7-15km),0,0,0,0,0,0,0,0,1,0,0,0,-6.18489,106.94493,listing,0,,"Apartemen harga terjangkau untuk disewa:
- Lokasi: Cakung, Jakarta Timur, Jakarta Timur
- 1 Kamar Tidur
- 1 Kamar Mandi
- Luas 25m2
- Harga: Rp 39 Juta/ Tahun

Lokasi strategis. 1 menit ke Terminal Pulogebang, 7 menit ke Halte Busway Walikota Kota Administrasi Jakarta Timur Arah Terminal Pulo Gebang, 9 menit ke Stasiun Klender Baru

	------------------------------------------------------------

	Disewa Apartemen Type Studio Furnish, Baru Handover @Cleon Park Jakarta Garden City

Apartemen Cleon "
LST-00056,Disewakan Apartemen Trans Studio Cibubur,https://www.99.co/id/properti/apartemen-disewa-47jt-cibubur-cp-1014593024,Jakarta Timur,DKI Jakarta,Jakarta Timur,Jakarta Timur,Apartemen,3916666.6666666665,178030.303030303,yearly,1,1,Studio / 1BR,22.0,18.36377962780643,8.982117676463927,Stasiun KRL Depok Baru,Tier 3: Outer Commuter Ring (15-28km),1,0,0,0,0,0,1,0,1,0,0,0,-6.35611,106.895111,listing,0,,"Cari Apartemen Murah?
Tersedia unit di Jakarta Timur dengan 1 KT & 1 KM siap huni.
Harga sewa mulai Rp 47 Juta/ Tahun.

Anda tak perlu khawatir soal lokasi karena area apartemen ini strategis. 6 menit ke LRT Harjamukti, 10 menit ke Tol Cimanggis, 9 menit ke Stasiun LRT Ciracas

	------------------------------------------------------------

	Disewakan Apartemen Trans Studio Cibubur
Luas 22m²
Type studio 
Full furnish
Lantai 10 tower Borealis
View kolam renang 
Harga 47juta/tahun nego
HD28.07.26

"
LST-00057,"Apartemen Tifolia Full Furnished, Lokasi Strategis, Siap Huni",https://www.99.co/id/properti/apartemen-disewa-50jt-pulomas-cp-1002936218,Jakarta Timur,DKI Jakarta,Jakarta Timur,Jakarta Timur,Apartemen,4166666.6666666665,96899.22480620154,yearly,2,1,2 Bedroom,43.0,8.124077474088894,5.3934662707657095,Stasiun KRL Manggarai,Tier 2: Inner Ring Metro (7-15km),1,0,0,0,0,0,0,0,1,0,0,0,-6.17726,106.88629,listing,0,,"FOR RENT ONLY. Hunian hemat di Pulomas, Jakarta Timur.
Apartemen dengan 2 kamar tidur & 1 kamar mandi, pas untuk pasangan muda.
Harga sewa hanya Rp 50 Juta/ Tahun.

2 menit ke LRT Pulomas Station, 2 menit ke Stasiun LRT Equestrian, 3 menit ke Halte Pulo Mas Bypass
1 menit ke Institut Bisnis Nusantara (IBN), 1 menit ke ASEKMA Don Bosco (Akademi Sekretari dan Manajemen Don Bosco), 1 menit ke STIMar AMI

	------------------------------------------------------------

	View City. Dekat Busway Dan LRT"
LST-00058,"Apartemen Minimalis untuk Disewa, 4 Kamar di Jakarta Timur",https://www.99.co/id/properti/apartemen-disewa-180jt-pulomas-cp-1001820110,Jakarta Timur,DKI Jakarta,Jakarta Timur,Jakarta Timur,Apartemen,15000000.0,53956.8345323741,yearly,4,3,4+ Bedroom,278.0,8.124077474088894,5.3934662707657095,Stasiun KRL Manggarai,Tier 2: Inner Ring Metro (7-15km),0,0,0,0,0,0,0,0,1,0,1,0,-6.17726,106.88629,listing,0,,"Sewa apartemen hemat di Pulomas, Jakarta Timur.
Memiliki 4 kamar tidur, 3 kamar mandi, serta luas 278m2.
Harga sewa Rp 180 Juta/ Tahun

Area paling strategis. 2 menit ke LRT Pulomas Station, 2 menit ke Stasiun LRT Equestrian, 3 menit ke Halte Pulo Mas Bypass

	------------------------------------------------------------

	Apartment 2 in 1,
Seluas 278m2
Hadap Utara & Selatan

Berfasilitas:
- 1 Master bedroom
- 3 kamar tidur
- 2 kamar pembantu
- 3 kamar mandi
- 1 dapur
- 2 service area
- 2 teras u"
LST-00059,Disewa Apartemen Sedayu City Cakung Jakarta Timur,https://www.99.co/id/properti/apartemen-disewa-70jt-cakung-cp-1015032077,Jakarta Timur,DKI Jakarta,Cakung,"Cakung, Jakarta Timur",Apartemen,5833333.333333333,97222.22222222222,yearly,0,1,Studio / 1BR,60.0,14.28344921892035,11.059408666635788,Stasiun KRL Depok Baru,Tier 2: Inner Ring Metro (7-15km),0,0,0,0,0,0,0,0,1,0,0,0,-6.31741,106.889,listing,0,,"[SEWA] Apartemen hemat di Cakung dengan spesifikasi lengkap.
Luas 60m2m², dilengkapi 0 kamar tidur dan 1 kamar mandi.
Harga sewa hanya Rp 70 Juta/ Tahun.

Mengapa unit ini menarik untuk disewa? Karena lokasinya strategis. 2 menit ke Stasiun LRT Ciracas, 2 menit ke Stasiun LRT Kampung Rambutan, 3 menit ke LRT Kampung Rambutan

	------------------------------------------------------------

	Apartemen di Cakung.

Temukan apartemen 12 lantai yang modern ini,  disewakan menawarkan lingkungan fasilita"
LST-00060,"Apartemen Siap Huni 0 BR dengan Harga Hemat di Area Jatinegara, Jakarta Timur",https://www.99.co/id/properti/apartemen-disewa-400rb-jatinegara-cp-1013879764,Jakarta Timur,DKI Jakarta,Jatinegara,"Jatinegara, Jakarta Timur",Apartemen,12000000.0,352941.17647058825,daily,0,0,Studio / 1BR,34.0,14.28344921892035,11.059408666635788,Stasiun KRL Depok Baru,Tier 2: Inner Ring Metro (7-15km),1,0,0,0,0,0,0,0,0,0,0,0,-6.31741,106.889,listing,0,,"Apartemen disewa murah:
- 0 Bedroom
- 0 Bathroom
- Luas 34m2
- Lokasi: Jatinegara, Jakarta Timur, Jakarta Timur
- Harga: Rp 400 Ribu/ Hari

Hubungi sekarang!

	------------------------------------------------------------

	Apartment Bassura City 2 BR 
fully furnished

"
LST-00061,Apartemen Murah dengan 2 BR & 1 KM di Jatinegara Jakarta Timur,https://www.99.co/id/properti/apartemen-disewa-48jt-jatinegara-cp-1013967359,Jakarta Timur,DKI Jakarta,Jatinegara,"Jatinegara, Jakarta Timur",Apartemen,4000000.0,117647.05882352941,yearly,2,1,2 Bedroom,34.0,6.670137921392139,3.581676443291726,Stasiun KRL Manggarai,Tier 1: Core Urban Center (<7km),1,0,0,0,0,0,0,0,1,0,0,0,-6.22750897,106.8773311,listing,0,,"Apartemen harga terjangkau untuk disewa:
- Lokasi: Jatinegara, Jakarta Timur, Jakarta Timur
- 2 Kamar Tidur
- 1 Kamar Mandi
- Luas 34m2
- Harga: Rp 48 Juta/ Tahun

Lokasi strategis. 1 menit ke Halte Kebon Nanas, 3 menit ke Halte Busway Cawang Otista, 3 menit ke Halte Bidara Cina

	------------------------------------------------------------

	disewakan apartemen Bassura City, 
       Jatinegara Jakarta Timur
tower D 
LB : 34m
2 BR, 
fully furnished
listrik : 2.200watt
Connecting Mall Bassura
  F"
LST-00062,Di Sewakan Apartemen Full Furnished di Patria Park Jatinegara Jakarta Timur,https://www.99.co/id/properti/apartemen-disewa-84jt-jatinegara-cp-1014666263,Jakarta Timur,DKI Jakarta,Jatinegara,"Jatinegara, Jakarta Timur",Apartemen,7000000.0,134615.38461538462,yearly,2,1,2 Bedroom,52.0,7.283068998726783,4.689407847108651,Stasiun KRL Manggarai,Tier 2: Inner Ring Metro (7-15km),1,0,0,0,0,0,0,0,1,0,0,0,-6.243439,106.875919,listing,0,,"[SEWA] Apartemen hemat di Jatinegara dengan spesifikasi lengkap.
Luas 52m2m², dilengkapi 2 kamar tidur dan 1 kamar mandi.
Harga sewa hanya Rp 84 Juta/ Tahun.

Mengapa unit ini menarik untuk disewa? Karena lokasinya strategis. 0 menit ke Halte Simpang Cawang, 1 menit ke Halte Transjakarta BNN Arah Grogol, 1 menit ke Halte Halim

	------------------------------------------------------------

	Apartemen 31 lantai di Jatinegara, Jakarta Timur.

For rent di wilayah yang tenang. Dengan spesifikasinya "
LST-00063,"Apartemen Pasadenia Pulomas Unit Hook 3 Bedroom Hadap Timur di Kayu Putih, Pulo Gadung, Jakarta Timur",https://www.99.co/id/properti/apartemen-disewa-160jt-kayu-putih-cp-1014450959,Jakarta Timur,DKI Jakarta,Jakarta Timur,Jakarta Timur,Apartemen,13333333.333333334,94562.64775413711,yearly,3,2,3 Bedroom,141.0,12.117818946163302,9.025205676502278,Stasiun KRL Manggarai,Tier 2: Inner Ring Metro (7-15km),0,0,0,0,0,0,0,0,0,0,0,0,-6.17709245,106.9248755,subdistrict_centroid,1,,"Hunian murah siap huni di Kayu Putih, Jakarta Timur. Bisa langsung sewa!

Spesifikasi: 3 KT, 2 KM, luas 141m2.
Harga sewa: Rp 160 Juta/ Tahun.

Apartemen ini jadi incaran karena akses transportasi umum yang mudah. 

Ayo survei sekarang!

	------------------------------------------------------------

	Di sewa Apartemen Pasadenia pulomas unit hook 3 bedroom hadap timur di kayu putih, pulo gadung, jakarta timur

Luas : 141m2
Posisi Tanah : Hook
Hadap :Timur + Utara
Lantai : 2
Kamar Tidur : 3
"
LST-00064,"Disewakan 2 Bedrooms Fully Furnished di The Belton Residence Cijantung, Jaktim",https://www.99.co/id/properti/apartemen-disewa-72jt-cijantung-cp-1014871133,Jakarta Timur,DKI Jakarta,Jakarta Timur,Jakarta Timur,Apartemen,6000000.0,162162.16216216216,yearly,2,1,2 Bedroom,37.0,14.046467392076,8.881145591034752,Stasiun KRL Depok Baru,Tier 2: Inner Ring Metro (7-15km),1,0,0,0,0,0,0,0,1,0,0,0,-6.32577,106.867989,listing,0,,"Disewakan apartemen hemat di Cijantung, Jakarta Timur.
Memiliki 2 kamar tidur, 1 kamar mandi, serta luas 37m2.
Harga sewa Rp 72 Juta/ Tahun

Area paling strategis. 5 menit ke Stasiun LRT Ciracas, 6 menit ke Stasiun LRT Kampung Rambutan, 6 menit ke LRT Kampung Rambutan

	------------------------------------------------------------

	Hunian strategis, nyaman dan aman di Cijantung yg memiliki akses dan kemudahan mobilitas yang mudah menuju TB Simatupang, Cawang, serta berbagai kawasan bisnis di Jak"
LST-00065,Disewakan Apartemen Tifolia Tipe Studio Lokasi Strategis,https://www.99.co/id/properti/apartemen-disewa-27jt-kayu-putih-cp-1006024634,Jakarta Timur,DKI Jakarta,Jakarta Timur,Jakarta Timur,Apartemen,2250000.0,107142.85714285714,yearly,1,1,Studio / 1BR,21.0,8.777883745205392,5.920650792462112,Stasiun KRL Manggarai,Tier 2: Inner Ring Metro (7-15km),0,0,0,0,0,0,0,0,1,0,0,0,-6.17809,106.89315,listing,0,,"Cari Apartemen Murah?
Tersedia unit di Jakarta Timur dengan 1 KT & 1 KM siap huni.
Harga sewa mulai Rp 27 Juta/ Tahun.

Anda tidak perlu khawatir soal lokasi karena area apartemen ini strategis. 0 menit ke LRT Pulomas Station, 2 menit ke Stasiun LRT Equestrian, 3 menit ke Stasiun LRT Kelapa Gading

	------------------------------------------------------------

	Disewakan Apartemen Tifolia
Jl. Perintis Kemerdekaan No.23
Kayu Putih - Pulo Gadung
Jakarta Timur 13210

Tipe Studio
Luas Bangunan 21m2
"
LST-00066,Disewakan 2 Bedroom Apartemen Cleon Park Full Furnish,https://www.99.co/id/properti/apartemen-disewa-80jt-cakung-cp-1014953411,Jakarta Timur,DKI Jakarta,Cakung,"Cakung, Jakarta Timur",Apartemen,6666666.666666667,111111.11111111111,yearly,2,0,2 Bedroom,60.0,15.20292090505915,8.668463417624288,Stasiun KRL Bekasi,Tier 3: Outer Commuter Ring (15-28km),1,0,0,0,0,0,0,0,1,0,0,0,-6.173440416966585,106.95284645256567,listing,0,,"Apartemen harga terjangkau disewakan di Cakung, Jakarta Timur, Jakarta Timur.
Apartemen ini memiliki 2 kamar tidur & 0 kamar mandi dengan luas 60m2m².
Cocok untuk tempat tinggal strategis dengan harga terjangkau.

5 menit ke Terminal Pulogebang, 11 menit ke Halte Busway Walikota Kota Administrasi Jakarta Timur Arah Terminal Pulo Gebang, 11 menit ke Stasiun LRT Pegangsaan Dua
3 menit ke Sekolah Tinggi Manajemen Informatika & Komputer Laksi 31, 4 menit ke Kampus STIE YPBI, 4 menit ke ISWI Fashion "
LST-00067,Disewakan Apartemen Cleon Park Tipe Studio Nyaman,https://www.99.co/id/properti/apartemen-disewa-5jt-jakarta-garden-city-cp-1014754000,Jakarta Timur,DKI Jakarta,Jakarta Timur,Jakarta Timur,Apartemen,5000000.0,156250.0,monthly,1,1,Studio / 1BR,32.0,15.300112412736741,8.239379108457513,Stasiun KRL Bekasi,Tier 3: Outer Commuter Ring (15-28km),0,0,0,0,0,0,0,0,1,0,0,0,-6.1769249,106.95464,listing,0,,"FOR RENT ONLY. Hunian hemat di Jakarta Garden City, Jakarta Timur.
Apartemen dengan 1 kamar tidur & 1 kamar mandi, pas untuk pasangan muda.
Harga sewa hanya Rp 5 Juta/ Bulan.

4 menit ke Terminal Pulogebang, 10 menit ke Halte Busway Walikota Kota Administrasi Jakarta Timur Arah Terminal Pulo Gebang, 11 menit ke Stasiun Cakung
2 menit ke Sekolah Tinggi Manajemen Informatika & Komputer Laksi 31, 3 menit ke Kampus STIE YPBI, 3 menit ke ISWI Fashion Academy

	----------------------------------------"
LST-00068,Disewakan Cleon Park Apartemen di Lantai 11 Nyaman,https://www.99.co/id/properti/apartemen-disewa-4jt-jakarta-garden-city-cp-1014804366,Jakarta Timur,DKI Jakarta,Jakarta Timur,Jakarta Timur,Apartemen,4500000.0,140625.0,monthly,1,1,Studio / 1BR,32.0,15.300112412736741,8.239379108457513,Stasiun KRL Bekasi,Tier 3: Outer Commuter Ring (15-28km),0,0,0,0,0,0,0,0,1,0,0,0,-6.1769249,106.95464,listing,0,,"Sewa apartemen murah di Jakarta Garden City, Jakarta Timur.
Memiliki 1 kamar tidur, 1 kamar mandi, serta luas 32m2.
Harga sewa Rp 4,5 Juta/ Bulan

Area paling strategis. 4 menit ke Terminal Pulogebang, 10 menit ke Halte Busway Walikota Kota Administrasi Jakarta Timur Arah Terminal Pulo Gebang, 11 menit ke Stasiun Cakung

	------------------------------------------------------------

	Disewakan Cleon Park Apartemen di Lantai 11 Nyaman

Rasakan kenyamanan tinggal di apartemen modern dengan desain "
LST-00069,Disewakan Apartemen 1 Bedroom Mewah di Cleon Park - Best View Bianglala Aeon Jgc,https://www.99.co/id/properti/apartemen-disewa-8jt-cakung-cp-1014731210,Jakarta Timur,DKI Jakarta,Cakung,"Cakung, Jakarta Timur",Apartemen,8500000.0,184782.60869565216,monthly,1,1,Studio / 1BR,46.0,14.31231283197021,9.491555988171282,Stasiun KRL Bekasi,Tier 2: Inner Ring Metro (7-15km),0,0,0,0,0,0,0,0,0,0,0,0,-6.171136856079102,106.9438018798828,listing,0,,"Apartemen hemat di Cakung, Jakarta Timur, Jakarta Timur siap untuk disewa.
Luas 46m2m², 1 kamar tidur, dan 1 kamar mandi.
Harga sewa: Rp 8,5 Juta/ Bulan.
Segera survei.

	------------------------------------------------------------

	Disewakan Apartemen 1 Bedroom Mewah di Cleon Park - Best View Bianglala AEON JGC

Rasakan kenyamanan tinggal di apartemen modern dengan desain minimalis dan sudah dilengkapi furnitur lengkap siap huni. Lokasi strategis di kawasan Jakarta Garden City, dekat dengan pu"
LST-00070,Disewakan Apartemen Studio Mewah di Cleon Park,https://www.99.co/id/properti/apartemen-disewa-7jt-jakarta-garden-city-cp-1014726760,Jakarta Timur,DKI Jakarta,Jakarta Timur,Jakarta Timur,Apartemen,7000000.0,218750.0,monthly,1,1,Studio / 1BR,32.0,15.300112412736741,8.239379108457513,Stasiun KRL Bekasi,Tier 3: Outer Commuter Ring (15-28km),0,0,0,0,0,0,0,0,1,0,0,0,-6.1769249,106.95464,listing,0,,"Hunian hemat siap huni di Jakarta Garden City, Jakarta Timur. Bisa langsung sewa!

Spesifikasi: 1 KT, 1 KM, luas 32m2.
Harga sewa: Rp 7 Juta/ Bulan.

Apartemen ini jadi favorit karena akses transportasi umum yang mudah. 4 menit ke Terminal Pulogebang, 10 menit ke Halte Busway Walikota Kota Administrasi Jakarta Timur Arah Terminal Pulo Gebang, 11 menit ke Stasiun Cakung

Jangan sampai kehabisan unit!

	------------------------------------------------------------

	Disewakan Apartemen Studio Mewah"
LST-00071,Disewakan Harian Type Studio Apartemen Cleon Park Full Furnish,https://www.99.co/id/properti/apartemen-disewa-650rb-cakung-cp-1014953039,Jakarta Timur,DKI Jakarta,Cakung,"Cakung, Jakarta Timur",Apartemen,19500000.0,609375.0,daily,1,1,Studio / 1BR,32.0,14.294461767121582,9.515080170345609,Stasiun KRL Bekasi,Tier 2: Inner Ring Metro (7-15km),1,0,0,0,0,0,0,0,1,0,0,0,-6.17103,106.9436,listing,0,,"[SEWA] Apartemen hemat di Cakung dengan spesifikasi lengkap.
Luas 32m2m², dilengkapi 1 kamar tidur dan 1 kamar mandi.
Harga sewa hanya Rp 650 Ribu/ Hari.

Mengapa apartemen ini menarik untuk disewa? Karena lokasinya strategis. 5 menit ke Terminal Pulogebang, 8 menit ke Stasiun LRT Pegangsaan Dua, 9 menit ke LRT Kelapa Nias

	------------------------------------------------------------

	DISEWAKAN HARIAN TYPE STUDIO APARTEMEN CLEON PARK FULL FURNISH

Rasakan kenyamanan tinggal di apartemen modern"
LST-00072,Disewakan Cleon Park Apartemen Dilantai 21 Mewah Minimalis,https://www.99.co/id/properti/apartemen-disewa-6jt-jakarta-garden-city-cp-1014922469,Jakarta Timur,DKI Jakarta,Jakarta Timur,Jakarta Timur,Apartemen,6000000.0,187500.0,monthly,1,1,Studio / 1BR,32.0,15.300112412736741,8.239379108457513,Stasiun KRL Bekasi,Tier 3: Outer Commuter Ring (15-28km),0,0,0,0,0,0,0,0,1,0,0,0,-6.1769249,106.95464,listing,0,,"Cari Apartemen Murah?
Ada unit di Jakarta Timur dengan 1 KT & 1 KM siap huni.
Harga sewa mulai Rp 6 Juta/ Bulan.

Anda tidak perlu khawatir soal lokasi karena area apartemen ini strategis. 4 menit ke Terminal Pulogebang, 10 menit ke Halte Busway Walikota Kota Administrasi Jakarta Timur Arah Terminal Pulo Gebang, 11 menit ke Stasiun Cakung

	------------------------------------------------------------

	Disewakan Cleon Park Apartemen Dilantai 21 Mewah Minimalis

Rasakan kenyamanan tinggal di apar"
LST-00073,Disewakan Cleon Park Apartemen View Bianglala Aeon Mall Jgc,https://www.99.co/id/properti/apartemen-disewa-5jt-jakarta-garden-city-cp-1015019557,Jakarta Timur,DKI Jakarta,Jakarta Timur,Jakarta Timur,Apartemen,5500000.0,171875.0,monthly,1,1,Studio / 1BR,32.0,15.300112412736741,8.239379108457513,Stasiun KRL Bekasi,Tier 3: Outer Commuter Ring (15-28km),0,0,0,0,0,0,0,0,1,0,0,0,-6.1769249,106.95464,listing,0,,"Hunian murah siap huni di Jakarta Garden City, Jakarta Timur. Bisa langsung sewa!

Spesifikasi: 1 KT, 1 KM, luas 32m2.
Harga sewa: Rp 5,5 Juta/ Bulan.

Apartemen ini jadi favorit karena akses transportasi umum yang mudah. 4 menit ke Terminal Pulogebang, 10 menit ke Halte Busway Walikota Kota Administrasi Jakarta Timur Arah Terminal Pulo Gebang, 11 menit ke Stasiun Cakung

Jangan sampai kehabisan unit!

	------------------------------------------------------------

	Disewakan Cleon Park Apartemen"
LST-00074,Disewakan Apartemen Green Lake Sunter Tipe 2Br Furnished,https://www.99.co/id/properti/apartemen-disewa-44jt-sunter-cp-1015067203,Jakarta Utara,DKI Jakarta,Jakarta Utara,Jakarta Utara,Apartemen,3666666.6666666665,87301.5873015873,yearly,2,1,2 Bedroom,42.0,9.40503224265084,8.052302498261486,Stasiun KRL Tanah Abang,Tier 2: Inner Ring Metro (7-15km),0,0,0,1,0,0,0,1,0,0,0,0,-6.13717,106.865242,listing,0,,"Butuh Hunian Hemat?
Tersedia unit di Jakarta Utara dengan 2 KT & 1 KM siap huni.
Harga sewa mulai Rp 44 Juta/ Tahun.

Anda tak perlu khawatir tentang lokasi karena area apartemen ini strategis. 1 menit ke Halte Nusantara, 1 menit ke Halte Sunter Karya, 2 menit ke Halte Bus Smp 140

	------------------------------------------------------------

	Disewakan Apartemen Green Lake Sunter Tipe  2BR Furnished

Terdapat AC dan Furnished lengkap dan Fasilitas Lengkap (Kolang renang, GYM, Laundry, Indomare"
LST-00075,Disewakan Apartemen Green Lake Sunter Studio Semi Furnished,https://www.99.co/id/properti/apartemen-disewa-23jt-sunter-cp-1011768457,Jakarta Utara,DKI Jakarta,Jakarta Utara,Jakarta Utara,Apartemen,1958333.3333333333,93253.96825396825,yearly,0,1,Studio / 1BR,21.0,9.40503224265084,8.052302498261486,Stasiun KRL Tanah Abang,Tier 2: Inner Ring Metro (7-15km),0,1,0,1,0,0,0,1,0,0,0,0,-6.13717,106.865242,listing,0,,"Apartemen terjangkau untuk disewa di Jakarta Utara.

Unit ini memiliki 0 kamar tidur dan 1 kamar mandi.
Harga Rp 23,5 Juta/ Tahun, cocok untuk hunian bagus dan strategis ini.

Lokasinya strategis. 1 menit ke Halte Nusantara, 1 menit ke Halte Sunter Karya, 2 menit ke Halte Bus Smp 140

	------------------------------------------------------------

	Disewakan Apartemen Green Lake Sunter Tipe Studio Semi Furnished

Terdapat AC dan Furnished  
Fasilitas Lengkap (Kolang renang, GYM, Laundry, Indomare"
LST-00076,Disewakan Apartemen Green Lake Sunter Tipe 2 Br Unfurnish,https://www.99.co/id/properti/apartemen-disewa-25jt-sunter-cp-1015067431,Jakarta Utara,DKI Jakarta,Jakarta Utara,Jakarta Utara,Apartemen,2083333.3333333333,57870.370370370365,yearly,2,1,2 Bedroom,36.0,9.40503224265084,8.052302498261486,Stasiun KRL Tanah Abang,Tier 2: Inner Ring Metro (7-15km),0,0,0,1,0,0,0,1,0,0,0,0,-6.13717,106.865242,listing,0,,"Butuh Hunian Hemat?
Tersedia unit di Jakarta Utara dengan 2 KT & 1 KM siap huni.
Harga sewa mulai Rp 25 Juta/ Tahun.

Anda tidak perlu khawatir soal lokasi karena area apartemen ini strategis. 1 menit ke Halte Nusantara, 1 menit ke Halte Sunter Karya, 2 menit ke Halte Bus Smp 140

	------------------------------------------------------------

	Disewakan Apartemen Green Lake Sunter Tipe  2BR Unfurnish

Terdapat AC dan Furnished lengkap dan Fasilitas Lengkap (Kolang renang, GYM, Laundry, Indomaret"
LST-00077,Disewakan Apartemen Green Lake Sunter Tipw Studio Furnished,https://www.99.co/id/properti/apartemen-disewa-24jt-sunter-cp-1015090618,Jakarta Utara,DKI Jakarta,Jakarta Utara,Jakarta Utara,Apartemen,2000000.0,100000.0,yearly,0,0,Studio / 1BR,20.0,9.40503224265084,8.052302498261486,Stasiun KRL Tanah Abang,Tier 2: Inner Ring Metro (7-15km),0,0,0,1,0,0,0,1,0,0,0,0,-6.13717,106.865242,listing,0,,"Apartemen harga hemat untuk disewa di Jakarta Utara.

Unit ini memiliki 0 kamar tidur dan 0 kamar mandi.
Harga Rp 24 Juta/ Tahun, cocok untuk hunian bagus dan strategis ini.

Lokasinya strategis. 1 menit ke Halte Nusantara, 1 menit ke Halte Sunter Karya, 2 menit ke Halte Bus Smp 140

	------------------------------------------------------------

	Disewakan Apartemen Green Lake Sunter Tipe Studio Furnished

Terdapat AC dan Furnished lengkap dan Fasilitas Lengkap (Kolang renang, GYM, Laundry, Indo"
LST-00078,Disewakan Apartemen Green Lake Sunter Tipe Studio Semifurnish,https://www.99.co/id/properti/apartemen-disewa-22jt-sunter-cp-1015090850,Jakarta Utara,DKI Jakarta,Jakarta Utara,Jakarta Utara,Apartemen,1875000.0,93750.0,yearly,0,1,Studio / 1BR,20.0,9.40503224265084,8.052302498261486,Stasiun KRL Tanah Abang,Tier 2: Inner Ring Metro (7-15km),0,1,0,1,0,0,0,1,0,0,0,0,-6.13717,106.865242,listing,0,,"Apartemen harga hemat untuk disewa di Jakarta Utara.

Unit ini memiliki 0 kamar tidur dan 1 kamar mandi.
Harga Rp 22,5 Juta/ Tahun, cocok untuk hunian bagus dan strategis ini.

Lokasinya strategis. 1 menit ke Halte Nusantara, 1 menit ke Halte Sunter Karya, 2 menit ke Halte Bus Smp 140

	------------------------------------------------------------

	Disewakan Apartemen Green Lake Sunter Tipe Studio Furnished

Terdapat AC dan Furnished lengkap dan Fasilitas Lengkap (Kolang renang, GYM, Laundry, In"
LST-00079,"Apart Moi Disewakan, Tower Miami, Luas: 45M² Dg2 Kamar Tidur",https://www.99.co/id/properti/apartemen-disewa-60jt-kelapa-gading-cp-1013411939,Jakarta Utara,DKI Jakarta,Kelapa Gading,"Kelapa Gading, Jakarta Utara",Apartemen,5000000.0,111111.11111111111,yearly,2,1,2 Bedroom,45.0,10.667378438399515,8.037634400035223,Stasiun KRL Manggarai,Tier 2: Inner Ring Metro (7-15km),0,0,0,0,0,0,0,0,1,0,0,0,-6.16076844,106.9035302,listing,0,,"Disewakan apartemen murah di Kelapa Gading, Jakarta Utara, Jakarta Utara.

Memiliki 2 kamar tidur, 1 kamar mandi, dan luas 45m2.
Harga sewa: Rp 60 Juta/ Tahun.
Segera hubungi kami sekarang.

1 menit ke Stasiun LRT Boulevard Utara 2, 1 menit ke Stasiun Stasiun Blvd Utara, 1 menit ke Stasiun LRT Boulevard Utara 1
0 menit ke STT REM (STT RAHMAT EMMANUEL JAKARTA), 0 menit ke STIE UniSadhuGuna (UBS Business School), 3 menit ke IKI Jakarta (Institut Kesehatan Indonesia Jakarta)

	---------------------"
LST-00080,Disewakan Apartment Cityhome Mall Of Indonesia,https://www.99.co/id/properti/apartemen-disewa-85jt-kelapa-gading-cp-1014830998,Jakarta Utara,DKI Jakarta,Kelapa Gading,"Kelapa Gading, Jakarta Utara",Apartemen,7083333.333333333,157407.4074074074,yearly,2,1,2 Bedroom,45.0,10.667378438399515,8.037634400035223,Stasiun KRL Manggarai,Tier 2: Inner Ring Metro (7-15km),1,0,0,0,0,0,0,0,1,0,0,0,-6.16076844,106.9035302,listing,0,,"[SEWA] Apartemen murah di Kelapa Gading dengan spesifikasi lengkap.
Luas 45m2m², dilengkapi 2 kamar tidur dan 1 kamar mandi.
Harga sewa hanya Rp 85 Juta/ Tahun.

Mengapa unit ini menarik untuk disewa? Karena lokasinya strategis. 1 menit ke Stasiun LRT Boulevard Utara 2, 1 menit ke Stasiun Stasiun Blvd Utara, 1 menit ke Stasiun LRT Boulevard Utara 1

	------------------------------------------------------------

	Santamonica bay
lt.19
New Fullyfurnished


"
LST-00081,"Apartemen Disewa Murah 3 KT / 2 KM di Kelapa Gading, Jakarta Utara",https://www.99.co/id/properti/apartemen-disewa-120jt-kelapa-gading-cp-1013456442,Jakarta Utara,DKI Jakarta,Kelapa Gading,"Kelapa Gading, Jakarta Utara",Apartemen,10000000.0,113636.36363636363,yearly,3,2,3 Bedroom,88.0,10.667378438399515,8.037634400035223,Stasiun KRL Manggarai,Tier 2: Inner Ring Metro (7-15km),0,0,0,0,0,0,0,0,1,0,0,0,-6.16076844,106.9035302,listing,0,,"Apartemen harga terjangkau disewakan di Kelapa Gading, Jakarta Utara, Jakarta Utara.
Apartemen ini memiliki 3 kamar tidur & 2 kamar mandi dengan luas 88m2m².
Cocok untuk tempat tinggal praktis dengan harga terjangkau.

1 menit ke Stasiun LRT Boulevard Utara 2, 1 menit ke Stasiun Stasiun Blvd Utara, 1 menit ke Stasiun LRT Boulevard Utara 1
0 menit ke STT REM (STT RAHMAT EMMANUEL JAKARTA), 0 menit ke STIE UniSadhuGuna (UBS Business School), 3 menit ke IKI Jakarta (Institut Kesehatan Indonesia Jaka"
LST-00082,Disewakan The Royal Kensington Kelapa Gading,https://www.99.co/id/properti/apartemen-disewa-90jt-kelapa-gading-cp-1013451907,Jakarta Utara,DKI Jakarta,Kelapa Gading,"Kelapa Gading, Jakarta Utara",Apartemen,7500000.0,241935.48387096773,yearly,0,0,Studio / 1BR,31.0,10.667378438399515,8.037634400035223,Stasiun KRL Manggarai,Tier 2: Inner Ring Metro (7-15km),0,0,0,0,0,0,0,0,0,0,0,0,-6.16076844,106.9035302,listing,0,,"Apartemen disewa murah:
- 0 Bedroom
- 0 Bathroom
- Luas 31m2
- Lokasi: Kelapa Gading, Jakarta Utara, Jakarta Utara
- Harga: Rp 90 Juta/ Tahun

Hubungi sekarang!

	------------------------------------------------------------

	Disewakan Kensington 1 BR
bagus,bersih,Rapi
strategis
nego

"
LST-00083,Apartemen French Walk Lourdes Garden di Kelapa Gading Jakut,https://www.99.co/id/properti/apartemen-disewa-135jt-kelapa-gading-cp-1012960548,Jakarta Utara,DKI Jakarta,Kelapa Gading,"Kelapa Gading, Jakarta Utara",Apartemen,11250000.0,95338.98305084746,yearly,3,1,3 Bedroom,118.0,10.667378438399515,8.037634400035223,Stasiun KRL Manggarai,Tier 2: Inner Ring Metro (7-15km),0,0,0,0,0,0,0,0,0,0,0,0,-6.16076844,106.9035302,listing,0,,"Apartemen disewa murah:
- 3 Bedroom
- 1 Bathroom
- Luas 118m2
- Lokasi: Kelapa Gading, Jakarta Utara, Jakarta Utara
- Harga: Rp 135 Juta/ Tahun

Jangan sampai terlewat!

	------------------------------------------------------------

	Di sewakan
Lordes garden
3+1 BR
118m2
135jt/thn

"
LST-00084,Disewakan Apartment Moi Cityhome Kelapa Gading,https://www.99.co/id/properti/apartemen-disewa-90jt-kelapa-gading-cp-1014831027,Jakarta Utara,DKI Jakarta,Kelapa Gading,"Kelapa Gading, Jakarta Utara",Apartemen,7500000.0,166666.66666666666,yearly,2,1,2 Bedroom,45.0,10.667378438399515,8.037634400035223,Stasiun KRL Manggarai,Tier 2: Inner Ring Metro (7-15km),1,0,0,0,0,0,0,0,1,0,0,0,-6.16076844,106.9035302,listing,0,,"Apartemen harga terjangkau untuk disewa:
- Lokasi: Kelapa Gading, Jakarta Utara, Jakarta Utara
- 2 Kamar Tidur
- 1 Kamar Mandi
- Luas 45m2
- Harga: Rp 90 Juta/ Tahun

Lokasi strategis. 1 menit ke Stasiun LRT Boulevard Utara 2, 1 menit ke Stasiun Stasiun Blvd Utara, 1 menit ke Stasiun LRT Boulevard Utara 1

	------------------------------------------------------------

	Hawaian bay lt.21
New Fully furnished


"
LST-00085,Disewakan Apartment Sanfransiscobay Mall Of Indonesia,https://www.99.co/id/properti/apartemen-disewa-95jt-kelapa-gading-cp-1015036158,Jakarta Utara,DKI Jakarta,Kelapa Gading,"Kelapa Gading, Jakarta Utara",Apartemen,7916666.666666667,175925.92592592593,yearly,2,1,2 Bedroom,45.0,10.667378438399515,8.037634400035223,Stasiun KRL Manggarai,Tier 2: Inner Ring Metro (7-15km),0,0,0,0,0,0,0,0,1,0,0,0,-6.16076844,106.9035302,listing,0,,"SEWA apartemen minimalis di Kelapa Gading, Jakarta Utara, Jakarta Utara.
Unit 2 KT, 1 KM, luas 45m2.
Harga sewa Rp 95 Juta/ Tahun.
Buruan survei!

1 menit ke Stasiun LRT Boulevard Utara 2, 1 menit ke Stasiun Stasiun Blvd Utara, 1 menit ke Stasiun LRT Boulevard Utara 1
0 menit ke STT REM (STT RAHMAT EMMANUEL JAKARTA), 0 menit ke STIE UniSadhuGuna (UBS Business School), 3 menit ke IKI Jakarta (Institut Kesehatan Indonesia Jakarta)

	------------------------------------------------------------

	Di"
LST-00086,"Apartemen Gold Coast Pik, 1 br Siap Huni Fully Furnish",https://www.99.co/id/properti/apartemen-disewa-90jt-pantai-indah-kapuk-cp-1014948093,Jakarta Utara,DKI Jakarta,Jakarta Utara,Jakarta Utara,Apartemen,7500000.0,170454.54545454544,yearly,1,1,Studio / 1BR,44.0,14.675786961931234,12.023318175087477,Stasiun KRL Tanah Abang,Tier 2: Inner Ring Metro (7-15km),1,0,0,0,0,0,0,0,0,0,0,0,-6.102623,106.74115,listing,0,,"Apartemen harga hemat untuk disewa di Jakarta Utara.

Unit ini memiliki 1 kamar tidur dan 1 kamar mandi.
Harga Rp 90 Juta/ Tahun, cocok untuk hunian bagus dan strategis ini.

Lokasinya strategis. 3 menit ke Interchange PIK, 8 menit ke Halte Dian, 11 menit ke Halte Sentraland Cengkareng

	------------------------------------------------------------

	Apartemen di Pantai Indah Kapuk.

Cek segera apartemen 3 lantai yang asri ini,  disewakan menghadirkan lingkungan fasilitas yang lengkap, cocok untu"
LST-00087,"Apartemen Siap Pakai 2 Kamar dengan Harga Terjangkau di Area Kelapa Gading, Jakarta Utara",https://www.99.co/id/properti/apartemen-disewa-52jt-kelapa-gading-cp-1013574628,Jakarta Utara,DKI Jakarta,Kelapa Gading,"Kelapa Gading, Jakarta Utara",Apartemen,4333333.333333333,123809.5238095238,yearly,2,1,2 Bedroom,35.0,10.291799654101997,8.136732390748026,Stasiun KRL Manggarai,Tier 2: Inner Ring Metro (7-15km),1,0,0,0,0,0,0,0,0,0,0,0,-6.149078286568383,106.89112386910205,listing,0,,"[SEWA] Apartemen murah di Kelapa Gading dengan spesifikasi lengkap.
Luas 35m2m², dilengkapi 2 kamar tidur dan 1 kamar mandi.
Harga sewa hanya Rp 52 Juta/ Tahun.

Mengapa apartemen ini menarik untuk disewa? Karena lokasinya strategis. 1 menit ke Halte Sunter Boulevard Barat, 1 menit ke Halte Kali Sunter, 2 menit ke Halte Arta Gading

	------------------------------------------------------------

	Disewakan cepat ;

Aptm - Moi 
Siap huni dan rapi
35m2 
City view 
Fully furnished 
2 Bedroom
1 kmrma"
LST-00088,"Disewakan Segera Apartemen Strategis 1 KT, 1 KM di Kawasan Kelapa Gading",https://www.99.co/id/properti/apartemen-disewa-45jt-kelapa-gading-cp-1014002145,Jakarta Utara,DKI Jakarta,Kelapa Gading,"Kelapa Gading, Jakarta Utara",Apartemen,3750000.0,133928.57142857142,yearly,1,1,Studio / 1BR,28.0,10.667378438399515,8.037634400035223,Stasiun KRL Manggarai,Tier 2: Inner Ring Metro (7-15km),0,0,0,0,0,0,0,0,1,0,0,0,-6.16076844,106.9035302,listing,0,,"Disewakan apartemen hemat di Kelapa Gading, Jakarta Utara, Jakarta Utara.

Memiliki 1 kamar tidur, 1 kamar mandi, dan luas 28m2.
Harga sewa: Rp 45 Juta/ Tahun.
Jadwalkan survei sekarang.

1 menit ke Stasiun LRT Boulevard Utara 2, 1 menit ke Stasiun Stasiun Blvd Utara, 1 menit ke Stasiun LRT Boulevard Utara 1
0 menit ke STT REM (STT RAHMAT EMMANUEL JAKARTA), 0 menit ke STIE UniSadhuGuna (UBS Business School), 3 menit ke IKI Jakarta (Institut Kesehatan Indonesia Jakarta)

	------------------------"
LST-00089,Disewakan Segera Apartemen Minimalis 2 KT di Kawasan Kelapa Gading,https://www.99.co/id/properti/apartemen-disewa-70jt-kelapa-gading-cp-1013593662,Jakarta Utara,DKI Jakarta,Kelapa Gading,"Kelapa Gading, Jakarta Utara",Apartemen,5833333.333333333,129629.62962962962,yearly,2,1,2 Bedroom,45.0,10.667378438399515,8.037634400035223,Stasiun KRL Manggarai,Tier 2: Inner Ring Metro (7-15km),0,0,0,0,0,0,0,0,1,0,0,0,-6.16076844,106.9035302,listing,0,,"Apartemen terjangkau di kawasan Jakarta Utara.
Dengan 2 kamar tidur dan 1 kamar mandi, unit ini cocok untuk Anda atau keluarga kecil.
Harga sewa: Rp 70 Juta/ Tahun.

1 menit ke Stasiun LRT Boulevard Utara 2, 1 menit ke Stasiun Stasiun Blvd Utara, 1 menit ke Stasiun LRT Boulevard Utara 1
0 menit ke STT REM (STT RAHMAT EMMANUEL JAKARTA), 0 menit ke STIE UniSadhuGuna (UBS Business School), 3 menit ke IKI Jakarta (Institut Kesehatan Indonesia Jakarta)

	----------------------------------------------"
LST-00090,"Sewa Sekarang Apartemen Strategis 2 KT, 1 KM di Kawasan Kelapa Gading",https://www.99.co/id/properti/apartemen-disewa-75jt-kelapa-gading-cp-1013625266,Jakarta Utara,DKI Jakarta,Kelapa Gading,"Kelapa Gading, Jakarta Utara",Apartemen,6250000.0,138888.88888888888,yearly,2,1,2 Bedroom,45.0,10.667378438399515,8.037634400035223,Stasiun KRL Manggarai,Tier 2: Inner Ring Metro (7-15km),0,0,0,0,0,0,0,0,1,0,0,0,-6.16076844,106.9035302,listing,0,,"DISEWA apartemen minimalis di Kelapa Gading, Jakarta Utara, Jakarta Utara.
Unit 2 KT, 1 KM, luas 45m2.
Harga sewa Rp 75 Juta/ Tahun.
Buruan survei!

1 menit ke Stasiun LRT Boulevard Utara 2, 1 menit ke Stasiun Stasiun Blvd Utara, 1 menit ke Stasiun LRT Boulevard Utara 1
0 menit ke STT REM (STT RAHMAT EMMANUEL JAKARTA), 0 menit ke STIE UniSadhuGuna (UBS Business School), 3 menit ke IKI Jakarta (Institut Kesehatan Indonesia Jakarta)

	------------------------------------------------------------

	"
LST-00091,Apt. Siap Huni 2Br Fully Furished Sherwood Regent Kelapa Gading,https://www.99.co/id/properti/apartemen-disewa-185jt-kelapa-gading-cp-1014419452,Jakarta Utara,DKI Jakarta,Kelapa Gading,"Kelapa Gading, Jakarta Utara",Apartemen,15416666.666666666,128472.22222222222,yearly,2,2,2 Bedroom,120.0,10.667378438399515,8.037634400035223,Stasiun KRL Manggarai,Tier 2: Inner Ring Metro (7-15km),1,0,0,0,0,0,0,0,1,0,0,0,-6.16076844,106.9035302,listing,0,,"Apartemen harga terjangkau untuk disewa:
- Lokasi: Kelapa Gading, Jakarta Utara, Jakarta Utara
- 2 Kamar Tidur
- 2 Kamar Mandi
- Luas 120m2
- Harga: Rp 185 Juta/ Tahun

Lokasi strategis. 1 menit ke Stasiun LRT Boulevard Utara 2, 1 menit ke Stasiun Stasiun Blvd Utara, 1 menit ke Stasiun LRT Boulevard Utara 1

	------------------------------------------------------------

	DISEWAKAN :

Apt. Siap huni, Modern
@ Sherwood Regent
Kelapa Gading 

2 BR 
120m2 
2+1  bedroom,
 2+1 bathroom
Fully furnished"
LST-00092,Hunian Strategis 48m2 di Pluit Jakarta Utara 2 KT,https://www.99.co/id/properti/apartemen-disewa-35jt-pluit-cp-1013722002,Jakarta Utara,DKI Jakarta,Jakarta Utara,Jakarta Utara,Apartemen,2916666.6666666665,60763.88888888888,yearly,2,1,2 Bedroom,48.0,11.115110459512994,8.339815295590071,Stasiun KRL Tanah Abang,Tier 2: Inner Ring Metro (7-15km),0,0,0,0,0,0,0,0,0,0,0,0,-6.11555,106.783783,listing,0,,"Apartemen harga hemat untuk disewa di Jakarta Utara.

Unit ini memiliki 2 kamar tidur dan 1 kamar mandi.
Harga Rp 35 Juta/ Tahun, cocok untuk hunian bagus dan strategis ini.

Lokasinya strategis. 1 menit ke Halte Muara Karang Raya, 2 menit ke Halte Pluit, 2 menit ke Halte Pluit Senen

	------------------------------------------------------------

	Apartment dgn luas 45m², 2 bedroom, view Mall, cocok untuk pasangan muda,  lokasi strategis dekdt Mall tinggal jalan kaki turun , tidak perlu repot2 l"
LST-00093,Apartemen Goldcoast 1 Bedroom Full Furnished,https://www.99.co/id/properti/apartemen-disewa-55jt-pantai-indah-kapuk-cp-1014451686,Jakarta Utara,DKI Jakarta,Jakarta Utara,Jakarta Utara,Apartemen,4583333.333333333,134803.92156862744,yearly,1,1,Studio / 1BR,34.0,14.180153801323625,11.565106081133415,Stasiun KRL Tanah Abang,Tier 2: Inner Ring Metro (7-15km),1,0,0,0,0,0,0,1,0,0,0,0,-6.1091303,106.7399855,listing,0,,"Apartemen terjangkau untuk disewa di Jakarta Utara.

Unit ini memiliki 1 kamar tidur dan 1 kamar mandi.
Harga Rp 55 Juta/ Tahun, cocok untuk hunian bagus dan strategis ini.

Lokasinya strategis. 3 menit ke Interchange PIK, 8 menit ke Halte Dian, 9 menit ke Halte Sentraland Cengkareng

	------------------------------------------------------------

	Apartemen goldcoast
Tower Honolulu 
Akses langsung Gym
Lantai sedang
1 Bedroom 34m²
View laut
Full furnished

75 juta negotiable
 #228083

"
LST-00094,"Apartemen Disewakan 0 Kamar Murah Siap Huni di Tangerang, Luas 81m2",https://www.99.co/id/properti/apartemen-disewa-55jt-alam-sutera-cp-1013818710,Tangerang,Banten,Tangerang,Tangerang,Apartemen,4583333.333333333,56584.36213991769,yearly,0,0,Studio / 1BR,81.0,18.284828570200347,7.452438556339252,Stasiun KRL Tangerang,Tier 3: Outer Commuter Ring (15-28km),0,0,0,0,0,0,0,0,0,0,0,0,-6.2391299,106.6574236,listing,0,,"Butuh Hunian Hemat?
Tersedia unit di Tangerang dengan 0 KT & 0 KM siap huni.
Harga sewa mulai Rp 55 Juta/ Tahun.

Anda tak perlu khawatir soal lokasi karena area apartemen ini strategis. 2 menit ke SutraLoop

	------------------------------------------------------------

	Pusat perbelanjaan: Living World Alam Sutera (sekitar 200-750 m), serta Mall  Alam Sutera untuk kebutuhan belanja, hiburan, dan kuliner.
Kesehatan: RS EMC Alam Sutera berada sekitar 600 m-1 km dari apartemen, sehingga mudah dia"
LST-00095,Apartemen Strategis 68m2 di BSD City Tangerang 3 KT,https://www.99.co/id/properti/apartemen-disewa-13jt-bsd-city-cp-1013739058,Tangerang,Banten,Tangerang,Tangerang,Apartemen,13500000.0,198529.41176470587,monthly,3,1,3 Bedroom,68.0,21.559623780199882,3.9006385386512155,Stasiun KRL Rawabuntu (BSD),Tier 3: Outer Commuter Ring (15-28km),0,0,0,0,0,0,0,0,1,0,0,0,-6.3039929,106.6500744,listing,0,,"Hunian murah siap huni di BSD City, Tangerang. Bisa langsung sewa!

Spesifikasi: 3 KT, 1 KM, luas 68m2.
Harga sewa: Rp 13,5 Juta/ Bulan.

Apartemen ini jadi incaran karena akses transportasi umum yang mudah. 6 menit ke Stasiun Cisauk, 7 menit ke Stasiun Serpong, 9 menit ke Stasiun Rawa Buntu

Jangan sampai kehabisan unit!

	------------------------------------------------------------

	Akses ke Aeon Mal BSD boleh sewa bulanan #287719

"
LST-00096,Apartemen di Lippo Karawaci 1 Br Full Furnished,https://www.99.co/id/properti/apartemen-disewa-60jt-lippo-karawaci-cp-1014404487,Tangerang,Banten,Tangerang,Tangerang,Apartemen,5000000.0,70422.5352112676,yearly,1,1,Studio / 1BR,71.0,23.314168810356414,6.136740871239539,Stasiun KRL Tangerang,Tier 3: Outer Commuter Ring (15-28km),1,0,0,0,0,0,0,0,0,0,0,0,-6.22692,106.609879,listing,0,,"Butuh Hunian Hemat?
Ada unit di Tangerang dengan 1 KT & 1 KM siap huni.
Harga sewa mulai Rp 60 Juta/ Tahun.

Anda tidak perlu khawatir tentang lokasi karena area apartemen ini strategis. 13 menit ke Terminal Cimone

	------------------------------------------------------------

	DI SEWA APARTEMEN U RESIDENCE 1 , FULLY FURNISHED,  VIEW GOLF, 1 BR  
Sewa Apartment
APARTEMEN U RESIDENCE LIPPO KARAWACI - Tangerang
LT 71 LB 71
KT 1 KM 1
Listrik 2200
Rp 60.000.000 
HGB
Hadap Utara

Spesifikasi 

Luas "
LST-00097,"Unit Apartemen Pacific Garden, Siap Huni dan Full Furnish",https://www.99.co/id/properti/apartemen-disewa-45jt-alam-sutera-cp-1014471179,Tangerang,Banten,Tangerang,Tangerang,Apartemen,3750000.0,150000.0,yearly,0,1,Studio / 1BR,25.0,18.70666064640257,8.09954934668883,Stasiun KRL Rawabuntu (BSD),Tier 3: Outer Commuter Ring (15-28km),1,0,0,0,0,0,1,0,0,0,0,0,-6.25276,106.656647,listing,0,,"Disewakan apartemen murah di Alam Sutera, Tangerang.
Memiliki 0 kamar tidur, 1 kamar mandi, serta luas 25m2.
Harga sewa Rp 45 Juta/ Tahun

Area paling strategis. 3 menit ke SutraLoop

	------------------------------------------------------------

	Unit Apartemen Pacific Garden, Siap Huni dan Full Furnish


Type Studio
Full Furnished
Tower C
Lantai 7
Luas 25.45m²
View Pool

Hrg Sewa= 45JT / TH

Hubungi 
Atik Siregar 
GP Sentul 

"
LST-00098,"Hunian Apartemen Disewakan Terjangkau 22m2 di Tangerang, Cocok untuk Tempat Tinggal Anda",https://www.99.co/id/properti/apartemen-disewa-37jt-tangerang-cp-1013870678,Tangerang,Banten,Tangerang,"Tangerang, Tangerang",Apartemen,3083333.3333333335,140151.51515151517,yearly,1,1,Studio / 1BR,22.0,20.42335872496948,1.1368551714787927,Stasiun KRL Tangerang,Tier 3: Outer Commuter Ring (15-28km),0,0,0,0,0,0,0,0,1,0,0,0,-6.18622,106.63665,listing,0,,"DISEWA apartemen murah di Tangerang, Tangerang, Tangerang.
Unit 1 KT, 1 KM, luas 22m2.
Harga sewa Rp 37 Juta/ Tahun.
Buruan survei!

3 menit ke Stasiun Tangerang, 4 menit ke Stasiun Tanah Tinggi, 6 menit ke Terminal Cimone
0 menit ke SMK Yuppentek 1 Tangerang, 1 menit ke Universitas Islam Syekh Yusuf (UNIS), 1 menit ke Sekolah Tinggi Manajemen Informatika Dan Komputer (STMIK)

	------------------------------------------------------------

	Disewakan Apartemen Collins Boulevard Serpong Tipe Studi"
LST-00099,"Disewakan Unit Apartemen Pacific Garden,Alam Sutera Type Studio",https://www.99.co/id/properti/apartemen-disewa-45jt-alam-sutera-cp-1014461420,Tangerang,Banten,Tangerang,Tangerang,Apartemen,3750000.0,150000.0,yearly,1,1,Studio / 1BR,25.0,18.70666064640257,8.09954934668883,Stasiun KRL Rawabuntu (BSD),Tier 3: Outer Commuter Ring (15-28km),1,0,0,0,0,0,1,0,0,0,0,0,-6.25276,106.656647,listing,0,,"Apartemen terjangkau untuk disewa di Tangerang.

Unit ini memiliki 1 kamar tidur dan 1 kamar mandi.
Harga Rp 45 Juta/ Tahun, cocok untuk hunian bagus dan strategis ini.

Lokasinya strategis. 3 menit ke SutraLoop

	------------------------------------------------------------

	Disewakan Unit Apartemen Pacific Garden,Alam Sutera Type Studio 

Type Studio
Full Furnished
Tower C
Lantai 7
Luas 25.45m²
View Pool

Hrg Sewa= 45JT / TH

Hubungi 
Ummie 
GP Sentul City 

//krn

"
LST-00100,Disewakan Cepat Apartemen Upper West Semi Furnished Siap Pakai di BSD City,https://www.99.co/id/properti/apartemen-disewa-125jt-bsd-city-cp-1010965772,Tangerang,Banten,Tangerang,Tangerang,Apartemen,10416666.666666666,117041.19850187266,yearly,2,2,2 Bedroom,89.0,17.014475657921245,4.4103487765652165,Stasiun KRL Rawabuntu (BSD),Tier 3: Outer Commuter Ring (15-28km),0,1,0,0,0,0,0,0,1,0,0,0,-6.28217,106.684921,listing,0,,"FOR RENT ONLY. Hunian ekonomis di BSD City, Tangerang.
Apartemen dengan 2 kamar tidur & 2 kamar mandi, cocok untuk pasangan muda.
Harga sewa hanya Rp 125 Juta/ Tahun.

8 menit ke Tol Serpong, 10 menit ke Stasiun Rawa Buntu, 11 menit ke Stasiun Sudimara
3 menit ke SMA Islam Al-Azhar BSD, 5 menit ke Eleven Stars, 5 menit ke SMAN 11 Tangerang Selatan

	------------------------------------------------------------

	DISEWAKAN

Apt. Upper West 
BSD City

Posisi Corner
LB : 89 m2
KT : 2
KM : 2
Listrik "
LST-00101,Sewa Sky House Alam Sutera 2Br Full Furnished View City,https://www.99.co/id/properti/apartemen-disewa-60jt-alam-sutera-cp-1015024892,Tangerang,Banten,Tangerang,Tangerang,Apartemen,5000000.0,104166.66666666667,yearly,2,1,2 Bedroom,48.0,18.70666064640257,8.09954934668883,Stasiun KRL Rawabuntu (BSD),Tier 3: Outer Commuter Ring (15-28km),1,0,0,0,0,0,0,0,0,0,0,0,-6.25276,106.656647,listing,0,,"Sewa apartemen hemat di Alam Sutera, Tangerang.
Memiliki 2 kamar tidur, 1 kamar mandi, serta luas 48m2.
Harga sewa Rp 60 Juta/ Tahun

Area paling strategis. 3 menit ke SutraLoop

	------------------------------------------------------------

	:fire: DISEWAKAN - APARTEMEN PREMIUM SKY HOUSE ALAM SUTERA :fire:

 Sky House Alam Sutera - Tangerang
Lokasi strategis di jantung kawasan Alam Sutera, dekat kampus, mall, akses tol, dan pusat bisnis. Cocok untuk profesional muda, pasangan, maupun ekspatriat"
LST-00102,"Apartemen Sewa 1 Kamar Hemat Siap Huni di Tangerang, Luas 28m2",https://www.99.co/id/properti/apartemen-disewa-34jt-gading-serpong-cp-1013704343,Tangerang,Banten,Tangerang,Tangerang,Apartemen,2833333.3333333335,101190.4761904762,yearly,1,1,Studio / 1BR,28.0,20.371621719416744,5.1115596333950215,Stasiun KRL Tangerang,Tier 3: Outer Commuter Ring (15-28km),1,0,0,0,0,0,0,0,0,0,0,0,-6.22255,106.63623,listing,0,,"Hunian murah siap huni di Gading Serpong, Tangerang. Bisa langsung sewa!

Spesifikasi: 1 KT, 1 KM, luas 28m2.
Harga sewa: Rp 34 Juta/ Tahun.

Apartemen ini jadi incaran karena akses transportasi umum yang mudah. 8 menit ke SutraLoop, 13 menit ke Terminal Cimone

Ayo survei sekarang!

	------------------------------------------------------------

	Disewakan Apartemen M-Town Type Studio - Gading Serpong 
Fully Furnished - Siap Huni - Nyaman & Strategis

 Luas
* Gross: 23.86 m²
* Nett: 19.92 m²

 K"
LST-00103,"Apartemen Sewa 1 Kamar Hemat Siap Huni di Tangerang, Luas 23m2",https://www.99.co/id/properti/apartemen-disewa-32jt-gading-serpong-cp-1013677551,Tangerang,Banten,Tangerang,Tangerang,Apartemen,2666666.6666666665,115942.02898550723,yearly,1,1,Studio / 1BR,23.0,20.371621719416744,5.1115596333950215,Stasiun KRL Tangerang,Tier 3: Outer Commuter Ring (15-28km),0,0,0,0,0,0,0,0,0,0,0,0,-6.22255,106.63623,listing,0,,"Cari Apartemen Murah?
Ada unit di Tangerang dengan 1 KT & 1 KM siap huni.
Harga sewa mulai Rp 32 Juta/ Tahun.

Anda tak perlu khawatir soal lokasi karena area apartemen ini strategis. 8 menit ke SutraLoop, 13 menit ke Terminal Cimone

	------------------------------------------------------------

	Disewa Apartemen M Town Type Studio Siap Huni di Gading Serpong

Gross: 23.86 m2
Nett: 19.92 m2
Hadap Timur
Pagi Hari Kena Sinar Matahari Pagi (Sehat)
Siang Hari Tidak Panas
View ke City

Kelengkapan
a"
LST-00104,Disewakan Apartemen Ekonomis 1 KT di Alam Sutera Tangerang,https://www.99.co/id/properti/apartemen-disewa-45jt-alam-sutera-cp-1014173544,Tangerang,Banten,Tangerang,Tangerang,Apartemen,3750000.0,117187.5,yearly,1,1,Studio / 1BR,32.0,18.70666064640257,8.09954934668883,Stasiun KRL Rawabuntu (BSD),Tier 3: Outer Commuter Ring (15-28km),0,0,0,0,0,0,1,1,0,0,0,0,-6.25276,106.656647,listing,0,,"Disewakan apartemen murah di Alam Sutera, Tangerang.
Memiliki 1 kamar tidur, 1 kamar mandi, serta luas 32m2.
Harga sewa Rp 45 Juta/ Tahun

Area paling strategis. 3 menit ke SutraLoop

	------------------------------------------------------------

	*Disewakan apartemen silkwood  alamsutra*

Luas 32M2
Studio 
KM 1
Furnish 
Tower maple 
Lantai 6 

Fasilitas:
  Swimming pool
  GYM 
  Co working speace 
  Jogging track 

  Lokasi sangat strategis 
   3 menit jalan kaki ke          binus 
   Sebrang m"
LST-00105,Di Sewakan Apartemen Sky House BSD Type Studio ,https://www.99.co/id/properti/apartemen-disewa-37jt-bsd-cp-1010860922,Tangerang,Banten,Tangerang,Tangerang,Apartemen,3083333.3333333335,118589.7435897436,yearly,1,1,Studio / 1BR,26.0,17.014475657921245,4.4103487765652165,Stasiun KRL Rawabuntu (BSD),Tier 3: Outer Commuter Ring (15-28km),1,0,0,0,0,1,0,0,1,0,1,0,-6.28217,106.684921,listing,0,,"Butuh Hunian Hemat?
Tersedia unit di Tangerang dengan 1 KT & 1 KM siap huni.
Harga sewa mulai Rp 37 Juta/ Tahun.

Anda tak perlu khawatir tentang lokasi karena area apartemen ini strategis. 8 menit ke Tol Serpong, 10 menit ke Stasiun Rawa Buntu, 11 menit ke Stasiun Sudimara

	------------------------------------------------------------

	*Disewakan apartemen Sky House BSD*

Luas 26 M2
Studio 
Lt 5 
View Highway
Km 1 
Full furnish 
 Bed 160x200
 Dispenser
 Water heater
 Kitchen set +kabinet 
 Lem"
LST-00106,Disewakan Bizloft Soho Apartemen U Residence Lippo Karawaci,https://www.99.co/id/properti/apartemen-disewa-75jt-lippo-karawaci-cp-1012707269,Tangerang,Banten,Tangerang,Tangerang,Apartemen,6250000.0,104166.66666666667,yearly,1,1,Studio / 1BR,60.0,23.314168810356414,6.136740871239539,Stasiun KRL Tangerang,Tier 3: Outer Commuter Ring (15-28km),0,0,0,0,0,0,0,0,0,0,0,0,-6.22692,106.609879,listing,0,,"FOR RENT ONLY. Hunian hemat di Lippo Karawaci, Tangerang.
Apartemen dengan 1 kamar tidur & 1 kamar mandi, pas untuk pasangan muda.
Harga sewa hanya Rp 75 Juta/ Tahun.

13 menit ke Terminal Cimone
1 menit ke UPH, 2 menit ke Universitas Cendekia Abditama, 2 menit ke FTIK UCA (Fakultas Tarbiyah dan Ilmu Keguruan Universitas Cendekia Abditama)

	------------------------------------------------------------

	*Disewakan Bizloft SOHO apartemen U Residence lippo karawaci*

Spesifikasi Unit:
	-	Luas: 60 "
LST-00107,Disewakan Apartemen Silkwood Tower Oak Lantai 23,https://www.99.co/id/properti/apartemen-disewa-37jt-pinang-cp-1008521868,Tangerang,Banten,Pinang,"Pinang, Tangerang",Apartemen,3083333.3333333335,81140.35087719299,yearly,1,1,Studio / 1BR,38.0,14.309270936448245,8.237388779171845,Stasiun KRL Tangerang,Tier 2: Inner Ring Metro (7-15km),0,0,0,0,0,0,0,0,0,0,0,0,-6.2227,106.69131,listing,0,,"Sedang mencari hunian praktis dengan harga hemat? Ini pilihan yang tepat! Apartemen ini ada di Pinang, Tangerang. Dengan 1 kamar tidur & 1 kamar mandi, apartemen ini cocok untuk Anda.

Harga sewa: Rp 37 Juta/ Tahun.

11 menit ke Halte Komplek Unilever, 12 menit ke Halte Jaklingko Sdn Joglo 01/03/05, 13 menit ke SutraLoop
3 menit ke STIE PARIPURNA (Kampus Graha Raya), 4 menit ke Binus, 4 menit ke SMA YUPPENTEK

	------------------------------------------------------------

	apartemen silkwood
Stu"
LST-00108,Di Sewakan Apartemen 3 BR Rainbow Condovillas,https://www.99.co/id/properti/apartemen-disewa-100jt-cihuni-cp-1010860053,Tangerang,Banten,Tangerang,Tangerang,Apartemen,8333333.333333333,79365.07936507936,yearly,3,3,3 Bedroom,105.0,19.992599165454095,7.817279965594535,Stasiun KRL Rawabuntu (BSD),Tier 3: Outer Commuter Ring (15-28km),0,0,0,0,0,0,0,0,0,0,0,0,-6.25995,106.646606,listing,0,,"FOR RENT ONLY. Hunian hemat di Cihuni, Tangerang.
Apartemen dengan 3 kamar tidur & 3 kamar mandi, pas untuk pasangan muda.
Harga sewa hanya Rp 100 Juta/ Tahun.

5 menit ke SutraLoop
5 menit ke ITTS (Institut Teknologi Tangerang Selatan), 6 menit ke APCA Indonesia (Academy of Pastry & Culinary Arts Indonesia), 7 menit ke Santa Laurensia Alam Sutera

	------------------------------------------------------------

	WTL
*Disewakan Apartemen 3 BR Rainbow Condovillas*

Luas Tanah : 96.50m2
Luas Banguna"
LST-00109,Disewakan apartemen silkwood 2 BR Alsut ,https://www.99.co/id/properti/apartemen-disewa-65jt-alam-sutera-cp-1011397028,Tangerang,Banten,Tangerang,Tangerang,Apartemen,5416666.666666667,112847.22222222223,yearly,2,1,2 Bedroom,48.0,18.70666064640257,8.09954934668883,Stasiun KRL Rawabuntu (BSD),Tier 3: Outer Commuter Ring (15-28km),0,0,0,0,0,0,0,0,0,0,0,0,-6.25276,106.656647,listing,0,,"FOR RENT ONLY. Hunian hemat di Alam Sutera, Tangerang.
Apartemen dengan 2 kamar tidur & 1 kamar mandi, pas untuk pasangan muda.
Harga sewa hanya Rp 65 Juta/ Tahun.

3 menit ke SutraLoop
3 menit ke Santa Laurensia Alam Sutera, 4 menit ke APCA Indonesia (Academy of Pastry & Culinary Arts Indonesia), 7 menit ke ITTS (Institut Teknologi Tangerang Selatan)

	------------------------------------------------------------

	Disewakan apartemen silkwood 2 BR Alsut 

 Luas 48 
 Kt 2 
 Km 1 
 Furnish 

    "
LST-00110,Disewakan Apartemen 2 BR Sky House Alam Sutra,https://www.99.co/id/properti/apartemen-disewa-70jt-alam-sutera-cp-1010658085,Tangerang,Banten,Tangerang,Tangerang,Apartemen,5833333.333333333,201149.4252873563,yearly,2,1,2 Bedroom,29.0,18.70666064640257,8.09954934668883,Stasiun KRL Rawabuntu (BSD),Tier 3: Outer Commuter Ring (15-28km),1,0,0,0,0,0,0,0,0,0,0,0,-6.25276,106.656647,listing,0,,"Butuh Hunian Hemat?
Tersedia unit di Tangerang dengan 2 KT & 1 KM siap huni.
Harga sewa mulai Rp 70 Juta/ Tahun.

Anda tak perlu khawatir tentang lokasi karena area apartemen ini strategis. 3 menit ke SutraLoop

	------------------------------------------------------------

	Disewakan apartemen 2 BR SKY House alam sutra

 Luas 29 m2
 2 BR 
 1 KM
Full furnish 
Hadap kota 

Lokasi sangat strategis 
5 menit univ Bunda Mulia 
5 menit univ BINUS
3 menit Mall alamsutra 
8 menit Livingword 

Fasilitas:"
LST-00111,Disewakan Apartemen The Smith Alam Sutra Full Furnish,https://www.99.co/id/properti/apartemen-disewa-55jt-alam-sutera-cp-1008950933,Tangerang,Banten,Tangerang,Tangerang,Apartemen,4583333.333333333,114583.33333333333,yearly,1,1,Studio / 1BR,40.0,18.70666064640257,8.09954934668883,Stasiun KRL Rawabuntu (BSD),Tier 3: Outer Commuter Ring (15-28km),1,0,0,0,0,0,0,0,0,0,0,0,-6.25276,106.656647,listing,0,,"Disewakan apartemen murah di Alam Sutera, Tangerang.
Memiliki 1 kamar tidur, 1 kamar mandi, serta luas 40m2.
Harga sewa Rp 55 Juta/ Tahun

Area paling strategis. 3 menit ke SutraLoop

	------------------------------------------------------------

	Di sewakan the smith alam sutra 

1BR
Full furnish 
Lt 26
Unit 2623
Lb 40m2
Listrik 2200

Harga sewa 55jt/th nego

"
LST-00112,"Disewakan Apartemen Kingland Avenue , Jl Raya Serpong Tangerang Selatan 3Br",https://www.99.co/id/properti/apartemen-disewa-50jt-serpong-utara-cp-1013190944,Tangerang Selatan,Banten,Serpong Utara,"Serpong Utara, Tangerang Selatan",Apartemen,4166666.6666666665,56306.3063063063,yearly,3,2,3 Bedroom,74.0,18.327228215814397,7.509804330005511,Stasiun KRL Tangerang,Tier 3: Outer Commuter Ring (15-28km),0,0,0,0,0,0,0,0,0,0,0,0,-6.239785,106.657158,listing,0,,"Disewakan apartemen hemat di Serpong Utara, Tangerang Selatan, Tangerang Selatan.

Memiliki 3 kamar tidur, 2 kamar mandi, dan luas 74m2.
Harga sewa: Rp 50 Juta/ Tahun.
Segera hubungi kami sekarang.

2 menit ke SutraLoop
2 menit ke Santa Laurensia Alam Sutera, 2 menit ke APCA Indonesia (Academy of Pastry & Culinary Arts Indonesia), 4 menit ke Tax Academy Indonesia HQ

	------------------------------------------------------------

	Sewa Apartment
APARTEMEN KINGLAND AVENUE, JL RAYA SERPONG, TANGERA"
LST-00113,Disewakan Apartement di The Accent Bintaro,https://www.99.co/id/properti/apartemen-disewa-120jt-bintaro-cp-1012633277,Tangerang Selatan,Banten,Tangerang Selatan,Tangerang Selatan,Apartemen,10000000.0,256410.2564102564,yearly,1,1,Studio / 1BR,39.0,13.19670559789285,0.8997217613026535,Stasiun KRL Jurang Mangu (Bintaro),Tier 2: Inner Ring Metro (7-15km),0,0,0,0,0,0,0,0,1,0,0,0,-6.28241,106.726349,listing,0,,"FOR RENT ONLY. Hunian hemat di Bintaro, Tangerang Selatan.
Apartemen dengan 1 kamar tidur & 1 kamar mandi, pas untuk pasangan muda.
Harga sewa hanya Rp 120 Juta/ Tahun.

2 menit ke Stasiun Jurangmangu, 5 menit ke Stasiun Sudimara, 6 menit ke Stasiun Pondok Ranji
3 menit ke UPJ Bintaro (Universitas Pembangunan Jaya), 5 menit ke PKN STAN Bintaro, 5 menit ke PKN STAN (Politeknik Keuangan Negara STAN)

	------------------------------------------------------------

	DISEWAKAN APARTEMEN SIAP HUNI STRA"
LST-00114,Di sewakan apartemen Branz BSD,https://www.99.co/id/properti/apartemen-disewa-75jt-bsd-cp-1011915338,Tangerang Selatan,Banten,BSD,"BSD, Tangerang Selatan",Apartemen,6250000.0,145348.83720930232,yearly,1,1,Studio / 1BR,43.0,14.635311908981269,1.8807702997446398,Stasiun KRL Jurang Mangu (Bintaro),Tier 2: Inner Ring Metro (7-15km),1,0,0,0,1,1,0,0,0,0,1,0,-6.28352,106.711,subdistrict_centroid,1,,"Apartemen disewa murah:
- 1 Bedroom
- 1 Bathroom
- Luas 43m2
- Lokasi: BSD, Tangerang Selatan, Tangerang Selatan
- Harga: Rp 75 Juta/ Tahun

Jangan sampai terlewat!

	------------------------------------------------------------

	*DIsewakan apartemen Branz BSD* 

Luas 43 M2 
Bedroom  1 
Bathroom  1
Tower A
Lantai 12
Full furnish 
   Smart TV 43'
   Queen bed 
   Microwave
   Kompor +LPG +kulkas
   Sofa 
   Mesin cuci 
   Water Heater 
   Wifi 

*Harga 75 jt /thn* 

Theresia 
0817000xxxx 
Atlanti"
LST-00115,Disewakan apartemen Sky House 2 BR,https://www.99.co/id/properti/apartemen-disewa-70jt-bsd-cp-1011915295,Tangerang Selatan,Banten,BSD,"BSD, Tangerang Selatan",Apartemen,5833333.333333333,119047.61904761904,yearly,1,1,Studio / 1BR,49.0,14.635311908981269,1.8807702997446398,Stasiun KRL Jurang Mangu (Bintaro),Tier 2: Inner Ring Metro (7-15km),1,0,0,0,0,0,0,0,0,0,0,0,-6.28352,106.711,subdistrict_centroid,1,,"Hunian harga terjangkau disewakan di BSD, Tangerang Selatan, Tangerang Selatan.
Apartemen ini memiliki 1 kamar tidur & 1 kamar mandi dengan luas 49m2m².
Cocok untuk tempat tinggal strategis dengan harga terjangkau.




	------------------------------------------------------------

	*Disewakan apartemen Sky House 2 BR*

Luas  49 M2 
Batroom  1
Full furnish 
Tower Castilla
View kota 

Lokasi strategis diapit 2 mall IKEA sebelah kanan dan sebelah kiri Jakarta Premium Otlet
5 menit universitas Bunda"
LST-00116,Disewakan Apartemen Mewah Lokasi Eksklusif Nava Park Bsd,https://www.99.co/id/properti/apartemen-disewa-145jt-bsd-cp-1012704752,Tangerang Selatan,Banten,BSD,"BSD, Tangerang Selatan",Apartemen,12083333.333333334,156926.40692640693,yearly,2,1,2 Bedroom,77.0,14.635311908981269,1.8807702997446398,Stasiun KRL Jurang Mangu (Bintaro),Tier 2: Inner Ring Metro (7-15km),0,0,0,0,0,0,0,0,0,0,0,0,-6.28352,106.711,subdistrict_centroid,1,,"Anda mencari hunian praktis dengan harga terjangkau? Ini pilihan yang tepat! Apartemen ini ada di BSD, Tangerang Selatan. Dengan 2 kamar tidur & 1 kamar mandi, apartemen ini cocok untuk Anda.

Harga sewa: Rp 145 Juta/ Tahun.




	------------------------------------------------------------

	DISEWAKAN Apartemen @NavaPark, BSD.

Spesifikasinya adalah sebagai berikut:
- Kamar Tidur: 2+1
- Kamar Mandi: 1+1
- Kondisi Perabotan: Furnished
- listrik : 5500watt
- Air : PDAM
- View : botanic park view

"
LST-00117,Sewa Sekarang Apartemen Nyaman 1 KT di Kawasan BSD,https://www.99.co/id/properti/apartemen-disewa-85jt-bsd-cp-1014286390,Tangerang Selatan,Banten,BSD,"BSD, Tangerang Selatan",Apartemen,7083333.333333333,141666.66666666666,yearly,1,1,Studio / 1BR,50.0,14.635311908981269,1.8807702997446398,Stasiun KRL Jurang Mangu (Bintaro),Tier 2: Inner Ring Metro (7-15km),1,0,0,0,0,0,0,0,0,0,1,0,-6.28352,106.711,subdistrict_centroid,1,,"Apartemen ekonomis untuk disewa:
- Lokasi: BSD, Tangerang Selatan, Tangerang Selatan
- 1 Kamar Tidur
- 1 Kamar Mandi
- Luas 50m2
- Harga: Rp 85 Juta/ Tahun

Lokasi strategis. 

	------------------------------------------------------------

	Apartment Marigold di Navapark.
Fasilitas taman jogging dan playground 10 Ha.
akses langsung ke The Breeze BSD

Full Furnished :
- Bedroom 
- Living room
- Kitchen set 

"
LST-00118,Apartemen Skyhouse 3Br BSD Full Furnished Brand New Sebelah Mall Aeon,https://www.99.co/id/properti/apartemen-disewa-110jt-bsd-cp-1014474757,Tangerang Selatan,Banten,BSD,"BSD, Tangerang Selatan",Apartemen,9166666.666666666,132850.24154589372,yearly,3,1,3 Bedroom,69.0,14.635311908981269,1.8807702997446398,Stasiun KRL Jurang Mangu (Bintaro),Tier 2: Inner Ring Metro (7-15km),1,0,0,0,0,0,0,0,0,0,0,1,-6.28352,106.711,subdistrict_centroid,1,,"Apartemen harga terjangkau disewakan di BSD, Tangerang Selatan, Tangerang Selatan.
Apartemen ini memiliki 3 kamar tidur & 1 kamar mandi dengan luas 69m2m².
Cocok untuk tempat tinggal praktis dengan harga terjangkau.




	------------------------------------------------------------

	Tower Duxton 1
Luas 69.6M²
KT 3
KM 1
Lantai 32
Hadap Timur
3BR Furnished
View City

*Harga sewa 110jt/th (excl IPL)*
Bisa sewa 1th
Parkir 200rb/bln
IPL 2jt/bln
Deposit 30jt

hub, 
wellina

"
LST-00119,Siap Huni Apartemen Type Studio di Emerald Bintaro,https://www.99.co/id/properti/apartemen-disewa-30jt-bintaro-cp-1015150998,Tangerang Selatan,Banten,Tangerang Selatan,Tangerang Selatan,Apartemen,2500000.0,119047.61904761905,yearly,1,0,Studio / 1BR,21.0,13.19670559789285,0.8997217613026535,Stasiun KRL Jurang Mangu (Bintaro),Tier 2: Inner Ring Metro (7-15km),0,0,0,0,0,0,0,0,1,0,0,0,-6.28241,106.726349,listing,0,,"FOR RENT ONLY. Hunian hemat di Bintaro, Tangerang Selatan.
Apartemen dengan 1 kamar tidur & 0 kamar mandi, cocok untuk pasangan muda.
Harga sewa hanya Rp 30 Juta/ Tahun.

2 menit ke Stasiun Jurangmangu, 5 menit ke Stasiun Sudimara, 6 menit ke Stasiun Pondok Ranji
3 menit ke UPJ Bintaro (Universitas Pembangunan Jaya), 5 menit ke PKN STAN Bintaro, 5 menit ke PKN STAN (Politeknik Keuangan Negara STAN)

	------------------------------------------------------------

	Siap huni
Aman dan nyaman
Keamana"
LST-00120,"Ada Unit Apartemen Murah Disewa di BSD, Tangerang Selatan 1 BR",https://www.99.co/id/properti/apartemen-disewa-45jt-bsd-cp-1013829235,Tangerang Selatan,Banten,BSD,"BSD, Tangerang Selatan",Apartemen,3750000.0,101351.35135135135,yearly,1,1,Studio / 1BR,37.0,14.635311908981269,1.8807702997446398,Stasiun KRL Jurang Mangu (Bintaro),Tier 2: Inner Ring Metro (7-15km),0,0,0,0,0,0,0,0,1,0,0,0,-6.28352,106.711,listing,0,,"Hunian harga terjangkau disewakan di BSD, Tangerang Selatan, Tangerang Selatan.
Apartemen ini memiliki 1 kamar tidur & 1 kamar mandi dengan luas 37m2m².
Cocok untuk tempat tinggal praktis dengan harga terjangkau.

4 menit ke Stasiun Sudimara, 5 menit ke Tol Serpong, 6 menit ke Stasiun Jurangmangu
4 menit ke British School Jakarta, 5 menit ke SMAN 11 Tangerang Selatan, 5 menit ke Eleven Stars

	------------------------------------------------------------

	DI SEWAKAN 1 UNIT 
SAVERIA APARTEMENT BS"
LST-00121,Apatemen Breeze Bintaro Plaza Jual Sewa,https://www.99.co/id/properti/apartemen-disewa-80jt-bintaro-cp-1013000186,Tangerang Selatan,Banten,Tangerang Selatan,Tangerang Selatan,Apartemen,6666666.666666667,119047.61904761905,yearly,2,1,2 Bedroom,56.0,13.19670559789285,0.8997217613026535,Stasiun KRL Jurang Mangu (Bintaro),Tier 2: Inner Ring Metro (7-15km),0,0,0,1,0,0,0,0,1,0,0,0,-6.28241,106.726349,listing,0,,"Cari Apartemen Murah?
Tersedia unit di Tangerang Selatan dengan 2 KT & 1 KM siap huni.
Harga sewa mulai Rp 80 Juta/ Tahun.

Anda tidak perlu khawatir soal lokasi karena area apartemen ini strategis. 2 menit ke Stasiun Jurangmangu, 5 menit ke Stasiun Sudimara, 6 menit ke Stasiun Pondok Ranji

	------------------------------------------------------------

	CPA 13407 Apartment Breeze - 

LB: 56,47 m2, 
KT: 2, KM: 1, 
Lantai: 16, Hadap: Plaza Bintaro, 
Listrik: 2200, AC: 2 , 
Air: PAM,  Furnished, 
"
LST-00122,Sewa Apartement Emerald Bintaro 9408,https://www.99.co/id/properti/apartemen-disewa-40jt-bintaro-cp-1011954122,Tangerang Selatan,Banten,Tangerang Selatan,Tangerang Selatan,Apartemen,3333333.3333333335,158730.15873015873,yearly,0,0,Studio / 1BR,21.0,14.404766802711016,3.18097442149615,Stasiun KRL Jurang Mangu (Bintaro),Tier 2: Inner Ring Metro (7-15km),0,0,0,0,0,0,0,0,1,0,0,0,-6.270836300000001,106.7055969,listing,0,,"FOR RENT ONLY. Hunian hemat di Bintaro, Tangerang Selatan.
Apartemen dengan 0 kamar tidur & 0 kamar mandi, pas untuk pasangan muda.
Harga sewa hanya Rp 40 Juta/ Tahun.

8 menit ke Stasiun Sudimara, 9 menit ke Tol Serpong, 9 menit ke Stasiun Jurangmangu
1 menit ke British School Jakarta, 3 menit ke STIT DAARULFATAH, 5 menit ke STIT Darul Fatah

	------------------------------------------------------------

	(CPA3 9408) Apartement di Bintaro - 

LT : 21 m2, 
LB : 21 m2, 
Hadap : Utara, 
Lanta"
LST-00123,"Hunian Apartemen Sewa Murah 80m2 di BSD, Cocok Dijadikan Tempat Tinggal Anda",https://www.99.co/id/properti/apartemen-disewa-120jt-bsd-cp-1013725225,Tangerang Selatan,Banten,BSD,"BSD, Tangerang Selatan",Apartemen,10000000.0,125000.0,yearly,2,1,2 Bedroom,80.0,14.635311908981269,1.8807702997446398,Stasiun KRL Jurang Mangu (Bintaro),Tier 2: Inner Ring Metro (7-15km),0,0,0,0,0,0,0,0,0,0,0,0,-6.28352,106.711,subdistrict_centroid,1,,"Anda mencari hunian praktis dengan harga hemat? Ini pilihan yang tepat! Apartemen ini ada di BSD, Tangerang Selatan. Dengan 2 kamar tidur & 1 kamar mandi, hunian ini cocok untuk Anda.

Harga sewa: Rp 120 Juta/ Tahun.




	------------------------------------------------------------

	Apartemen siap huni
harga masih bisa Nego
lokasi dekat universitas  dan Aeon Mall 


"
LST-00124,Disewa Apartemen The Accent Tipe 1Br di Cbd Bintaro Jaya Tangerang Selatan,https://www.99.co/id/properti/apartemen-disewa-55jt-pondok-aren-cp-1014504591,Tangerang Selatan,Banten,Pondok Aren,"Pondok Aren, Tangerang Selatan",Apartemen,4583333.333333333,117521.36752136752,yearly,1,1,Studio / 1BR,39.0,12.836708225993245,2.779946558137054,Stasiun KRL Jurang Mangu (Bintaro),Tier 2: Inner Ring Metro (7-15km),0,0,0,0,0,0,0,0,1,0,0,0,-6.26651,106.719421,listing,0,,"Sedang mencari hunian praktis dengan harga terjangkau? Ini pilihan yang tepat! Apartemen ini ada di Pondok Aren, Tangerang Selatan. Dengan 1 kamar tidur & 1 kamar mandi, hunian ini cocok untuk Anda.

Harga sewa: Rp 55 Juta/ Tahun.

7 menit ke Stasiun Jurangmangu, 9 menit ke Stasiun Pondok Ranji, 9 menit ke Stasiun Sudimara
2 menit ke STIT DAARULFATAH, 4 menit ke PKN STAN (Politeknik Keuangan Negara STAN), 4 menit ke PKN STAN Bintaro

	------------------------------------------------------------
"
LST-00125,"Unit Mewah, 2 Br, Furnished, di Marigold, Nava Park BSD (Lin)",https://www.99.co/id/properti/apartemen-disewa-150jt-bsd-cp-1012639734,Tangerang Selatan,Banten,BSD,"BSD, Tangerang Selatan",Apartemen,12500000.0,113636.36363636363,yearly,2,0,2 Bedroom,110.0,14.635311908981269,1.8807702997446398,Stasiun KRL Jurang Mangu (Bintaro),Tier 2: Inner Ring Metro (7-15km),0,0,0,0,0,0,1,0,0,0,0,0,-6.28352,106.711,subdistrict_centroid,1,,"Apartemen disewa murah:
- 2 Bedroom
- 0 Bathroom
- Luas 110m2
- Lokasi: BSD, Tangerang Selatan, Tangerang Selatan
- Harga: Rp 150 Juta/ Tahun

Hubungi sekarang!

	------------------------------------------------------------

	*DISEWAKAN*

*Apartment Marigold Navapark, BSD*

Tipe 2bedroom + study
Luas SG 110m2
Tower 6
Lantai 9
View Pool n Botanical Park :heart_eyes:
Furnished cakep

Harga sewa Rp. 150 juta/tahun

Info
Indah
LJH Alam Sutera
08782050xxxx 

"
LST-00126,Disewakan Apartment Navapark Full Furnished Dalam Kondisi Rapi Tinggal Bawa Koper,https://www.99.co/id/properti/apartemen-disewa-220jt-bsd-cp-1012826275,Tangerang Selatan,Banten,BSD,"BSD, Tangerang Selatan",Apartemen,18333333.333333332,159420.28985507245,yearly,2,2,2 Bedroom,115.0,14.635311908981269,1.8807702997446398,Stasiun KRL Jurang Mangu (Bintaro),Tier 2: Inner Ring Metro (7-15km),1,0,0,0,0,0,0,0,0,1,0,0,-6.28352,106.711,subdistrict_centroid,1,,"Apartemen disewa murah:
- 2 Bedroom
- 2 Bathroom
- Luas 115m2
- Lokasi: BSD, Tangerang Selatan, Tangerang Selatan
- Harga: Rp 220 Juta/ Tahun

Jangan sampai terlewat!

	------------------------------------------------------------

	DiSewa dan Dijual Unit Apartemen Marigold Navapark BSD tower 3 full Furnished 
dalam Kondisi Bagus Dan Rapi 
Luas : 115m
2 Bed Room 
2 Bathroom, 
Living room 
Ruang Makan 
Balcony 
Service Are 
full Apartment Facility 

Harga 220Juta/Tahun 
exclude tax 

Dijual Harga "
LST-00127,Aptdi BSD Tipe Studio Full Furnish Dekat Universitas,https://www.99.co/id/properti/apartemen-disewa-35jt-bsd-cp-1013290160,Tangerang Selatan,Banten,BSD,"BSD, Tangerang Selatan",Apartemen,2916666.6666666665,132575.75757575757,yearly,0,1,Studio / 1BR,22.0,14.635311908981269,1.8807702997446398,Stasiun KRL Jurang Mangu (Bintaro),Tier 2: Inner Ring Metro (7-15km),1,0,0,0,0,0,1,1,0,0,0,0,-6.28352,106.711,subdistrict_centroid,1,,"Apartemen disewa murah:
- 0 Bedroom
- 1 Bathroom
- Luas 22m2
- Lokasi: BSD, Tangerang Selatan, Tangerang Selatan
- Harga: Rp 35 Juta/ Tahun

Hubungi sekarang!

	------------------------------------------------------------

	Apartemen  TreePark di BSD 
tipe Studio Luas 22 m
Full Furnish Perabot Premium
Lantai Sedang
Tinggal bawa koper
Harga Sewa hanya 35 juta masih nego tipis

cocok untuk Karyawan/ Mahasiswa

Fasilitas
Swimming Pool, Gym, Barbeque, Alfamart, Preschool

Tinggal sebrang ke Simas Wo"
LST-00128,"Sewa Sekarang Apartemen Strategis 0 KT, 1 KM di Kawasan BSD",https://www.99.co/id/properti/apartemen-disewa-37jt-bsd-cp-1013618588,Tangerang Selatan,Banten,BSD,"BSD, Tangerang Selatan",Apartemen,3083333.3333333335,123333.33333333334,yearly,0,1,Studio / 1BR,25.0,14.635311908981269,1.8807702997446398,Stasiun KRL Jurang Mangu (Bintaro),Tier 2: Inner Ring Metro (7-15km),1,0,0,0,0,0,0,0,0,0,0,0,-6.28352,106.711,subdistrict_centroid,1,,"Apartemen Murah Disewakan!
- Lokasi: BSD, Tangerang Selatan, Tangerang Selatan
- 0 KT, 1 KM
- Luas 25m2
- Harga: Rp 37 Juta/ Tahun

Lokasi strategis. 

	------------------------------------------------------------

	DIJUAL/SEWA

Apt B Residence BSD
Tipe Studio 25 m2
Full Furnish, belum pernah dipakai masih gres
Lantai Tinggi
PPJB
Tinggal jalan kaki ke Univ Prasmul

Harga jual 500 juta nego
Harga Sewa 37 juta

Susan Zhou
Infinite GS
08128908xxxx 

"
LST-00129,"Disewakan Cepat! Hunian Apartemen Hemat di BSD, Tangerang Selatan 1 Kamar Tidur dan 1 Kamar Mandi",https://www.99.co/id/properti/apartemen-disewa-90jt-bsd-cp-1013623929,Tangerang Selatan,Banten,BSD,"BSD, Tangerang Selatan",Apartemen,7500000.0,150000.0,yearly,1,1,Studio / 1BR,50.0,14.635311908981269,1.8807702997446398,Stasiun KRL Jurang Mangu (Bintaro),Tier 2: Inner Ring Metro (7-15km),1,0,0,0,0,0,0,0,0,0,0,0,-6.28352,106.711,subdistrict_centroid,1,,"Apartemen hemat di BSD, Tangerang Selatan, Tangerang Selatan siap untuk disewa.
Luas 50m2m², 1 kamar tidur, dan 1 kamar mandi.
Harga sewa: Rp 90 Juta/ Tahun.
Hubungi kami untuk detail.

	------------------------------------------------------------

	Di Jual & Di Sewakan 
Apartemen Marigold Navapark, Bsd
Tower 2 
1BR , 1km (50m2)
Fully Furnish 
View Botanical garden 
PPJB 

Sewa: 90jt/th 
Jual : 2,150m Nego

Susan Zhou

kode: li-tjam



"
LST-00130,Disewakan Apartemen 3Br Full Furnish Sky House BSD Samping Aeon Mall,https://www.99.co/id/properti/apartemen-disewa-85jt-bsd-cp-1012399601,Tangerang Selatan,Banten,BSD,"BSD, Tangerang Selatan",Apartemen,7083333.333333333,104166.66666666666,yearly,3,1,3 Bedroom,68.0,14.635311908981269,1.8807702997446398,Stasiun KRL Jurang Mangu (Bintaro),Tier 2: Inner Ring Metro (7-15km),1,0,0,1,0,0,1,0,0,0,0,0,-6.28352,106.711,subdistrict_centroid,1,,"Apartemen Murah Disewakan!
- Lokasi: BSD, Tangerang Selatan, Tangerang Selatan
- 3 KT, 1 KM
- Luas 68m2
- Harga: Rp 85 Juta/ Tahun

Lokasi strategis. 

	------------------------------------------------------------

	Disewakan Apartemen 3BR Full Furnish Sky House BSD Samping AEON Mall

▪︎Type : 3BR
▪︎KT : 3
▪︎KM : 1
▪︎LB : 68 sqm
▪︎Tower : Duxton Lt.27
▪︎View : Swimming Pool dan Garden
▪︎Full Furnished : All Furniture yg menempel dan lepasan, AC, Kulkas TV

* Benefit :
▪︎Lokasi di area CBD BSD Ci"
LST-00131,Disewakan Apartemen 2Br Full Furnish Sky House BSD Samping Aeon Mall,https://www.99.co/id/properti/apartemen-disewa-95jt-bsd-cp-1013089835,Tangerang Selatan,Banten,BSD,"BSD, Tangerang Selatan",Apartemen,7916666.666666667,164930.55555555556,yearly,2,2,2 Bedroom,48.0,14.635311908981269,1.8807702997446398,Stasiun KRL Jurang Mangu (Bintaro),Tier 2: Inner Ring Metro (7-15km),1,0,0,1,0,0,0,0,0,0,0,0,-6.28352,106.711,subdistrict_centroid,1,,"Apartemen murah di BSD, Tangerang Selatan, Tangerang Selatan siap untuk disewa.
Luas 48m2m², 2 kamar tidur, dan 2 kamar mandi.
Harga sewa: Rp 95 Juta/ Tahun.
Hubungi kami untuk detail.

	------------------------------------------------------------

	Disewakan Apartemen 2BR Full Furnish Sky House BSD Samping AEON Mall*

▪︎Type : 2BR
▪︎KT : 2
▪︎KM : 2
▪︎LB : 48 sqm2
▪︎Tower : Jervois
▪︎ Lantai :20B
▪︎View : Kota
▪︎Full Furnished : All Furniture yg menempel dan lepasan, AC, Kulkas 1 Pintu.  

* Ben"
LST-00132,For Rent 2Br Fully Furnished Apartemen Podomoro Golf View Cimanggis,https://www.99.co/id/properti/apartemen-disewa-42jt-cimanggis-cp-1013265988,Depok,Jawa Barat,Cimanggis,"Cimanggis, Depok",Apartemen,3500000.0,100000.0,yearly,2,1,2 Bedroom,35.0,21.813847711201102,7.593995502776035,Stasiun KRL Depok Baru,Tier 3: Outer Commuter Ring (15-28km),1,0,0,0,0,0,0,0,1,0,0,0,-6.39199,106.890617,listing,0,,"Disewakan apartemen hemat di Cimanggis, Depok, Depok.

Memiliki 2 kamar tidur, 1 kamar mandi, dan luas 35m2.
Harga sewa: Rp 42 Juta/ Tahun.
Jadwalkan survei sekarang.

5 menit ke LRT Harjamukti, 10 menit ke Tol Cimanggis
2 menit ke SMAN 4 Depok, 7 menit ke STIKES MRHJ (Sekolah Tinggi Ilmu Kesehatan Mitra RIA Husada Jakarta), 9 menit ke UIII (Universitas Islam Internasional Indonesia)

	------------------------------------------------------------

	Disewakan Apartemen Podomoro Golf View Cimanggis"
LST-00133,Apartemen Harga Murah dengan 1 BR & 1 KM di Cimanggis Depok,https://www.99.co/id/properti/apartemen-disewa-3jt-cimanggis-cp-1013550285,Depok,Jawa Barat,Cimanggis,"Cimanggis, Depok",Apartemen,3800000.0,152000.0,monthly,1,1,Studio / 1BR,25.0,20.651263543663024,9.083604670624643,Stasiun KRL Depok Baru,Tier 3: Outer Commuter Ring (15-28km),1,0,0,0,1,1,0,0,1,0,1,0,-6.375412217356839,106.90255071352118,listing,0,,"Apartemen Murah Disewakan!
- Lokasi: Cimanggis, Depok, Depok
- 1 KT, 1 KM
- Luas 25m2
- Harga: Rp 3,8 Juta/ Bulan

Lokasi strategis. 2 menit ke LRT Harjamukti, 5 menit ke Tol Cimanggis

	------------------------------------------------------------

	Disewakan Apartemen Trans Park Cibubur Full Furnish Type Studio yang COZY
Fasilitas lengkap

Fasilitas dalam unit :
Waterheater, dapur alat masak kompor, Rice Cooker, kulkas, Setrika, dispenser, alat makan, tv, wifi dan masih banyak lagi

Fasilitas G"
LST-00134,Apartemen Harga Murah dengan 2 BR & 1 KM di Cimanggis Depok,https://www.99.co/id/properti/apartemen-disewa-7jt-cimanggis-cp-1013551082,Depok,Jawa Barat,Cimanggis,"Cimanggis, Depok",Apartemen,7000000.0,155555.55555555556,monthly,2,1,2 Bedroom,45.0,20.651263543663024,9.083604670624643,Stasiun KRL Depok Baru,Tier 3: Outer Commuter Ring (15-28km),1,0,0,0,0,0,0,0,1,0,0,0,-6.375412217356839,106.90255071352118,listing,0,,"Sewa apartemen murah di Cimanggis, Depok, Depok.

Memiliki 2 kamar tidur, 1 kamar mandi, dan luas 45m2.
Harga sewa: Rp 7 Juta/ Bulan.
Jadwalkan survei sekarang.

2 menit ke LRT Harjamukti, 5 menit ke Tol Cimanggis
4 menit ke STIKES MRHJ (Sekolah Tinggi Ilmu Kesehatan Mitra RIA Husada Jakarta), 6 menit ke IHBS, 8 menit ke SMAN 4 Depok

	------------------------------------------------------------

	Disewakan Apartemen Trans Park Cibubur Full Furnish Type 2BR yang COZY
Fasilitas yang sangat lengka"
LST-00135,"Hunian Apartemen Sewa Murah 35m2 di Cimanggis, Cocok Dijadikan Hunian Anda",https://www.99.co/id/properti/apartemen-disewa-23jt-cimanggis-cp-1013669715,Depok,Jawa Barat,Cimanggis,"Cimanggis, Depok",Apartemen,1916666.6666666667,54761.90476190476,yearly,1,1,Studio / 1BR,35.0,21.813847711201102,7.593995502776035,Stasiun KRL Depok Baru,Tier 3: Outer Commuter Ring (15-28km),0,0,0,0,0,0,0,0,1,0,0,0,-6.39199,106.890617,listing,0,,"Disewakan apartemen hemat di Cimanggis, Depok, Depok.

Memiliki 1 kamar tidur, 1 kamar mandi, dan luas 35m2.
Harga sewa: Rp 23 Juta/ Tahun.
Jadwalkan survei sekarang.

5 menit ke LRT Harjamukti, 10 menit ke Tol Cimanggis
2 menit ke SMAN 4 Depok, 7 menit ke STIKES MRHJ (Sekolah Tinggi Ilmu Kesehatan Mitra RIA Husada Jakarta), 9 menit ke UIII (Universitas Islam Internasional Indonesia)

	------------------------------------------------------------

	Apartemen Podomoro Golf View. 

2KT
2KM
LB  35 m"
LST-00136,Apartemen Siap Huni Sewa Nyaman Fasilitas Lengkap Connecting Pesona Mall,https://www.99.co/id/properti/apartemen-disewa-4jt-sukmajaya-cp-1014909922,Depok,Jawa Barat,Depok,Depok,Apartemen,4000000.0,160000.0,monthly,1,1,Studio / 1BR,25.0,19.95795131095914,5.019515082072803,Stasiun KRL Depok Baru,Tier 3: Outer Commuter Ring (15-28km),0,0,0,0,0,0,0,0,1,0,0,0,-6.3822536,106.8664225,listing,0,,"Apartemen harga hemat untuk disewa di Depok.

Unit ini memiliki 1 kamar tidur dan 1 kamar mandi.
Harga Rp 4 Juta/ Bulan, cocok untuk hunian bagus dan strategis ini.

Lokasinya strategis. 9 menit ke LRT Harjamukti, 11 menit ke Stasiun Pondok Cina, 12 menit ke Stasiun UI

	------------------------------------------------------------

	:fire: **SEWA MARRAKECH SUITES - BISA MULAI 1 BULAN!**

Butuh apartemen **siap huni di lokasi strategis Depok?**  
Marrakech Suites, Pesona City hadir dengan pilihan"
LST-00137,Disewakan Unit di Apartemen Saladdin Mansion Margonda Depok,https://www.99.co/id/properti/apartemen-disewa-2jt-beji-cp-1008253156,Depok,Jawa Barat,Beji,"Beji, Depok",Apartemen,2100000.0,116666.66666666667,monthly,0,1,Studio / 1BR,18.0,17.972235569283374,2.360967230794268,Stasiun KRL Depok Baru,Tier 3: Outer Commuter Ring (15-28km),0,0,0,0,0,0,0,0,1,0,0,0,-6.37041,106.81756,listing,0,,"Apartemen harga terjangkau disewakan di Beji, Depok, Depok.
Apartemen ini memiliki 0 kamar tidur & 1 kamar mandi dengan luas 18m2m².
Cocok untuk tempat tinggal praktis dengan harga terjangkau.

5 menit ke Stasiun Pondok Cina, 6 menit ke Stasiun UI, 7 menit ke Stasiun Depok Baru
2 menit ke PNJ, 2 menit ke UPATIK PNJ, 2 menit ke Departemen Teknik Informatika dan Komputer PNJ

	------------------------------------------------------------

	Di sewakan sebuh unit Apartemen di Saladdin Mansion Depok. "
LST-00138,"Sewa Apartemen Minimalis 45m2 Punya 2 KT, 1 KM, Lokasi di Cimanggis",https://www.99.co/id/properti/apartemen-disewa-65jt-cimanggis-cp-1013977098,Depok,Jawa Barat,Cimanggis,"Cimanggis, Depok",Apartemen,5416666.666666667,120370.37037037038,yearly,2,1,2 Bedroom,45.0,20.759875514995574,9.278936203303623,Stasiun KRL Depok Baru,Tier 3: Outer Commuter Ring (15-28km),0,0,0,0,0,0,0,0,1,0,0,0,-6.375595,106.9043868,listing,0,,"Sewa apartemen murah di Cimanggis, Depok, Depok.

Memiliki 2 kamar tidur, 1 kamar mandi, dan luas 45m2.
Harga sewa: Rp 65 Juta/ Tahun.
Jadwalkan survei sekarang.

3 menit ke LRT Harjamukti, 4 menit ke Tol Cimanggis
4 menit ke STIKES MRHJ (Sekolah Tinggi Ilmu Kesehatan Mitra RIA Husada Jakarta), 7 menit ke IHBS, 8 menit ke SMAN 4 Depok

	------------------------------------------------------------

	Disewakan 1 Unit Apartemen Transpark Cibubur

Luas Bangunan : 45 m2
Kamar Tidur : 2
Kamar Mand"
LST-00139,"Apartemen Nyaman untuk Disewa, 3 Kamar di Depok",https://www.99.co/id/properti/apartemen-disewa-125jt-cibubur-cp-1013948781,Depok,Jawa Barat,Depok,Depok,Apartemen,10416666.666666666,146713.61502347418,yearly,3,2,3 Bedroom,71.0,18.36377962780643,8.982117676463927,Stasiun KRL Depok Baru,Tier 3: Outer Commuter Ring (15-28km),0,0,0,0,0,0,0,0,1,0,0,0,-6.35611,106.895111,listing,0,,"Apartemen harga hemat untuk disewa di Depok.

Unit ini memiliki 3 kamar tidur dan 2 kamar mandi.
Harga Rp 125 Juta/ Tahun, cocok untuk hunian bagus dan strategis ini.

Lokasinya strategis. 6 menit ke LRT Harjamukti, 10 menit ke Tol Cimanggis, 9 menit ke Stasiun LRT Ciracas

	------------------------------------------------------------

	Get this comfortable 27th-floor apartement for rent, offering a fully-equipped Environment, perfect for those seeking a secure residence. 

Located in Cibubur, t"
LST-00140,Disewakan Apartment 1Bedroom Fully Furnished Samesta Mahata Margonda Depok,https://www.99.co/id/properti/apartemen-disewa-47jt-margonda-cp-1015043679,Depok,Jawa Barat,Depok,Depok,Apartemen,3916666.6666666665,108796.29629629629,yearly,1,1,Studio / 1BR,36.0,18.454229924783714,2.2200289577267993,Stasiun KRL Depok Baru,Tier 3: Outer Commuter Ring (15-28km),1,0,0,0,0,0,0,0,1,0,1,0,-6.374291,106.832582,listing,0,,"Disewakan apartemen murah di Margonda, Depok.
Memiliki 1 kamar tidur, 1 kamar mandi, serta luas 36m2.
Harga sewa Rp 47 Juta/ Tahun

Area paling strategis. 2 menit ke Stasiun Pondok Cina, 4 menit ke Stasiun UI, 5 menit ke Stasiun Depok Baru

	------------------------------------------------------------

	For Rent

Apartemen Samesta Mahata margonda
Depok, Jawa Barat

Detail:
Tower P
Level 18
Size 36 m2
1 Bedroom & 1 Bathroom
Brand New Furnished

Fully Furnished:
Kitchen Set (Kompor, Cooker Hood, S"
LST-00141,"Apartemen Cinere Bellevue Suites Disewakan, Lokasi Strategis",https://www.99.co/id/properti/apartemen-disewa-55jt-cinere-cp-1014301238,Depok,Jawa Barat,Cinere,"Cinere, Depok",Apartemen,4583333.333333333,111788.61788617885,yearly,2,1,2 Bedroom,41.0,12.738380056299714,3.2753776282729286,Stasiun MRT Lebak Bulus,Tier 2: Inner Ring Metro (7-15km),0,0,0,0,0,0,0,0,1,0,0,0,-6.317254,106.78288,listing,0,,"Anda mencari hunian praktis dengan harga terjangkau? Ini pilihan yang tepat! Apartemen ini ada di Cinere, Depok. Dengan 2 kamar tidur & 1 kamar mandi, apartemen ini cocok untuk Anda.

Harga sewa: Rp 55 Juta/ Tahun.

7 menit ke Stasiun Fatmawati, 7 menit ke MRT Fatmawati, 8 menit ke Stasiun Lebak Bulus Grab
3 menit ke SMAN 8 Tangerang, 3 menit ke Universitas Pembangunan Nasional 'Veteran' Jakarta, 3 menit ke UBSI Fatmawati (Universitas Bina Sarana Informatika) Kampus Fatmawati

	-----------------"
LST-00142,Transpark Cibubur 2Br Mewah Full Furnished,https://www.99.co/id/properti/apartemen-disewa-7jt-cibubur-cp-1015007203,Depok,Jawa Barat,Depok,Depok,Apartemen,625000.0,13888.888888888889,yearly,2,1,2 Bedroom,45.0,20.637613521398144,9.132755487612357,Stasiun KRL Depok Baru,Tier 3: Outer Commuter Ring (15-28km),1,0,0,0,0,0,0,0,1,0,0,0,-6.37508470900535,106.90293872148897,listing,0,,"Disewakan apartemen hemat di Cibubur, Depok.
Memiliki 2 kamar tidur, 1 kamar mandi, serta luas 45m2.
Harga sewa Rp 7,5 Juta/ Tahun

Area paling strategis. 2 menit ke LRT Harjamukti, 5 menit ke Tol Cimanggis

	------------------------------------------------------------

	APARTEMEN 2BR MEWAH - TRANSPARK CIBUBUR, TOWER AURORA ✨

Nikmati kenyamanan tinggal di apartemen premium dengan desain modern dan fasilitas lengkap di kawasan Transpark Cibubur. Unit 2 Bedroom fully furnished ini siap huni dan c"
LST-00143,Margonda Residence 1 Mares 1 Dekat Ui,https://www.99.co/id/properti/apartemen-disewa-1jt-margonda-cp-1011127534,Depok,Jawa Barat,Depok,Depok,Apartemen,1500000.0,75000.0,monthly,0,1,Studio / 1BR,20.0,19.117689833962416,1.545535782398491,Stasiun KRL Depok Baru,Tier 3: Outer Commuter Ring (15-28km),0,0,0,0,0,0,0,0,1,0,0,0,-6.3804,106.830704,listing,0,,"FOR RENT ONLY. Hunian ekonomis di Margonda, Depok.
Apartemen dengan 0 kamar tidur & 1 kamar mandi, cocok untuk pasangan muda.
Harga sewa hanya Rp 1,5 Juta/ Bulan.

3 menit ke Stasiun Depok Baru, 4 menit ke Stasiun Pondok Cina, 6 menit ke Stasiun UI
0 menit ke Akademi Pariwisata Nusantara Jaya, 3 menit ke Darul Abidin, 3 menit ke Departemen Teknik Informatika dan Komputer PNJ

	------------------------------------------------------------

	Disewakan Unit Apartemen
Margonda Residence 1,
*Harga 1,5"
LST-00144,Apartemen Samasta Mahata 2br Furnish Margonda Depok,https://www.99.co/id/properti/apartemen-disewa-9jt-margonda-cp-1011400640,Depok,Jawa Barat,Depok,Depok,Apartemen,750000.0,15000.0,yearly,2,2,2 Bedroom,50.0,19.117689833962416,1.545535782398491,Stasiun KRL Depok Baru,Tier 3: Outer Commuter Ring (15-28km),0,0,0,0,0,0,0,0,1,0,0,0,-6.3804,106.830704,listing,0,,"Hunian hemat siap huni di Margonda, Depok. Bisa langsung sewa!

Spesifikasi: 2 KT, 2 KM, luas 50m2.
Harga sewa: Rp 9 Juta/ Tahun.

Apartemen ini jadi favorit karena akses transportasi umum yang mudah. 3 menit ke Stasiun Depok Baru, 4 menit ke Stasiun Pondok Cina, 6 menit ke Stasiun UI

Jangan sampai kehabisan unit!

	------------------------------------------------------------

	APARTEMEN SAMESTA MAHATA MARGONDA DEPOK

APARTEMENT 2 BedRoom DUAL KEYS, 
2 unit studio dengan 1 pintu utama, masing m"
LST-00145,APARTEMENT STUDIO FULL FURNISH,https://www.99.co/id/properti/apartemen-disewa-45jt-margonda-cp-1007481969,Depok,Jawa Barat,Depok,Depok,Apartemen,3750000.0,156250.0,yearly,1,1,Studio / 1BR,24.0,19.104278543040536,2.840460045002345,Stasiun KRL Depok Baru,Tier 3: Outer Commuter Ring (15-28km),1,0,0,0,0,0,1,0,1,0,0,0,-6.3788856,106.8444204,listing,0,,"Butuh Hunian Hemat?
Ada unit di Depok dengan 1 KT & 1 KM siap huni.
Harga sewa mulai Rp 45 Juta/ Tahun.

Anda tak perlu khawatir tentang lokasi karena area apartemen ini strategis. 5 menit ke Stasiun Pondok Cina, 7 menit ke Stasiun UI, 7 menit ke Stasiun Depok Baru

	------------------------------------------------------------

	Apartment Disewa Depok Sewa apartemen studio full furnish 
- view hadap Kolam Renang 
- tidak bising & tenang
- dekat RS Bunda
- dekat RS UI
- dekat Universitas Ind"
LST-00146,Disewakan Apartment Cinere Bellevue 2Br Fully Furnished,https://www.99.co/id/properti/apartemen-disewa-4jt-cinere-cp-1013342077,Depok,Jawa Barat,Cinere,"Cinere, Depok",Apartemen,4500000.0,109756.09756097561,monthly,2,1,2 Bedroom,41.0,20.178811437432895,0.9049734048211203,Stasiun KRL Depok Baru,Tier 3: Outer Commuter Ring (15-28km),1,0,0,0,0,0,1,0,1,0,0,0,-6.39,106.83,listing,0,,"Apartemen Murah Disewakan!
- Lokasi: Cinere, Depok, Depok
- 2 KT, 1 KM
- Luas 41m2
- Harga: Rp 4,5 Juta/ Bulan

Lokasi strategis. 1 menit ke Stasiun Depok Baru, 6 menit ke Stasiun Depok, 7 menit ke Stasiun Pondok Cina

	------------------------------------------------------------

	DISEWAKAN - APARTMENT
Cinere Bellevue Suites, Tower A

Spec :
- Luas 41 sqm
- 2 BR, Fully Furnished
- Lantai 6, View Pool
- Bersih dan terawat

Fasilitas Unit Apartment :
- 2 Bed & Wardrobe
- 1 Set meja kursi
- Kitche"
LST-00147,Disewakan Apartemen Cibell Full Furnished,https://www.99.co/id/properti/apartemen-disewa-46jt-cinere-cp-1013399385,Depok,Jawa Barat,Cinere,"Cinere, Depok",Apartemen,3833333.3333333335,95833.33333333334,yearly,2,1,2 Bedroom,40.0,14.553202015811204,4.909428178482895,Stasiun MRT Lebak Bulus,Tier 2: Inner Ring Metro (7-15km),1,0,0,0,0,0,0,0,0,0,0,0,-6.33298,106.778412,listing,0,,"Apartemen disewa murah:
- 2 Bedroom
- 1 Bathroom
- Luas 40m2
- Lokasi: Cinere, Depok, Depok
- Harga: Rp 46 Juta/ Tahun

Hubungi sekarang!

	------------------------------------------------------------

	Disewakan apartemen cibell full furnished 

40 sqm
KT 2
KM 1
tower B Lantai 1

"
LST-00148,Apartment Grand Taman Melati 2 (Studio),https://www.99.co/id/properti/apartemen-disewa-50jt-depok-i-cp-1010484478,Depok,Jawa Barat,Depok,Depok,Apartemen,4166666.6666666665,126262.62626262626,yearly,0,1,Studio / 1BR,33.0,20.005625423803828,0.5324481056707552,Stasiun KRL Depok Baru,Tier 3: Outer Commuter Ring (15-28km),1,0,0,0,0,0,0,0,1,0,0,0,-6.388701496005748,106.81778955830116,listing,0,,"Apartemen terjangkau untuk disewa di Depok.

Unit ini memiliki 0 kamar tidur dan 1 kamar mandi.
Harga Rp 50 Juta/ Tahun, cocok untuk hunian bagus dan strategis ini.

Lokasinya strategis. 2 menit ke Stasiun Depok Baru, 5 menit ke Stasiun Depok, 8 menit ke Stasiun Pondok Cina

	------------------------------------------------------------

	Ukuran 33 m2
tingkat 18
kamar tidur Studio
kamar mandi 1
Sertifikat SHM
Fasilitas Full Furnished

"
LST-00149,Disewakan! Apartemen Grand Taman Melati 2 Tower C,https://www.99.co/id/properti/apartemen-disewa-3jt-margonda-cp-1014723329,Depok,Jawa Barat,Depok,Depok,Apartemen,3800000.0,140740.74074074073,monthly,1,1,Studio / 1BR,27.0,16.903913696813504,3.656819086512658,Stasiun KRL Depok Baru,Tier 3: Outer Commuter Ring (15-28km),0,0,0,0,0,0,0,0,1,0,0,0,-6.360260408094277,106.8331169209905,listing,0,,"Disewakan apartemen murah di Margonda, Depok.
Memiliki 1 kamar tidur, 1 kamar mandi, serta luas 27m2.
Harga sewa Rp 3,8 Juta/ Bulan

Area paling strategis. 0 menit ke Stasiun UI, 3 menit ke Stasiun Pondok Cina, 6 menit ke Stasiun Universitas Pancasila

	------------------------------------------------------------

	DISEWAKAN Apartemen dekat Kampus UI

Unit Studio Grand Taman Melati 2
Tower C Lantai 9

Lokasi strategis:
Dekat kampus UI
Dekat kampus Gunadarma
Akses jalan kaki ke Stasiun UI
Dekat m"
LST-00150,Disewakan Apartemen Cozy.full Furnish,https://www.99.co/id/properti/apartemen-disewa-40jt-depok-i-cp-1012329794,Depok,Jawa Barat,Depok,Depok,Apartemen,3333333.3333333335,151515.15151515152,yearly,0,1,Studio / 1BR,22.0,20.005573729541677,0.5327180613396044,Stasiun KRL Depok Baru,Tier 3: Outer Commuter Ring (15-28km),1,0,0,0,0,0,0,0,1,0,0,0,-6.388701,106.817787,listing,0,,"Apartemen harga hemat untuk disewa di Depok.

Unit ini memiliki 0 kamar tidur dan 1 kamar mandi.
Harga Rp 40 Juta/ Tahun, cocok untuk hunian bagus dan strategis ini.

Lokasinya strategis. 2 menit ke Stasiun Depok Baru, 5 menit ke Stasiun Depok, 8 menit ke Stasiun Pondok Cina

	------------------------------------------------------------

	Apartemen di Depok I.

Miliki apartemen 26 lantai yang modern ini,  disewakan menghadirkan lingkungan fasilitas yang lengkap, cocok untuk Anda yang menginginka"
LST-00151,Sewa Apartement Podomoro Golf View,https://www.99.co/id/properti/apartemen-disewa-4jt-cimanggis-cp-1013386446,Depok,Jawa Barat,Cimanggis,"Cimanggis, Depok",Apartemen,4500000.0,125000.0,monthly,2,1,2 Bedroom,36.0,21.813847711201102,7.593995502776035,Stasiun KRL Depok Baru,Tier 3: Outer Commuter Ring (15-28km),0,0,0,0,0,0,0,0,0,0,0,0,-6.39199,106.890617,listing,0,,"Apartemen murah di Cimanggis, Depok, Depok siap untuk disewa.
Luas 36m2m², 2 kamar tidur, dan 1 kamar mandi.
Harga sewa: Rp 4,5 Juta/ Bulan.
Hubungi kami untuk detail.

	------------------------------------------------------------

	Podomoro Golf view 
blm termasuk IPL
deposit 2 jt

"
LST-00152,Apartemen Studio Siap Huni Aman dan Nyaman di Pusat Kota Bekasi,https://www.99.co/id/properti/apartemen-disewa-26jt-summarecon-bekasi-cp-1015014021,Bekasi,Jawa Barat,Bekasi,Bekasi,Apartemen,2166666.6666666665,103174.60317460317,yearly,0,1,Studio / 1BR,21.0,20.108823004198197,1.1224371882548045,Stasiun KRL Bekasi,Tier 3: Outer Commuter Ring (15-28km),0,0,0,0,0,0,0,0,1,0,0,0,-6.226128,107.001076,listing,0,,"FOR RENT ONLY. Hunian hemat di Summarecon Bekasi, Bekasi.
Apartemen dengan 0 kamar tidur & 1 kamar mandi, pas untuk pasangan muda.
Harga sewa hanya Rp 26 Juta/ Tahun.

3 menit ke Stasiun Bekasi, 6 menit ke Stasiun Kranji, 8 menit ke Terminal Bekasi Kota
2 menit ke BINUS University (Bina Nusantara University) Bekasi, 3 menit ke Stie Bisnis International Indonesia, 3 menit ke SMAN 1 Bekasi

	------------------------------------------------------------

	Apartemen strategis dekat pusat kota, mall, "
LST-00153,Apartemen Studio Dekat Fasilitas Umum dan Nyaman,https://www.99.co/id/properti/apartemen-disewa-27jt-summarecon-bekasi-cp-1015013960,Bekasi,Jawa Barat,Bekasi,Bekasi,Apartemen,2250000.0,107142.85714285714,yearly,0,1,Studio / 1BR,21.0,20.108823004198197,1.1224371882548045,Stasiun KRL Bekasi,Tier 3: Outer Commuter Ring (15-28km),0,0,0,0,0,0,0,0,1,0,0,0,-6.226128,107.001076,listing,0,,"Apartemen terjangkau untuk disewa di Bekasi.

Unit ini memiliki 0 kamar tidur dan 1 kamar mandi.
Harga Rp 27 Juta/ Tahun, cocok untuk hunian bagus dan strategis ini.

Lokasinya strategis. 3 menit ke Stasiun Bekasi, 6 menit ke Stasiun Kranji, 8 menit ke Terminal Bekasi Kota

	------------------------------------------------------------

	Apartemen tipe studio siap huni, sudah furnished hanya membawa barang pribadi, dekat mall, Rumah Sakit Universitas dan fasiltas umum lainnya.

"
LST-00154,"Sewa Apartemen Minimalis 28m2 Punya 1 KT, 1 KM, Lokasi di Cikarang Barat",https://www.99.co/id/properti/apartemen-disewa-45jt-cikarang-barat-cp-1013637242,Bekasi,Jawa Barat,Cikarang Barat,"Cikarang Barat, Bekasi",Apartemen,3750000.0,133928.57142857142,yearly,1,1,Studio / 1BR,28.0,32.011397527329024,13.432002331141627,Stasiun KRL Bekasi,Tier 4: Greater Satellite Periphery (>28km),0,0,0,0,0,0,0,0,0,0,0,0,-6.319622,107.087296,listing,0,,"DISEWA apartemen murah di Cikarang Barat, Bekasi, Bekasi.
Unit 1 KT, 1 KM, luas 28m2.
Harga sewa Rp 45 Juta/ Tahun.
Buruan survei!


9 menit ke PTDI-STTD (POLITEKNIK TRANSPORTASI DARAT INDONESIA), 9 menit ke STTD Bekasi (Sekolah Tinggi Transportasi Darat Bekasi), 11 menit ke Annisa Islamic School

	------------------------------------------------------------

	mudah akses dan cocok buat pekerja dari luar kota

"
LST-00155,"Disewakan Apartemen Grand Icon Caman Raya Type 2BR Posisi Hoek Fullfurnish, Siap Huni, Dekat Tol Jati Bening, Bekasi",https://www.99.co/id/properti/apartemen-disewa-48jt-jatibening-cp-1010297881,Bekasi,Jawa Barat,Bekasi,Bekasi,Apartemen,4000000.0,97560.9756097561,yearly,2,1,2 Bedroom,41.0,15.580454451642813,5.621829752741939,Stasiun KRL Bekasi,Tier 3: Outer Commuter Ring (15-28km),1,0,0,0,0,0,0,0,1,0,0,0,-6.25596,106.952728,listing,0,,"Sewa apartemen hemat di Jatibening, Bekasi.
Memiliki 2 kamar tidur, 1 kamar mandi, serta luas 41m2.
Harga sewa Rp 48 Juta/ Tahun

Area paling strategis. 0 menit ke LRT Cikunir 1, 2 menit ke Pintu Tol Jatibening, 3 menit ke LRT Cikunir 2

	------------------------------------------------------------

	Disewakan Apartemen Grand Icon Caman Raya Type 2BR Posisi Hoek Fullfurnish, Siap Huni, Dekat Tol Jati Bening, Bekasi

Luas Bangunan : 41m2
Kamar Tidur : 2
Kamar Mandi : 1
Tingkat : 23
Harga : 48.000"
LST-00156,Disewakan Apartment 1 Bedroom di Orange County Cikarang,https://www.99.co/id/properti/apartemen-disewa-18jt-cikarang-selatan-cp-1014997015,Bekasi,Jawa Barat,Cikarang Selatan,"Cikarang Selatan, Bekasi",Apartemen,1500000.0,31914.893617021276,yearly,1,1,Studio / 1BR,47.0,43.06117851430047,23.733149490434528,Stasiun KRL Bekasi,Tier 4: Greater Satellite Periphery (>28km),0,0,1,0,0,0,0,0,0,0,0,0,-6.34254,107.185623,listing,0,,"Apartemen Murah Disewakan!
- Lokasi: Cikarang Selatan, Bekasi, Bekasi
- 1 KT, 1 KM
- Luas 47m2
- Harga: Rp 18 Juta/ Tahun

Lokasi strategis. 

	------------------------------------------------------------

	Orange County Cikarang 
Tower Pasadena 
Lantai 29
Luas 47 m²
1 Bedroom
1 Bathroom
Unfurnished
Harga sewa : Rp18.000.000/tahun Nego
Belum termasuk IPL, air & listrik

"
LST-00157,Disewakan Apt. Center Point Tower D Bekasi,https://www.99.co/id/properti/apartemen-disewa-25jt-margahayu-cp-1010047053,Bekasi,Jawa Barat,Bekasi,Bekasi,Apartemen,2083333.3333333333,69444.44444444444,yearly,1,1,Studio / 1BR,30.0,22.43978522358288,2.377805270038329,Stasiun KRL Bekasi,Tier 3: Outer Commuter Ring (15-28km),0,0,0,1,0,0,0,0,1,0,0,0,-6.24144,107.02033,listing,0,,"Cari Apartemen Murah?
Tersedia unit di Bekasi dengan 1 KT & 1 KM siap huni.
Harga sewa mulai Rp 25 Juta/ Tahun.

Anda tidak perlu khawatir tentang lokasi karena area apartemen ini strategis. 2 menit ke Stasiun Bekasi Timur, 3 menit ke Terminal Bekasi Kota, 6 menit ke Pintu Tol Bekasi Timur

	------------------------------------------------------------

	Disewakan Apt. Center Point Tower D Bekasi

Luas Bangunan : 30 m²
Kamar tidur : 2 jadi 1
Kamar mandi : 1
Listrik : 1.300 watt
Air : PDAM
AC : 2
"
LST-00158,Apartemen Orange County View Timur New Edition,https://www.99.co/id/properti/apartemen-disewa-40jt-cikarang-selatan-cp-1003590254,Bekasi,Jawa Barat,Cikarang Selatan,"Cikarang Selatan, Bekasi",Apartemen,3333333.3333333335,79365.07936507936,yearly,1,1,Studio / 1BR,42.0,43.060867330030625,23.73286208738612,Stasiun KRL Bekasi,Tier 4: Greater Satellite Periphery (>28km),0,0,0,0,0,0,0,0,0,0,0,0,-6.34254,107.18562,listing,0,,"Apartemen terjangkau di kawasan Bekasi.
Dengan 1 kamar tidur dan 1 kamar mandi, unit ini cocok untuk Anda atau keluarga kecil.
Harga sewa: Rp 40 Juta/ Tahun.


4 menit ke PSU (Universitas Panca Sakti) Kampus B, 6 menit ke ITSB, 7 menit ke Universitas Pelita Bangsa

	------------------------------------------------------------

	Unit baru selesai di buat interior berada di lantai tengah, hadap Timut, view jalan toll Jakarta-Cikampek dan lintasan kereta cepat Jakartra-Bandung. Fasilitas yang terda"
LST-00159,Apartemen Orange County Cikarang,https://www.99.co/id/properti/apartemen-disewa-120jt-cikarang-selatan-cp-1012951603,Bekasi,Jawa Barat,Cikarang Selatan,"Cikarang Selatan, Bekasi",Apartemen,10000000.0,151515.15151515152,yearly,2,2,2 Bedroom,66.0,43.06117851430047,23.733149490434528,Stasiun KRL Bekasi,Tier 4: Greater Satellite Periphery (>28km),1,0,0,1,0,1,0,0,0,0,0,0,-6.34254,107.185623,listing,0,,"Apartemen murah di Cikarang Selatan, Bekasi, Bekasi siap untuk disewa.
Luas 66m2m², 2 kamar tidur, dan 2 kamar mandi.
Harga sewa: Rp 120 Juta/ Tahun.
Hubungi kami untuk detail.

	------------------------------------------------------------

	Condition: Fully furnished. 3 Air conditioners, water heater, washing machine, refrigerator, stove, microwave, water dispenser, rice cooker, 50"" LCD TV. 

Facility: 
1. Security System: 24-hours with CCTV and Access Card. 
2. 24-Hours Customer Service 
3. Wa"
LST-00160,Disewakan Apartemen Orange County,https://www.99.co/id/properti/apartemen-disewa-150jt-cikarang-cp-1013270653,Bekasi,Jawa Barat,Bekasi,Bekasi,Apartemen,12500000.0,97656.25,yearly,3,2,3 Bedroom,128.0,38.56637506297416,18.510971419363152,Stasiun KRL Bekasi,Tier 4: Greater Satellite Periphery (>28km),1,0,0,1,0,1,0,0,1,0,0,0,-6.2513,107.166267,listing,0,,"Apartemen harga hemat untuk disewa di Bekasi.

Unit ini memiliki 3 kamar tidur dan 2 kamar mandi.
Harga Rp 150 Juta/ Tahun, cocok untuk hunian bagus dan strategis ini.

Lokasinya strategis. 6 menit ke Stasiun Cikarang, 8 menit ke Terminal Cikarang

	------------------------------------------------------------

	* Condition: Fully furnished .3 Air conditioners, water heater, washing machine, refrigerator, stove, microwave, water dispenser, rice cooker, 2 LCD TV 55"".
* Facility:
    1. Security Sy"
LST-00161,Disewakan Apartemen 2 Bed Thamrin District Bekasi Furnished,https://www.99.co/id/properti/apartemen-disewa-3jt-bekasi-kota-cp-1012509420,Bekasi,Jawa Barat,Bekasi,Bekasi,Apartemen,3700000.0,97368.42105263157,monthly,2,1,2 Bedroom,38.0,19.594211851492073,2.3950745566100147,Stasiun KRL Bekasi,Tier 3: Outer Commuter Ring (15-28km),0,0,0,0,0,0,0,0,1,0,0,0,-6.25584,106.99083,listing,0,,"FOR RENT ONLY. Hunian hemat di Bekasi Kota, Bekasi.
Apartemen dengan 2 kamar tidur & 1 kamar mandi, pas untuk pasangan muda.
Harga sewa hanya Rp 3,7 Juta/ Bulan.

1 menit ke Stasiun LRT Bekasi Barat, 7 menit ke Stasiun Bekasi, 7 menit ke Terminal Bekasi Kota
2 menit ke BIU (Universitas Bina Insani), 2 menit ke Asmi Stansa, 3 menit ke STIE TRI BHAKTI (Tri Bhakti Business School)

	------------------------------------------------------------

	Apartemen di Bekasi Kota.

Cek segera apartemen 7 lant"
LST-00162,"Disewakan apartemen Azalea tipe studio suites, siap huni di cikarang",https://www.99.co/id/properti/apartemen-disewa-44jt-cikarang-cp-1010577100,Bekasi,Jawa Barat,Bekasi,Bekasi,Apartemen,3666666.6666666665,83333.33333333333,yearly,1,1,Studio / 1BR,44.0,27.3844984059103,7.329389828792045,Stasiun KRL Bekasi,Tier 3: Outer Commuter Ring (15-28km),1,0,0,0,0,0,0,0,0,0,0,0,-6.2513,107.064021,subdistrict_centroid,1,,"Apartemen harga hemat untuk disewa di Bekasi.

Unit ini memiliki 1 kamar tidur dan 1 kamar mandi.
Harga Rp 44 Juta/ Tahun, cocok untuk hunian bagus dan strategis ini.

Lokasinya strategis. 

	------------------------------------------------------------

	dekat ke tol bekasi barat
full furnished
dekat ke kawasan industri cikarang

"
LST-00163,Apartment Ala Jepang Siap Huni,https://www.99.co/id/properti/apartemen-disewa-75jt-cikarang-cp-1002044667,Bekasi,Jawa Barat,Bekasi,Bekasi,Apartemen,6250000.0,89285.71428571429,yearly,1,2,Studio / 1BR,70.0,38.566704178617734,18.51130164028046,Stasiun KRL Bekasi,Tier 4: Greater Satellite Periphery (>28km),1,0,0,0,0,0,0,0,1,0,0,0,-6.2513,107.16627,listing,0,,"Apartemen harga hemat untuk disewa di Bekasi.

Unit ini memiliki 1 kamar tidur dan 2 kamar mandi.
Harga Rp 75 Juta/ Tahun, cocok untuk hunian bagus dan strategis ini.

Lokasinya strategis. 6 menit ke Stasiun Cikarang, 8 menit ke Terminal Cikarang

	------------------------------------------------------------

	DISEWA Combined Unit Apartment ala Jepang FULL FURNISHED

Apartment Vasanta Innopark
Cikarang Barat
Luas Bangunan: 70m2

Specifications️
- Combined Unit
- 1 Bedroom
- 2 Bathrooms
- Daya Li"
LST-00164,Disewakan Apartment Chadstone Newly Renovated,https://www.99.co/id/properti/apartemen-disewa-42jt-cikarang-barat-cp-1014345976,Bekasi,Jawa Barat,Cikarang Barat,"Cikarang Barat, Bekasi",Apartemen,3500000.0,140000.0,yearly,1,1,Studio / 1BR,25.0,32.011397527329024,13.432002331141627,Stasiun KRL Bekasi,Tier 4: Greater Satellite Periphery (>28km),1,0,0,0,0,0,0,0,0,0,0,0,-6.319622,107.087296,listing,0,,"[SEWA] Apartemen hemat di Cikarang Barat dengan spesifikasi lengkap.
Luas 25m2m², dilengkapi 1 kamar tidur dan 1 kamar mandi.
Harga sewa hanya Rp 42 Juta/ Tahun.

Mengapa unit ini menarik untuk disewa? Karena lokasinya strategis. 

	------------------------------------------------------------

	Dekat dengan pusat perbelanjaan. Fully furnished, newly renovated, siap huni

"
LST-00165,Apartemen Strategis 84m2 di Cikarang Bekasi 4 Bedroom,https://www.99.co/id/properti/apartemen-disewa-80jt-cikarang-cp-1013891831,Bekasi,Jawa Barat,Bekasi,Bekasi,Apartemen,6666666.666666667,79365.07936507936,yearly,4,2,4+ Bedroom,84.0,38.56637506297416,18.510971419363152,Stasiun KRL Bekasi,Tier 4: Greater Satellite Periphery (>28km),0,0,0,0,0,0,0,0,1,0,0,0,-6.2513,107.166267,listing,0,,"Butuh Hunian Hemat?
Ada unit di Bekasi dengan 4 KT & 2 KM siap huni.
Harga sewa mulai Rp 80 Juta/ Tahun.

Anda tidak perlu khawatir tentang lokasi karena area apartemen ini strategis. 6 menit ke Stasiun Cikarang, 8 menit ke Terminal Cikarang

	------------------------------------------------------------

	Apartemen Sevilla Meikarta
Lokasi : Sevilla  1A, Tower District 2
Lantai : 26
Kamar : 26 C
Jumlah Kamar :  4
WC :  2
Listrik :  4.400 watt
Air : PAM
View dari jendela : perumahan 

Komponen Bil"
LST-00166,Apartemen Meikarta 2 Kamar Lippo Cikarang,https://www.99.co/id/properti/apartemen-disewa-55jt-cikarang-cp-1012879369,Bekasi,Jawa Barat,Bekasi,Bekasi,Apartemen,4583333.333333333,109126.98412698411,yearly,2,1,2 Bedroom,42.0,38.56637506297416,18.510971419363152,Stasiun KRL Bekasi,Tier 4: Greater Satellite Periphery (>28km),0,0,0,0,0,0,0,0,1,0,0,0,-6.2513,107.166267,listing,0,,"Butuh Hunian Hemat?
Tersedia unit di Bekasi dengan 2 KT & 1 KM siap huni.
Harga sewa mulai Rp 55 Juta/ Tahun.

Anda tak perlu khawatir soal lokasi karena area apartemen ini strategis. 6 menit ke Stasiun Cikarang, 8 menit ke Terminal Cikarang

	------------------------------------------------------------

	Kesempatan terbatas buat Anda dapatkan apartemen strategis dengan return investasi tinggi di Cikarang, Bekasi.

Apartemen ini menawarkan lokasi yang strategis serta memiliki nilai tepat yang si"
LST-00167,"Sewa Apartemen Hemat di Cikarang Selatan, Bekasi Lokasi Strategis",https://www.99.co/id/properti/apartemen-disewa-6jt-cikarang-selatan-cp-1013603677,Bekasi,Jawa Barat,Cikarang Selatan,"Cikarang Selatan, Bekasi",Apartemen,6000000.0,92307.69230769231,monthly,3,2,3 Bedroom,65.0,43.06117851430047,23.733149490434528,Stasiun KRL Bekasi,Tier 4: Greater Satellite Periphery (>28km),0,0,0,0,0,1,0,0,0,0,0,0,-6.34254,107.185623,listing,0,,"[SEWA] Apartemen murah di Cikarang Selatan dengan spesifikasi lengkap.
Luas 65m2m², dilengkapi 3 kamar tidur dan 2 kamar mandi.
Harga sewa hanya Rp 6 Juta/ Bulan.

Mengapa apartemen ini menarik untuk disewa? Karena lokasinya strategis. 

	------------------------------------------------------------

	Tower Overtone 
3 Kamar
Lemari
Water heater
lampu dan gorden

6 juta perbulan

"
LST-00168,"Disewakan Apartemen Minimalis 65m2 Punya 3 KT, 2 KM, Lokasi di Cikarang Pusat",https://www.99.co/id/properti/apartemen-disewa-4jt-cikarang-pusat-cp-1013603629,Bekasi,Jawa Barat,Cikarang Pusat,"Cikarang Pusat, Bekasi",Apartemen,4000000.0,61538.46153846154,monthly,3,2,3 Bedroom,65.0,40.2717178899778,21.916106794149666,Stasiun KRL Bekasi,Tier 4: Greater Satellite Periphery (>28km),1,0,0,0,0,0,0,0,0,0,0,0,-6.366952,107.147789,listing,0,,"Apartemen ekonomis untuk disewa:
- Lokasi: Cikarang Pusat, Bekasi, Bekasi
- 3 Kamar Tidur
- 2 Kamar Mandi
- Luas 65m2
- Harga: Rp 4 Juta/ Bulan

Lokasi strategis. 

	------------------------------------------------------------

	Apartemen tower Riverlake
Full Furnish
Lantai 11

Unit bersih dan nyaman

"
LST-00169,"Ada Unit Apartemen Murah Disewa di Cikarang Selatan, Bekasi 3 BR",https://www.99.co/id/properti/apartemen-disewa-4jt-cikarang-selatan-cp-1013640133,Bekasi,Jawa Barat,Cikarang Selatan,"Cikarang Selatan, Bekasi",Apartemen,4000000.0,61538.46153846154,monthly,3,2,3 Bedroom,65.0,43.06117851430047,23.733149490434528,Stasiun KRL Bekasi,Tier 4: Greater Satellite Periphery (>28km),0,0,0,0,0,0,0,0,0,0,0,0,-6.34254,107.185623,listing,0,,"Apartemen hemat di Cikarang Selatan, Bekasi, Bekasi siap untuk disewa.
Luas 65m2m², 3 kamar tidur, dan 2 kamar mandi.
Harga sewa: Rp 4 Juta/ Bulan.
Segera survei.

	------------------------------------------------------------

	Disewakan apartemen Meikarta
Tower Silverlake
Lantai rendah
Unfurnish
Sewa minimal 1 tahun

"
LST-00170,"Apartemen Disewa Murah 4 KT / 2 KM di Cikarang Selatan, Bekasi",https://www.99.co/id/properti/apartemen-disewa-6jt-cikarang-selatan-cp-1013642137,Bekasi,Jawa Barat,Cikarang Selatan,"Cikarang Selatan, Bekasi",Apartemen,6000000.0,71428.57142857143,monthly,4,2,4+ Bedroom,84.0,43.06117851430047,23.733149490434528,Stasiun KRL Bekasi,Tier 4: Greater Satellite Periphery (>28km),0,0,0,0,0,0,0,0,0,0,0,0,-6.34254,107.185623,listing,0,,"Apartemen hemat di Cikarang Selatan, Bekasi, Bekasi siap untuk disewa.
Luas 84m2m², 4 kamar tidur, dan 2 kamar mandi.
Harga sewa: Rp 6 Juta/ Bulan.
Segera survei.

	------------------------------------------------------------

	Hunian Praktis & Modern

Apartemen ini menawarkan gaya hidup yang praktis dengan lingkungan yang terus berkembang. Cocok bagi Anda yang menginginkan tempat tinggal dekat tempat kerja, nyaman, dan mudah menjangkau berbagai fasilitas penting

Apartemen ini cocok untuk karya"
LST-00171,"Jarang Ada! Hunian Apartemen Hemat di Cikarang Selatan, Bekasi 3 Kamar Tidur dan 2 Kamar Mandi",https://www.99.co/id/properti/apartemen-disewa-5jt-cikarang-selatan-cp-1013640976,Bekasi,Jawa Barat,Cikarang Selatan,"Cikarang Selatan, Bekasi",Apartemen,5000000.0,76923.07692307692,monthly,3,2,3 Bedroom,65.0,43.06117851430047,23.733149490434528,Stasiun KRL Bekasi,Tier 4: Greater Satellite Periphery (>28km),1,0,0,0,0,0,0,0,0,0,0,0,-6.34254,107.185623,listing,0,,"Disewakan apartemen hemat di Cikarang Selatan, Bekasi, Bekasi.

Memiliki 3 kamar tidur, 2 kamar mandi, dan luas 65m2.
Harga sewa: Rp 5 Juta/ Bulan.
Jadwalkan survei sekarang.


4 menit ke PSU (Universitas Panca Sakti) Kampus B, 6 menit ke ITSB, 7 menit ke Universitas Pelita Bangsa

	------------------------------------------------------------

	Meikarta Tower Sevilla
Lantai 26 E
Kondisi Fullfurnish
Sewa perbulan 5juta
1 tahun 55 juta

"
LST-00172,Di.sewakan.apartemen Sentul Tower Type 2 Bedroom Dekat Aeon Mall.,https://www.99.co/id/properti/apartemen-disewa-78jt-sentul-city-cp-1013262562,Bogor,Jawa Barat,Bogor,Bogor,Apartemen,6500000.0,125000.0,yearly,2,1,2 Bedroom,52.0,33.0904601567149,11.959029205217877,Stasiun KRL Bogor,Tier 4: Greater Satellite Periphery (>28km),1,0,0,0,0,0,1,0,1,0,0,0,-6.50497,106.849213,listing,0,,"Disewakan apartemen murah di Sentul City, Bogor.
Memiliki 2 kamar tidur, 1 kamar mandi, serta luas 52m2.
Harga sewa Rp 78 Juta/ Tahun

Area paling strategis. 10 menit ke Pintu Tol Citeurep, 13 menit ke Stasiun Cibinong

	------------------------------------------------------------

	Apartemen sentul Tower 
 - Disewakan
‍♂️ dekat ke AEON Mall
 Full furnished, tinggal bawa koper!
Nikmati fasilitas lengkap: kolam renang,minimarket,playground, cafe & lainnya.
 Lokasi super strategis:
v Tol Sentul Se"
LST-00173,"Apartemen Disewakan 0 Kamar Murah Siap Huni di Bogor, Luas 36m2",https://www.99.co/id/properti/apartemen-disewa-8jt-sentul-city-cp-1012590207,Bogor,Jawa Barat,Bogor,Bogor,Apartemen,8000000.0,222222.22222222222,monthly,0,1,Studio / 1BR,36.0,33.0904601567149,11.959029205217877,Stasiun KRL Bogor,Tier 4: Greater Satellite Periphery (>28km),1,0,0,1,0,0,0,0,1,0,1,0,-6.50497,106.849213,listing,0,,"Cari Apartemen Murah?
Ada unit di Bogor dengan 0 KT & 1 KM siap huni.
Harga sewa mulai Rp 8 Juta/ Bulan.

Anda tidak perlu khawatir soal lokasi karena area apartemen ini strategis. 10 menit ke Pintu Tol Citeurep, 13 menit ke Stasiun Cibinong

	------------------------------------------------------------

	Disewakan Apartemen Saffron Sentul City
 Direct akses ke AEON Mall
✨ Cocok untuk karyawan & mahasiswa
 Full furnished - tinggal bawa koper
Fasilitas unit:
v Kulkas | Smart TV | AC | Kompor
v So"
LST-00174,Sentul Apartement Tower 2 BR Disewakan Bulanan Tahunan,https://www.99.co/id/properti/apartemen-disewa-4jt-sentul-city-cp-1006684765,Bogor,Jawa Barat,Bogor,Bogor,Apartemen,4500000.0,75000.0,monthly,2,1,2 Bedroom,60.0,33.0904278134042,11.958848857665288,Stasiun KRL Bogor,Tier 4: Greater Satellite Periphery (>28km),0,1,0,0,0,0,0,0,1,0,0,0,-6.50497,106.84921,listing,0,,"Apartemen terjangkau untuk disewa di Bogor.

Unit ini memiliki 2 kamar tidur dan 1 kamar mandi.
Harga Rp 4,5 Juta/ Bulan, cocok untuk hunian bagus dan strategis ini.

Lokasinya strategis. 10 menit ke Pintu Tol Citeurep, 13 menit ke Stasiun Cibinong

	------------------------------------------------------------

	Apartment Name: Sentul Tower
Location: Sentul Selatan
Tower/Floor/View: B/5/ View gunung pancar
Size: 60 m2
Bedroom: 2
Bathroom: 1
Study Room: 1
Condition:
Semi Furnish
2 kamar tidur
1 A"
LST-00175,Sentul City Apartmen 2 Bedroom,https://www.99.co/id/properti/apartemen-disewa-4jt-babakan-madang-cp-1006684691,Bogor,Jawa Barat,Babakan Madang,"Babakan Madang, Bogor",Apartemen,4500000.0,75000.0,monthly,2,1,2 Bedroom,60.0,38.84996045007059,10.527111013597205,Stasiun KRL Bogor,Tier 4: Greater Satellite Periphery (>28km),0,1,0,1,0,1,0,0,0,0,1,0,-6.55373,106.87597,listing,0,,"Apartemen Murah Disewakan!
- Lokasi: Babakan Madang, Bogor, Bogor
- 2 KT, 1 KM
- Luas 60m2
- Harga: Rp 4,5 Juta/ Bulan

Lokasi strategis. 

	------------------------------------------------------------

	Apartment Name: Sentul Tower
Location: Sentul Selatan
Tower/Floor/View: B/5/ View gunung pancar
Size: 60 m2
Bedroom: 2
Bathroom: 1
Study Room: 1
Condition:
Semi Furnish
2 kamar tidur
1 AC ruang keluarga
2 AC ruang tidur
Kitchen set
Water heater
1 set office / dinning table
1 set sofa
Led 32 inch"
LST-00176,Apartemen Disewakan di Podomoro Golf View - Nyaman & Strategis,https://www.99.co/id/properti/apartemen-disewa-23jt-gunung-putri-cp-1014300860,Bogor,Jawa Barat,Gunung Putri,"Gunung Putri, Bogor",Apartemen,1916666.6666666667,54761.90476190476,yearly,2,1,2 Bedroom,35.0,25.67406198877915,9.006094003726995,Stasiun KRL Depok Baru,Tier 3: Outer Commuter Ring (15-28km),0,0,0,0,0,0,0,0,1,0,0,0,-6.427390802902821,106.89481408223969,listing,0,,"DISEWA apartemen murah di Gunung Putri, Bogor, Bogor.
Unit 2 KT, 1 KM, luas 35m2.
Harga sewa Rp 23 Juta/ Tahun.
Segera cek unitnya!

11 menit ke Terminal Jatijajar, 12 menit ke Stasiun Nambo
11 menit ke SMAN 4 Depok, 12 menit ke PLJ (Politeknik LP3I Jakarta) Kampus Depok

	------------------------------------------------------------

	DISEWAKAN APARTEMEN PODOMORO GOLF VIEW - HUNIAN MODERN, NYAMAN, DAN STRATEGIS

Nikmati kenyamanan tinggal di Podomoro Golf View, apartemen modern dengan lingkungan"
LST-00177,Apartemen 1 Bedroom di Pusat Kota Bogor Pemandangan Gunung Salak,https://www.99.co/id/properti/apartemen-disewa-7jt-bogor-tengah-cp-1014408372,Bogor,Jawa Barat,Bogor Tengah,"Bogor Tengah, Bogor",Apartemen,625000.0,16891.891891891893,yearly,1,1,Studio / 1BR,37.0,40.32481416667005,2.8154023166709976,Stasiun KRL Bogor,Tier 4: Greater Satellite Periphery (>28km),0,0,0,0,0,0,0,0,1,0,0,0,-6.57002,106.787628,listing,0,,"Apartemen harga terjangkau disewakan di Bogor Tengah, Bogor, Bogor.
Apartemen ini memiliki 1 kamar tidur & 1 kamar mandi dengan luas 37m2m².
Cocok untuk tempat tinggal strategis dengan harga terjangkau.

8 menit ke Stasiun Bogor, 9 menit ke Stasiun Paledang Bogor, 10 menit ke Terminal Bubulak
3 menit ke AMIK BOGOR, 3 menit ke UIKA (Universitas Ibn Khaldun Bogor), 3 menit ke SBH (STIKes Bogor Husada)

	------------------------------------------------------------

	Apartemen 11 lantai di Bogor Ten"
LST-00178,Furnish Bagus yang Lengkap.apartemen Kota Bogor dengan Fasilitas Hotel,https://www.99.co/id/properti/apartemen-disewa-7jt-bogor-tengah-cp-1014264023,Bogor,Jawa Barat,Bogor Tengah,"Bogor Tengah, Bogor",Apartemen,7500000.0,108695.65217391304,monthly,2,1,2 Bedroom,69.0,40.32481416667005,2.8154023166709976,Stasiun KRL Bogor,Tier 4: Greater Satellite Periphery (>28km),0,0,0,0,0,0,0,0,1,0,0,0,-6.57002,106.787628,listing,0,,"DISEWA apartemen murah di Bogor Tengah, Bogor, Bogor.
Unit 2 KT, 1 KM, luas 69m2.
Harga sewa Rp 7,5 Juta/ Bulan.
Segera cek unitnya!

8 menit ke Stasiun Bogor, 9 menit ke Stasiun Paledang Bogor, 10 menit ke Terminal Bubulak
3 menit ke AMIK BOGOR, 3 menit ke UIKA (Universitas Ibn Khaldun Bogor), 3 menit ke SBH (STIKes Bogor Husada)

	------------------------------------------------------------

	Apartemen 8 lantai di Bogor Tengah, Bogor.

Disewakan di wilayah yang asri. Dengan rinciannya adalah s"
LST-00179,Disewakan Apartemen Transpark Cibubur Type Studio Fullfurnished 32Nd Floor,https://www.99.co/id/properti/apartemen-disewa-4jt-cibubur-cp-1015152265,Bogor,Jawa Barat,Bogor,Bogor,Apartemen,4000000.0,181818.18181818182,monthly,1,1,Studio / 1BR,22.0,20.637613521398144,9.132755487612357,Stasiun KRL Depok Baru,Tier 3: Outer Commuter Ring (15-28km),1,0,0,0,0,0,0,0,1,0,0,0,-6.37508470900535,106.90293872148897,listing,0,,"FOR RENT ONLY. Hunian ekonomis di Cibubur, Bogor.
Apartemen dengan 1 kamar tidur & 1 kamar mandi, cocok untuk pasangan muda.
Harga sewa hanya Rp 4 Juta/ Bulan.

2 menit ke LRT Harjamukti, 5 menit ke Tol Cimanggis
4 menit ke STIKES MRHJ (Sekolah Tinggi Ilmu Kesehatan Mitra RIA Husada Jakarta), 6 menit ke IHBS, 8 menit ke SMAN 4 Depok

	------------------------------------------------------------

	Apartemen Transpark Cibubur Type Studio
FullFurnished
Lantai 32
Tower Aurora 

Spesifikasi Utama Pro"
LST-00180,"Apartemen Sentul Tower,Sentul City",https://www.99.co/id/properti/apartemen-disewa-75jt-sentul-city-cp-1014944577,Bogor,Jawa Barat,Bogor,Bogor,Apartemen,6250000.0,130208.33333333333,yearly,2,1,2 Bedroom,48.0,33.0904601567149,11.959029205217877,Stasiun KRL Bogor,Tier 4: Greater Satellite Periphery (>28km),1,0,0,0,0,0,0,0,1,0,0,0,-6.50497,106.849213,listing,0,,"Hunian murah siap huni di Sentul City, Bogor. Bisa langsung sewa!

Spesifikasi: 2 KT, 1 KM, luas 48m2.
Harga sewa: Rp 75 Juta/ Tahun.

Apartemen ini jadi incaran karena akses transportasi umum yang mudah. 10 menit ke Pintu Tol Citeurep, 13 menit ke Stasiun Cibinong

Jangan sampai kehabisan unit!

	------------------------------------------------------------

	Dijual /disewakan Apartemen Santul Tower 
LT 52 m²
Lantai 9
Tower B 
2 bedroom 
1 bathroom 
Full furnished. 
Bagus, bersih 
Harga jual 525"
LST-00181,"Apartemen Sentul Tower B, 2 Bedroom dan Fullfurnished",https://www.99.co/id/properti/apartemen-disewa-70jt-sentul-city-cp-1015056266,Bogor,Jawa Barat,Bogor,Bogor,Apartemen,5833333.333333333,135658.91472868217,yearly,2,1,2 Bedroom,43.0,33.0904601567149,11.959029205217877,Stasiun KRL Bogor,Tier 4: Greater Satellite Periphery (>28km),1,0,0,0,0,0,0,0,1,0,0,0,-6.50497,106.849213,listing,0,,"Sewa apartemen murah di Sentul City, Bogor.
Memiliki 2 kamar tidur, 1 kamar mandi, serta luas 43m2.
Harga sewa Rp 70 Juta/ Tahun

Area paling strategis. 10 menit ke Pintu Tol Citeurep, 13 menit ke Stasiun Cibinong

	------------------------------------------------------------

	Disewakan harian/ tahunan di Apartemen Sentul Tower, Tower B, luas 43.5 m² Full furnished. sudah renovasi lantai, interior yang cantik, lengkap.. 

lokasi strategis dan deket ke pintu toll, IKEA, pasar bersih, mall Aeon.."
LST-00182,2 Bad Furnish Dekat dengan Pusat Perbelanjaan,https://www.99.co/id/properti/apartemen-disewa-5jt-sentul-city-cp-1010641020,Bogor,Jawa Barat,Bogor,Bogor,Apartemen,5500000.0,125000.0,monthly,2,1,2 Bedroom,44.0,33.0904601567149,11.959029205217877,Stasiun KRL Bogor,Tier 4: Greater Satellite Periphery (>28km),0,0,0,0,0,0,0,0,1,0,0,0,-6.50497,106.849213,listing,0,,"Hunian murah siap huni di Sentul City, Bogor. Bisa langsung sewa!

Spesifikasi: 2 KT, 1 KM, luas 44m2.
Harga sewa: Rp 5,5 Juta/ Bulan.

Apartemen ini jadi incaran karena akses transportasi umum yang mudah. 10 menit ke Pintu Tol Citeurep, 13 menit ke Stasiun Cibinong

Ayo survei sekarang!

	------------------------------------------------------------

	Apartemen di Sentul City, Bogor.

Disewakan di wilayah yang nyaman. Dengan rinciannya adalah sebagai berikut:
  - Kamar Tidur: 2
  - Kamar Mandi: "
LST-00183,Disewakan.apartemen Sentul 2Kamar,https://www.99.co/id/properti/apartemen-disewa-35jt-sentul-city-cp-1013423689,Bogor,Jawa Barat,Bogor,Bogor,Apartemen,2916666.6666666665,58333.33333333333,yearly,2,1,2 Bedroom,50.0,33.0904601567149,11.959029205217877,Stasiun KRL Bogor,Tier 4: Greater Satellite Periphery (>28km),0,0,0,0,0,0,0,0,1,0,0,0,-6.50497,106.849213,listing,0,,"Hunian hemat siap huni di Sentul City, Bogor. Bisa langsung sewa!

Spesifikasi: 2 KT, 1 KM, luas 50m2.
Harga sewa: Rp 35 Juta/ Tahun.

Apartemen ini jadi favorit karena akses transportasi umum yang mudah. 10 menit ke Pintu Tol Citeurep, 13 menit ke Stasiun Cibinong

Ayo survei sekarang!

	------------------------------------------------------------

	Disewakan  Apartemen sentul dekat aeon 
2 bedroom
bisa sewa 3 blnan



"
LST-00184,Disewa Apartment Sentul City View Gn Salak,https://www.99.co/id/properti/apartemen-disewa-4jt-sentul-cp-1009664304,Bogor,Jawa Barat,Bogor,Bogor,Apartemen,4000000.0,66666.66666666667,monthly,2,1,2 Bedroom,60.0,33.0904278134042,11.958848857665288,Stasiun KRL Bogor,Tier 4: Greater Satellite Periphery (>28km),0,0,0,0,0,0,0,0,1,0,0,0,-6.50497,106.84921,listing,0,,"Disewakan apartemen murah di Sentul, Bogor.
Memiliki 2 kamar tidur, 1 kamar mandi, serta luas 60m2.
Harga sewa Rp 4 Juta/ Bulan

Area paling strategis. 10 menit ke Pintu Tol Citeurep, 13 menit ke Stasiun Cibinong

	------------------------------------------------------------

	Disewakan apartmnt sentul tower
lt 60
lb 60
2 br
hrg 4 jt 
bulanan
minimalny 3 bln sewanya

"
LST-00185,Apartemen Podomoro Golf View studio for rent,https://www.99.co/id/properti/apartemen-disewa-15jt-cibinong-cp-56658577517,Bogor,Jawa Barat,Cibinong,"Cibinong, Bogor",Apartemen,1250000.0,59523.80952380953,yearly,1,1,Studio / 1BR,21.0,29.9733352871099,10.071720945801948,Stasiun KRL Depok Baru,Tier 4: Greater Satellite Periphery (>28km),0,1,0,0,0,0,0,0,0,0,0,0,-6.47636,106.85295,listing,0,,"Apartemen disewa murah:
- 1 Bedroom
- 1 Bathroom
- Luas 21m2
- Lokasi: Cibinong, Bogor, Bogor
- Harga: Rp 15 Juta/ Tahun

Jangan sampai terlewat!

	------------------------------------------------------------

	disewakan dalam keadaan kosong, bila ingin diisi bisa dikondisikan minimal sewa harus 2 tahun untuk semi furnished

"
LST-00186,Apartemen Siap Huni View Kolam Renang Sentul City Bogor,https://www.99.co/id/properti/apartemen-disewa-4jt-sentul-city-cp-1015099036,Bogor,Jawa Barat,Bogor,Bogor,Apartemen,4500000.0,173076.92307692306,monthly,1,1,Studio / 1BR,26.0,33.0904601567149,11.959029205217877,Stasiun KRL Bogor,Tier 4: Greater Satellite Periphery (>28km),0,0,0,0,0,0,1,0,1,0,0,0,-6.50497,106.849213,listing,0,,"Hunian hemat siap huni di Sentul City, Bogor. Bisa langsung sewa!

Spesifikasi: 1 KT, 1 KM, luas 26m2.
Harga sewa: Rp 4,5 Juta/ Bulan.

Apartemen ini jadi favorit karena akses transportasi umum yang mudah. 10 menit ke Pintu Tol Citeurep, 13 menit ke Stasiun Cibinong

Ayo survei sekarang!

	------------------------------------------------------------

	Kesempatan terbatas buat Anda dapatkan apartemen nyaman dengan return investasi tinggi di Sentul City, Bogor.

Apartemen ini menawarkan kelengkapa"
LST-00187,Apartemen 1 Kamar Tidur Furnished Dengan View Yang Indah,https://www.99.co/id/properti/apartemen-disewa-4jt-sentul-city-cp-1010613121,Bogor,Jawa Barat,Bogor,Bogor,Apartemen,4000000.0,133333.33333333334,monthly,1,1,Studio / 1BR,30.0,33.0904601567149,11.959029205217877,Stasiun KRL Bogor,Tier 4: Greater Satellite Periphery (>28km),0,0,0,0,0,0,0,0,1,0,0,0,-6.50497,106.849213,listing,0,,"Hunian hemat siap huni di Sentul City, Bogor. Bisa langsung sewa!

Spesifikasi: 1 KT, 1 KM, luas 30m2.
Harga sewa: Rp 4 Juta/ Bulan.

Apartemen ini jadi favorit karena akses transportasi umum yang mudah. 10 menit ke Pintu Tol Citeurep, 13 menit ke Stasiun Cibinong

Ayo survei sekarang!

	------------------------------------------------------------

	Apartemen di Sentul City, Bogor.

For rent di wilayah yang tenang. Dengan kategorinya adalah sebagai berikut:
  - Kamar Tidur: 1
  - Kamar Mandi: 1
"
LST-00188,Apartemen 2 Kamar Tidur Furnished Dengan View Pemandangan Alam Dan City View,https://www.99.co/id/properti/apartemen-disewa-5jt-sentul-city-cp-1010607280,Bogor,Jawa Barat,Bogor,Bogor,Apartemen,5000000.0,113636.36363636363,monthly,2,1,2 Bedroom,44.0,33.0904278134042,11.958848857665288,Stasiun KRL Bogor,Tier 4: Greater Satellite Periphery (>28km),0,0,0,0,0,0,0,0,1,0,0,0,-6.50497,106.84921,listing,0,,"FOR RENT ONLY. Hunian hemat di Sentul City, Bogor.
Apartemen dengan 2 kamar tidur & 1 kamar mandi, pas untuk pasangan muda.
Harga sewa hanya Rp 5 Juta/ Bulan.

10 menit ke Pintu Tol Citeurep, 13 menit ke Stasiun Cibinong
10 menit ke STIE Kalpataru, 11 menit ke IAIN Laa Roiba Bogor Kampus 2, 11 menit ke UNHAN RI (Universitas Pertahanan Republik Indonesia)

	------------------------------------------------------------

	Apartemen di Sentul City, Bogor.

For rent di wilayah yang nyaman. Dengan spes"
LST-00189,Apartemen 1 Kamar Tidur Semi Furnished Bagus Dekat Dengan Pasar Bersih Dan Aeon Mall,https://www.99.co/id/properti/apartemen-disewa-4jt-sentul-city-cp-1010640936,Bogor,Jawa Barat,Bogor,Bogor,Apartemen,4500000.0,150000.0,monthly,1,1,Studio / 1BR,30.0,33.0904601567149,11.959029205217877,Stasiun KRL Bogor,Tier 4: Greater Satellite Periphery (>28km),0,1,0,0,0,0,0,0,1,0,0,0,-6.50497,106.849213,listing,0,,"Hunian murah siap huni di Sentul City, Bogor. Bisa langsung sewa!

Spesifikasi: 1 KT, 1 KM, luas 30m2.
Harga sewa: Rp 4,5 Juta/ Bulan.

Apartemen ini jadi incaran karena akses transportasi umum yang mudah. 10 menit ke Pintu Tol Citeurep, 13 menit ke Stasiun Cibinong

Jangan sampai kehabisan unit!

	------------------------------------------------------------

	Apartemen di Sentul City.

Dapatkan apartemen yang nyaman ini,  disewakan menawarkan lingkungan fasilitas yang lengkap, cocok untuk Anda "
LST-00190,Essence Darmawangsa 2 BR Fully Furnished (Tower East & Private Lift) Ys367,https://www.rumah123.com/properti/jakarta-selatan-kebayoran-baru/essence-darmawangsa-2-br-fully-furnished-tower-east-private-lift-ys367-apr7564197/,Jakarta Selatan,DKI Jakarta,Kebayoran Baru,"Kebayoran Baru, Jakarta Selatan",Apartemen,26000000.0,194029.85074626867,monthly,2,2,2 Bedroom,134.0,5.641237377072292,1.659864957823313,Stasiun MRT Blok M,Tier 1: Core Urban Center (<7km),1,0,0,0,0,0,0,0,0,0,0,0,-6.25735,106.805191,listing,0,https://picture.rumah123.com/r123-images/360x210-crop/customer/1964421/cac24e583a709d3ca03b9ba3ed51eba0.jpg,Essence Darmawangsa 2 BR Fully Furnished (Tower East & Private Lift) Ys367
LST-00191,Essence Darmawangsa 4 BR Fully Furnished Ys355,https://www.rumah123.com/properti/jakarta-selatan-kebayoran-baru/essence-darmawangsa-4-br-fully-furnished-ys355-apr7738412/,Jakarta Selatan,DKI Jakarta,Kebayoran Baru,"Kebayoran Baru, Jakarta Selatan",Apartemen,45000000.0,167286.24535315984,monthly,4,3,4+ Bedroom,269.0,5.641237377072292,1.659864957823313,Stasiun MRT Blok M,Tier 1: Core Urban Center (<7km),1,0,0,0,0,0,0,0,0,0,0,0,-6.25735,106.805191,listing,0,https://picture.rumah123.com/r123-images/360x210-crop/customer/1964421/listing/apr7738412/enhanced/8052693962d5b963016b63b8b4568ddb.jpg,Essence Darmawangsa 4 BR Fully Furnished Ys355
LST-00192,Essence Darmawangsa 2 BR Fully Furnished Ys386,https://www.rumah123.com/properti/jakarta-selatan-kebayoran-baru/essence-darmawangsa-2-br-fully-furnished-ys386-apr7788669/,Jakarta Selatan,DKI Jakarta,Kebayoran Baru,"Kebayoran Baru, Jakarta Selatan",Apartemen,19000000.0,190000.0,monthly,2,2,2 Bedroom,100.0,5.641237377072292,1.659864957823313,Stasiun MRT Blok M,Tier 1: Core Urban Center (<7km),1,0,0,0,0,0,0,0,0,0,0,0,-6.25735,106.805191,listing,0,https://picture.rumah123.com/r123-images/360x210-crop/customer/1964421/0f659c49d1c2e0d11e1bf51388ed6d11.jpg,Essence Darmawangsa 2 BR Fully Furnished Ys386
LST-00193,Essence Darmawangsa 4 Br South Tower Private Lift H001,https://www.rumah123.com/properti/jakarta-selatan-kemang/essence-darmawangsa-4-br-south-tower-private-lift-h001-apr3186332/,Jakarta Selatan,DKI Jakarta,Kemang,"Kemang, Jakarta Selatan",Apartemen,45000000.0,167286.24535315984,monthly,4,3,4+ Bedroom,269.0,6.906501659541088,3.2776946143109633,Stasiun MRT Blok M,Tier 1: Core Urban Center (<7km),0,0,0,0,0,0,0,0,0,0,0,0,-6.27036714553833,106.8117446899414,listing,0,https://picture.rumah123.com/r123-images/360x210-crop/customer/1964421/2024-02-01-08-40-08-764d407d-4064-4e5d-8caa-94e765406c4b.jpg,"For Rent 269sqm Apartment at Essence Darmawangsa, South Tower and Private Lift 4BR+1"
LST-00194,The Mansion Kemang Apartment Studio Fully Furnished Ys346,https://www.rumah123.com/properti/jakarta-selatan-kemang/the-mansion-kemang-apartment-studio-fully-furnished-ys346-apr7382795/,Jakarta Selatan,DKI Jakarta,Kemang,"Kemang, Jakarta Selatan",Apartemen,12500000.0,208333.33333333334,monthly,1,1,Studio / 1BR,60.0,5.2771554896027055,1.8028954383859013,Stasiun MRT Blok M,Tier 1: Core Urban Center (<7km),1,0,0,0,0,0,0,0,0,0,0,0,-6.255200386047363,106.80997467041016,listing,0,https://picture.rumah123.com/r123-images/360x210-crop/customer/1964421/ab1e2e2036bcfa32d9cc43ec131d3fa8.jpg,The Mansion Kemang Apartment  Studio Fully Furnished YS346
LST-00195,Essence Darmawangsa 2 BR Fully Furnished Ys384,https://www.rumah123.com/properti/jakarta-selatan-kebayoran-baru/essence-darmawangsa-2-br-fully-furnished-ys384-apr7788622/,Jakarta Selatan,DKI Jakarta,Kebayoran Baru,"Kebayoran Baru, Jakarta Selatan",Apartemen,15000000.0,234375.0,monthly,2,1,2 Bedroom,64.0,5.641237377072292,1.659864957823313,Stasiun MRT Blok M,Tier 1: Core Urban Center (<7km),1,0,0,0,0,0,0,0,0,0,0,0,-6.25735,106.805191,listing,0,https://picture.rumah123.com/r123-images/360x210-crop/customer/1964421/f53430f045e016e9e9c3c51ce867b771.jpg,Essence Darmawangsa 2 BR Fully Furnished Ys384
LST-00196,Premium Apartment Pondok Indah Residence 1 Bedroom Poll View,https://www.rumah123.com/properti/jakarta-selatan-pondok-indah/premium-apartment-pondok-indah-residence-1-bedroom-poll-view-apr7832866/,Jakarta Selatan,DKI Jakarta,Pondok Indah,"Pondok Indah, Jakarta Selatan",Apartemen,21000000.0,276315.7894736842,monthly,1,1,Studio / 1BR,76.0,8.510634116372524,1.7276926096371141,Stasiun MRT Lebak Bulus,Tier 2: Inner Ring Metro (7-15km),0,0,0,0,0,0,0,0,0,0,0,0,-6.2754,106.782059,listing,0,https://picture.rumah123.com/r123-images/360x210-crop/customer/2073291/af0cac11b294fd4f3186dc88732a5e0f.jpg,"Apartemen di Pondok Indah.  Miliki apartemen 1 lantai yang nyaman ini,  disewakan menghadirkan lingkungan fasilitas yang lengkap, cocok untuk Anda ..."
LST-00197,Disewakan Apartment Casa Grande 2 BR Available For Visit Showunit,https://www.rumah123.com/properti/jakarta-selatan-casablanca/disewakan-apartment-casa-grande-2-br-available-for-visit-showunit-apr7789074/,Jakarta Selatan,DKI Jakarta,Casablanca,"Casablanca, Jakarta Selatan",Apartemen,17000000.0,223684.2105263158,monthly,2,1,2 Bedroom,76.0,2.8008151283721445,1.6839729563800239,Stasiun KRL Manggarai,Tier 1: Core Urban Center (<7km),1,0,0,0,0,0,0,0,0,0,0,0,-6.222269280856636,106.84141037622294,listing,0,https://picture.rumah123.com/r123-images/360x210-crop/customer/4477302/3663a7b562efa0884caa349869485349.jpg,Casa Grande Residence Connect to Mall Kokas Casablanca Jakarta Selatan  Tower Bella Lantai 7 2 Bedroom 1 Bathroom Size 76 sqm Fully Furnished Ready...
LST-00198,Disewakan Apartemen Casa Grande 1 Bedroom Ready To Visit,https://www.rumah123.com/properti/jakarta-selatan-casablanca/disewakan-apartemen-casa-grande-1-bedroom-ready-to-visit-apr7853963/,Jakarta Selatan,DKI Jakarta,Casablanca,"Casablanca, Jakarta Selatan",Apartemen,12000000.0,244897.95918367346,monthly,1,1,Studio / 1BR,49.0,2.894794228859863,1.7852129653107864,Stasiun KRL Manggarai,Tier 1: Core Urban Center (<7km),1,0,0,0,0,0,0,0,0,0,0,0,-6.223498156349947,106.84161447061075,listing,0,https://picture.rumah123.com/r123-images/360x210-crop/customer/4477302/2961e03366215109a8359e26a51a7fba.jpg,Casa Grande Residence Casablanca Jakarta Selatan @connected to Mall Kota Kasablanka  Low Floor 1 Bedroom 1 Bathroom Size 49 sqm Fully Furnished Rea...
LST-00199,Unit Bagus..!! Casa Grande Residence 2 Kamar Tidur Connect Mall Kota Kasablanka Siap Huni Dekat ke Jalan Senayan dan Jalan Sudirman,https://www.rumah123.com/properti/jakarta-selatan-casablanca/unit-bagus-casa-grande-residence-2-kamar-tidur-connect-mall-kota-kasablanka-siap-huni-dekat-ke-jalan-senayan-dan-jalan-apr7824029/,Jakarta Selatan,DKI Jakarta,Casablanca,"Casablanca, Jakarta Selatan",Apartemen,18500000.0,243421.05263157896,yearly,2,2,2 Bedroom,76.0,2.997947626658001,1.732807787067536,Stasiun KRL Manggarai,Tier 1: Core Urban Center (<7km),0,0,0,0,0,0,0,0,0,0,0,0,-6.223576,106.842685,listing,0,https://picture.rumah123.com/r123-images/360x210-crop/customer/1886684/2c1b886f0e9530e9600efd213b990450.jpg,"Kesempatan terbatas buat Anda dapatkan apartemen strategis dengan return investasi tinggi di Casablanca, Jakarta Selatan.  Apartemen ini menawarkan..."
LST-00200,Di Sewakan Apartemen 2 Br Kuningan City,https://www.rumah123.com/properti/jakarta-selatan-prof-dr-satrio/di-sewakan-apartemen-2-br-kuningan-city-apr7846555/,Jakarta Selatan,DKI Jakarta,Prof. Dr. Satrio,"Prof. Dr. Satrio, Jakarta Selatan",Apartemen,19000000.0,204301.0752688172,monthly,2,2,2 Bedroom,93.0,1.7104783908656822,2.5335358583003456,Stasiun MRT Dukuh Atas,Tier 1: Core Urban Center (<7km),0,0,0,0,0,0,1,1,0,0,0,0,-6.223513,106.824516,listing,0,https://picture.rumah123.com/r123-images/360x210-crop/customer/1372979/9c916f22f8a944cad83eabae940d5623.jpg,"Private access to Kuningan City Mall, Balinese resort swimming pool for adults and kids, sauna, jacuzzi, gym, tennis & basketball court, jogging tr..."
LST-00201,Di Sewakan Apartemen Casa Grande 2 Br Phase 2,https://www.rumah123.com/properti/jakarta-selatan-menteng-dalam/di-sewakan-apartemen-casa-grande-2-br-phase-2-apr7791912/,Jakarta Selatan,DKI Jakarta,Menteng Dalam,"Menteng Dalam, Jakarta Selatan",Apartemen,17000000.0,193181.81818181818,monthly,2,2,2 Bedroom,88.0,6.86940019738089,2.8877021482408427,Stasiun MRT Blok M,Tier 1: Core Urban Center (<7km),0,0,0,0,0,0,1,0,0,0,0,0,-6.26899,106.806,listing,0,https://picture.rumah123.com/r123-images/360x210-crop/customer/1372979/3126a2c6ff74a5d5e944b3d0f1560d7d.jpg,"Daily needs: Direct access to Mall Kota Kasablanka: supermarket, laundry, drug store, and other commercial outlets Sports: swimming pool (kids, ja..."
LST-00202,Di Sewakan Apartemen Type Studio Newton 1,https://www.rumah123.com/properti/jakarta-selatan-prof-dr-satrio/di-sewakan-apartemen-type-studio-newton-1-apr7854314/,Jakarta Selatan,DKI Jakarta,Prof. Dr. Satrio,"Prof. Dr. Satrio, Jakarta Selatan",Apartemen,10000000.0,454545.45454545453,monthly,0,1,Studio / 1BR,22.0,1.7104783908656822,2.5335358583003456,Stasiun MRT Dukuh Atas,Tier 1: Core Urban Center (<7km),0,0,0,0,0,0,1,1,0,0,0,0,-6.223513,106.824516,listing,0,https://picture.rumah123.com/r123-images/360x210-crop/customer/1372979/0dda7a595311e287d44e521c9c743965.jpg,Swimming pool Kids Pool Lounge Jogging Area Sauna And Spa Gym Center
LST-00203,Termewah!! Siap Huni 3 Kamar Tidur Apartemen Casa Grande Residence Connecting Mall Kota Kasablanka Dekat MRT Sudirman Dekat Rumah Sakit Siloam Mrcc dan Akses Tol Kuningan,https://www.rumah123.com/properti/jakarta-selatan-casablanca/termewah-siap-huni-3-kamar-tidur-apartemen-casa-grande-residence-connecting-mall-kota-kasablanka-dekat-mrt-sudirman-apr7796979/,Jakarta Selatan,DKI Jakarta,Casablanca,"Casablanca, Jakarta Selatan",Apartemen,26500000.0,220833.33333333334,yearly,2,2,2 Bedroom,120.0,2.997947626658001,1.732807787067536,Stasiun KRL Manggarai,Tier 1: Core Urban Center (<7km),0,0,0,0,0,0,0,0,1,0,0,0,-6.223576,106.842685,listing,0,https://picture.rumah123.com/r123-images/360x210-crop/customer/1886684/ed11b69ba5f9850149f5743edd6d6a59.jpg,"Apartemen di Casablanca.  Miliki apartemen 10 lantai yang asri ini,  disewakan menghadirkan lingkungan fasilitas yang lengkap, cocok untuk Anda yan..."
LST-00204,Disewa Denpasar Residence 2Br 60M² - Kuningan City | Nego,https://www.rumah123.com/properti/jakarta-selatan-prof-dr-satrio/disewa-denpasar-residence-2br-60m-kuningan-city-nego-apr7839728/,Jakarta Selatan,DKI Jakarta,Prof. Dr. Satrio,"Prof. Dr. Satrio, Jakarta Selatan",Apartemen,13000000.0,270833.3333333333,monthly,2,1,2 Bedroom,48.0,2.064178350640496,2.772535731806634,Stasiun MRT Dukuh Atas,Tier 1: Core Urban Center (<7km),0,0,0,0,0,0,0,0,0,0,0,0,-6.2248168852,106.8294399,listing,0,https://picture.rumah123.com/r123-images/360x210-crop/customer/2159431/f70b8e22fb03bef45cae9c62b4575612.jpg,"DISEWAKAN DENPASAR RESIDENCE - KUNINGAN CITY  Apartemen 2 Bedroom di kawasan premium Kuningan, Jakarta Selatan. Unit dengan luas 60 m², nyaman dan..."
LST-00205,For Rent Apartment The Element Epicentrum Rasuna Kuningan Jakarta,https://www.rumah123.com/properti/jakarta-selatan-setiabudi/for-rent-apartment-the-element-epicentrum-rasuna-kuningan-jakarta-apr7743493/,Jakarta Selatan,DKI Jakarta,Setiabudi,"Setiabudi, Jakarta Selatan",Apartemen,25000000.0,263157.8947368421,yearly,2,2,2 Bedroom,95.0,1.622049356795302,2.234834797023227,Stasiun MRT Dukuh Atas,Tier 1: Core Urban Center (<7km),0,0,0,0,0,0,1,0,0,0,0,0,-6.21959019,106.8298746,listing,0,https://picture.rumah123.com/r123-images/360x210-crop/customer/4422452/listing/apr7743493/enhanced/41489d4ea81079a2db4cb0686fe389b3.jpg,"For Rent  The Elements, Harmony tower. 18th floor, swimmingpool view, 95 sqm, furnished. 2 bedrooms, 2 bathrooms, kitchen and dining area, living a..."
LST-00206,Apartement Residence 8 Best Unit 1Bedroom,https://www.rumah123.com/properti/jakarta-selatan-senopati/apartement-residence-8-best-unit-1bedroom-apr7854181/,Jakarta Selatan,DKI Jakarta,Senopati,"Senopati, Jakarta Selatan",Apartemen,22000000.0,289473.6842105263,yearly,1,1,Studio / 1BR,76.0,2.9815495503437885,1.7395941638335384,Stasiun MRT Blok M,Tier 1: Core Urban Center (<7km),0,0,0,0,0,0,0,0,0,0,0,0,-6.229419231414795,106.8027572631836,listing,0,https://picture.rumah123.com/r123-images/360x210-crop/customer/2036959/b52e960b38387f805e70875067ebb5c9.jpg,"Apartemen di Senopati.  Cek segera apartemen 1 lantai yang asri ini,  disewakan menawarkan lingkungan fasilitas yang lengkap, cocok untuk Anda yang..."
LST-00207,"Apartemen, Siap Huni, Casa Grande Residence Mall Kota Kasablanka",https://www.rumah123.com/properti/jakarta-selatan-casablanca/apartemen-siap-huni-casa-grande-residen-mall-kota-kasablanka-apr7769041/,Jakarta Selatan,DKI Jakarta,Casablanca,"Casablanca, Jakarta Selatan",Apartemen,17000000.0,223684.2105263158,monthly,2,2,2 Bedroom,76.0,2.858853231474884,1.7840134430480699,Stasiun KRL Manggarai,Tier 1: Core Urban Center (<7km),0,0,0,0,0,0,0,0,0,0,0,0,-6.223314592472363,106.84134684731919,listing,0,https://picture.rumah123.com/r123-images/360x210-crop/customer/4472136/cd8773cc21324ed5aeb4d4d417663ccb.jpg,Casa Grande Residence For Rent 2 BR | Connected Langsung ke Mall Kota Kasablanka  Nikmati kenyamanan tinggal di salah satu apartemen premium di kaw...
LST-00208,Apartemen Casa Grande Residence Phase 2 2 Bedroom Furnished,https://www.rumah123.com/properti/jakarta-selatan-casablanca/apartemen-casa-grande-residence-phase-2-2-bedroom-furnished-apr7850982/,Jakarta Selatan,DKI Jakarta,Casablanca,"Casablanca, Jakarta Selatan",Apartemen,19000000.0,250000.0,yearly,2,2,2 Bedroom,76.0,2.9942307767491427,1.7869435256430746,Stasiun KRL Manggarai,Tier 1: Core Urban Center (<7km),0,0,0,0,0,0,0,0,0,0,0,0,-6.2239661542,106.8423822756,listing,0,https://picture.rumah123.com/r123-images/360x210-crop/customer/1235370/f04466922ae3bd2d9306a88bda14f0c8.jpg,For Rent Apartemen Casa Grande Residence Phase 2  Specification: 2 kamar tidur 2 kamar mandi Size 76 sqm Furnished   Lantai Tinggi Minimal Sewa 1 t...
LST-00209,"Rent A Stylish 2-Bedroom Fully Furnished Apartment At Anandamaya Residence, Sudirman Jakarta.",https://www.rumah123.com/properti/jakarta-selatan-sudirman/rent-a-stylish-2bedroom-fully-furnished-apartment-at-anandamaya-residence-sudirman-jakarta-apr3488543/,Jakarta Selatan,DKI Jakarta,Sudirman,"Sudirman, Jakarta Selatan",Apartemen,44000000.0,297297.2972972973,monthly,2,2,2 Bedroom,148.0,0.8064860277829806,0.1992339087436025,Stasiun MRT Dukuh Atas,Tier 1: Core Urban Center (<7km),1,0,0,0,0,0,0,1,0,0,0,0,-6.20242,106.82347,listing,0,https://picture.rumah123.com/r123-images/360x210-crop/customer/51968/134e7b3149393a4c1e4b35ebb1603a7a.jpg,1. Condition: - Fully Furnished - Luxurious Interiors - Modern Kitchen - Elegant Bathrooms  2. Facility:  - Lagoon Paradise - Fitness & Spa Oasis -...
LST-00210,For Rent Savyavasa Apartment Low Floor Best View Good Price,https://www.rumah123.com/properti/jakarta-selatan-kebayoran-baru/for-rent-savyavasa-apartment-low-floor-best-view-good-price-apr7774306/,Jakarta Selatan,DKI Jakarta,Kebayoran Baru,"Kebayoran Baru, Jakarta Selatan",Apartemen,92700000.0,364960.6299212598,monthly,3,3,3 Bedroom,254.0,4.494708988847484,0.39142648327499063,Stasiun MRT Blok M,Tier 1: Core Urban Center (<7km),0,0,0,0,0,0,0,0,0,0,0,0,-6.24475108,106.801412,listing,0,https://picture.rumah123.com/r123-images/360x210-crop/customer/1607914/44b9d4c094a2dcb342b2844bc2d13683.jpg,"Premium and Strategic Location, Surrounded by Elite Neighborhood such as Darmawangsa, Kemang, Pondok Indah, Simprug and Permata Hijau. Only 10 Minu..."
LST-00211,Apartement The Newton 1 Best Unit 1 Bedroom,https://www.rumah123.com/properti/jakarta-selatan-kuningan/apartement-the-newton-1-best-unit-1-bedroom-apr7854156/,Jakarta Selatan,DKI Jakarta,Kuningan,"Kuningan, Jakarta Selatan",Apartemen,14000000.0,333333.3333333333,yearly,1,1,Studio / 1BR,42.0,5.828345382914831,3.7352590203720597,Stasiun KRL Manggarai,Tier 1: Core Urban Center (<7km),0,0,0,0,0,0,0,0,0,0,0,0,-6.24172,106.86103,listing,0,https://picture.rumah123.com/r123-images/360x210-crop/customer/2036959/5c4abb5e0f6638fae635522ae0716062.jpg,"Kesempatan terbatas buat Anda dapatkan apartemen nyaman dengan return investasi tinggi di Kuningan, Jakarta Selatan.  Apartemen ini menawarkan kele..."
LST-00212,Disewa 2 Kamar Apartemen Mewah di Sudirman,https://www.rumah123.com/properti/jakarta-pusat-tanah-abang/disewa-2-kamar-apartemen-mewah-di-sudirman-apr7856536/,Jakarta Pusat,DKI Jakarta,Tanah Abang,"Tanah Abang, Jakarta Pusat",Apartemen,41000000.0,292857.14285714284,monthly,0,0,Studio / 1BR,140.0,1.2387002959524325,1.5717801085982739,Stasiun MRT Dukuh Atas,Tier 1: Core Urban Center (<7km),0,0,0,0,0,0,0,0,0,0,0,0,-6.20551047,106.8092941,listing,0,https://picture.rumah123.com/r123-images/360x210-crop/customer/69433/a68ab6f2cbb936f81426c75c3320c926.jpg,"Siap huni dan lokasi strategis dipusat kota , bisnis dan pusat perbelanjaan ."
LST-00213,"[Menteng] 2Br, Pet Friendly, Private Lift, City Center View Monas",https://www.rumah123.com/properti/jakarta-pusat-menteng/menteng-2br-pet-friendly-private-lift-city-center-view-monas-apr7824183/,Jakarta Pusat,DKI Jakarta,Menteng,"Menteng, Jakarta Pusat",Apartemen,47000000.0,321917.80821917806,monthly,2,2,2 Bedroom,146.0,2.215387522692101,1.487291158622338,Stasiun MRT Dukuh Atas,Tier 1: Core Urban Center (<7km),0,0,0,0,0,0,0,0,0,0,0,0,-6.1957828,106.8351718,listing,0,https://picture.rumah123.com/r123-images/360x210-crop/customer/1242662/b4d96eb9594de88a5581204ffaa254ec.jpg,"[MENTENG] PET FRIENDLY APARTMENT, BRAND NEW, CITY CENTER VIEW MONAS.  THE STATURE RESIDENCE  Size: 146Sqm Bedrooms: 2 Bathrooms: 2 Kitchen: 2 (Wet ..."
LST-00214,Termurah Sewa Apartment Sahid Sudirman Residence 2+1,https://www.rumah123.com/properti/jakarta-pusat-tanah-abang/termurah-sewa-apartment-sahid-sudirman-residence-21-apr7819530/,Jakarta Pusat,DKI Jakarta,Tanah Abang,"Tanah Abang, Jakarta Pusat",Apartemen,12500000.0,150602.4096385542,yearly,2,2,2 Bedroom,83.0,0.3230402985572746,0.6436923006256297,Stasiun MRT Dukuh Atas,Tier 1: Core Urban Center (<7km),0,0,0,0,0,0,0,0,0,0,0,0,-6.206521257245074,106.82181266939214,listing,0,https://picture.rumah123.com/r123-images/360x210-crop/customer/1801559/255f47ddfd133a0e64bcfec1b19398b9.jpg,️ **DISEWAKAN APARTMENT SAHID SUDIRMAN RESIDENCE | 2+1 BR | 83 SQM**  ✨ Hunian nyaman dan strategis di jantung Jakarta!  Disewakan unit **2+1 B...
LST-00215,Apartment Murah Menara Jakarta Kemayoran,https://www.rumah123.com/properti/jakarta-pusat-kemayoran/apartment-murah-menara-jakarta-kemayoran-apr7848670/,Jakarta Pusat,DKI Jakarta,Kemayoran,"Kemayoran, Jakarta Pusat",Apartemen,13333333.333333334,151515.15151515152,yearly,3,1,3 Bedroom,88.0,6.471998976010265,5.272616443868521,Stasiun KRL Manggarai,Tier 1: Core Urban Center (<7km),0,0,0,0,0,0,0,0,0,0,0,0,-6.16282185,106.8558983,listing,0,https://picture.rumah123.com/r123-images/360x210-crop/customer/984267/46c015c7251712fd3dbaf8fec3c67255.jpg,"SEWA APARTEMEN MENARA JAKARTA KEMAYORAN - LOKASI STRATEGIS & NYAMAN  Nikmati hunian nyaman di Menara Jakarta, Kemayoran, salah satu kawasan apartem..."
LST-00216,A Comfortable And Stylish Urban Residence In Central Jakarta,https://www.rumah123.com/properti/jakarta-pusat-karet-tengsin/a-comfortable-and-stylish-urban-residence-in-central-jakarta-apr7824026/,Jakarta Pusat,DKI Jakarta,Karet Tengsin,"Karet Tengsin, Jakarta Pusat",Apartemen,9166666.666666666,190972.22222222222,yearly,2,1,2 Bedroom,48.0,0.5884867595205738,0.6146796415307644,Stasiun MRT Dukuh Atas,Tier 1: Core Urban Center (<7km),1,0,0,0,0,0,0,0,0,0,0,0,-6.20602,106.82453,listing,0,https://picture.rumah123.com/r123-images/360x210-crop/customer/2074295/e0542261251f29ff869d6efe3121eba9.jpg,Fully Furnished 2-Bedroom Apartment in Sudirman Park    A Comfortable and Stylish Urban Residence in Central Jakarta    Discover the comfort of cit...
LST-00217,Sewa Unit Baru Apartemen Menteng Park,https://www.rumah123.com/properti/jakarta-pusat-menteng/sewa-unit-baru-apartemen-menteng-park-apr7744542/,Jakarta Pusat,DKI Jakarta,Menteng,"Menteng, Jakarta Pusat",Apartemen,11250000.0,184426.22950819673,yearly,2,1,2 Bedroom,61.0,4.461562907717622,2.7086605290791637,Stasiun KRL Manggarai,Tier 1: Core Urban Center (<7km),1,0,0,0,0,0,0,0,0,0,0,0,-6.1857,106.853,listing,0,https://picture.rumah123.com/r123-images/360x210-crop/customer/1446931/listing/apr7744542/enhanced/b42110e92c3fb7b7512c07aee694993f.jpg,Sewa Unit Bagus Apartemen Menteng Park  2 Bedroom Luas : 61 m Fully Furnished   Facility: Food Arcade 24-hours Security ATM Centre Infinity Swimmin...
LST-00218,Apt.the Stature Residences,https://www.rumah123.com/properti/jakarta-pusat-menteng/aptthe-stature-residences-apr7846223/,Jakarta Pusat,DKI Jakarta,Menteng,"Menteng, Jakarta Pusat",Apartemen,58500000.0,338150.28901734104,monthly,3,3,3 Bedroom,173.0,2.215387522692101,1.487291158622338,Stasiun MRT Dukuh Atas,Tier 1: Core Urban Center (<7km),0,0,0,0,0,0,0,0,0,0,0,0,-6.1957828,106.8351718,listing,0,https://picture.rumah123.com/r123-images/360x210-crop/customer/635268/5672a1ae32c94e574bb915f2153f7a23.jpg,"Apartemen di Menteng.  Temukan apartemen 20 lantai yang asri ini,  disewakan menghadirkan lingkungan fasilitas yang lengkap, cocok untuk Anda yang ..."
LST-00219,Termurah Apartemen Full Furnished 2Br+1 di The Grand Pallace Kemayoran,https://www.rumah123.com/properti/jakarta-pusat-kemayoran/apartemen-full-furnished-2br1-di-the-grand-pallace-kemayoran-apr7739070/,Jakarta Pusat,DKI Jakarta,Kemayoran,"Kemayoran, Jakarta Pusat",Apartemen,3583333.3333333335,49086.75799086758,yearly,2,3,2 Bedroom,73.0,6.452998873567641,5.378435531433638,Stasiun KRL Tanah Abang,Tier 1: Core Urban Center (<7km),1,0,0,0,0,0,0,0,0,0,0,0,-6.160825200000001,106.852845,listing,0,https://picture.rumah123.com/r123-images/360x210-crop/customer/815465/322174b3ec020741c0979177e89e7704.jpg,Disewakan Apartemen Lokasi Strategis di The Grand Pallace Kemayoran Jakarta Pusat Tower C capilano  LT/ LB   73m Kamar Tidur 2 + 1 Kamar Mandi 3 Ki...
LST-00220,P Fl Disewa Apart The Mansion Kemayoran 2 BR Furnish Min. 2 Thn,https://www.rumah123.com/properti/jakarta-pusat-kemayoran/p-fl-disewa-apart-the-mansion-kemayoran-2-br-furnish-min-2-thn-apr7848668/,Jakarta Pusat,DKI Jakarta,Kemayoran,"Kemayoran, Jakarta Pusat",Apartemen,4583333.333333333,76388.88888888889,yearly,2,1,2 Bedroom,60.0,6.471998976010265,5.272616443868521,Stasiun KRL Manggarai,Tier 1: Core Urban Center (<7km),0,1,0,0,0,0,0,0,0,0,0,0,-6.16282185,106.8558983,listing,0,https://picture.rumah123.com/r123-images/360x210-crop/customer/1218593/5d502b139a2dc800a2ffde57d81f2aa1.jpg,DISEWAKAN - THE MANSION KEMAYORAN   Tower Bougenville  2 Bedrooms 60 m² Lantai 26 Semi Furnished View golf Posisi pojok  Rp55 Juta/Tahun nett Mini...
LST-00221,Apartemen Mewah Spring Hill Royal Suite Unit Cakep Siap Pakai,https://www.rumah123.com/properti/jakarta-pusat-kemayoran/apartemen-mewah-speing-hill-royal-suite-unit-cakep-siap-pakai-apr7834455/,Jakarta Pusat,DKI Jakarta,Kemayoran,"Kemayoran, Jakarta Pusat",Apartemen,6250000.0,156250.0,yearly,1,1,Studio / 1BR,40.0,6.471998976010265,5.272616443868521,Stasiun KRL Manggarai,Tier 1: Core Urban Center (<7km),1,0,0,0,0,0,0,0,0,0,0,0,-6.16282185,106.8558983,listing,0,https://picture.rumah123.com/r123-images/360x210-crop/customer/1995445/415d02de3da98ca17317ba7c9e0427f2.jpg,Spring hill Royal Suite  Luas 40 m Lantai 52  Hadap Selatan Full Furnish  Harge sewa rp.75 juta /th  Hub. LingLing  GadingPro PIK 0816181xxxx
LST-00222,"Spacious Furnished 3 BR Kempinski Apartment, Near Grand Indonesia",https://www.rumah123.com/properti/jakarta-pusat-thamrin/spacious-furnished-3-br-kempinski-apartment-near-grand-indonesia-apr2905423/,Jakarta Pusat,DKI Jakarta,Thamrin,"Thamrin, Jakarta Pusat",Apartemen,70000000.0,277777.77777777775,yearly,3,2,3 Bedroom,252.0,4.461562907717622,2.7086605290791637,Stasiun KRL Manggarai,Tier 1: Core Urban Center (<7km),1,0,0,0,0,0,0,0,0,0,0,0,-6.1857,106.853,listing,0,https://picture.rumah123.com/r123-images/360x210-crop/customer/59358/2023-08-29-09-16-25-77b3ed05-3a28-414d-a55e-1ed839cc0998.jpg,KEMP008-E / THAMRIN  Size: 252 sqm 3 Bedrooms 2 Bathrooms Fully Furnished  USD 4.000 / Month Negotiable Exclude all taxes Minimum 12 months rent  T...
LST-00223,Jarang Ada 3Br Full Furnish Mewah 57 Promenade Siap Huni [V1],https://www.rumah123.com/properti/jakarta-pusat-tanah-abang/jarang-ada-3br-full-furnish-mewah-apartemen-57-promenade-siap-huni-v1-apr7655018/,Jakarta Pusat,DKI Jakarta,Tanah Abang,"Tanah Abang, Jakarta Pusat",Apartemen,65833333.333333336,359744.9908925319,yearly,3,3,3 Bedroom,183.0,1.3576441491292068,0.6452268043708659,Stasiun MRT Dukuh Atas,Tier 1: Core Urban Center (<7km),1,0,0,0,0,0,0,0,0,0,0,0,-6.19667,106.8186,listing,0,https://picture.rumah123.com/r123-images/360x210-crop/customer/910486/edd8e87de6df431320dc58b01d0bfc84.jpg,Luas Bangunan : 183 m2 Kamar tidur : 3 Kamar mandi : 3 Listrik : 8800 watt Air : PDAM Sertifikat : Strata Title View : City   Kondisi Unit :  1.⁠...
LST-00224,For Rent Apartemen Menteng Park - Type Studio Fully Furnished,https://www.rumah123.com/properti/jakarta-pusat-menteng/for-rent-apartemen-menteng-park-type-studio-fully-furnished-apr7811090/,Jakarta Pusat,DKI Jakarta,Menteng,"Menteng, Jakarta Pusat",Apartemen,8500000.0,257575.75757575757,monthly,1,1,Studio / 1BR,33.0,2.215387522692101,1.487291158622338,Stasiun MRT Dukuh Atas,Tier 1: Core Urban Center (<7km),1,0,0,0,0,0,0,0,0,0,0,0,-6.1957828,106.8351718,listing,0,https://picture.rumah123.com/r123-images/360x210-crop/customer/1933702/571be952172c33632fd58d443ef37e52.jpg,"Apartment Name: Menteng Park Location: Jl. Cikini Raya No.79, RT.2/RW.2, Cikini, Menteng, Central Jakarta City 10330 Tower / Floor / View: Sapphire..."
LST-00225,Disewakan Murah Apartemen Menteng Executive 1Br Furnished,https://www.rumah123.com/properti/jakarta-pusat-menteng/disewakan-murah-apartemen-menteng-executive-1br-furnished-apr7847794/,Jakarta Pusat,DKI Jakarta,Menteng,"Menteng, Jakarta Pusat",Apartemen,27000000.0,275510.20408163266,monthly,1,2,Studio / 1BR,98.0,2.215387522692101,1.487291158622338,Stasiun MRT Dukuh Atas,Tier 1: Core Urban Center (<7km),1,0,0,0,0,0,0,0,0,0,0,0,-6.1957828,106.8351718,listing,0,https://picture.rumah123.com/r123-images/360x210-crop/customer/4501667/e609c500a5e0bb135762b73955793134.jpg,"Disewakan Murah Apartment Menteng Executive Apartment 1BR Furnished  Disewakan unit 1BR Fully Furnished di Menteng Executive Apartmen, Jakarta Pusa..."
LST-00226,"Apartemen Fasilitas Lengkap Area Jakarta Pusat! Sewa Murah The Boulevard Type 1Br, Unit Full Furnished, Siap Huni, Lokasi Dekat Area - Bundaran Hi, Monas, Harmoni, Sarinah, & Tanah Abang",https://www.rumah123.com/properti/jakarta-pusat-tanah-abang/apartemen-fasilitas-lengkap-area-jakarta-pusat-sewa-murah-the-boulevard-type-1br-unit-full-furnished-siap-huni-lokasi-apr7851974/,Jakarta Pusat,DKI Jakarta,Tanah Abang,"Tanah Abang, Jakarta Pusat",Apartemen,7500000.0,153061.22448979592,monthly,1,1,Studio / 1BR,49.0,1.2387002959524325,1.5717801085982739,Stasiun MRT Dukuh Atas,Tier 1: Core Urban Center (<7km),1,0,0,1,0,1,0,0,0,0,0,0,-6.20551047,106.8092941,listing,0,https://picture.rumah123.com/r123-images/360x210-crop/customer/46710/0b553768c6d64bdba51bc99952ad9ab7.jpg,"Kondisi : Lengkap dengan peralatan elektronik (AC, microwave, pemanas air, dispenser air, kulkas, mesin cuci)  Fasilitas : - Keamanan apartemen 24 ..."
LST-00227,"Apartemen Anandamaya Residence 2 BR , Strata, Full Furnished",https://www.rumah123.com/properti/jakarta-pusat-karet-tengsin/apartemen-anandamaya-residence-2-br-strata-full-furnished-apr7552010/,Jakarta Pusat,DKI Jakarta,Karet Tengsin,"Karet Tengsin, Jakarta Pusat",Apartemen,43000000.0,286666.6666666667,monthly,2,2,2 Bedroom,150.0,0.5884867595205738,0.6146796415307644,Stasiun MRT Dukuh Atas,Tier 1: Core Urban Center (<7km),1,0,0,0,0,0,0,0,0,0,0,0,-6.20602,106.82453,listing,0,https://picture.rumah123.com/r123-images/360x210-crop/customer/1882564/4255a8eaf7bec914197d548117903c45.jpg,"Apartemen di Karet Tengsin.  Temukan apartemen 16 lantai yang asri ini,  disewakan menghadirkan lingkungan fasilitas yang lengkap, cocok untuk Anda..."
LST-00228,Sewa Menteng Park 2 Bedroom Furnish Interior Lantai Tinggi,https://www.rumah123.com/properti/jakarta-pusat-menteng/sewa-menteng-park-2-bedroom-furnish-interior-lantai-tinggi-apr7586883/,Jakarta Pusat,DKI Jakarta,Menteng,"Menteng, Jakarta Pusat",Apartemen,11666666.666666666,194444.44444444444,yearly,2,2,2 Bedroom,60.0,2.215387522692101,1.487291158622338,Stasiun MRT Dukuh Atas,Tier 1: Core Urban Center (<7km),0,0,0,0,0,0,0,0,0,0,0,0,-6.1957828,106.8351718,listing,0,https://picture.rumah123.com/r123-images/360x210-crop/customer/1607914/2ae5abe24a912d9866745b605ccf71c7.jpg,Disewakan cepat lantai tinggi view cakep   menteng park 2 bedroom 2 bathroom furnish interior 60 m2  harga 140 juta/thn
LST-00229,Disewakan Apartement Sahid Sudirman Residence 2Br+Service Area Full Furnish Middle Floor Dekat MRT,https://www.rumah123.com/properti/jakarta-pusat-karet-tengsin/disewakan-apartement-sahid-sudirman-residence-2brservice-area-full-furnish-middle-floor-dekat-mrt-apr7743054/,Jakarta Pusat,DKI Jakarta,Karet Tengsin,"Karet Tengsin, Jakarta Pusat",Apartemen,15000000.0,180722.89156626505,monthly,2,2,2 Bedroom,83.0,0.588674899181817,0.6147524384164251,Stasiun MRT Dukuh Atas,Tier 1: Core Urban Center (<7km),1,0,0,0,0,0,0,0,1,0,0,0,-6.20602,106.824532,listing,0,https://picture.rumah123.com/r123-images/360x210-crop/customer/2002926/listing/apr7743054/enhanced/122daa9ad12ab7ea92987d7bb7708c1d.jpg,"Apartment Name: Sahid Sudirman Residence Location: Jl. Jenderal Sudirman Kav. 86, RT.10/RW.11, Karet Tengsin, Tanah Abang, Central Jakarta City 127..."
LST-00230,"Siap Huni, Dekat Akses MRT, Full Furnished,",https://www.rumah123.com/properti/jakarta-pusat-tanah-abang/siap-huni-dekat-akses-mrt-full-furnished-apr7744372/,Jakarta Pusat,DKI Jakarta,Tanah Abang,"Tanah Abang, Jakarta Pusat",Apartemen,35000000.0,291666.6666666667,monthly,2,2,2 Bedroom,120.0,1.2387002959524325,1.5717801085982739,Stasiun MRT Dukuh Atas,Tier 1: Core Urban Center (<7km),1,0,0,0,0,0,0,0,1,0,0,0,-6.20551047,106.8092941,listing,0,https://picture.rumah123.com/r123-images/360x210-crop/customer/1820222/listing/apr7744372/enhanced/38ea0e5f53bc8a09c72d49c689b171a2.jpg,"* Facility:     * Ground Floor : Children Playground, Promenade, Grocery, Health&Beauty, Al-Fresco, Jogging Track, Residence private drop off, Disa..."
LST-00231,"Full Furnished, Apartemen, Strata, Dekat Pusat Perbelanjaan, Siap Huni,",https://www.rumah123.com/properti/jakarta-pusat-tanah-abang/full-furnished-apartemen-strata-dekat-pusat-perbelanjaan-siap-huni-apr7743080/,Jakarta Pusat,DKI Jakarta,Tanah Abang,"Tanah Abang, Jakarta Pusat",Apartemen,16000000.0,290909.0909090909,monthly,1,1,Studio / 1BR,55.0,1.2387002959524325,1.5717801085982739,Stasiun MRT Dukuh Atas,Tier 1: Core Urban Center (<7km),1,0,0,0,0,0,0,0,0,0,0,0,-6.20551047,106.8092941,listing,0,https://picture.rumah123.com/r123-images/360x210-crop/customer/1820222/listing/apr7743080/enhanced/ded60362cddbcc88157264dabc4905e2.jpg,"* Facility:     * Ground Floor : Children Playground, Promenade, Grocery, Health&Beauty, Al-Fresco, Jogging Track, Residence private drop off, Disa..."
LST-00232,"Sewa Apartemen Menteng Park 2Br - Nyaman, Strategis & Siap Huni",https://www.rumah123.com/properti/jakarta-pusat-menteng/sewa-apartemen-menteng-park-2br-nyaman-strategis-siap-huni-apr7824007/,Jakarta Pusat,DKI Jakarta,Menteng,"Menteng, Jakarta Pusat",Apartemen,14000000.0,218750.0,monthly,2,1,2 Bedroom,64.0,2.215387522692101,1.487291158622338,Stasiun MRT Dukuh Atas,Tier 1: Core Urban Center (<7km),0,0,0,0,0,0,0,0,0,0,0,0,-6.1957828,106.8351718,listing,0,https://picture.rumah123.com/r123-images/360x210-crop/customer/4397334/cedec42cfbdbdd7427ee47ab7ada787f.jpg,"Nikmati hunian modern di kawasan Menteng-Cikini, Jakarta Pusat yang cocok untuk tempat tinggal maupun investasi. Berlokasi strategis dengan akses m..."
LST-00233,Disewakan Apartemen Menteng Executive Murah - 1Br 98 M²,https://www.rumah123.com/properti/jakarta-pusat-menteng/disewakan-apartemen-menteng-executive-murah-1br-98-m-apr7842010/,Jakarta Pusat,DKI Jakarta,Menteng,"Menteng, Jakarta Pusat",Apartemen,23000000.0,234693.8775510204,monthly,1,1,Studio / 1BR,98.0,2.215387522692101,1.487291158622338,Stasiun MRT Dukuh Atas,Tier 1: Core Urban Center (<7km),0,0,0,0,0,0,0,0,0,0,0,0,-6.1957828,106.8351718,listing,0,https://picture.rumah123.com/r123-images/360x210-crop/customer/4448405/8720bf11ebf2c2f7701e2676e6da4fa9.jpg,WANT TO LEASE  - Tower Palem - Lantai 10 - Luas 98 m² - 1 Bedroom - 1 Bathroom - 1 Maid Room + Bathroom - Furnished - Brand New Renovated - View m...
LST-00234,Disewakan Aprtemen Menara Jakarta,https://www.rumah123.com/properti/jakarta-pusat-kemayoran/disewakan-aprtemen-menara-jakarta-apr7841066/,Jakarta Pusat,DKI Jakarta,Kemayoran,"Kemayoran, Jakarta Pusat",Apartemen,8750000.0,99431.81818181818,yearly,2,2,2 Bedroom,88.0,6.471998976010265,5.272616443868521,Stasiun KRL Manggarai,Tier 1: Core Urban Center (<7km),0,0,0,0,0,0,0,0,0,0,0,0,-6.16282185,106.8558983,listing,0,https://picture.rumah123.com/r123-images/360x210-crop/customer/1092330/e70f523695da831c6e25d88e28486cd1.jpg,Disewakan Apartemen Menara Jakarta  Tipe : 2+1 condominium Luas : 88m2 Kondisi : Unfurnish + mesin cuci harga : 105jt/tahun nego  Fasilitas : - Kol...
LST-00235,For Rent Casa Domaine 3 Bedroom High Floor,https://www.rumah123.com/properti/jakarta-pusat-karet-tengsin/for-rent-casa-domaine-3-bedroom-high-floor-apr7818906/,Jakarta Pusat,DKI Jakarta,Karet Tengsin,"Karet Tengsin, Jakarta Pusat",Apartemen,38000000.0,226190.47619047618,monthly,3,2,3 Bedroom,168.0,0.588674899181817,0.6147524384164251,Stasiun MRT Dukuh Atas,Tier 1: Core Urban Center (<7km),1,0,0,0,0,0,0,0,0,0,0,0,-6.20602,106.824532,listing,0,https://picture.rumah123.com/r123-images/360x210-crop/customer/4367387/5aabc866a7b036153a12fb3a97cda7e2.jpg,FOR RENT...  Tower 1 Luas 168m2 3 Bedroom 3 Bathroom Maid Area Fully Furnished High Floor  Rental Price : IDR 38 Juta/month  Tersedia unit murah ap...
LST-00236,"Unit Bagus 2 Bedroom Apartemen The Stature., Harga Nego",https://www.rumah123.com/properti/jakarta-pusat-menteng/unit-bagus-2-bedroom-apartemen-the-stature-harga-nego-apr7852642/,Jakarta Pusat,DKI Jakarta,Menteng,"Menteng, Jakarta Pusat",Apartemen,45000000.0,308219.1780821918,monthly,2,2,2 Bedroom,146.0,2.215387522692101,1.487291158622338,Stasiun MRT Dukuh Atas,Tier 1: Core Urban Center (<7km),1,0,0,0,0,0,0,0,0,0,0,0,-6.1957828,106.8351718,listing,0,https://picture.rumah123.com/r123-images/360x210-crop/customer/793420/b172cb1e03022b98fe534e1603c6839d.jpg,"Disewakan unit apartemen di The Stature Residences, Jakarta Pusat   Size: 146 sqm  2 Bedroom  2 Bathroom  Maid Room + Toilet  Fully Furnished  Dual..."
LST-00237,Disewakan Apartmen The Mansion Jasmine!!! 1 Br Furnish!! Bagus!!!,https://www.rumah123.com/properti/jakarta-pusat-kemayoran/disewakan-apartmen-the-mansion-jasmine-1-br-furnish-bagus-apr7853216/,Jakarta Pusat,DKI Jakarta,Kemayoran,"Kemayoran, Jakarta Pusat",Apartemen,3750000.0,113636.36363636363,yearly,1,1,Studio / 1BR,33.0,6.471998976010265,5.272616443868521,Stasiun KRL Manggarai,Tier 1: Core Urban Center (<7km),1,0,0,1,0,0,0,0,0,0,1,0,-6.16282185,106.8558983,listing,0,https://picture.rumah123.com/r123-images/360x210-crop/customer/1827180/1f06d49780b7a1b0f8c6da82bfae1d73.jpg,Disewakan... The Mansion Jasmine Tower GLORIA lantai 37  ukuran 33 m2. 1BR  1 kamar mandi full furnish 2 AC + 1 kulkas + 1 Microwave + 1 kompor gas...
LST-00238,Apartemen Full Furnish Luas Bagus Lokasi Strategis,https://www.rumah123.com/properti/jakarta-pusat-kemayoran/apartemen-full-furnish-luas-bagus-lokasi-strategis-apr7370134/,Jakarta Pusat,DKI Jakarta,Kemayoran,"Kemayoran, Jakarta Pusat",Apartemen,7333333.333333333,86274.50980392157,yearly,2,1,2 Bedroom,85.0,6.516624118710626,5.391440532502899,Stasiun KRL Manggarai,Tier 1: Core Urban Center (<7km),1,0,0,0,0,0,0,0,0,0,0,0,-6.16165,106.85501,listing,0,https://picture.rumah123.com/r123-images/360x210-crop/customer/2168765/c8212ec3534d52b28c3325067377b162.jpg,"Apartemen di Kemayoran.  Cek segera apartemen yang modern ini,  disewakan menawarkan lingkungan fasilitas yang lengkap, cocok untuk Anda yang mengi..."
LST-00239,"Apartemen Full Furnise The Mansion, Kemayoran, Jakarta Pusat",https://www.rumah123.com/properti/jakarta-pusat-kemayoran/apartemen-full-furnise-the-mansion-kemayoran-jakarta-pusat-apr3326598/,Jakarta Pusat,DKI Jakarta,Kemayoran,"Kemayoran, Jakarta Pusat",Apartemen,7500000.0,89285.71428571429,yearly,2,1,2 Bedroom,84.0,6.516624118710626,5.391440532502899,Stasiun KRL Manggarai,Tier 1: Core Urban Center (<7km),0,0,0,0,0,0,0,0,0,0,0,0,-6.16165,106.85501,listing,0,https://picture.rumah123.com/r123-images/360x210-crop/customer/1725303/2024-06-06-04-44-40-d4a0bc9b-6ff2-46a7-8019-54e920ab213f.jpg,2 Kamar tidur 1 Kamar mandi Full furnice complit
LST-00240,Rare Item! 3 Br Brand New di Condominium Taman Anggrek,https://www.rumah123.com/properti/jakarta-barat-taman-anggrek/rare-item-3-br-brand-new-di-condominium-taman-anggrek-apr7826815/,Jakarta Barat,DKI Jakarta,Taman Anggrek,"Taman Anggrek, Jakarta Barat",Apartemen,18750000.0,128424.65753424658,yearly,3,2,3 Bedroom,146.0,4.552004285367921,2.2426032048095528,Stasiun KRL Tanah Abang,Tier 1: Core Urban Center (<7km),0,0,0,0,0,0,0,0,0,0,0,0,-6.17896,106.79181,listing,0,https://picture.rumah123.com/r123-images/360x210-crop/customer/1811641/8197c54dc583b3b78b6ba6e608af2b4d.jpg,"Apartemen 20 lantai di Taman Anggrek, Jakarta Barat.  Disewakan di wilayah yang tenang. Dengan rinciannya adalah sebagai berikut:   - Kamar Tidur: ..."
LST-00241,Disewakan Apartemen Neo Soho Kondisi Loft Bagus,https://www.rumah123.com/properti/jakarta-barat-central-park/disewakan-apartemen-neo-soho-kondisi-loft-bagus-apr7857177/,Jakarta Barat,DKI Jakarta,Central Park,"Central Park, Jakarta Barat",Apartemen,9583333.333333334,92147.4358974359,yearly,2,2,2 Bedroom,104.0,4.7633463918655625,2.4009146271071193,Stasiun KRL Tanah Abang,Tier 1: Core Urban Center (<7km),0,0,0,0,0,0,0,0,0,0,0,0,-6.177137,106.790977,listing,0,https://picture.rumah123.com/r123-images/360x210-crop/customer/681164/73777cfc7ce26492b40ce82c9b8d15ae.jpg,Disewakan Apartemen Neo Soho Kondisi Loft Bagus  Spesifikasi : Neo soho apartemen Luas 104m Lantai 39 2 kamar tidur 2 kamar mandi Common lift Lokas...
LST-00242,Disewakan Unit Brand New 2 Br di Taman Anggrek Condominum,https://www.rumah123.com/properti/jakarta-barat-taman-anggrek/disewakan-unit-brand-new-2-br-di-taman-anggrek-condominum-apr7848171/,Jakarta Barat,DKI Jakarta,Taman Anggrek,"Taman Anggrek, Jakarta Barat",Apartemen,12916666.666666666,146780.303030303,yearly,2,2,2 Bedroom,88.0,4.550264680217007,2.2282892887141523,Stasiun KRL Tanah Abang,Tier 1: Core Urban Center (<7km),0,0,0,0,0,0,0,0,0,0,0,0,-6.17880305694483,106.79200216913148,listing,0,https://picture.rumah123.com/r123-images/360x210-crop/customer/1811641/075652b16efb15ef5d0663abc4ed6904.jpg,"Apartemen 40 lantai di Taman Anggrek, Jakarta Barat.  Disewakan di wilayah yang nyaman. Dengan spesifikasinya adalah sebagai berikut:   - Kamar Tid..."
LST-00243,Disewakan 1Br Apartemen Madison Park Lokasi Strategis Dekat Mall Central Park,https://www.rumah123.com/properti/jakarta-barat-central-park/disewakan-1br-apartemen-madison-park-lokasi-strategis-dekat-mall-central-park-apr7848406/,Jakarta Barat,DKI Jakarta,Central Park,"Central Park, Jakarta Barat",Apartemen,4583333.333333333,163690.47619047618,yearly,1,1,Studio / 1BR,28.0,4.7633463918655625,2.4009146271071193,Stasiun KRL Tanah Abang,Tier 1: Core Urban Center (<7km),1,0,0,0,0,0,1,1,0,0,0,1,-6.177137,106.790977,listing,0,https://picture.rumah123.com/r123-images/360x210-crop/customer/1765574/75942afaf782e96d1777ab395bbc7d62.jpg,"Fully Furnished  Desain modern, rapi dan terawat    Fasilitas Apartemen:  Kolam renang & gym  Taman bermain anak  Area parkir luas & 24 jam securit..."
LST-00244,Puri Orchard Apt Newly Renovated,https://www.rumah123.com/properti/jakarta-barat-cengkareng/apartemen-puri-orchard-1br-disewa-dijual-35m2-apr3489086/,Jakarta Barat,DKI Jakarta,Cengkareng,"Cengkareng, Jakarta Barat",Apartemen,2750000.0,105769.23076923077,yearly,0,1,Studio / 1BR,26.0,10.592648045704957,8.350882730974956,Stasiun KRL Tanah Abang,Tier 2: Inner Ring Metro (7-15km),0,0,0,0,0,0,0,0,0,0,0,0,-6.15072,106.74405,listing,0,https://picture.rumah123.com/r123-images/360x210-crop/customer/1963454/802c019ea4e998c3c00def835c394149.jpg,"Apartemen puri Orchard tower B studio 26sqm  Listrik token Harga Sewa diluar IPL, dan utility"
LST-00245,Siap Huni! Apartemen Puri Orchad 1 Br Puri Jakarta Barat[V2],https://www.rumah123.com/properti/jakarta-barat-cengkareng/siap-huni-apartment-puri-orchid-1-br-kosongan-pusat-kota-v2-apr7782092/,Jakarta Barat,DKI Jakarta,Cengkareng,"Cengkareng, Jakarta Barat",Apartemen,2250000.0,64285.71428571428,yearly,1,1,Studio / 1BR,35.0,11.191303974360597,9.052388288360548,Stasiun KRL Tanah Abang,Tier 2: Inner Ring Metro (7-15km),0,0,0,0,0,0,0,0,0,0,0,0,-6.15224905,106.7362572,listing,0,https://picture.rumah123.com/r123-images/360x210-crop/customer/910486/3a9b2b6547c48440f32d71d817c8aee7.jpg,Luas Bangunan : 35 m² Lantai : 29 Kamar Tidur : 1 Kamar Mandi : 1 View : City Sertifikat : PPJB Listrik : 2.200 Watt  Kondisi Unit :  1.⁠ ⁠Bag...
LST-00246,Siap Pakai ! Apartment Ciputra International 1 Br Full Furnished[V2],https://www.rumah123.com/properti/jakarta-barat-puri-indah/siap-pakai-apartment-ciputra-international-1-br-full-furnished-apr7648794/,Jakarta Barat,DKI Jakarta,Puri Indah,"Puri Indah, Jakarta Barat",Apartemen,6250000.0,107758.62068965517,yearly,1,1,Studio / 1BR,58.0,8.871799490960802,7.527029550583822,Stasiun KRL Tanah Abang,Tier 2: Inner Ring Metro (7-15km),1,0,0,0,0,0,0,0,0,0,0,0,-6.18658,106.74292,listing,0,https://picture.rumah123.com/r123-images/360x210-crop/customer/910486/872a842978496a35a456f25762cdb82d.jpg,Luas bangunan : 58.56 m² Lantai : 3 Kamar Tidur : 1 Kamar Mandi : 1 Listrik : 2200 watts Sertifikat : PPJB  Kondisi Unit :  1.⁠ ⁠Bagus 2.⁠ �...
LST-00247,Disewakan Apartemen Royal Mediterania Garden Central Park,https://www.rumah123.com/properti/jakarta-barat-tanjung-duren-selatan/disewakan-apartemen-royal-mediterania-garden-siap-huni-apr7800006/,Jakarta Barat,DKI Jakarta,Central Park,"Central Park, Jakarta Barat",Apartemen,5833333.333333333,216049.38271604938,yearly,1,1,Studio / 1BR,27.0,4.716486397173777,2.4566182493859112,Stasiun KRL Tanah Abang,Tier 1: Core Urban Center (<7km),0,0,0,0,0,0,0,0,0,0,0,0,-6.17882,106.789818,listing,0,https://picture.rumah123.com/r123-images/360x210-crop/customer/681164/21ec688ac05c90cbc490556c268fa8ed.jpg,"Disewakan Apartemen Royal Mediterania Garden bagus  Spesifikasi : Royal mediterania garden residence Luas 27m Lantai 08 1 kamar tidur 1 kama..."
LST-00248,Taman Anggrek Residences 1 Br Furnish Rapi Murah,https://www.rumah123.com/properti/jakarta-barat-taman-anggrek/taman-anggrek-residences-1-br-furnish-rapi-murah-apr7811254/,Jakarta Barat,DKI Jakarta,Taman Anggrek,"Taman Anggrek, Jakarta Barat",Apartemen,5416666.666666667,142543.8596491228,yearly,1,1,Studio / 1BR,38.0,4.610219595941524,2.4387411788181472,Stasiun KRL Tanah Abang,Tier 1: Core Urban Center (<7km),0,0,0,0,0,0,0,0,0,0,0,0,-6.180502,106.78952,listing,0,https://picture.rumah123.com/r123-images/360x210-crop/customer/1607914/43ffaa28a2217ec7ee2eaf6fcb2d28e2.jpg,Disewakan cepat  taman anggrek residence 1 bedroom 38 m2 furnished rapi bagus  harga 65 juta saja!
LST-00249,Harga Spesial Condo 1 Kamar Tidur 1 Ruang Kerja di Taman Anggrek,https://www.rumah123.com/properti/jakarta-barat-taman-anggrek/harga-spesial-condo-1-kamar-tidur-1-ruang-kerja-di-taman-anggrek-apr7855465/,Jakarta Barat,DKI Jakarta,Taman Anggrek,"Taman Anggrek, Jakarta Barat",Apartemen,6833333.333333333,136666.66666666666,yearly,1,1,Studio / 1BR,50.0,4.610219595941524,2.4387411788181472,Stasiun KRL Tanah Abang,Tier 1: Core Urban Center (<7km),0,0,0,0,0,0,0,0,0,0,0,0,-6.180502,106.78952,listing,0,https://picture.rumah123.com/r123-images/360x210-crop/customer/645605/cbb378435f21e9ca11baf8ff534dd3c4.jpg,Harga Spesial Condo 1 Kamar Tidur 1 Ruang Kerja di Taman Anggrek  Unit langka dengan harga terbaik seperti ini jarang ada Segera janjian untuk surv...
LST-00250,Taman Anggrek Exclusive,https://www.rumah123.com/properti/jakarta-barat-taman-anggrek/taman-anggrek-exclusive-apr7821970/,Jakarta Barat,DKI Jakarta,Taman Anggrek,"Taman Anggrek, Jakarta Barat",Apartemen,12916666.666666666,146780.303030303,yearly,2,1,2 Bedroom,88.0,9.818744389211442,7.6858570511275905,Stasiun KRL Tanah Abang,Tier 2: Inner Ring Metro (7-15km),0,0,0,0,0,0,0,0,0,0,0,0,-6.1585,106.747,listing,0,https://picture.rumah123.com/r123-images/360x210-crop/customer/841797/320c8b6cf30ea75fdc902969b9c2334c.jpg,"Apartemen di Taman Anggrek.  Temukan apartemen 15 lantai yang asri ini,  disewakan menawarkan lingkungan fasilitas yang lengkap, cocok untuk Anda y..."
LST-00251,Disewa Apartment Wang Residence 3 Br Private Lift,https://www.rumah123.com/properti/jakarta-barat-kedoya-utara/disewa-apartment-wang-residence-3-br-private-lift-apr7292253/,Jakarta Barat,DKI Jakarta,Kedoya Utara,"Kedoya Utara, Jakarta Barat",Apartemen,30000000.0,194805.1948051948,monthly,2,2,2 Bedroom,154.0,7.698470899259702,5.680236061182785,Stasiun KRL Tanah Abang,Tier 2: Inner Ring Metro (7-15km),0,1,0,0,0,0,0,0,0,0,0,0,-6.170788,106.761795,listing,0,https://picture.rumah123.com/r123-images/360x210-crop/customer/445909/b2543a7193a0992942e650635439bf16.jpg,Unit 27i - LB = 154 m² - KT = 2+1 - KM = 2+1 - semi furnished - private lift - Sewa 360 jt / thn  Gun
LST-00252,Sewa Cepat Murah Apartemen Wang Residence Jalan Panjang Kedoya Jakarta Barat,https://www.rumah123.com/properti/jakarta-barat-kedoya/sewa-murah-apartemen-wang-residence-kedoya-jakarta-barat-apr7277160/,Jakarta Barat,DKI Jakarta,Kedoya,"Kedoya, Jakarta Barat",Apartemen,22500000.0,128571.42857142857,yearly,3,2,3 Bedroom,175.0,7.134318565669827,5.146460379447465,Stasiun KRL Tanah Abang,Tier 2: Inner Ring Metro (7-15km),0,0,0,0,0,0,0,0,0,0,0,0,-6.17368,106.76599,listing,0,https://picture.rumah123.com/r123-images/360x210-crop/customer/978812/a8fa4c85f385131b492efdbc9b0e1898.jpg,Sewa Murah Cepat Apartemen Wang Residence Kedoya Jalan Panjang Jakarta Barat Luas 175sqm 3 Bedroom + 2 Bathroom  1 Dry Kitchen + 1 Wet Kitchen + Ma...
LST-00253,"Full Furnished, Apartemen 2 Bedroom Furnished di Puri Indah Seberang Puri Mansion Cbd Puri, Dekat Sekali dengan Ciputra University Jakarta Barat",https://www.rumah123.com/properti/jakarta-barat-rawa-buaya/full-furnished-apartemen-2-bedroom-furnished-di-puri-indah-seberang-puri-mansion-cbd-puri-dekat-sekali-dengan-ciputra-apr7826179/,Jakarta Barat,DKI Jakarta,Rawa Buaya,"Rawa Buaya, Jakarta Barat",Apartemen,7083333.333333333,91991.341991342,yearly,2,2,2 Bedroom,77.0,10.469922404537789,8.484272159720902,Stasiun KRL Tanah Abang,Tier 2: Inner Ring Metro (7-15km),1,0,0,0,0,0,0,0,0,0,0,0,-6.161334,106.738205,listing,0,https://picture.rumah123.com/r123-images/360x210-crop/customer/1724848/8dddd6b31be2a9ccb5ba06b97496ce22.jpg,"Kesempatan terbatas buat Anda dapatkan apartemen nyaman dengan return investasi tinggi di Rawa Buaya, Jakarta Barat.  Apartemen ini menawarkan loka..."
LST-00254,Disewakan Apartemen St. Moritz New Ambassador 2Br Furnished,https://www.rumah123.com/properti/jakarta-barat-puri-indah/disewakan-apartemen-st-moritz-new-ambassador-2br-furnished-apr7811652/,Jakarta Barat,DKI Jakarta,Puri Indah,"Puri Indah, Jakarta Barat",Apartemen,14583333.333333334,120523.41597796144,yearly,2,2,2 Bedroom,121.0,8.871799490960802,7.527029550583822,Stasiun KRL Tanah Abang,Tier 2: Inner Ring Metro (7-15km),0,0,0,0,0,0,0,0,0,0,0,0,-6.18658,106.74292,listing,0,https://picture.rumah123.com/r123-images/360x210-crop/customer/681164/51d040e8a797756af9de84a32ae6492e.jpg,Disewakan Apartemen St. Moritz New Ambassador 2BR Furnished  Spesifikasi : New ambassador tower Luas 121m Lantai 27 2 kamar tidur 2 kamar mandi Fur...
LST-00255,"Sewa Cepat ! Apartemen 2Br Puri Park View, Jakarta Barat[B1]",https://www.rumah123.com/properti/jakarta-barat-kembangan/sewa-cepat-apartemen-2br-puri-park-view-jakarta-baratb1-apr7852623/,Jakarta Barat,DKI Jakarta,Kembangan,"Kembangan, Jakarta Barat",Apartemen,3083333.3333333335,88095.2380952381,yearly,2,1,2 Bedroom,35.0,8.725291347067088,7.787055063938469,Stasiun KRL Tanah Abang,Tier 2: Inner Ring Metro (7-15km),0,0,0,0,0,0,0,0,0,0,0,0,-6.19840588,106.7417649,listing,0,https://picture.rumah123.com/r123-images/360x210-crop/customer/910486/4202bbd774ddb4ba932a1380cfd7a038.jpg,Luas Bangunan : 35m²  Kamar : 2  Kamar mandi : 1 Hadap : City Sertifikat : PPJB Listrik : 2200 watt  Keunggulan : Lokasi Jakarta Selatan Dekat Tol...
LST-00256,Di Sewakan Apartemen Taman Anggrek Residences Studio Furnish,https://www.rumah123.com/properti/jakarta-barat-grogol/di-sewakan-apartemen-taman-anggrek-residences-studio-furnish-apr7852191/,Jakarta Barat,DKI Jakarta,Grogol,"Grogol, Jakarta Barat",Apartemen,4083333.3333333335,157051.28205128206,yearly,1,1,Studio / 1BR,26.0,6.075792440751978,3.373348162312078,Stasiun KRL Tanah Abang,Tier 1: Core Urban Center (<7km),0,0,0,0,0,0,0,0,0,0,0,0,-6.16184,106.791901,listing,0,https://picture.rumah123.com/r123-images/360x210-crop/customer/1628187/52cc3f4cb54f457d368253a13d75f369.jpg,"Di Sewakan Apartemen Taman Anggrek Residences, Jakarta Barat  Lokasi Strategis di Kawasan Central Park Mall Podomoro City Kawasan Taman Anggrek Agu..."
LST-00257,Disewakan Studio Furnish Bagus Taman Anggrek Residence,https://www.rumah123.com/properti/jakarta-barat-grogol-petamburan/disewakan-studio-furnish-bagus-taman-anggrek-residence-apr7852123/,Jakarta Barat,DKI Jakarta,Grogol Petamburan,"Grogol Petamburan, Jakarta Barat",Apartemen,3916666.6666666665,150641.02564102563,yearly,1,1,Studio / 1BR,26.0,4.454107450612944,2.2015868787957,Stasiun KRL Tanah Abang,Tier 1: Core Urban Center (<7km),0,0,0,0,0,0,1,0,0,0,0,0,-6.18017,106.79182,listing,0,https://picture.rumah123.com/r123-images/360x210-crop/customer/1615059/0745ae200581838fc181bdc131b7b374.jpg,Disewakan Apartemen Taman Anggrek  Residences    Tipe : Studio  Luas : 26m2  Kondisi : Furnish  harga : 47Jt/tahun   Fasilitas :  - Kolam Renang...
LST-00258,Di Sewakan Apartemen Taman Anggrek Residences 2 Bedroom Full Furnish,https://www.rumah123.com/properti/jakarta-barat-grogol/di-sewakan-apartemen-taman-anggrek-residences-2-bedroom-full-furnish-apr7851879/,Jakarta Barat,DKI Jakarta,Grogol,"Grogol, Jakarta Barat",Apartemen,6250000.0,125000.0,yearly,2,1,2 Bedroom,50.0,6.075792440751978,3.373348162312078,Stasiun KRL Tanah Abang,Tier 1: Core Urban Center (<7km),1,0,0,0,0,0,1,0,0,0,0,0,-6.16184,106.791901,listing,0,https://picture.rumah123.com/r123-images/360x210-crop/customer/1628187/d6e344696bae862164955712c1ff7fa3.jpg,Di Sewakan Apartemen Taman Anggrek Residences  Tipe : 2BR  Luas : 50 m2  Kondisi : Full Furnish  Fasilitas :  - Kolam Renang out dor  - Kolam Renan...
LST-00259,1Br Apartemen Taman Anggrek Residence Unit Murah di Tanjung Duren,https://www.rumah123.com/properti/jakarta-barat-taman-anggrek/1br-apartemen-taman-anggrek-residence-unit-murah-di-tanjung-duren-apr2135036/,Jakarta Barat,DKI Jakarta,Taman Anggrek,"Taman Anggrek, Jakarta Barat",Apartemen,4166666.6666666665,109649.12280701754,yearly,1,1,Studio / 1BR,38.0,4.728911451514919,2.4834362911776546,Stasiun KRL Tanah Abang,Tier 1: Core Urban Center (<7km),0,1,0,0,0,0,0,0,0,0,0,0,-6.17896,106.78952,subdistrict_centroid,1,https://pic.rumah123.com/r123/360x210-crop/apartment/ap21/2135036/original/apr2135036-apartemen-di-sewa-di-taman-anggrek-jakarta-barat-15808973170004.jpg,"Apartemen Siap Huni,Harga Terjangkau Size : 38m2 1 Bedroom,1 Bathroom Semi Furnished  ******** : Strategic Location near Mall Taman Anggrek a..."
LST-00260,Apartemen 2BR+1 Good Furnished Siap Huni di Tanjung Duren Jakarta Barat,https://www.rumah123.com/properti/jakarta-barat-taman-anggrek/apartemen-2br1-good-furnished-siap-huni-di-tanjung-duren-jakarta-barat-apr2309726/,Jakarta Barat,DKI Jakarta,Taman Anggrek,"Taman Anggrek, Jakarta Barat",Apartemen,14583333.333333334,147306.39730639732,yearly,2,2,2 Bedroom,99.0,4.728911451514919,2.4834362911776546,Stasiun KRL Tanah Abang,Tier 1: Core Urban Center (<7km),0,0,0,0,0,0,0,0,0,0,0,0,-6.17896,106.78952,subdistrict_centroid,1,https://pic.rumah123.com/r123/360x210-crop/apartment/ap23/2309726/original/apr2309726-apartemen-di-sewa-di-taman-anggrek-jakarta-barat-15978321639958.jpg,"Size 99m Good Furnished dan Siap Huni ******** : Strategic Location near Mall Taman Anggrek and Central Park Close to School (BPK Penabur),Universi..."
LST-00261,"Studio Fully Furnish Murah ! Siap Huni, Tinggal Bawa Koper Saja !",https://www.rumah123.com/properti/jakarta-barat-taman-anggrek/studio-fully-furnish-murah-siap-huni-tinggal-bawa-koper-saja-apr2155548/,Jakarta Barat,DKI Jakarta,Taman Anggrek,"Taman Anggrek, Jakarta Barat",Apartemen,3500000.0,134615.38461538462,yearly,1,1,Studio / 1BR,26.0,4.728911451514919,2.4834362911776546,Stasiun KRL Tanah Abang,Tier 1: Core Urban Center (<7km),1,0,0,0,0,0,1,0,0,0,0,0,-6.17896,106.78952,subdistrict_centroid,1,https://pic.rumah123.com/r123/360x210-crop/apartment/ap21/2155548/original/apr2155548-apartemen-di-sewa-di-taman-anggrek-jakarta-barat-15820151643869.jpg,Facility:Luxurious main lobbyReception deskAccess 24-hours securityOutdoor & indoor swimming poolExtension Mall Taman Anggrek in ApartmentSky bridg...
LST-00262,Apartemen Ta Residences 2 Bedroon Minimalis di Jakarta Barat,https://www.rumah123.com/properti/jakarta-barat-taman-anggrek/apartemen-ta-residences-2-bedroon-minimalis-di-jakarta-barat-apr1892748/,Jakarta Barat,DKI Jakarta,Taman Anggrek,"Taman Anggrek, Jakarta Barat",Apartemen,5416666.666666667,108333.33333333334,yearly,2,1,2 Bedroom,50.0,4.728911451514919,2.4834362911776546,Stasiun KRL Tanah Abang,Tier 1: Core Urban Center (<7km),0,1,0,0,0,0,0,0,0,0,0,0,-6.17896,106.78952,subdistrict_centroid,1,https://picture.rumah123.com/r123-images/360x210-crop/customer/1049879/2022-07-25-03-52-42-39401568-00f2-451a-a2ae-03b93513d4c6.jpg,"Apartemen tipe 2BR,harga terjangkau Size : 50m2 Semi Furnished  ******** : Strategic Location near Mall Taman Anggrek and Central Park Close ..."
LST-00263,New 2 Bedroom Suite Fragrant Ta Residence Fully Furnish Baru !!!,https://www.rumah123.com/properti/jakarta-barat-taman-anggrek/new-2-bedroom-suite-fragrant-ta-residence-fully-furnish-baru-apr2306371/,Jakarta Barat,DKI Jakarta,Taman Anggrek,"Taman Anggrek, Jakarta Barat",Apartemen,7333333.333333333,146666.66666666666,yearly,2,1,2 Bedroom,50.0,4.728911451514919,2.4834362911776546,Stasiun KRL Tanah Abang,Tier 1: Core Urban Center (<7km),1,0,0,0,0,0,0,0,0,0,0,0,-6.17896,106.78952,subdistrict_centroid,1,https://pic.rumah123.com/r123/360x210-crop/apartment/ap23/2306371/original/apr2306371-apartemen-di-sewa-di-taman-anggrek-jakarta-barat-15974958703563.jpg,"Facility: Diamond club house 3000 m2 Lux main lobby Receptionist desk Access 24 hours security Private access card Outdoor indoor swimming po..."
LST-00264,1 Bedroom Full Furnished TA Residence,https://www.rumah123.com/properti/jakarta-barat-tanjung-duren/1-bedroom-full-furnished-ta-residence-apr2789611/,Jakarta Barat,DKI Jakarta,Tanjung Duren,"Tanjung Duren, Jakarta Barat",Apartemen,5625000.0,148026.31578947368,yearly,1,1,Studio / 1BR,38.0,5.11000712692968,3.072692328569469,Stasiun KRL Tanah Abang,Tier 1: Core Urban Center (<7km),1,0,0,0,0,0,0,0,0,0,0,0,-6.18036,106.78369,listing,0,https://picture.rumah123.com/r123-images/360x210-crop/customer/1049879/2023-10-11-04-56-59-132fd477-d999-4476-ac60-ab2934e22ed8.jpg,"Apartemen ,Siap Huni,Harga Terjangkau Size : 38m2 1 Bedroom,1 Bathroom Full Furnished Lantai rendah City View  ******** : Strategic Locatio..."
LST-00265,"Condo 2 Bedroom Include Maintenance & Internet, Fully Furnish Bagus , Pokoknya Istimewa !",https://www.rumah123.com/properti/jakarta-barat-taman-anggrek/condo-2-bedroom-include-maintenance-internet-fully-furnish-bagus-pokoknya-istimewa-apr2172337/,Jakarta Barat,DKI Jakarta,Taman Anggrek,"Taman Anggrek, Jakarta Barat",Apartemen,15000000.0,151515.15151515152,yearly,2,3,2 Bedroom,99.0,4.728911451514919,2.4834362911776546,Stasiun KRL Tanah Abang,Tier 1: Core Urban Center (<7km),1,0,0,0,1,0,1,0,0,0,0,0,-6.17896,106.78952,subdistrict_centroid,1,https://pic.rumah123.com/r123/360x210-crop/apartment/ap21/2172337/original/apr2172337-apartemen-di-sewa-di-taman-anggrek-jakarta-barat-15833931798501.jpg,Facility:Luxurious main lobbyReception deskAccess 24-hours securityOutdoor & indoor swimming poolExtension Mall Taman Anggrek in ApartmentSky bridg...
LST-00266,Studio Apartemen Ta Residences Furnished di Tanjung Duren Selatan,https://www.rumah123.com/properti/jakarta-barat-taman-anggrek/studio-apartemen-ta-residences-furnished-di-tanjung-duren-selatan-apr1992112/,Jakarta Barat,DKI Jakarta,Taman Anggrek,"Taman Anggrek, Jakarta Barat",Apartemen,4166666.6666666665,160256.41025641025,yearly,0,1,Studio / 1BR,26.0,4.728911451514919,2.4834362911776546,Stasiun KRL Tanah Abang,Tier 1: Core Urban Center (<7km),0,0,0,0,0,0,0,0,0,0,0,0,-6.17896,106.78952,subdistrict_centroid,1,https://pic.rumah123.com/r123/360x210-crop/apartment/ap19/1992112/original/apr1992112-apartemen-di-sewa-di-taman-anggrek-jakarta-barat-15725708017448.jpg,"Apartemen Siap Huni,Murah Size : 26m Furnished  ******** : Strategic Location near Mall Taman Anggrek and Central Park Close to School (BPK P..."
LST-00267,"Ta Residence Suite 3 BR Fullyfurnish !! Harga Nego ,Siap Huni Tinggal Angkat Koper.",https://www.rumah123.com/properti/jakarta-barat-taman-anggrek/ta-residence-suite-3-br-fullyfurnish-harga-nego-siap-huni-tinggal-angkat-koper-apr2042089/,Jakarta Barat,DKI Jakarta,Taman Anggrek,"Taman Anggrek, Jakarta Barat",Apartemen,9166666.666666666,141025.641025641,yearly,3,2,3 Bedroom,65.0,4.728911451514919,2.4834362911776546,Stasiun KRL Tanah Abang,Tier 1: Core Urban Center (<7km),1,0,0,0,0,0,1,0,0,0,0,0,-6.17896,106.78952,subdistrict_centroid,1,https://pic.rumah123.com/r123/360x210-crop/apartment/ap20/2042089/original/apr2042089-apartemen-di-sewa-di-taman-anggrek-jakarta-barat-15762394967777.jpg,Facility:Luxurious main lobbyReception deskAccess 24-hours securityOutdoor & indoor swimming poolExtension Mall Taman Anggrek in ApartmentSky bridg...
LST-00268,"Taman Anggrek Residence Condominium Exclusive Furnish !! TV & Dispenser Siap Masuk, Sangat Cocok untuk Anda Yg Exclusive.",https://www.rumah123.com/properti/jakarta-barat-taman-anggrek/taman-anggrek-residence-condominium-exclusive-furnish-tv-dispenser-siap-masuk-sangat-cocok-untuk-anda-yg-exclusive-apr2004786/,Jakarta Barat,DKI Jakarta,Taman Anggrek,"Taman Anggrek, Jakarta Barat",Apartemen,15000000.0,151515.15151515152,yearly,2,2,2 Bedroom,99.0,4.728911451514919,2.4834362911776546,Stasiun KRL Tanah Abang,Tier 1: Core Urban Center (<7km),0,0,0,0,0,0,1,1,0,0,0,0,-6.17896,106.78952,subdistrict_centroid,1,https://pic.rumah123.com/r123/360x210-crop/apartment/ap20/2004786/original/apr2004786-apartemen-di-sewa-di-taman-anggrek-jakarta-barat-15740694257998.jpg,"Facility: Swimming pool, fitness center, children pool, sky lobby, multi purpose hall, reception, sky garden, tenant direction, playground, sky Ter..."
LST-00269,Disewakan Apartement Patria Park Furnished,https://www.rumah123.com/properti/jakarta-timur-cawang/disewakan-apartement-patria-park-furnished-apr7814641/,Jakarta Timur,DKI Jakarta,Cawang,"Cawang, Jakarta Timur",Apartemen,8500000.0,111842.1052631579,monthly,2,2,2 Bedroom,76.0,14.28344921892035,11.059408666635788,Stasiun KRL Depok Baru,Tier 2: Inner Ring Metro (7-15km),0,0,0,0,0,0,0,0,0,0,0,0,-6.31741,106.889,listing,0,https://picture.rumah123.com/r123-images/360x210-crop/customer/1276484/f10f1dfea1050d3631b4b7c5df4ea401.jpg,Disewakan Apartement Patria Park  2Bedroom Luas: 76 sqm  High floor view Bandara Halim Harga : 8.5juta/bulan Sewa Minimal 1 Tahun  exclued tax 10% ...
LST-00270,Apart 2 BR View Pool Alamanda Bassura City Cipinang Besar Jaktim,https://www.rumah123.com/properti/jakarta-timur-jatinegara/apart-2-br-view-pool-alamanda-bassura-city-cipinang-besar-jaktim-apr7376373/,Jakarta Timur,DKI Jakarta,Jatinegara,"Jatinegara, Jakarta Timur",Apartemen,3916666.6666666665,91085.27131782945,yearly,2,1,2 Bedroom,43.0,6.755278299744561,3.559571109128097,Stasiun KRL Manggarai,Tier 1: Core Urban Center (<7km),0,0,0,0,0,0,1,0,0,0,0,0,-6.223749,106.879232,listing,0,https://picture.rumah123.com/r123-images/360x210-crop/customer/1299771/338c7f5a4b2f339f5898221263e1fbdc.jpg,"Kesempatan terbatas buat Anda dapatkan apartemen nyaman dengan return investasi tinggi di Jatinegara, Jakarta Timur.  Apartemen ini menawarkan loka..."
LST-00271,Termurah ! Apartment Signature Grande Park 2 Br Furnished[V2],https://www.rumah123.com/properti/jakarta-timur-cawang/termurah-apartment-signature-grande-park-2-br-furnishedv2-apr7792060/,Jakarta Timur,DKI Jakarta,Cawang,"Cawang, Jakarta Timur",Apartemen,10000000.0,204081.6326530612,yearly,2,1,2 Bedroom,49.0,7.86450965270701,5.626349468065597,Stasiun KRL Manggarai,Tier 2: Inner Ring Metro (7-15km),0,0,0,0,0,0,1,0,0,0,0,0,-6.25444,106.874352,listing,0,https://picture.rumah123.com/r123-images/360x210-crop/customer/910486/502c35e1b611c349fee490f016520956.jpg,Luas Bangunan :  49 m²  Kamar Tidur : 2 Kamar Mandi : 1 View : Kolam Renang Sertifikat : HGB Listrik : 3.500 Watt  Kondisi Unit : 1.⁠ ⁠Terawat...
LST-00272,Apartemen Transpark Cibubur Tipe Studio Siap Huni,https://www.rumah123.com/properti/jakarta-timur-cibubur/apartemen-transpark-cibubur-tipe-studio-siap-huni-apr7334913/,Jakarta Timur,DKI Jakarta,Cibubur,"Cibubur, Jakarta Timur",Apartemen,3500000.0,175000.0,monthly,1,1,Studio / 1BR,20.0,18.36377962780643,8.982117676463927,Stasiun KRL Depok Baru,Tier 3: Outer Commuter Ring (15-28km),0,0,0,0,0,0,0,0,0,0,0,0,-6.35611,106.895111,listing,0,https://picture.rumah123.com/r123-images/360x210-crop/customer/1760512/30b201ea0a388afdb012cb3271195272.jpg,"Tipe Studio Lantai 33 Lt A 3302 IPL 450rb  Deposit 2 Juta"
LST-00273,"[ For Rent ]Free IPL Cleon Park Apartemen Jakarta Garden City Tipe Studio Furnished Barang Trendy Langsung Hunicakung, Jakarta Timur",https://www.rumah123.com/properti/jakarta-timur-cakung/for-rent-free-ipl-cleon-park-apartemen-jakarta-garden-city-tipe-studio-furnished-barang-trendy-langsung-hunicakung-apr7297502/,Jakarta Timur,DKI Jakarta,Cakung,"Cakung, Jakarta Timur",Apartemen,3750000.0,138888.88888888888,yearly,1,1,Studio / 1BR,27.0,14.064105748733574,8.295312990682158,Stasiun KRL Bekasi,Tier 2: Inner Ring Metro (7-15km),0,0,0,0,0,0,0,0,0,0,0,0,-6.18489,106.944931,listing,0,https://picture.rumah123.com/r123-images/360x210-crop/customer/4355770/a5d60d0771cad05df7f154dbe4457015.jpg,"[ FOR RENT ]FREE IPL CLEON PARK APARTEMEN JAKARTA GARDEN CITY TIPE STUDIO FURNISHED BARANG TRENDY LANGSUNG HUNI CAKUNG, JAKARTA TIMUR =============..."
LST-00274,Free IPL Apartemen Cleon Park Jakarta Garden City Tipe Studioi Furnished Langsung Huni,https://www.rumah123.com/properti/jakarta-timur-jakarta-garden-city/murahfree-ipl-apartemen-cleon-park-jakarta-garden-city-tipe-studio-semi-furnished-langsung-huni-apr7381091/,Jakarta Timur,DKI Jakarta,Jakarta Garden City,"Jakarta Garden City, Jakarta Timur",Apartemen,3583333.3333333335,132716.04938271607,yearly,1,1,Studio / 1BR,27.0,15.586084622283838,8.621961788838401,Stasiun KRL Bekasi,Tier 3: Outer Commuter Ring (15-28km),0,0,0,0,0,0,0,0,0,0,0,0,-6.171755,106.955978,listing,0,https://picture.rumah123.com/r123-images/360x210-crop/customer/4355770/63c3869fac4303f65233a456e446c333.jpg,[ FOR RENT ] FREE IPL APARTEMEN CLEON PARK JAKARTA GARDEN CITY TIPE STUDIOI FURNISHED LANGSUNG HUNI ===============================  SPESIFIKASI UN...
LST-00275,"Apartement Semi Furnish, Cakep Bersih Dapurnya Matap",https://www.rumah123.com/properti/jakarta-timur-cakung/apartement-semi-furnish-cakep-bersih-dapurnya-matap-apr7811138/,Jakarta Timur,DKI Jakarta,Cakung,"Cakung, Jakarta Timur",Apartemen,2500000.0,69444.44444444444,monthly,2,1,2 Bedroom,36.0,14.265812489133753,6.5867089617087835,Stasiun KRL Bekasi,Tier 2: Inner Ring Metro (7-15km),0,1,0,0,0,0,0,0,0,0,1,0,-6.204681675423046,106.94898549818134,listing,0,https://picture.rumah123.com/r123-images/360x210-crop/customer/1456904/dd01afaa118850c8741f42390bfd2909.jpg,"Apartemen ini menawarkan lokasi yang strategis serta memiliki nilai tepat yang siap untuk segera Anda sewa, utamanya bagi Anda yang mencari hunian ..."
LST-00276,"Disewakan Apartemen 2 Kamar Semi Furnish, Bersih Lantai 10",https://www.rumah123.com/properti/jakarta-timur-cakung/promo-2jt-2kamar-semi-furnished-baru-gressss-apr2477942/,Jakarta Timur,DKI Jakarta,Cakung,"Cakung, Jakarta Timur",Apartemen,2083333.3333333333,57870.370370370365,yearly,2,1,2 Bedroom,36.0,14.063997196732158,8.295393375194978,Stasiun KRL Bekasi,Tier 2: Inner Ring Metro (7-15km),0,1,0,0,0,0,0,0,0,0,0,1,-6.18489,106.94493,listing,0,https://pic.rumah123.com/r123/360x210-crop/apartment/ap24/2477942/original/apr2477942-apartemen-di-sewa-di-cakung-jakarta-timur-16290080723197.jpg,"DiSewakan Apartemen Nyaman, Aman, Private, Parkir Gratis. SEMI FURNISHED Apartemen Sentra Timur Residence, di dalam Kawasan Sentra Timur Superblock..."
LST-00277,Sunit Sewa Studio 21 Hemat Irit,https://www.rumah123.com/properti/jakarta-timur-cakung/sunit-sewa-studio-21-hemat-irit-apr7855631/,Jakarta Timur,DKI Jakarta,Cakung,"Cakung, Jakarta Timur",Apartemen,1166666.6666666667,55555.55555555556,yearly,0,1,Studio / 1BR,21.0,13.488302193538072,8.396577413691325,Stasiun KRL Bekasi,Tier 2: Inner Ring Metro (7-15km),0,0,1,0,0,0,0,0,0,0,0,0,-6.18874163,106.9403369,listing,0,https://picture.rumah123.com/r123-images/360x210-crop/customer/1456904/59959f64bd5333ca894ac876afd434ba.jpg,Disewakan Apartment Studio Tipe 21 kosongan  lokasi di Apartemen Sentra Timur Residence   lokasi sangat strategis dengan multi akses dan fasilitas ...
LST-00278,Apartemen Sentra Tower Shafire Timur Cakung Jakarta Timur,https://www.rumah123.com/properti/jakarta-timur-cakung/apartemen-sentra-tower-shafire-timur-cakung-jakarta-timur-apr7851395/,Jakarta Timur,DKI Jakarta,Cakung,"Cakung, Jakarta Timur",Apartemen,3333333.3333333335,64102.56410256411,yearly,2,1,2 Bedroom,52.0,14.162941881927537,6.457944442358867,Stasiun KRL Bekasi,Tier 2: Inner Ring Metro (7-15km),0,0,0,0,0,0,0,0,0,0,0,0,-6.2084546,106.9481214,listing,0,https://picture.rumah123.com/r123-images/360x210-crop/customer/4490590/f4dae13eab3707ad9bf030ad87ee6451.jpg,"apartemen Sentra Timur cakung jakarta timur - Tower Shafire - ⁠lantai 19 - ⁠type 2BR luas Gross 52 m2; net: 18 an m2. - ⁠view.sunrise - ..."
LST-00279,Apartemen di Sewa Tipe Studio Full Furniture di Apartemen Trans Studio Cibubur,https://www.rumah123.com/properti/jakarta-timur-cibubur/apartemen-di-sewa-tipe-studio-full-furniture-di-apartemen-trans-studio-cibubur-apr7767980/,Jakarta Timur,DKI Jakarta,Cibubur,"Cibubur, Jakarta Timur",Apartemen,4166666.6666666665,189393.9393939394,yearly,0,1,Studio / 1BR,22.0,18.36377962780643,8.982117676463927,Stasiun KRL Depok Baru,Tier 3: Outer Commuter Ring (15-28km),0,0,0,0,0,0,0,0,0,0,0,0,-6.35611,106.895111,listing,0,https://picture.rumah123.com/r123-images/360x210-crop/customer/607567/d7d343886df1a2e2b03934e345c24d53.jpg,"Apartemen 20 lantai di Cibubur, Jakarta Timur.  For rent di wilayah yang tenang. Dengan spesifikasinya adalah sebagai berikut:   - Kamar Mandi: 1  ..."
LST-00280,"Disewakan Apartemen Gading Icon Tower C Lantai 8 - 2 Bedroom Full Furnish, Akses Mudah Pulo Gadung",https://www.rumah123.com/properti/jakarta-timur-pulo-gadung/disewakan-apartemen-gading-icon-tower-c-lantai-8-2-bedroom-full-furnish-akses-mudah-pulo-gadung-apr7857035/,Jakarta Timur,DKI Jakarta,Pulo Gadung,"Pulo Gadung, Jakarta Timur",Apartemen,3500000.0,97222.22222222222,monthly,2,1,2 Bedroom,36.0,9.08096283211486,6.0959330835197925,Stasiun KRL Manggarai,Tier 2: Inner Ring Metro (7-15km),1,0,0,0,0,0,0,0,0,0,0,0,-6.181712,106.8974964,listing,0,https://picture.rumah123.com/r123-images/360x210-crop/customer/1808098/2174948f1c5535362f9f15c63b73451d.jpg,Nikmati hunian nyaman di Apartemen Gading Icon Tower C dengan tipe 2 Bedroom Full Furnish yang berada di lantai 8. Unit ini cocok untuk Anda yang m...
LST-00281,"Disewakan Apartemen Studio Gading Icon Tower C Lantai 15 - Full Furnish, Siap Huni di Pulo Gadung",https://www.rumah123.com/properti/jakarta-timur-pulo-gadung/disewakan-apartemen-studio-gading-icon-tower-c-lantai-15-full-furnish-siap-huni-di-pulo-gadung-apr7856767/,Jakarta Timur,DKI Jakarta,Pulo Gadung,"Pulo Gadung, Jakarta Timur",Apartemen,2500000.0,119047.61904761905,monthly,1,1,Studio / 1BR,21.0,9.08096283211486,6.0959330835197925,Stasiun KRL Manggarai,Tier 2: Inner Ring Metro (7-15km),1,0,0,0,0,0,0,0,0,0,0,0,-6.181712,106.8974964,listing,0,https://picture.rumah123.com/r123-images/360x210-crop/customer/1808098/fe3c0ff32eab2af898e2b0ad77ebe4cf.jpg,Nikmati hunian praktis di Apartemen Gading Icon Tower C dengan tipe Studio Full Furnish yang berada di lantai 15. Unit ini cocok untuk Anda yang me...
LST-00282,"Disewakan Apartemen Studio Gading Icon Tower B Lantai 7 - Unfurnish, Akses Mudah di Pulo Gadung",https://www.rumah123.com/properti/jakarta-timur-pulo-gadung/disewakan-apartemen-studio-gading-icon-tower-b-lantai-7-unfurnish-akses-mudah-di-pulo-gadung-apr7856557/,Jakarta Timur,DKI Jakarta,Pulo Gadung,"Pulo Gadung, Jakarta Timur",Apartemen,1666666.6666666667,79365.07936507936,yearly,1,1,Studio / 1BR,21.0,9.08096283211486,6.0959330835197925,Stasiun KRL Manggarai,Tier 2: Inner Ring Metro (7-15km),0,0,0,0,0,0,0,0,0,0,0,0,-6.181712,106.8974964,listing,0,https://picture.rumah123.com/r123-images/360x210-crop/customer/1808098/672d89394e9e3d51ba3ae94afd51e853.jpg,Nikmati hunian praktis di Apartemen Gading Icon Tower B dengan tipe Studio Unfurnish yang berada di lantai 7. Unit ini cocok untuk Anda yang ingin ...
LST-00283,Disewakan Apartemen Tifolia Studio Full Furnish,https://www.rumah123.com/properti/jakarta-timur-pulo-gadung/disewakan-apartemen-tifolia-studio-full-furnish-apr7856469/,Jakarta Timur,DKI Jakarta,Pulo Gadung,"Pulo Gadung, Jakarta Timur",Apartemen,2333333.3333333335,111111.11111111112,yearly,0,1,Studio / 1BR,21.0,7.81040687630694,4.660549984903866,Stasiun KRL Manggarai,Tier 2: Inner Ring Metro (7-15km),1,0,0,0,0,0,0,0,0,0,0,0,-6.19329934,106.8889122,listing,0,https://picture.rumah123.com/r123-images/360x210-crop/customer/871145/5aafe0df97c41396433ad85b96e6719c.jpg,Disewakan Apartemen Tifolia Studio Full Furnish
LST-00284,Disewakan Apartemen Tifolia Full Furnish,https://www.rumah123.com/properti/jakarta-timur-pulo-gadung/disewakan-apartemen-tifolia-full-furnish-apr7848274/,Jakarta Timur,DKI Jakarta,Pulo Gadung,"Pulo Gadung, Jakarta Timur",Apartemen,2250000.0,118421.05263157895,yearly,0,1,Studio / 1BR,19.0,7.81040687630694,4.660549984903866,Stasiun KRL Manggarai,Tier 2: Inner Ring Metro (7-15km),1,0,0,0,0,0,0,0,0,0,0,0,-6.19329934,106.8889122,listing,0,https://picture.rumah123.com/r123-images/360x210-crop/customer/871145/8db47ffaa0f652365eb2622f7974c0b1.jpg,Disewakan apartemen tifolia full furnish
LST-00285,Apartemen Oak Tower Siap Huni Full Furnised,https://www.rumah123.com/properti/jakarta-timur-pulo-gadung/apartemen-oak-tower-siap-huni-full-furnised-apr7848254/,Jakarta Timur,DKI Jakarta,Pulo Gadung,"Pulo Gadung, Jakarta Timur",Apartemen,3000000.0,130434.78260869565,yearly,0,0,Studio / 1BR,23.0,9.871574818585376,6.8283897274139065,Stasiun KRL Manggarai,Tier 2: Inner Ring Metro (7-15km),0,0,0,1,0,0,0,0,0,0,0,0,-6.1815216,106.9049787,listing,0,https://picture.rumah123.com/r123-images/360x210-crop/customer/1999039/3c2cbb8049a9dde95c77cc7d392a8a79.jpg,disewakan aptm oak tower lantai 18 type stidio luas 23 m2 kt 1 km1 ac full furnised hrg sewa 36 jt/th  ed  #308971
LST-00286,Disewakan Apartemen Sedayu City Suites Tower Melbourne.lt 1 Luas.60m Jakarta Timur,https://www.rumah123.com/properti/jakarta-timur-cakung/disewakan-apartemen-sedayu-city-suites-tower-melbournelt-1-luas60m-jakarta-timur-apr7815140/,Jakarta Timur,DKI Jakarta,Cakung,"Cakung, Jakarta Timur",Apartemen,6250000.0,104166.66666666667,yearly,2,2,2 Bedroom,60.0,13.488302193538072,8.396577413691325,Stasiun KRL Bekasi,Tier 2: Inner Ring Metro (7-15km),0,0,0,0,0,0,0,0,0,0,0,0,-6.18874163,106.9403369,listing,0,https://picture.rumah123.com/r123-images/360x210-crop/customer/1905961/510cd5edce52348462f934f361b86605.jpg,Disewakan Apartemen Sedayu City Suites Tower Melbourne . lt 1 . Luas 60m 2 kamar tidur 2 kamar mandi  fulnish  harga 75 juta  # ali
LST-00287,Disewakan Apartemen Cleon Park Jakarta Garden City,https://www.rumah123.com/properti/jakarta-timur-jakarta-garden-city/disewakan-apartemen-cleon-park-jakarta-garden-city-apr7616401/,Jakarta Timur,DKI Jakarta,Jakarta Garden City,"Jakarta Garden City, Jakarta Timur",Apartemen,4875000.0,157258.06451612903,yearly,1,1,Studio / 1BR,31.0,15.586084622283838,8.621961788838401,Stasiun KRL Bekasi,Tier 3: Outer Commuter Ring (15-28km),1,0,0,0,0,0,0,0,0,0,0,0,-6.171755,106.955978,listing,0,https://picture.rumah123.com/r123-images/360x210-crop/customer/1971808/67bb2482d0c869787c6ffb7931187718.jpg,"Disewakan apartemen cleon park jakarta garden city  Type studio full furnish  Luas. 31 M² 1 BR 1 Km Lantai 26 Air pam Listrik 2200  Harga 58,5 jt ..."
LST-00288,Disewakan Apartemen Callia 1 Kamar Furnish,https://www.rumah123.com/properti/jakarta-timur-pulo-gadung/disewakan-apartemen-callia-1-kamar-furnish-apr7803900/,Jakarta Timur,DKI Jakarta,Pulo Gadung,"Pulo Gadung, Jakarta Timur",Apartemen,2916666.6666666665,67829.45736434108,yearly,1,1,Studio / 1BR,43.0,7.81040687630694,4.660549984903866,Stasiun KRL Manggarai,Tier 2: Inner Ring Metro (7-15km),0,0,0,0,0,0,0,0,0,0,0,0,-6.19329934,106.8889122,listing,0,https://picture.rumah123.com/r123-images/360x210-crop/customer/871145/dbf26223049fbe49dc04952fc4b96424.jpg,Disewakan apartemen callia 1 kamar furnish
LST-00289,Disewakan Apartemen Tifolia Pulomas Studio Furnish,https://www.rumah123.com/properti/jakarta-timur-pulo-gadung/disewakan-apartemen-tifolia-pulomas-studio-furnish-apr7801191/,Jakarta Timur,DKI Jakarta,Pulo Gadung,"Pulo Gadung, Jakarta Timur",Apartemen,2250000.0,107142.85714285714,yearly,0,1,Studio / 1BR,21.0,7.81040687630694,4.660549984903866,Stasiun KRL Manggarai,Tier 2: Inner Ring Metro (7-15km),0,0,0,0,0,0,0,0,0,0,0,0,-6.19329934,106.8889122,listing,0,https://picture.rumah123.com/r123-images/360x210-crop/customer/871145/5aafe0df97c41396433ad85b96e6719c.jpg,Disewakan Apartemen Tifolia Pulomas studio Furnish
LST-00290,Disewakan Apartemen Tifolia Pulomas Studio Furnish,https://www.rumah123.com/properti/jakarta-timur-pulo-gadung/disewakan-apartemen-tifolia-pulomas-studio-furnish-apr7801194/,Jakarta Timur,DKI Jakarta,Pulo Gadung,"Pulo Gadung, Jakarta Timur",Apartemen,2125000.0,101190.47619047618,yearly,0,1,Studio / 1BR,21.0,7.81040687630694,4.660549984903866,Stasiun KRL Manggarai,Tier 2: Inner Ring Metro (7-15km),0,0,0,0,0,0,0,0,0,0,0,0,-6.19329934,106.8889122,listing,0,https://picture.rumah123.com/r123-images/360x210-crop/customer/871145/c7bdabee5e33912edf0479a1ceafcad9.jpg,Disewakan Apartemen Tifolia Pulomas studio Furnish
LST-00291,Disewakan Apartemen Callia 1 Kamar Semi Furnish,https://www.rumah123.com/properti/jakarta-timur-pulo-gadung/disewakan-apartemen-callia-1-kamar-semi-furnish-apr7805886/,Jakarta Timur,DKI Jakarta,Pulo Gadung,"Pulo Gadung, Jakarta Timur",Apartemen,3125000.0,72674.41860465116,yearly,1,1,Studio / 1BR,43.0,7.81040687630694,4.660549984903866,Stasiun KRL Manggarai,Tier 2: Inner Ring Metro (7-15km),0,1,0,0,0,0,0,0,0,0,0,0,-6.19329934,106.8889122,listing,0,https://picture.rumah123.com/r123-images/360x210-crop/customer/871145/f3011040a1b814e99a78cc876e602825.jpg,Disewakan apartemen callia 1 kamar semi furnish
LST-00292,Disewakan Apartemen Callia 1 Kamar Tidur,https://www.rumah123.com/properti/jakarta-timur-pulo-gadung/disewakan-apartemen-callia-1-kamar-tidur-apr7807895/,Jakarta Timur,DKI Jakarta,Pulo Gadung,"Pulo Gadung, Jakarta Timur",Apartemen,2583333.3333333335,60077.51937984496,yearly,1,1,Studio / 1BR,43.0,7.81040687630694,4.660549984903866,Stasiun KRL Manggarai,Tier 2: Inner Ring Metro (7-15km),0,0,0,0,0,0,0,0,0,0,0,0,-6.19329934,106.8889122,listing,0,https://picture.rumah123.com/r123-images/360x210-crop/customer/871145/4fb073f4d1f5fb02aca4452db69672f4.jpg,Disewakan apartemen callia 1 kamar tidur
LST-00293,Disewakan Apartemen Tifolia Tipe Studio,https://www.rumah123.com/properti/jakarta-timur-pulo-gadung/disewakan-apartemen-tifolia-tipe-studio-apr7817461/,Jakarta Timur,DKI Jakarta,Pulo Gadung,"Pulo Gadung, Jakarta Timur",Apartemen,2166666.6666666665,103174.60317460317,yearly,0,1,Studio / 1BR,21.0,7.81040687630694,4.660549984903866,Stasiun KRL Manggarai,Tier 2: Inner Ring Metro (7-15km),0,0,0,0,0,0,0,0,0,0,0,0,-6.19329934,106.8889122,listing,0,https://picture.rumah123.com/r123-images/360x210-crop/customer/871145/bba21ad70fefc83b446611b192d40956.jpg,Disewakan apartemen tifolia studio furnish
LST-00294,Disewakan Apartemen Bassura City 2 Kamar Furnish,https://www.rumah123.com/properti/jakarta-timur-jatinegara/disewakan-apartemen-bassura-city-2-kamar-furnish-apr7611072/,Jakarta Timur,DKI Jakarta,Jatinegara,"Jatinegara, Jakarta Timur",Apartemen,2875000.0,75657.8947368421,yearly,2,1,2 Bedroom,38.0,6.670137921392139,3.581676443291726,Stasiun KRL Manggarai,Tier 1: Core Urban Center (<7km),0,0,0,0,0,0,0,0,0,0,0,0,-6.22750897,106.8773311,listing,0,https://picture.rumah123.com/r123-images/360x210-crop/customer/871145/d00d1704b563996e07436a662b12e044.jpg,"Disewakan Apartemen Bassura City 2 Kamar Furnish bagus, belum termasuk ipl"
LST-00295,Disewakan Apartemen Callia 1 Kamar Full Furnish,https://www.rumah123.com/properti/jakarta-timur-pulo-gadung/disewakan-apartemen-callia-1-kamar-full-furnish-apr7838836/,Jakarta Timur,DKI Jakarta,Pulo Gadung,"Pulo Gadung, Jakarta Timur",Apartemen,3750000.0,87209.30232558139,yearly,1,1,Studio / 1BR,43.0,7.81040687630694,4.660549984903866,Stasiun KRL Manggarai,Tier 2: Inner Ring Metro (7-15km),1,0,0,0,0,0,0,0,0,0,0,0,-6.19329934,106.8889122,listing,0,https://picture.rumah123.com/r123-images/360x210-crop/customer/871145/052115004b4f200873bc83b1699cfc8e.jpg,Disewakan apartemen callia 1 kamar full furnish
LST-00296,"Disewakan 2 Bedroom Oak Tower A - Lantai 18, View Jalan, Hadap Timur",https://www.rumah123.com/properti/jakarta-timur-pulo-gadung/disewakan-2-bedroom-oak-tower-a-lantai-18-view-jalan-hadap-timur-apr7830257/,Jakarta Timur,DKI Jakarta,Pulo Gadung,"Pulo Gadung, Jakarta Timur",Apartemen,4500000.0,107142.85714285714,monthly,2,1,2 Bedroom,42.0,7.81040687630694,4.660549984903866,Stasiun KRL Manggarai,Tier 2: Inner Ring Metro (7-15km),0,0,0,0,0,0,0,0,0,0,0,0,-6.19329934,106.8889122,listing,0,https://picture.rumah123.com/r123-images/360x210-crop/customer/1808098/80c9bf3e58ba4303623fd6fc618a473b.jpg,"Nikmati hunian nyaman di Apartemen Oak Tower A, Pulo Gadung dengan posisi lantai tinggi dan view jalan yang luas. Unit menghadap Timur, sehingga me..."
LST-00297,Termurah Furnish Gold Coast Apartemen Pik,https://www.rumah123.com/properti/jakarta-utara-pantai-indah-kapuk/termurah-furnish-gold-coast-apartemen-pik-apr7823652/,Jakarta Utara,DKI Jakarta,Pantai Indah Kapuk,"Pantai Indah Kapuk, Jakarta Utara",Apartemen,5416666.666666667,193452.38095238098,yearly,0,0,Studio / 1BR,28.0,14.675786961931234,12.023318175087477,Stasiun KRL Tanah Abang,Tier 2: Inner Ring Metro (7-15km),1,0,0,0,0,0,0,0,0,0,0,0,-6.102623,106.74115,listing,0,https://picture.rumah123.com/r123-images/360x210-crop/customer/1984664/09cae7001abf0a17b1fab5281e1aa2b9.jpg,BARU RENOVV  DISEWA APARTEMEN GOLD COAST PIK STUDIO FULL FURNISH RAPIH CAKEP HARGA 65 juta/ TAHUN READY STOCK
LST-00298,Sewa Mewah Unit Studio Apartemen Gold Coast Pik,https://www.rumah123.com/properti/jakarta-utara-pantai-indah-kapuk/sewa-mewah-unit-studio-apartemen-gold-coast-pik-apr7846607/,Jakarta Utara,DKI Jakarta,Pantai Indah Kapuk,"Pantai Indah Kapuk, Jakarta Utara",Apartemen,5666666.666666667,202380.9523809524,yearly,0,0,Studio / 1BR,28.0,14.675786961931234,12.023318175087477,Stasiun KRL Tanah Abang,Tier 2: Inner Ring Metro (7-15km),1,0,0,0,0,0,0,0,0,0,0,0,-6.102623,106.74115,listing,0,https://picture.rumah123.com/r123-images/360x210-crop/customer/1984664/15a3505bc37a4b22b887555015431afc.jpg,DISEWA CEPAT  APART GOLD COAST  STUDIO FULL FURNISH CAKEP MEWAH 68 juta/ tahun nego
LST-00299,Apartemen Tokyo Riverside Pik 2 Studio Furnish,https://www.rumah123.com/properti/jakarta-utara-pantai-indah-kapuk-2/apartemen-tokyo-riverside-pik-2-studio-furnish-murah-apr7264049/,Jakarta Utara,DKI Jakarta,Pantai Indah Kapuk 2,"Pantai Indah Kapuk 2, Jakarta Utara",Apartemen,1916666.6666666667,91269.84126984127,yearly,1,1,Studio / 1BR,21.0,19.856577827132323,15.06958050701512,Stasiun KRL Tangerang,Tier 3: Outer Commuter Ring (15-28km),0,0,0,0,0,0,0,0,0,0,0,0,-6.066228,106.711853,listing,0,https://picture.rumah123.com/r123-images/360x210-crop/customer/669115/ffc0c89e15d58a84c16ae084793ac945.jpg,"Apartemen Tokyo Riverside PIK2 Tower Ishikawa Type Studio Ukuran 21m2 Furnished"
LST-00300,Disewakan Apartement Pluit Seaview Lantai Rendah Unit Bagus,https://www.rumah123.com/properti/jakarta-utara-muara-baru/disewakan-apartement-pluit-seaview-lantai-rendah-unit-bagus-apr7851326/,Jakarta Utara,DKI Jakarta,Muara Baru,"Muara Baru, Jakarta Utara",Apartemen,1666666.6666666667,39682.53968253968,yearly,2,1,2 Bedroom,42.0,11.09172130783706,8.383236198632716,Stasiun KRL Tanah Abang,Tier 2: Inner Ring Metro (7-15km),0,0,1,0,0,0,1,0,0,0,1,0,-6.11059,106.802437,listing,0,https://picture.rumah123.com/r123-images/360x210-crop/customer/607649/87997c0e9d35d2d0590039dfb682805d.jpg,Disewakan apartement Pluit Sea View / Pluit Residence Tower BELIZE lantai 1 view hadap kolam renang NON furnish 2 kamar tidur 1 dapur 1 toilet list...
LST-00301,Disewakan Apartment Mezzanine Sedayu City Kelapa Gading,https://www.rumah123.com/properti/jakarta-utara-kelapa-gading/disewakan-apartment-mezzanine-sedayu-city-kelapa-gading-apr7856422/,Jakarta Utara,DKI Jakarta,Kelapa Gading,"Kelapa Gading, Jakarta Utara",Apartemen,6250000.0,81168.83116883117,yearly,2,1,2 Bedroom,77.0,12.379079110147389,9.432761336773456,Stasiun KRL Manggarai,Tier 2: Inner Ring Metro (7-15km),0,1,0,1,0,0,0,0,0,0,1,0,-6.16686,106.92373,listing,0,https://picture.rumah123.com/r123-images/360x210-crop/customer/4423069/35d19a3e599d148f7938cfa01a05b0d2.jpg,Disewakan Apartment Sedayu City  Luas 77m2  Semi Furnish  - Kitchen set  - Kompor  - Kulkas  - Microwave  - Ac  - Mesin cuci  Fasilitas umum  Keama...
LST-00302,Disewakan Apartemen Green Bay Pluit,https://www.rumah123.com/properti/jakarta-utara-pluit/disewakan-apartemen-green-bay-pluit-apr7856154/,Jakarta Utara,DKI Jakarta,Pluit,"Pluit, Jakarta Utara",Apartemen,2333333.3333333335,66666.66666666667,yearly,2,1,2 Bedroom,35.0,11.115110459512994,8.339815295590071,Stasiun KRL Tanah Abang,Tier 2: Inner Ring Metro (7-15km),1,0,0,0,0,0,0,0,0,0,0,0,-6.11555,106.783783,listing,0,https://picture.rumah123.com/r123-images/360x210-crop/customer/1068996/35d007311c729c4c27d971c4452b41e8.jpg,Disewakan  Apartemen Green bay  2 br  uk. 35 m Tower H lt 22 Full Furnished Lengkap Tinggal Bawa Baju  Harga sewa 28 Juta / Tahun
LST-00303,Sewa Cepat Apartemen Tokyo Pik2 2Br Full Furnished View Laut Cakep,https://www.rumah123.com/properti/jakarta-utara-pantai-indah-kapuk-2/sewa-cepat-apartemen-tokyo-pik2-2br-full-furnished-view-laut-cakep-apr7786716/,Jakarta Utara,DKI Jakarta,Pantai Indah Kapuk 2,"Pantai Indah Kapuk 2, Jakarta Utara",Apartemen,4583333.333333333,127314.8148148148,yearly,2,1,2 Bedroom,36.0,19.856577827132323,15.06958050701512,Stasiun KRL Tangerang,Tier 3: Outer Commuter Ring (15-28km),1,0,0,0,0,0,0,0,0,0,0,0,-6.066228,106.711853,listing,0,https://picture.rumah123.com/r123-images/360x210-crop/customer/1426918/a8fc6c68f23d9007dd4a4b945831f207.jpg,"Sewa cepat apartemen tokyo pik2 2br full furnished view laut cakep more info call/wa thx"
LST-00304,Full Sea View! Apartemen Pantai Mutiara 150M² Furnished *,https://www.rumah123.com/properti/jakarta-utara-pantai-mutiara/full-sea-view-apartemen-pantai-mutiara-150m-furnished-apr7740581/,Jakarta Utara,DKI Jakarta,Pantai Mutiara,"Pantai Mutiara, Jakarta Utara",Apartemen,15000000.0,100000.0,yearly,2,2,2 Bedroom,150.0,12.597346472286135,9.844532502164995,Stasiun KRL Tanah Abang,Tier 2: Inner Ring Metro (7-15km),0,0,0,0,0,0,0,0,0,0,0,0,-6.099147,106.791357,listing,0,https://picture.rumah123.com/r123-images/360x210-crop/customer/4486429/listing/apr7740581/enhanced/42dee4dd3996ffce05817e7db3a98c03.png,Bangun Setiap Hari dengan Pemandangan Laut Lepas  Nikmati pengalaman tinggal di salah satu unit terbaik Apartemen Pantai Mutiara Tower Enggano. Ber...
LST-00305,"Di Sewa Apartment Paladian Park , Kelapa Gading Permai Tower C",https://www.rumah123.com/properti/jakarta-utara-kelapa-gading/di-sewa-apartment-paladian-park-kelapa-gading-permai-tower-c-apr7749749/,Jakarta Utara,DKI Jakarta,Kelapa Gading,"Kelapa Gading, Jakarta Utara",Apartemen,5000000.0,72463.76811594203,yearly,2,1,2 Bedroom,69.0,10.667378438399515,8.037634400035223,Stasiun KRL Manggarai,Tier 2: Inner Ring Metro (7-15km),0,0,0,0,0,0,0,0,0,0,0,0,-6.16076844,106.9035302,listing,0,https://picture.rumah123.com/r123-images/360x210-crop/customer/1971481/listing/apr7749749/enhanced/4878677bd3f71108acb45c70eba3bcae.jpg,"Di SEWA : Apartment "" PALADIAN PARK , Kelapa Gading Permai  Tower :  C Lantai : 19 No.unit : 03 Ex unit contoh Luas    : 69 m2 KT.        : ..."
LST-00306,Studio Kosongan Ac Apt Tokyo Riverside Pik2,https://www.rumah123.com/properti/jakarta-utara-pantai-indah-kapuk-2/studio-kosongan-ac-apt-tokyo-riverside-pik2-apr7664296/,Jakarta Utara,DKI Jakarta,Pantai Indah Kapuk 2,"Pantai Indah Kapuk 2, Jakarta Utara",Apartemen,1250000.0,59523.80952380953,yearly,0,1,Studio / 1BR,21.0,19.856577827132323,15.06958050701512,Stasiun KRL Tangerang,Tier 3: Outer Commuter Ring (15-28km),0,0,1,1,0,0,0,0,0,0,0,0,-6.066228,106.711853,listing,0,https://picture.rumah123.com/r123-images/360x210-crop/customer/4421589/listing/apr7664296/enhanced/6b3c7d6eca8034065f3ceb9e46bfe6fb.jpg,Di Sewakan Apt Tokyo Riverside PIK2  Studio Kosongan + AC Lantai 29 View Laut Lantai Tinggi Harga 15 jt/thn Nego Smp Deal
LST-00307,Apartemen Siap Huni Tokyo Riverside Pik 2 Strategis Full Furnished,https://www.rumah123.com/properti/tangerang-teluk-naga/tokyo-riverside-pik-2-apartemen-pantai-indah-kapuk-lemo-teluknaga-tangerang-regency-bantem-apr2855437/,Jakarta Utara,DKI Jakarta,Pantai Indah Kapuk 2,"Pantai Indah Kapuk 2, Jakarta Utara",Apartemen,5000000.0,131578.94736842104,monthly,1,1,Studio / 1BR,38.0,21.057349592059797,0.20481370332289056,Stasiun KRL Tangerang,Tier 3: Outer Commuter Ring (15-28km),1,0,0,0,0,0,1,0,0,0,0,0,-6.17831,106.632,listing,0,https://picture.rumah123.com/r123-images/360x210-crop/customer/1493797/2023-03-17-02-35-40-e96a954a-3705-4b3b-8c17-7c2f6d20718c.jpg,"D0950 Lt Rendah, Tower Tengah, View Pool IPL 580  Bulanan 4,5jt deposit 5jt Tahunan 54jt Disc 10jt jd 45jt deposit 8jt  1Unit Bs 5org (2org km..."
LST-00308,Apartemen Goldcoast Tower Atlantic Sea View,https://www.rumah123.com/properti/jakarta-utara-pantai-indah-kapuk/apartemen-goldcoast-tower-atlantic-sea-view-apr7823688/,Jakarta Utara,DKI Jakarta,Pantai Indah Kapuk,"Pantai Indah Kapuk, Jakarta Utara",Apartemen,8750000.0,171568.6274509804,yearly,1,1,Studio / 1BR,51.0,14.675786961931234,12.023318175087477,Stasiun KRL Tanah Abang,Tier 2: Inner Ring Metro (7-15km),0,0,0,0,0,0,0,0,0,0,0,0,-6.102623,106.74115,listing,0,https://picture.rumah123.com/r123-images/360x210-crop/customer/4518394/7a99b40e089c43f678bd9b11874f8f9d.jpg,"Apartemen nyaman dengan pemandangan laut, sudah dilengkapi berbagai perabot dan kebutuhan sehari-hari.   Detail Unit: -Luas 51 m² -1 Bedroom -1 Ba..."
LST-00309,Disewakan Apartemen Tokyo Riverside Pik2 Tower Chikusei,https://www.rumah123.com/properti/jakarta-utara-pantai-indah-kapuk-2/disewakan-apartemen-tokyo-riverside-pik2-apr7850796/,Jakarta Utara,DKI Jakarta,Pantai Indah Kapuk 2,"Pantai Indah Kapuk 2, Jakarta Utara",Apartemen,1500000.0,71428.57142857143,yearly,0,1,Studio / 1BR,21.0,19.856577827132323,15.06958050701512,Stasiun KRL Tangerang,Tier 3: Outer Commuter Ring (15-28km),0,0,0,0,0,0,0,0,0,0,0,0,-6.066228,106.711853,listing,0,https://picture.rumah123.com/r123-images/360x210-crop/customer/1068996/342584460e0c6caa28323cc498afacad.jpg,Disewakan Apartemen Tokyo Riverside Pik2 Studio TOWER CHIKUSEI LT 8 Luas 21m2 1 Kamar mandi Kosong Sama Sekali  Harga sewa 18 Juta / Tahun Deposit ...
LST-00310,Disewakan Apartmen Gold Coast Pik Studio Siap Huni 75Jt/Tahun,https://www.rumah123.com/properti/jakarta-utara-pantai-indah-kapuk/disewakan-apartmen-gold-coast-pik-studio-siap-huni-80jttahun-apr7791428/,Jakarta Utara,DKI Jakarta,Pantai Indah Kapuk,"Pantai Indah Kapuk, Jakarta Utara",Apartemen,6250000.0,215517.24137931035,yearly,1,1,Studio / 1BR,29.0,14.675711474438307,12.023233832245895,Stasiun KRL Tanah Abang,Tier 2: Inner Ring Metro (7-15km),1,0,0,0,0,0,1,0,0,0,0,0,-6.10262276392724,106.74115147116393,listing,0,https://picture.rumah123.com/r123-images/360x210-crop/customer/1777048/b0a6196c4d85fd21b59aae0d73ac5891.jpg,Disewakan Apartmen Gold Coast  Tower Atlantic Tipe Studio Luas 29m2 Full Furnished Siap Huni Unit Rapih  View Laut+View Pool  Harga Sewa 75jt/Tahun...
LST-00311,Apartemen siap huni di emporium pluit CBD Pluit,https://www.rumah123.com/properti/jakarta-utara-pluit/apartemen-siap-huni-di-emporium-pluit-cbd-pluit-apr2684977/,Jakarta Utara,DKI Jakarta,Pluit,"Pluit, Jakarta Utara",Apartemen,10833333.333333334,157004.8309178744,yearly,2,2,2 Bedroom,69.0,11.115229933187731,8.339934964576322,Stasiun KRL Tanah Abang,Tier 2: Inner Ring Metro (7-15km),1,0,0,0,0,0,0,0,0,0,0,0,-6.11555,106.78378,listing,0,https://picture.rumah123.com/r123-images/360x210-crop/customer/19156/2022-08-16-04-18-06-a17b1dbc-2020-47d2-8c96-6bd09c1f0ae2.jpg,Full furnish tinggal bawa baju ...
LST-00312,"Apartemen, di Pluit,",https://www.rumah123.com/properti/jakarta-utara-pluit/apartemen-di-pluit-apr7799978/,Jakarta Utara,DKI Jakarta,Pluit,"Pluit, Jakarta Utara",Apartemen,1583333.3333333333,43981.48148148148,yearly,2,1,2 Bedroom,36.0,11.115110459512994,8.339815295590071,Stasiun KRL Tanah Abang,Tier 2: Inner Ring Metro (7-15km),0,0,0,0,0,0,0,0,0,0,1,0,-6.11555,106.783783,listing,0,https://picture.rumah123.com/r123-images/360x210-crop/customer/393105/dd1b2f8e519e819a2d73df4c7bb89b9f.jpg,Disewakan Apartemen Laguna Pluit rapi kitchen set
LST-00313,Disewakan Apartemen Goldcoast 2 Br Semi Furnish Harga 130 Juta/Th,https://www.rumah123.com/properti/jakarta-utara-pantai-indah-kapuk/disewakan-apartemen-goldcoast-2-br-semi-furnish-harga-130-jutath-apr3431062/,Jakarta Utara,DKI Jakarta,Pantai Indah Kapuk,"Pantai Indah Kapuk, Jakarta Utara",Apartemen,10833333.333333334,120370.37037037038,yearly,2,2,2 Bedroom,90.0,14.67571147470037,12.023233832528813,Stasiun KRL Tanah Abang,Tier 2: Inner Ring Metro (7-15km),0,1,0,0,0,0,0,0,0,0,0,0,-6.1026227639272,106.74115147116,listing,0,https://picture.rumah123.com/r123-images/360x210-crop/customer/944442/listing/apr3431062/enhanced/41c50fe426535530acd54c43e4b41ef9.jpg,"Disewakan Apartemen Goldcoast 2 BR Semi Furnished Harga 130 Juta/Tahun  SAYA JUGA PUNYA LISTINGAN LAIN SELAIN UNIT DIATAS, JIKALAU BAPAK/IBU MENCAR..."
LST-00314,Disewa 2 Bedroom Apartemen Tokyo Riverside Pik 2 Full Furnished Lengkap,https://www.rumah123.com/properti/jakarta-utara-pantai-indah-kapuk-2/disewa-2-bedroom-apartemen-tokyo-riverside-pik-2-full-furnished-lengkap-apr7857124/,Jakarta Utara,DKI Jakarta,Pantai Indah Kapuk 2,"Pantai Indah Kapuk 2, Jakarta Utara",Apartemen,4166666.6666666665,115740.74074074073,yearly,2,1,2 Bedroom,36.0,19.856577827132323,15.06958050701512,Stasiun KRL Tangerang,Tier 3: Outer Commuter Ring (15-28km),1,0,0,0,0,0,0,0,0,0,0,0,-6.066228,106.711853,listing,0,https://picture.rumah123.com/r123-images/360x210-crop/customer/2074514/670aea97d80b0b5776288fdd34b1e0cd.jpg,Disewakan Apartemen Tokyo Riverside PIK 2  ✨ Detail Unit - Tipe: Studio - Luas: 36m² - Kondisi: Full Furnished - Sertifikat: PPJB   Fasilitas Ap...
LST-00315,"Apartemen, di Kelapa Gading, Moi",https://www.rumah123.com/properti/jakarta-utara-kelapa-gading/apartemen-di-kelapa-gading-moi-apr7854137/,Jakarta Utara,DKI Jakarta,Kelapa Gading,"Kelapa Gading, Jakarta Utara",Apartemen,7083333.333333333,157407.4074074074,yearly,0,0,Studio / 1BR,45.0,10.667378438399515,8.037634400035223,Stasiun KRL Manggarai,Tier 2: Inner Ring Metro (7-15km),1,0,0,0,0,0,0,0,0,0,0,0,-6.16076844,106.9035302,listing,0,https://picture.rumah123.com/r123-images/360x210-crop/customer/644176/9eadc8672f61e5dd8dfd7e1d657eb5cc.jpg,"DIsewakan Apartemen city home tower sanfransisco bay  lantai 17 , 2kamar tidur fullyfurnish info detail bisa call atau wa"
LST-00316,Di Sewa Apartemen Gold Coast Tower Honolulu Lantai 20,https://www.rumah123.com/properti/jakarta-utara-pantai-indah-kapuk/sewaapartemengoldcoastpik-apartemen-furnished-1-kamar-tidur-apr7450744/,Jakarta Utara,DKI Jakarta,Pantai Indah Kapuk,"Pantai Indah Kapuk, Jakarta Utara",Apartemen,14000000.0,318181.8181818182,monthly,1,1,Studio / 1BR,44.0,14.675786961931234,12.023318175087477,Stasiun KRL Tanah Abang,Tier 2: Inner Ring Metro (7-15km),0,0,0,0,0,0,0,0,0,0,0,0,-6.102623,106.74115,listing,0,https://picture.rumah123.com/r123-images/360x210-crop/customer/944513/782d9db984086dabaaa4d0236d9c7678.jpg,"Kesempatan terbatas buat Anda dapatkan apartemen strategis dengan return investasi tinggi di Pantai Indah Kapuk, Jakarta Utara.  Apartemen ini mena..."
LST-00317,Seaview Murah Apartemen Gold Coast 58M Ada 2 Balkon,https://www.rumah123.com/properti/jakarta-utara-pantai-indah-kapuk/seaview-murah-apartemen-gold-coast-58m-ada-2-balkon-apr7603494/,Jakarta Utara,DKI Jakarta,Pantai Indah Kapuk,"Pantai Indah Kapuk, Jakarta Utara",Apartemen,8750000.0,150862.06896551725,yearly,2,1,2 Bedroom,58.0,14.675786961931234,12.023318175087477,Stasiun KRL Tanah Abang,Tier 2: Inner Ring Metro (7-15km),0,0,0,0,0,0,0,0,0,1,0,0,-6.102623,106.74115,listing,0,https://picture.rumah123.com/r123-images/360x210-crop/customer/4340500/1be10dfdc427e757811bbe8361573ab4.jpg,Disewakan apartemen goldcoast view terbaik seaview ada 2 balkon untuk menikmati pemandangan  uk 58m furnish  caspy icon Property 0852xxxxxxxx
LST-00318,Disewakan Office Goldcoast Pik 190M2 Seaview.,https://www.rumah123.com/properti/jakarta-utara-pantai-indah-kapuk/disewakan-office-goldcoast-pik-190m2-seaview-apr7635784/,Jakarta Utara,DKI Jakarta,Pantai Indah Kapuk,"Pantai Indah Kapuk, Jakarta Utara",Apartemen,62500000.0,328947.36842105264,yearly,1,2,Studio / 1BR,190.0,14.675786961931234,12.023318175087477,Stasiun KRL Tanah Abang,Tier 2: Inner Ring Metro (7-15km),0,1,0,0,0,0,0,0,0,0,0,0,-6.102623,106.74115,listing,0,https://picture.rumah123.com/r123-images/360x210-crop/customer/1824795/f6106237cac0dba04912f67b53fb8b2c.jpg,*DISEWAKAN GOLDCOAST OFFICE*  View Laut Uk 190m2 Lantai atas Semi Furnish sudah ada sekat Harga : 325rb/m2  Kunci Ready bisa survey  Yoke Icon Prop...
LST-00319,Disewakan Apt Goldcoast Honolulu Nl,https://www.rumah123.com/properti/jakarta-utara-pantai-indah-kapuk/disewakan-apt-goldcoast-honolulu-nl-apr7846064/,Jakarta Utara,DKI Jakarta,Pantai Indah Kapuk,"Pantai Indah Kapuk, Jakarta Utara",Apartemen,9166666.666666666,158045.97701149425,yearly,2,2,2 Bedroom,58.0,14.675711474438307,12.023233832245895,Stasiun KRL Tanah Abang,Tier 2: Inner Ring Metro (7-15km),1,0,0,0,0,0,0,0,0,0,0,0,-6.10262276392724,106.74115147116393,listing,0,https://picture.rumah123.com/r123-images/360x210-crop/customer/910948/f86f146e84a7f6b839cd9f0ae249a6d7.jpg,Disewakan Apt Goldcoast Honolulu Ukuran : 2BR 58m² Harga : 110jt nego  Desposit 20jt  Unit ready minggu depan Full furnished View mangrove  CONTAC...
LST-00320,Di Sewakan Apartemen Semi Furnish Mezanine di Sedayu City Kelapa Gading,https://www.rumah123.com/properti/jakarta-utara-kelapa-gading/di-sewakan-apartemen-semi-furnish-mezanine-di-sedayu-city-kelapa-gading-apr7850831/,Jakarta Utara,DKI Jakarta,Kelapa Gading,"Kelapa Gading, Jakarta Utara",Apartemen,6416666.666666667,89120.37037037038,yearly,3,1,3 Bedroom,72.0,10.667378438399515,8.037634400035223,Stasiun KRL Manggarai,Tier 2: Inner Ring Metro (7-15km),0,1,0,0,0,0,0,0,0,0,0,0,-6.16076844,106.9035302,listing,0,https://picture.rumah123.com/r123-images/360x210-crop/customer/2020205/55c70b9c15648ae72d22aee13b8179ec.jpg,"Di Sewakan Apartemen Mezanine Semi Furnish Sedayu City Kelapa Gading  lb 72 kt 3 km 1 type Mezanine 1,5 Lantai semi Furnished lantai Rendah  harga ..."
LST-00321,Disewakan/Dijual - Apartemen The Summit Jakarta Utara,https://www.rumah123.com/properti/jakarta-utara-kelapa-gading/disewakandijual-apartemen-the-summit-jakarta-utara-apr7830184/,Jakarta Utara,DKI Jakarta,Kelapa Gading,"Kelapa Gading, Jakarta Utara",Apartemen,19833333.333333332,132222.22222222222,yearly,2,2,2 Bedroom,150.0,10.667378438399515,8.037634400035223,Stasiun KRL Manggarai,Tier 2: Inner Ring Metro (7-15km),0,0,0,0,0,0,0,0,0,0,0,0,-6.16076844,106.9035302,listing,0,https://picture.rumah123.com/r123-images/360x210-crop/customer/1285538/3fd64e203bf01ac34ed4a04902e9380f.jpg,✨ Unit Luas dengan City View  Ditawarkan unit Apartemen The Summit di kawasan Jakarta Utara dengan luas bangunan 151 m². Memiliki 2 kamar tidur ...
LST-00322,Jarang Ada ! Soho The Smith Alam Sutera Spacious City View Siap Huni[V1],https://www.rumah123.com/properti/tangerang-alam-sutera/jarang-ada-soho-the-smith-alam-sutera-spacious-city-view-siap-huniv1-apr7846911/,Tangerang,Banten,Alam Sutera,"Alam Sutera, Tangerang",Apartemen,8750000.0,63405.79710144927,yearly,0,2,Studio / 1BR,138.0,18.70666064640257,8.09954934668883,Stasiun KRL Rawabuntu (BSD),Tier 3: Outer Commuter Ring (15-28km),0,0,0,0,0,0,0,0,0,0,0,0,-6.25276,106.656647,listing,0,https://picture.rumah123.com/r123-images/360x210-crop/customer/910486/97788a5585a510a15d289e099967d7b2.jpg,Luas Bangunan : 138 m2  Lantai : 11 Kamar Mandi : 2 Listrik : 9500 Watt View : City  Hadap : Barat Sertifikat : PPJB siap AJB   Kondisi Unit : 1.�...
LST-00323,Apartemen Studio Satu Menit Ke Gerbang Tol,https://www.rumah123.com/properti/tangerang-alam-sutera/apartemen-studio-satu-menit-ke-gerbang-tol-apr3614095/,Tangerang,Banten,Alam Sutera,"Alam Sutera, Tangerang",Apartemen,4583333.333333333,138888.88888888888,yearly,1,1,Studio / 1BR,33.0,18.70666064640257,8.09954934668883,Stasiun KRL Rawabuntu (BSD),Tier 3: Outer Commuter Ring (15-28km),0,0,0,0,0,0,1,1,0,0,0,0,-6.25276,106.656647,listing,0,https://picture.rumah123.com/r123-images/360x210-crop/customer/2166781/bb4d98b921e39f4a2f654b1d6c207bf7.png,Fasilitas gedung - Rooftop Garden - Sky Pool - Playground - Hanging Garden - Garden Plaza - Fitness Lounge  Kampus terdekat - Bunda Mulia - Binus -...
LST-00324,Sewa Sky House Alam Sutera 2Br Full Furnished View City,https://www.rumah123.com/properti/tangerang-alam-sutera/sewa-sky-house-alam-sutera-2br-full-furnished-view-city-apr7717094/,Tangerang,Banten,Alam Sutera,"Alam Sutera, Tangerang",Apartemen,5000000.0,104166.66666666667,yearly,2,1,2 Bedroom,48.0,18.70666064640257,8.09954934668883,Stasiun KRL Rawabuntu (BSD),Tier 3: Outer Commuter Ring (15-28km),1,0,0,0,0,0,0,0,0,0,0,0,-6.25276,106.656647,listing,0,https://picture.rumah123.com/r123-images/360x210-crop/customer/53509/listing/apr7717094/enhanced/060012b646da555ba31710a2218c7e59.jpg,:fire: DISEWAKAN - APARTEMEN PREMIUM SKY HOUSE ALAM SUTERA :fire:   Sky House Alam Sutera - Tangerang Lokasi strategis di jantung kawasan Alam Sute...
LST-00325,Super Best View! Lloyd Alam Sutera! Apartemen Terbaik Eksklusif Fasilitas Bintang Lima! Tipe 2 Kamar,https://www.rumah123.com/properti/tangerang-alam-sutera/super-best-view-lloyd-alam-sutera-apartemen-terbaik-eksklusif-fasilitas-bintang-lima-tipe-2-kamar-apr7793371/,Tangerang,Banten,Alam Sutera,"Alam Sutera, Tangerang",Apartemen,11250000.0,103211.00917431193,yearly,2,2,2 Bedroom,109.0,18.70666064640257,8.09954934668883,Stasiun KRL Rawabuntu (BSD),Tier 3: Outer Commuter Ring (15-28km),0,0,0,0,0,0,0,0,0,0,0,0,-6.25276,106.656647,listing,0,https://picture.rumah123.com/r123-images/360x210-crop/customer/791227/00f350ab11fad84912a0a76aef2a075b.jpg,Super Best View! Lloyd Alam Sutera! Apartemen Terbaik Eksklusif Fasilitas Bintang Lima!
LST-00326,Disewakan Apartemen Lloyd 2 Bedroom Furnished Baru dan Bagus,https://www.rumah123.com/properti/tangerang-alam-sutera/disewakan-apartemen-lloyd-2-bedroom-furnished-baru-dan-bagus-apr3436244/,Tangerang,Banten,Alam Sutera,"Alam Sutera, Tangerang",Apartemen,8750000.0,87500.0,yearly,2,2,2 Bedroom,100.0,18.70668768121769,8.099566145914201,Stasiun KRL Rawabuntu (BSD),Tier 3: Outer Commuter Ring (15-28km),1,0,0,0,0,0,0,0,0,0,0,0,-6.25275993347168,106.65664672851562,listing,0,https://picture.rumah123.com/r123-images/360x210-crop/customer/1895105/0ab56b360b66cea32c2b053dc5b10b67.jpg,"Disewakan Apartemen Lloyd 2 Bedroom  - Luas 100 Mtr - Full Furnished - Siap Huni  - Bagus dan Rapi  Harga 90  Juta / tahun nego  Hub: Ricky..."
LST-00327,View Pool 3Br Unfurnished Apartemen Lloyd Alam Sutera[C0],https://www.rumah123.com/properti/tangerang-alam-sutera/view-pool-3br-unfurnished-apartemen-lloyd-alam-suterac0-apr7830165/,Tangerang,Banten,Alam Sutera,"Alam Sutera, Tangerang",Apartemen,10416666.666666666,81380.20833333333,yearly,3,2,3 Bedroom,128.0,18.70666064640257,8.09954934668883,Stasiun KRL Rawabuntu (BSD),Tier 3: Outer Commuter Ring (15-28km),0,0,1,0,0,0,1,0,0,0,0,0,-6.25276,106.656647,listing,0,https://picture.rumah123.com/r123-images/360x210-crop/customer/910486/7080f0478558306feab38a60fda5af6e.jpg,Luas Bangunan : 128m² Lantai : 5 Kamar Tidur : 3+1 Kamar Mandi : 2 Hadap : Timur Sertifikat : PPJB Listrik : 4400 watt  Kondisi Unit : 1.⁠ ⁠Ko...
LST-00328,Siap Huni Studio Apartemen U Residence Tower 1 Dekat Uph dan Supermal Karawaci,https://www.rumah123.com/properti/tangerang-lippo-karawaci/siap-huni-studio-apartemen-u-residence-tower-1-dekat-uph-dan-supermal-karawaci-apr7840582/,Tangerang,Banten,Lippo Karawaci,"Lippo Karawaci, Tangerang",Apartemen,2916666.6666666665,94086.02150537634,yearly,0,1,Studio / 1BR,31.0,23.314168810356414,6.136740871239539,Stasiun KRL Tangerang,Tier 3: Outer Commuter Ring (15-28km),0,0,0,0,0,0,0,0,0,0,0,0,-6.22692,106.609879,listing,0,https://picture.rumah123.com/r123-images/360x210-crop/customer/1969242/c30fb6e3dc0d79f84364d0ea6786de02.jpg,"Lokasi yang sangat strategis, berada di jantung Lippo Karawaci. Connecting dengan Supermal Karawaci, lain dari pada yang lain, lokasi Smart City. I..."
LST-00329,Apartemen U Residence Tower 2 Karawaci Gus Furnished Tower 2,https://www.rumah123.com/properti/tangerang-karawaci/apartemen-u-residence-tower-2-karawaci-gus-furnished-tower-2-apr3309263/,Tangerang,Banten,Karawaci,"Karawaci, Tangerang",Apartemen,8750000.0,89285.71428571429,yearly,0,1,Studio / 1BR,98.0,20.98637754624333,3.023484907337409,Stasiun KRL Tangerang,Tier 3: Outer Commuter Ring (15-28km),0,0,0,0,0,0,0,0,0,0,0,0,-6.20376,106.63022,listing,0,https://picture.rumah123.com/r123-images/360x210-crop/customer/1969242/2024-05-22-02-57-54-a9e2d366-248e-4d00-9fe1-6bca352b0912.jpg,"Lokasi yang sangat strategis, berada di jantung Lippo Karawaci. Connecting dengan Supermal Karawaci, lain dari pada yang lain, lokasi Smart City. ..."
LST-00330,Jarang Ada Full Furnish 2 Unit Jadi 1 Apartmen Pacific Garden[A1],https://www.rumah123.com/properti/tangerang-alam-sutera/jarang-ada-full-furnish-2-unit-jadi-1-apartmen-pacific-gardena1-apr7719558/,Tangerang,Banten,Alam Sutera,"Alam Sutera, Tangerang",Apartemen,7083333.333333333,128787.87878787878,yearly,1,2,Studio / 1BR,55.0,18.70666064640257,8.09954934668883,Stasiun KRL Rawabuntu (BSD),Tier 3: Outer Commuter Ring (15-28km),1,0,0,0,0,0,0,0,0,0,0,0,-6.25276,106.656647,listing,0,https://picture.rumah123.com/r123-images/360x210-crop/customer/910486/listing/apr7719558/enhanced/98dc13b99dff36aa76ee492608676291.jpg,Luas Bangunan : 55 m² Lantai : 15 Kamar Tidur : 1 Kamar Mandi : 2 Listrik : 5700 watt Hadap : Barat & Utara View : City & Danau  Sertifikat : PPJB...
LST-00331,Disewakan Apartemen Skandinavia Full Furnished LT 23 Tipe Studio,https://www.rumah123.com/properti/tangerang-tangerang-kota/disewakan-apartemen-skandinavia-full-furnished-lt-23-tipe-studio-apr7826697/,Tangerang,Banten,Tangerang Kota,"Tangerang Kota, Tangerang",Apartemen,5500000.0,152777.77777777778,monthly,1,1,Studio / 1BR,36.0,20.73591581365966,2.1015844043326872,Stasiun KRL Tangerang,Tier 3: Outer Commuter Ring (15-28km),1,0,0,0,0,0,0,0,0,0,0,0,-6.1956,106.63289,listing,0,https://picture.rumah123.com/r123-images/360x210-crop/customer/1094854/a448671fafaeac8fd34810ffb5de93a7.jpg,"Hallo Bp/Ibu, Kami dari Agent HOST by Skandinavia Apartemen  #WTR #Disewakan dapat disewa perbulan/bulanan/tahunan  Akses : Tol Jakarta - Tan..."
LST-00332,Siap Pakai ! Apartment Asatti Low Rise BSD 2Br Full Furnished[V2],https://www.rumah123.com/properti/tangerang-bsd/siap-pakai-apartment-asatti-low-rise-bsd-2br-full-furnishedv1-apr7700112/,Tangerang,Banten,BSD,"BSD, Tangerang",Apartemen,4416666.666666667,138020.83333333334,yearly,2,1,2 Bedroom,32.0,17.014475657921245,4.4103487765652165,Stasiun KRL Rawabuntu (BSD),Tier 3: Outer Commuter Ring (15-28km),1,0,0,0,0,0,0,0,0,0,0,0,-6.28217,106.684921,listing,0,https://picture.rumah123.com/r123-images/360x210-crop/customer/910486/listing/apr7700112/enhanced/2a3c5e8de814092d5e453ccabc56dfe9.jpg,Luas Bangunan : 32 m² Lantai : 2 Kamar Tidur : 2 Kamar Mandi : 1 Listrik : 1.300 watt Hadap : Utara Sertifikat : Strata Title on HGB  Kondisi Unit...
LST-00333,Disewakan Murah Low Rise Apartment 2 Bedroom Unit Baru Belum Pernah Ditempati,https://www.rumah123.com/properti/tangerang-alam-sutera/disewakan-low-rise-apartment-2-bedroom-unit-baru-belum-pernah-ditempati-apr7832927/,Tangerang,Banten,Alam Sutera,"Alam Sutera, Tangerang",Apartemen,6666666.666666667,67340.06734006734,yearly,2,2,2 Bedroom,99.0,18.70666064640257,8.09954934668883,Stasiun KRL Rawabuntu (BSD),Tier 3: Outer Commuter Ring (15-28km),0,0,0,0,0,0,0,0,0,0,0,0,-6.25276,106.656647,listing,0,https://picture.rumah123.com/r123-images/360x210-crop/customer/2037419/e00ea1122e01235af4211285918b4d9d.jpg,Disewakan apartemen Lloyd alam sutera  tower k unit baru belum pernah d tempati hrga blm trmsik listrik air Dan IPL min sewa 2 tahun
LST-00334,Apartemen Homey! Mewah dan Lengkap! Siap Huni di Paddington Alam Sutera! 3 Menit Dari Toll,https://www.rumah123.com/properti/tangerang-alam-sutera/apartemen-homey-mewah-dan-lengkap-siap-huni-di-paddington-alam-sutera-3-menit-dari-toll-apr7746038/,Tangerang,Banten,Alam Sutera,"Alam Sutera, Tangerang",Apartemen,7083333.333333333,74561.40350877192,yearly,2,2,2 Bedroom,95.0,18.70666064640257,8.09954934668883,Stasiun KRL Rawabuntu (BSD),Tier 3: Outer Commuter Ring (15-28km),0,0,0,0,0,0,0,0,0,0,0,0,-6.25276,106.656647,listing,0,https://picture.rumah123.com/r123-images/360x210-crop/customer/791227/listing/apr7746038/enhanced/d117545bfc66b0e1973e254c60b94e55.jpg,Apartemen Homey! Mewah dan Lengkap! Siap Huni di Paddington Alam Sutera! 3 Menit Dari Toll
LST-00335,Parkir Gratis! Termurah! Siap Check In! Apartemen Paddington Alam Sutera! Lengkap dan Rapi! Hanya 3 Menit Dari Toll,https://www.rumah123.com/properti/tangerang-alam-sutera/siap-check-in-apartemen-paddington-alam-sutera-lengkap-dan-rapi-hanya-3-menit-dari-toll-apr7750973/,Tangerang,Banten,Alam Sutera,"Alam Sutera, Tangerang",Apartemen,5416666.666666667,57017.54385964913,yearly,2,2,2 Bedroom,95.0,18.70666064640257,8.09954934668883,Stasiun KRL Rawabuntu (BSD),Tier 3: Outer Commuter Ring (15-28km),0,0,0,0,0,0,0,0,0,0,0,1,-6.25276,106.656647,listing,0,https://picture.rumah123.com/r123-images/360x210-crop/customer/791227/listing/apr7750973/enhanced/93f33ffd17dc33cc892e6d440cdc1ef1.jpg,Siap Check In! Apartemen Paddington Alam Sutera! Lengkap dan Rapi! Hanya 3 Menit Dari Toll
LST-00336,Marigold Nava Park BSD 2+1Br Furnished Siap Huni,https://www.rumah123.com/properti/tangerang-bsd/marigold-nava-park-bsd-21br-furnished-siap-huni-apr7827058/,Tangerang,Banten,BSD,"BSD, Tangerang",Apartemen,15000000.0,164835.16483516485,yearly,2,1,2 Bedroom,91.0,17.014475657921245,4.4103487765652165,Stasiun KRL Rawabuntu (BSD),Tier 3: Outer Commuter Ring (15-28km),1,0,0,0,0,0,0,0,0,0,0,0,-6.28217,106.684921,listing,0,https://picture.rumah123.com/r123-images/360x210-crop/customer/1993164/f953d2c2fead63451ec43867ac85d21a.jpg,"DISEWAKAN Apartemen Marigold Nava Park BSD  Unit luas 91,5 m², type 2+1 KT & 1+1 KM. Full furnished dengan IKEA furniture, siap huni. Harga Rp180 ..."
LST-00337,Super Lengkap! Apartemen Sebelah Binus Alam Sutera! Area Pendidikan! Fasilitas Lengkap,https://www.rumah123.com/properti/tangerang-alam-sutera/super-lengkap-apartemen-sebelah-binus-alam-sutera-area-pendidikan-fasilitas-lengkap-apr7828205/,Tangerang,Banten,Alam Sutera,"Alam Sutera, Tangerang",Apartemen,3583333.3333333335,111979.16666666667,yearly,0,0,Studio / 1BR,32.0,18.70666064640257,8.09954934668883,Stasiun KRL Rawabuntu (BSD),Tier 3: Outer Commuter Ring (15-28km),0,0,0,0,0,0,0,0,0,0,0,0,-6.25276,106.656647,listing,0,https://picture.rumah123.com/r123-images/360x210-crop/customer/791227/c92aa03b35def12b546422b4d90d647c.jpg,Super Lengkap! Apartemen Sebelah Binus Alam Sutera! Area Pendidikan! Fasilitas Lengkap
LST-00338,Apartemen Rasa Villa! Lloyd Alam Sutera! Hanya 4 Menit Dari Toll! Fully Furnished Tinggal Bawa Koper!,https://www.rumah123.com/properti/tangerang-alam-sutera/apartemen-rasa-villa-lloyd-alam-sutera-hanya-4-menit-dari-toll-fully-furnished-tinggal-bawa-koper-apr7779863/,Tangerang,Banten,Alam Sutera,"Alam Sutera, Tangerang",Apartemen,10833333.333333334,109427.60942760944,yearly,2,2,2 Bedroom,99.0,18.70666064640257,8.09954934668883,Stasiun KRL Rawabuntu (BSD),Tier 3: Outer Commuter Ring (15-28km),1,0,0,0,0,0,0,0,0,0,0,0,-6.25276,106.656647,listing,0,https://picture.rumah123.com/r123-images/360x210-crop/customer/791227/listing/apr7779863/enhanced/106f0b288d81aa61f79d87e68940cbda.jpg,Apartemen Rasa Villa! Lloyd Alam Sutera! Hanya 4 Menit Dari Toll! Fully Furnished Tinggal Bawa Koper!
LST-00339,Disewakan Apartemen 3 Bedroom The Lloyd Alam Sutera,https://www.rumah123.com/properti/tangerang-alam-sutera/disewakan-apartemen-3-bedroom-the-lloyd-alam-sutera-apr7819300/,Tangerang,Banten,Alam Sutera,"Alam Sutera, Tangerang",Apartemen,13333333.333333334,104166.66666666667,yearly,3,2,3 Bedroom,128.0,18.70666064640257,8.09954934668883,Stasiun KRL Rawabuntu (BSD),Tier 3: Outer Commuter Ring (15-28km),1,0,0,0,0,0,1,0,0,1,0,0,-6.25276,106.656647,listing,0,https://picture.rumah123.com/r123-images/360x210-crop/customer/920480/dec266d7a78f6401862f6f97237805bb.jpg,TOWER A *LANTAI 2 3 KT 2 KM SERVICR AREA BALCON HADAP KOLAM RENANG 128.4 METER FULL FURNISHED  *HUB:* *MEIRISKA (MELODY PROPERTY)* 0811889xxxx
LST-00340,Disewa Apartemen Silkwood Alam Sutera View City & Danau,https://www.rumah123.com/properti/tangerang-alam-sutera/disewa-apartemen-silkwood-alam-sutera-view-city-danau-apr7750972/,Tangerang,Banten,Alam Sutera,"Alam Sutera, Tangerang",Apartemen,3750000.0,79787.23404255319,yearly,1,1,Studio / 1BR,47.0,18.70666064640257,8.09954934668883,Stasiun KRL Rawabuntu (BSD),Tier 3: Outer Commuter Ring (15-28km),1,0,0,0,0,0,1,0,0,0,0,0,-6.25276,106.656647,listing,0,https://picture.rumah123.com/r123-images/360x210-crop/customer/920480/listing/apr7750972/enhanced/97b68130-e6e6-4217-baee-763e8cec424e.png,Tower Oak Lantai 15 Size: 47m2 Bedroom: 1 Bathroom: 1 Full Furnished  Facility: - Kolam Renang - Lapangan Basket - Laundry - Alfamart - Restoran & ...
LST-00341,Disewakan Murah Apartment Pacific Garden Tipe Studio Alam Sutera,https://www.rumah123.com/properti/tangerang-alam-sutera/disewakan-murah-apartment-pacific-garden-tipe-studio-alam-sutera-apr7815878/,Tangerang,Banten,Alam Sutera,"Alam Sutera, Tangerang",Apartemen,3833333.3333333335,182539.68253968254,yearly,1,1,Studio / 1BR,21.0,18.70666064640257,8.09954934668883,Stasiun KRL Rawabuntu (BSD),Tier 3: Outer Commuter Ring (15-28km),0,0,0,0,0,0,0,0,0,0,0,0,-6.25276,106.656647,listing,0,https://picture.rumah123.com/r123-images/360x210-crop/customer/1565438/5b57a36f394551dd38fcb7354881a175.jpg,"Apartment Pacific garden alam sutera samping binus, uk 21m2, 46jt/th"
LST-00342,Apartemen Baru! Elevee Alam Sutera! Unit Paling Besar! Best View! Kawasan Strategis dengan Segudang Fasilitas,https://www.rumah123.com/properti/tangerang-alam-sutera/apartemen-baru-elevee-alam-sutera-unit-paling-besar-best-view-kawasan-strategis-dengan-segudang-fasilitas-apr7841796/,Tangerang,Banten,Alam Sutera,"Alam Sutera, Tangerang",Apartemen,11666666.666666666,78299.77628635346,yearly,3,2,3 Bedroom,149.0,18.70666064640257,8.09954934668883,Stasiun KRL Rawabuntu (BSD),Tier 3: Outer Commuter Ring (15-28km),0,0,0,0,0,0,0,0,0,0,0,0,-6.25276,106.656647,listing,0,https://picture.rumah123.com/r123-images/360x210-crop/customer/791227/65b4274cc81eea2aa25395b78638b10c.jpg,Apartemen Baru! Elevee Alam Sutera! Unit Paling Besar! Best View! Kawasan Strategis dengan Segudang Fasilitas
LST-00343,Include IPL Near Binus Apartemen Springwood Residence Alam Sutera,https://www.rumah123.com/properti/tangerang-alam-sutera/include-ipl-near-binus-apartemen-springwood-residence-alam-sutera-apr3603755/,Tangerang,Banten,Alam Sutera,"Alam Sutera, Tangerang",Apartemen,3000000.0,115384.61538461539,yearly,1,1,Studio / 1BR,26.0,18.706340553825594,8.099440972466178,Stasiun KRL Rawabuntu (BSD),Tier 3: Outer Commuter Ring (15-28km),0,0,0,0,0,0,0,0,0,0,0,0,-6.25276,106.65665,listing,0,https://picture.rumah123.com/r123-images/360x210-crop/customer/911633/81dbb6f91b2297af4c6a623ba93c83bc.jpg,"Hallo ka agency kita fleksibel untuk masa sewa periode tertentu.  Bisa di booking untuk masuk sewa dibbrapa bulan kedepan, jadi kk2 ga perlu panik ..."
LST-00344,Disewakan Brandnew Apartement Marigold Navapark Apartment 1Br Fully Furnished,https://www.rumah123.com/properti/tangerang-bsd/disewakan-brandnew-apartement-marigold-navapark-apartment-1br-fully-furnished-apr7809513/,Tangerang,Banten,BSD,"BSD, Tangerang",Apartemen,8333333.333333333,166666.66666666666,yearly,1,1,Studio / 1BR,50.0,17.014475657921245,4.4103487765652165,Stasiun KRL Rawabuntu (BSD),Tier 3: Outer Commuter Ring (15-28km),1,0,0,0,0,0,0,0,0,0,0,0,-6.28217,106.684921,listing,0,https://picture.rumah123.com/r123-images/360x210-crop/customer/1962971/cc4b2d9f7c41b4c2f7e03117ecce8bb7.jpg,"Disewakan brandnew apartement Marigold Navapark Apartment 1BR Fully Furnished Luas 50 m2 Tipe 1 Bedroom View jalan utama  Harga Sewa 100jt/thn ..."
LST-00345,Best View! Serasa di New York! Lloyd Apartment Alam Sutera! Hanya 3 Menit Dari Toll! Area Sejuk Fasilitas Bintang Lima!,https://www.rumah123.com/properti/tangerang-alam-sutera/best-view-serasa-di-new-york-lloyd-apartment-alam-sutera-hanya-3-menit-dari-toll-area-sejuk-fasilitas-bintang-lima-apr7782867/,Tangerang,Banten,Alam Sutera,"Alam Sutera, Tangerang",Apartemen,15000000.0,117187.5,yearly,0,0,Studio / 1BR,128.0,18.70666064640257,8.09954934668883,Stasiun KRL Rawabuntu (BSD),Tier 3: Outer Commuter Ring (15-28km),0,0,0,0,0,0,0,0,0,0,0,0,-6.25276,106.656647,listing,0,https://picture.rumah123.com/r123-images/360x210-crop/customer/791227/f0bdba0454ce5d6ec3ab11ab2585cd97.jpg,Best View! Serasa di New York! Lloyd Apartment Alam Sutera! Hanya 3 Menit Dari Toll! Area Sejuk Fasilitas Bintang Lima!
LST-00346,Serasa di Villa! Lloyd Apartment Alam Sutera 2 Kamar Tinggal Bawa Koper! Fasilitas Bintang Lima!,https://www.rumah123.com/properti/tangerang-alam-sutera/serasa-di-villa-lloyd-apartment-alam-sutera-2-kamar-tinggal-bawa-koper-fasilitas-bintang-lima-apr7821614/,Tangerang,Banten,Alam Sutera,"Alam Sutera, Tangerang",Apartemen,11666666.666666666,110062.893081761,yearly,0,0,Studio / 1BR,106.0,18.70666064640257,8.09954934668883,Stasiun KRL Rawabuntu (BSD),Tier 3: Outer Commuter Ring (15-28km),0,0,0,0,0,0,0,0,0,0,0,0,-6.25276,106.656647,listing,0,https://picture.rumah123.com/r123-images/360x210-crop/customer/791227/98d374f30b790a4cf8e76ac0cd8d7f16.jpg,Serasa di Villa! Lloyd Apartment Alam Sutera 2 Kamar Tinggal Bawa Koper! Fasilitas Bintang Lima!
LST-00347,Disewakan Paddington Full Furnished Lantai Rendah di Alam Sutera[L1],https://www.rumah123.com/properti/tangerang-alam-sutera/disewakan-paddington-full-furnished-lantai-rendah-di-alam-suteral1-apr7809537/,Tangerang,Banten,Alam Sutera,"Alam Sutera, Tangerang",Apartemen,7083333.333333333,75354.60992907801,yearly,2,2,2 Bedroom,94.0,18.70666064640257,8.09954934668883,Stasiun KRL Rawabuntu (BSD),Tier 3: Outer Commuter Ring (15-28km),1,0,0,0,0,0,1,0,0,0,0,0,-6.25276,106.656647,listing,0,https://picture.rumah123.com/r123-images/360x210-crop/customer/910486/d7e2ba91d3e622cad9cf6274c3469557.jpg,Luas  : 94 meter Kamar Mandi : 2+1 Kamar Tidur: 2+1 Listrik : 4.400 watt Hadap : Pool IPL :2.7 Juta/ bulan Sertifikat: Ppjb siap AJB   Kondisi Unit...
LST-00348,Paling Murahhh! Apartemen Sky House Tower Bristol City View! Kawasan Elite Terbaik Tinggal Jalan Kaki ke Mall Aeon,https://www.rumah123.com/properti/tangerang-bsd/paling-murahhh-apartemen-sky-house-tower-bristol-city-view-kawasan-elite-terbaik-tinggal-jalan-kaki-ke-mall-aeon-apr7348820/,Tangerang,Banten,BSD,"BSD, Tangerang",Apartemen,7500000.0,62500.0,yearly,3,2,3 Bedroom,120.0,17.014475657921245,4.4103487765652165,Stasiun KRL Rawabuntu (BSD),Tier 3: Outer Commuter Ring (15-28km),0,0,0,0,0,0,0,0,0,0,0,0,-6.28217,106.684921,listing,0,https://picture.rumah123.com/r123-images/360x210-crop/customer/791227/3ae4b9558a4a71f356b5a2ff4f1ee123.jpg,Paling Murahhh! Apartemen 3+1 Kamar Sky House Tower Bristol City View! Kawasan Elite Terbaik Tinggal Jalan Kaki Ke Mall Aeon
LST-00349,1 Menit ke Kampus! Apartemen Paddington Siap Huni Double Bed! Fasilitas Lengkap Keamanan Terjamin!,https://www.rumah123.com/properti/tangerang-alam-sutera/1-menit-ke-kampus-apartemen-paddington-siap-huni-double-bed-fasilitas-lengkap-keamanan-terjamin-apr7747884/,Tangerang,Banten,Alam Sutera,"Alam Sutera, Tangerang",Apartemen,3333333.3333333335,104166.66666666667,yearly,0,0,Studio / 1BR,32.0,18.70666064640257,8.09954934668883,Stasiun KRL Rawabuntu (BSD),Tier 3: Outer Commuter Ring (15-28km),0,0,0,0,0,0,0,0,0,0,0,0,-6.25276,106.656647,listing,0,https://picture.rumah123.com/r123-images/360x210-crop/customer/791227/listing/apr7747884/enhanced/ee749c1a48b36dce12763157fc017288.jpg,1 Menit ke Kampus! Apartemen Paddington Siap Huni Double Bed! Fasilitas Lengkap Keamanan Terjamin!
LST-00350,Termurah! Apartemen Paling Mewah di Alam Sutera! Saumata Premiere Full Furnished With Private Lift! Kawasan Terbaik untuk Tinggal Cocok bisa Nego,https://www.rumah123.com/properti/tangerang-alam-sutera/apartemen-paling-mewah-di-alam-sutera-saumata-premiere-full-furnished-with-private-lift-kawasan-terbaik-untuk-tinggal-apr7427609/,Tangerang,Banten,Alam Sutera,"Alam Sutera, Tangerang",Apartemen,14166666.666666666,114247.31182795699,yearly,2,2,2 Bedroom,124.0,18.70666064640257,8.09954934668883,Stasiun KRL Rawabuntu (BSD),Tier 3: Outer Commuter Ring (15-28km),1,0,0,0,0,0,0,0,0,0,0,0,-6.25276,106.656647,listing,0,https://picture.rumah123.com/r123-images/360x210-crop/customer/791227/9777814486c912428d2737cade294c21.jpg,Apartemen Paling Mewah Di Alam Sutera! Saumata Premiere Full Furnished With Private Lift! Kawasan Terbaik Untuk Tinggal Cocok Bisa Nego
LST-00351,Disewakan Apartemen Embarcadero Bintaro,https://www.rumah123.com/properti/tangerang-selatan-bintaro/disewakan-apartemen-embarcadero-bintaro-apr7843556/,Tangerang Selatan,Banten,Bintaro,"Bintaro, Tangerang Selatan",Apartemen,15000000.0,136363.63636363635,yearly,0,0,Studio / 1BR,110.0,14.635311908981269,1.8807702997446398,Stasiun KRL Jurang Mangu (Bintaro),Tier 2: Inner Ring Metro (7-15km),0,0,0,0,0,0,0,0,0,0,0,0,-6.28352,106.711,listing,0,https://picture.rumah123.com/r123-images/360x210-crop/customer/68/9a37aa9e60fdea662ba6b77b913f2882.jpg,APARTEMEN EMBARCADERO BINTARO TANGERANG SELATAN *FORT SALE & FOR RENT*.  Lb 110.5 m2 Kt 3 Kamar Mandi 2 Listrik 11.000 Full Furnised FOR RENT  Harg...
LST-00352,Sewa Apartemen Bintaro 2 Kamar Bedroom At The Accent Apartment Full Furnished,https://www.rumah123.com/properti/tangerang-selatan-pondok-aren/sewa-apartemen-bintaro-2-kamar-bedroom-at-the-accent-apartment-full-furnished-apr7308509/,Tangerang Selatan,Banten,Pondok Aren,"Pondok Aren, Tangerang Selatan",Apartemen,10416666.666666666,127032.52032520325,yearly,2,1,2 Bedroom,82.0,12.910691973578645,1.8481696449718144,Stasiun KRL Jurang Mangu (Bintaro),Tier 2: Inner Ring Metro (7-15km),1,0,0,1,0,1,0,0,0,1,0,0,-6.274156,106.72346,listing,0,https://picture.rumah123.com/r123-images/360x210-crop/customer/398698/580af50e554f1e7143e88d674d206e03.jpg,"Fasilitas: Existing 2 Kamar Tidur 1 Kamar Mandi Luas sewa 60 m2 Balkon TV + Sofa 2 AC Water heater Mesin cuci front load Kulkas Microwave..."
LST-00353,Apartemen Baru 2 Kamar Siap Huni Dekat Pusat Perbelanjaan,https://www.rumah123.com/properti/tangerang-selatan-bintaro/apartemen-baru-2-kamar-siap-huni-dekat-pusat-perbelanjaan-apr7845955/,Tangerang Selatan,Banten,Bintaro,"Bintaro, Tangerang Selatan",Apartemen,4583333.333333333,120614.03508771928,yearly,2,1,2 Bedroom,38.0,13.19670559789285,0.8997217613026535,Stasiun KRL Jurang Mangu (Bintaro),Tier 2: Inner Ring Metro (7-15km),0,0,0,1,0,0,1,0,0,0,0,0,-6.28241,106.726349,subdistrict_centroid,1,https://picture.rumah123.com/r123-images/360x210-crop/customer/4540713/listing/apr7845955/enhanced/fcebf643d0b7aa7a99c053e8d5d80eac.jpg,"Apartemen baru 2 kamar dilengkapi 3 unit AC, lokasi strategis dekat pusat perbelanjaan dan akses tol. Dilengkapi dengan fasilitas kolam renang dan ..."
LST-00354,"Apartemen, BSD, Sky House, Full Furnished, 2Br, Lantai 6, Pasar Modern, Universitas Prasetya Mulia, Universitas Atmajaya BSD, Perkantoran",https://www.rumah123.com/properti/tangerang-selatan-bsd/apartemen-sky-house-2br-bsd-unit-baru-view-pool-lantai-rendah-tower-kensington-tower-terbaru-samping-aeon-mall-1-menit-apr7845770/,Tangerang Selatan,Banten,BSD,"BSD, Tangerang Selatan",Apartemen,6500000.0,125000.0,yearly,2,1,2 Bedroom,52.0,14.635311908981269,1.8807702997446398,Stasiun KRL Jurang Mangu (Bintaro),Tier 2: Inner Ring Metro (7-15km),1,0,0,0,0,0,1,0,0,0,0,1,-6.28352,106.711,subdistrict_centroid,1,https://picture.rumah123.com/r123-images/360x210-crop/customer/1089766/460e9470799a268e5cd5444cbb33a4b0.jpg,"Harga sd termasuk IPL, tapi belum termasuk Listrik, Air, Parkir. Unit & Furniture Baru, Tower terbaru, Unit di lantai rendah, view pool (sangat jel..."
LST-00355,Apartemen 1Br Full Furnished di Bintaro Plaza Residence,https://www.rumah123.com/properti/tangerang-selatan-sektor-3-bintaro/apartemen-1br-full-furnished-di-bintaro-plaza-residence-apr7787803/,Tangerang Selatan,Banten,Bintaro,"Bintaro, Tangerang Selatan",Apartemen,3500000.0,109375.0,monthly,1,1,Studio / 1BR,32.0,13.19670559789285,0.8997217613026535,Stasiun KRL Jurang Mangu (Bintaro),Tier 2: Inner Ring Metro (7-15km),1,0,0,0,0,0,0,0,0,0,0,0,-6.28241,106.726349,subdistrict_centroid,1,https://picture.rumah123.com/r123-images/360x210-crop/customer/2007995/ba5d18f607fc74d91de473e52c2261ee.jpg,"Disewakan apartemen 1 bedroom full furnished di Bintaro Plaza Residence Tower Altiz, Bintaro Sektor 3.  Unit telah dilengkapi furnitur dan siap d..."
LST-00356,"Sky House BSD Duxton - 3Br Luas 69M², City View",https://www.rumah123.com/properti/tangerang-selatan-bsd/sky-house-bsd-duxton-3br-luas-69m-city-view-apr7822536/,Tangerang Selatan,Banten,BSD,"BSD, Tangerang Selatan",Apartemen,10416666.666666666,150966.18357487922,yearly,3,2,3 Bedroom,69.0,14.635311908981269,1.8807702997446398,Stasiun KRL Jurang Mangu (Bintaro),Tier 2: Inner Ring Metro (7-15km),0,0,0,0,0,0,0,0,0,0,0,0,-6.28352,106.711,subdistrict_centroid,1,https://picture.rumah123.com/r123-images/360x210-crop/customer/1993164/50d99e8bd66f278c1d09e468d4669041.jpg,"DISEWAKAN Apartemen Sky House BSD - Tower Duxton  Type 3BR, luas 69 m², lantai 32 dengan city view. Lokasi strategis di BSD, nyaman untuk hunian. ..."
LST-00357,Apartemen Sky House BSD 3Bedroom Full Funished Brand New Luas 69 Meter,https://www.rumah123.com/properti/tangerang-selatan-bsd/apartemen-sky-house-bsd-3bedroom-full-funished-brand-new-luas-69-meter-apr7823492/,Tangerang Selatan,Banten,BSD,"BSD, Tangerang Selatan",Apartemen,10000000.0,144927.53623188406,yearly,1,2,Studio / 1BR,69.0,14.635311908981269,1.8807702997446398,Stasiun KRL Jurang Mangu (Bintaro),Tier 2: Inner Ring Metro (7-15km),1,0,0,0,0,0,0,0,0,0,0,0,-6.28352,106.711,subdistrict_centroid,1,https://picture.rumah123.com/r123-images/360x210-crop/customer/2106896/3b6d5a36c4f85dac2b4961ae70889f74.jpg,Disewakan  Apartemen Sky House BSD Tower duxton Lantai : 32 Harga : 120jt ( include IPL ) Type  : 3BR luas : 69Meter View City Full Furnished   Unt...
LST-00358,"Eastern Wing Embarcadero Suites, 2 Bdr Minimalist Unit",https://www.rumah123.com/properti/tangerang-selatan-bintaro/eastern-wing-embarcadero-suites-2-bdr-minimalist-unit-apr2702593/,Tangerang Selatan,Banten,Bintaro,"Bintaro, Tangerang Selatan",Apartemen,7916666.666666667,123697.91666666667,yearly,2,2,2 Bedroom,64.0,13.196618892687576,0.8997197178715167,Stasiun KRL Jurang Mangu (Bintaro),Tier 2: Inner Ring Metro (7-15km),0,0,0,0,0,0,0,0,0,0,0,0,-6.28241,106.72635,listing,0,https://picture.rumah123.com/r123-images/360x210-crop/customer/25897/2022-09-08-07-13-27-65f0ac50-7b90-4aa9-bafc-ff9d03936d92.jpg,Unit minimalist dan sangat bagus untuk disewakan serta tinggal membawa koper saja.  1 kamar tidur digunakan sebagai kamar kerja namun bisa menjadi ...
LST-00359,Dekat Akses Tol Apartemen Embarcadero Bintaro 1 Kamar Tidur,https://www.rumah123.com/properti/tangerang-selatan-pondok-aren/apartemen-embarcadero-bintaro-1br-apr7641384/,Tangerang Selatan,Banten,Pondok Aren,"Pondok Aren, Tangerang Selatan",Apartemen,5000000.0,147058.82352941178,yearly,1,1,Studio / 1BR,34.0,13.851659239465183,4.0502432036548175,Stasiun KRL Jurang Mangu (Bintaro),Tier 2: Inner Ring Metro (7-15km),1,0,0,0,0,0,0,0,0,0,1,0,-6.26035882644031,106.7059250796309,listing,0,https://picture.rumah123.com/r123-images/360x210-crop/customer/2138995/5a6709fff767c3e09518997c32fc59c8.jpg,"Tipe Unit 1 BR 1  Kamar Tidur 1 Kamar Mandi Full Furnished : Kitchen Set, Stove, Mesin Cuci, Kulkas TV, Dll Harga sewa exclude : Deposit Sewa, IPL,..."
LST-00360,Disewakan Unit Hook Apartemen SOHO Upper West BSD dengan City View,https://www.rumah123.com/properti/tangerang-selatan-bsd/disewakan-unit-hook-apartemen-soho-upper-west-bsd-dengan-city-view-apr7460032/,Tangerang Selatan,Banten,BSD,"BSD, Tangerang Selatan",Apartemen,15000000.0,111940.29850746269,yearly,2,2,2 Bedroom,134.0,14.635311908981269,1.8807702997446398,Stasiun KRL Jurang Mangu (Bintaro),Tier 2: Inner Ring Metro (7-15km),0,0,0,0,0,0,0,0,0,0,0,0,-6.28352,106.711,subdistrict_centroid,1,https://picture.rumah123.com/r123-images/360x210-crop/customer/1948803/f6fafd73a4224a181dc00e63236ccc0b.jpg,"Disewakan Brand New SOHO Upper West BSD Unit Hook ‼️  North Tower | Lantai 12 Tipe 2 BR | 2 KT, 2 KM LB  134.09m² (semigross) / 117.88m²  (ne..."
LST-00361,"Apartemen, Sky House BSD 3 Bedroom Brand New Full Furnished Akan Disediakan Pemilik... Ini di Tower Claymore.",https://www.rumah123.com/properti/tangerang-selatan-bsd/apartemen-sky-house-bsdbrand-new-furnished-bagus-di-tower-claymore-apr7834410/,Tangerang Selatan,Banten,BSD,"BSD, Tangerang Selatan",Apartemen,10416666.666666666,115740.74074074073,yearly,3,2,3 Bedroom,90.0,14.635311908981269,1.8807702997446398,Stasiun KRL Jurang Mangu (Bintaro),Tier 2: Inner Ring Metro (7-15km),1,0,0,0,0,0,0,0,0,0,0,0,-6.28352,106.711,subdistrict_centroid,1,https://picture.rumah123.com/r123-images/360x210-crop/customer/1402871/93d5afbbc7ca02b33c886d3753d4c0d3.jpg,"*DISEWAKAN*  Apartemen SkyHouse BSD. Tower Claymore  special unit (3 bedroom, ini unit yg lebih luas dr unit claymore yang lain)   Lantai 8 Luas 90..."
LST-00362,Apartemen BSD Pet Friendy 2Bedroom Furnished Cakep Siap Huni,https://www.rumah123.com/properti/tangerang-selatan-bsd/apartemen-bsd-pet-friendy-2bedroom-furnished-cakep-siap-huni-apr7846655/,Tangerang Selatan,Banten,BSD,"BSD, Tangerang Selatan",Apartemen,11666666.666666666,171568.6274509804,yearly,2,1,2 Bedroom,68.0,14.635311908981269,1.8807702997446398,Stasiun KRL Jurang Mangu (Bintaro),Tier 2: Inner Ring Metro (7-15km),0,0,0,0,0,0,0,0,0,0,0,0,-6.28352,106.711,subdistrict_centroid,1,https://picture.rumah123.com/r123-images/360x210-crop/customer/1402871/4a6034312812307572db420198b78344.jpg,Apartemen Branz bsd pet Friendly  Branz 2BR* LB : 68m2 KM :1 Furnished Rp 140jt / thn nego  Nathalia Gading Pro 0821xxxxxxxx
LST-00363,Disewakn Apartemen B Residence BSD Tower Rose (Direct Owner) Full Furnished City View,https://www.rumah123.com/properti/tangerang-selatan-bsd/apartemen-b-residence-bsd-tower-rose-dekat-universitas-prasetya-mulya-full-furnished-city-view-apr7785816/,Tangerang Selatan,Banten,BSD,"BSD, Tangerang Selatan",Apartemen,3166666.6666666665,137681.15942028986,yearly,0,1,Studio / 1BR,23.0,14.635311908981269,1.8807702997446398,Stasiun KRL Jurang Mangu (Bintaro),Tier 2: Inner Ring Metro (7-15km),1,0,0,0,0,0,0,0,0,0,0,0,-6.28352,106.711,subdistrict_centroid,1,https://picture.rumah123.com/r123-images/360x210-crop/customer/4492909/3128fe45f826c638b7c1139fd32e6721.jpg,"B Residence BSD menawarkan unit studio yang sepenuhnya dilengkapi dengan luas 23m2, cocok untuk profesional muda dan mahasiswa yang menginginkan hu..."
LST-00364,Apartemen Eksklusif di BSD,https://www.rumah123.com/properti/tangerang-selatan-bsd/apartemen-eksklusif-di-bsd-apr7764358/,Tangerang Selatan,Banten,BSD,"BSD, Tangerang Selatan",Apartemen,10833333.333333334,135416.6666666667,yearly,2,2,2 Bedroom,80.0,14.635311908981269,1.8807702997446398,Stasiun KRL Jurang Mangu (Bintaro),Tier 2: Inner Ring Metro (7-15km),0,0,0,0,0,0,0,0,0,0,0,0,-6.28352,106.711,subdistrict_centroid,1,https://picture.rumah123.com/r123-images/360x210-crop/customer/4449699/e27ea4b952d8d346886ad59e33021e26.jpg,Tower C - 2 Bedrooms Unit  Luas Bangunan: 87m2 Kamar Tidur:  2 Kamar Mandi:  2 Listrik 3500 watts  *Harga 130 Juta nego*  5 Menit dari Tol Serpong ...
LST-00365,For Rent Marigold Type 3 View Botanical‼️,https://www.rumah123.com/properti/tangerang-selatan-bsd/for-rent-marigold-type-3-view-botanical-apr7771742/,Tangerang Selatan,Banten,BSD,"BSD, Tangerang Selatan",Apartemen,25000000.0,190839.69465648854,yearly,0,0,Studio / 1BR,131.0,14.635311908981269,1.8807702997446398,Stasiun KRL Jurang Mangu (Bintaro),Tier 2: Inner Ring Metro (7-15km),0,0,0,0,0,0,0,0,0,0,0,0,-6.28352,106.711,subdistrict_centroid,1,https://picture.rumah123.com/r123-images/360x210-crop/customer/2166869/b19efb2fb38464a6e422f1f92a881480.jpg,FOR RENT Marigold Type 3+1 (131m2) View Botanical Garden Low floor (lt-2) Tower 3  Price: 300 jt nego
LST-00366,Disewakan Apartemen Sky House BSD 3Br Bristol Tower,https://www.rumah123.com/properti/tangerang-selatan-bsd/disewakan-apartemen-sky-house-bsd-3br-bristol-tower-apr7749994/,Tangerang Selatan,Banten,BSD,"BSD, Tangerang Selatan",Apartemen,13750000.0,114583.33333333333,yearly,3,2,3 Bedroom,120.0,14.635311908981269,1.8807702997446398,Stasiun KRL Jurang Mangu (Bintaro),Tier 2: Inner Ring Metro (7-15km),0,0,0,0,0,0,0,0,0,0,0,0,-6.28352,106.711,subdistrict_centroid,1,https://picture.rumah123.com/r123-images/360x210-crop/customer/681164/listing/apr7749994/enhanced/cc3234d3679f3a505dea8e38c2b4c21b.jpg,Disewakan Apartemen Sky House BSD 3BR Bristol Tower  Spesifikasi : Sky house bsd Tower bristol Luas 120m Lantai 26 3 kamar tidur 2 kamar mandi Fasi...
LST-00367,Di Sewakan Apartment Springwood Unit Siap Huni Dekat Pintu Tol & Binus Alsut,https://www.rumah123.com/properti/tangerang-selatan-serpong/di-sewakan-apartment-springwood-unit-siap-huni-dekat-pintu-tol-binus-alsut-apr3159682/,Tangerang Selatan,Banten,Serpong,"Serpong, Tangerang Selatan",Apartemen,3750000.0,93750.0,yearly,2,1,2 Bedroom,40.0,19.86157900343381,0.42296985218429534,Stasiun KRL Rawabuntu (BSD),Tier 3: Outer Commuter Ring (15-28km),0,0,0,0,0,0,0,0,0,0,0,0,-6.31859,106.67826,listing,0,https://picture.rumah123.com/r123-images/360x210-crop/customer/1878795/2024-01-11-11-53-27-063903a0-6195-4699-8b30-9133c863fc01.jpg,Harga sewa excl. IPL
LST-00368,Sewa Apartemen Studio Luxury Full Furnished Murah Urbantown Serpong,https://www.rumah123.com/properti/tangerang-selatan-serpong/sewa-apartemen-full-furnished-bulanan-hemat-luxury-urbantown-serpong-apr7611127/,Tangerang Selatan,Banten,Serpong,"Serpong, Tangerang Selatan",Apartemen,2210000.0,78928.57142857143,monthly,1,1,Studio / 1BR,28.0,16.898737745290184,3.321665710016402,Stasiun KRL Jurang Mangu (Bintaro),Tier 3: Outer Commuter Ring (15-28km),1,0,0,0,0,0,0,0,0,0,0,0,-6.3170138671328875,106.71265480010847,listing,0,https://picture.rumah123.com/r123-images/360x210-crop/customer/2162063/d890aa2bcef5da5d24c8b6df70d31f4f.jpg,"SEWA SYARIAH TENANG, HEMAT & BIAYA PASTI Anda ingin yg benar2 nyaman, bukan hanya hemat? Happyhome Perintis Pengelola syariah Tangsel. Terbukti nya..."
LST-00369,Disewakan Apartemen 3Br Sky House BSD Tangerang,https://www.rumah123.com/properti/tangerang-selatan-bsd/disewakan-apartemen-3br-sky-house-bsd-tangerang-apr7793074/,Tangerang Selatan,Banten,BSD,"BSD, Tangerang Selatan",Apartemen,6250000.0,91911.76470588235,yearly,3,1,3 Bedroom,68.0,14.635311908981269,1.8807702997446398,Stasiun KRL Jurang Mangu (Bintaro),Tier 2: Inner Ring Metro (7-15km),0,1,0,1,0,1,0,0,0,0,1,0,-6.28352,106.711,subdistrict_centroid,1,https://picture.rumah123.com/r123-images/360x210-crop/customer/678326/651d1c73f94c3f894f14f7286f35134e.jpg,"Disewakan Apartemen 3Br Sky House BSD Tangerang  Luas 68m2 KT 3 KM 1 Semi Furnish (AC 2, Kitchen Set, Water Heater) Hadap Aeon Mall Tower Duxton sa..."
LST-00370,Disewakan Apartemen 2br Full Furnish Di Emerald Bintaro,https://www.rumah123.com/properti/tangerang-selatan-bintaro/disewakan-apartemen-2br-full-furnish-di-emerald-bintaro-apr3354456/,Tangerang Selatan,Banten,Bintaro,"Bintaro, Tangerang Selatan",Apartemen,4000000.0,111111.11111111111,yearly,2,1,2 Bedroom,36.0,13.196618892687576,0.8997197178715167,Stasiun KRL Jurang Mangu (Bintaro),Tier 2: Inner Ring Metro (7-15km),1,0,0,1,0,0,0,0,0,0,1,0,-6.28241,106.72635,listing,0,https://picture.rumah123.com/r123-images/360x210-crop/customer/1990859/2024-06-28-18-26-09-b077b215-e743-45b1-93de-9595a7307ee1.jpg,"Luas 36 Lantai 19 Kt. 2 Km. 1 View lapangan  Furnish baru: Bed 2 unit ( 1 ranjang susun, 1 double)  AC Daikin 3 unit TV LED Kulkas 2 pintu Kompor t..."
LST-00371,Disewakan Unit Apartemen Altiz Type Studio,https://www.rumah123.com/properti/tangerang-selatan-bintaro/disewakan-unit-apartemen-altiz-type-studio-apr7662623/,Tangerang Selatan,Banten,Bintaro,"Bintaro, Tangerang Selatan",Apartemen,4500000.0,195652.1739130435,monthly,1,1,Studio / 1BR,23.0,13.19670559789285,0.8997217613026535,Stasiun KRL Jurang Mangu (Bintaro),Tier 2: Inner Ring Metro (7-15km),0,0,0,0,1,0,0,0,0,0,0,0,-6.28241,106.726349,subdistrict_centroid,1,https://picture.rumah123.com/r123-images/360x210-crop/customer/2169069/91b8fdf81c00b237caef85221fb8bbe4.jpg,"Disewakan unit apart Altiz,  Type studio lantai 5  - harga sewa Rp 4,5 juta per bulan, diluar IPL & indihome"
LST-00372,Disewakan Apartement Transpark Tower Chicago,https://www.rumah123.com/properti/tangerang-selatan-bintaro/disewakan-apartement-transpark-tower-chicago-apr7707826/,Tangerang Selatan,Banten,Bintaro,"Bintaro, Tangerang Selatan",Apartemen,5000000.0,200000.0,yearly,0,1,Studio / 1BR,25.0,13.19670559789285,0.8997217613026535,Stasiun KRL Jurang Mangu (Bintaro),Tier 2: Inner Ring Metro (7-15km),0,0,0,1,1,1,0,0,0,0,0,0,-6.28241,106.726349,listing,0,https://picture.rumah123.com/r123-images/360x210-crop/customer/2169069/listing/apr7707826/enhanced/10e359ab5c6e0403a4f53260ed7a57d9.jpg,"*Disewakan Apartement Transpark tower Chicago*  Tipe studio B, L: 25.51 m2  ✅ Wifi ✅ IPL ✅ Water heater ✅ AC  ✅ Kitchen ✅ Tempat tidur ..."
LST-00373,Apartemen Emerald Bintaro Full Furnished Green View,https://www.rumah123.com/properti/tangerang-selatan-bintaro/apartemen-emerald-bintaro-full-furnished-green-view-apr7809594/,Tangerang Selatan,Banten,Bintaro,"Bintaro, Tangerang Selatan",Apartemen,6000000.0,166666.66666666666,yearly,2,1,2 Bedroom,36.0,13.19670559789285,0.8997217613026535,Stasiun KRL Jurang Mangu (Bintaro),Tier 2: Inner Ring Metro (7-15km),1,0,0,0,0,0,0,0,0,0,0,0,-6.28241,106.726349,listing,0,https://picture.rumah123.com/r123-images/360x210-crop/customer/2169069/cacb74db88c8d5cfeb54e779def37889.jpg,"Disewakan. Apartemen Emerald Bintaro, sbb :  - Harga Sewa : Rp. 72 Juta/Per tahun (Nego) --> Hrg include IPL * *2 BR* * Lantai : 26 * Luas Nett : 3..."
LST-00374,"Full Furnished! Apartemen Breeze Bintaro, Pemandangan City View",https://www.rumah123.com/properti/tangerang-selatan-bintaro/full-furnished-apartemen-breeze-bintaro-pemandangan-city-view-apr7825043/,Tangerang Selatan,Banten,Bintaro,"Bintaro, Tangerang Selatan",Apartemen,6000000.0,150000.0,yearly,1,1,Studio / 1BR,40.0,13.19670559789285,0.8997217613026535,Stasiun KRL Jurang Mangu (Bintaro),Tier 2: Inner Ring Metro (7-15km),1,0,0,0,0,0,0,0,0,0,0,0,-6.28241,106.726349,listing,0,https://picture.rumah123.com/r123-images/360x210-crop/customer/2169069/914a164360c349207bf9556fb353dee0.jpg,"Cari hunian praktis dan nyaman di Bintaro? Unit 1 bedroom di Breeze Bintaro ini sudah full furnished, sehingga siap ditempati tanpa perlu repot mel..."
LST-00375,Apartemen Dijantung Kota BSD dengan City View di Branz,https://www.rumah123.com/properti/tangerang-selatan-bsd/apartemen-dijantung-kota-bsd-dengan-city-view-di-branz-apr7851184/,Tangerang Selatan,Banten,BSD,"BSD, Tangerang Selatan",Apartemen,10000000.0,147058.82352941178,yearly,2,1,2 Bedroom,68.0,14.635311908981269,1.8807702997446398,Stasiun KRL Jurang Mangu (Bintaro),Tier 2: Inner Ring Metro (7-15km),0,0,0,0,0,0,0,0,0,0,0,0,-6.28352,106.711,listing,0,https://picture.rumah123.com/r123-images/360x210-crop/customer/4540835/1a73988e18ae2dfe2007e97747f4c191.jpg,"*TERMURAH DISEWAKAN APARTEMENT BRANZ BSD CITY*  CITY VIEW LANGSUNG MENGHADAP KOTA BSD, LOKASI STRATEGIS DEKAT DENGAN APAPUN  Branz 2BR LB : 68m2 KM..."
LST-00376,Sewa Exclusive Condominium Apartemen 2 Bedroom 2 Kamar The Accent Bintaro Full Furnished,https://www.rumah123.com/properti/tangerang-selatan-bintaro/sewa-exclusive-condominium-apartemen-2-bedroom-2-kamar-the-accent-bintaro-full-furnished-apr7645672/,Tangerang Selatan,Banten,Bintaro,"Bintaro, Tangerang Selatan",Apartemen,9583333.333333334,147435.89743589744,yearly,2,1,2 Bedroom,65.0,13.19670559789285,0.8997217613026535,Stasiun KRL Jurang Mangu (Bintaro),Tier 2: Inner Ring Metro (7-15km),1,0,0,0,0,0,0,0,0,0,0,0,-6.28241,106.726349,listing,0,https://picture.rumah123.com/r123-images/360x210-crop/customer/398698/aa22cba1c4f286395a26a7ccb78b6aaf.jpg,"Ready to stay apartment unit di The Accent Bintaro  lokasi sangat sangat strategis, dekat dengan banyak sekolah, banyak supermarket, mall besar Bin..."
LST-00377,Lantai Rendah Apartemen Breeze Full Furniesd,https://www.rumah123.com/properti/tangerang-selatan-bintaro/lantai-rendah-apartemen-breeze-full-furniesd-apr7627765/,Tangerang Selatan,Banten,Bintaro,"Bintaro, Tangerang Selatan",Apartemen,4700000.0,167857.14285714287,monthly,0,1,Studio / 1BR,28.0,13.19670559789285,0.8997217613026535,Stasiun KRL Jurang Mangu (Bintaro),Tier 2: Inner Ring Metro (7-15km),0,0,0,0,0,0,0,0,0,0,0,0,-6.28241,106.726349,listing,0,https://picture.rumah123.com/r123-images/360x210-crop/customer/1834853/c9863b059389e0cbe14708980eed618b.jpg,Ready apartemen breeze type studio full furniesd tinggal bawa koper aja  harga sewa sudah termasuk IPL  harga sewa belum termasuk pemakaian listrik...
LST-00378,Branz Apartemen 1 Bedroom Siap Huni Sangat Rapih,https://www.rumah123.com/properti/tangerang-selatan-bsd/branz-apartemen-1-bedroom-siap-huni-sangat-rapih-apr7830726/,Tangerang Selatan,Banten,BSD,"BSD, Tangerang Selatan",Apartemen,6666666.666666667,114942.5287356322,yearly,1,1,Studio / 1BR,58.0,22.020777961221444,4.732325584952738,Stasiun KRL Rawabuntu (BSD),Tier 3: Outer Commuter Ring (15-28km),1,0,0,0,0,0,0,0,0,0,0,0,-6.300494108320677,106.64341800425859,listing,0,https://picture.rumah123.com/r123-images/360x210-crop/customer/1612297/7285157d0c566a6a8cc53fcc65623cca.jpg,The Branz Apartmen Bsd city 1 Bedroom  tower B  lantai 17 full furnish unit Rapi siap huni  80 juta/ tahun nego   siap survei infokan H-1  mayaRu L...
LST-00379,Apartement B Residence BSD,https://www.rumah123.com/properti/tangerang-selatan-bsd/apartement-b-residence-bsd-apr7631012/,Tangerang Selatan,Banten,BSD,"BSD, Tangerang Selatan",Apartemen,2916666.6666666665,126811.59420289854,yearly,0,0,Studio / 1BR,23.0,14.635311908981269,1.8807702997446398,Stasiun KRL Jurang Mangu (Bintaro),Tier 2: Inner Ring Metro (7-15km),0,0,0,0,0,0,0,0,0,0,0,0,-6.28352,106.711,subdistrict_centroid,1,https://picture.rumah123.com/r123-images/360x210-crop/customer/1878976/438c7744c53a8f83d0f428d39f68a3a1.jpg,"Apartemen di BSD.  Cek segera apartemen Lantai 9 yang modern ini,  disewakan menghadirkan lingkungan fasilitas yang lengkap, cocok untuk Anda yang ..."
LST-00380,Disewakan! Apartemen Grand Taman Melati 2 Tower C,https://www.rumah123.com/properti/depok-margonda/disewakan-apartemen-grand-taman-melati-2-tower-c-apr7803904/,Depok,Jawa Barat,Margonda,"Margonda, Depok",Apartemen,3800000.0,140740.74074074073,monthly,1,1,Studio / 1BR,27.0,16.903913696813504,3.656819086512658,Stasiun KRL Depok Baru,Tier 3: Outer Commuter Ring (15-28km),0,0,0,0,0,0,0,0,0,0,0,0,-6.360260408094277,106.8331169209905,listing,0,https://picture.rumah123.com/r123-images/360x210-crop/customer/4492635/9087e8fbe42341afe5aeacad81c90609.jpg,DISEWAKAN Apartemen dekat Kampus UI  Unit Studio Grand Taman Melati 2 Tower C Lantai 9  Lokasi strategis: Dekat kampus UI Dekat kampus Gunadarma Ak...
LST-00381,"Apartemen Bagus Full Furnished Paket Mahasiswa 1,6 Juta di Green Lakeview Depok",https://www.rumah123.com/properti/depok-cimanggis/apartemen-bagus-full-furnished-paket-mahasiswa-16-juta-di-green-lakeview-depok-apr3080083/,Depok,Jawa Barat,Cimanggis,"Cimanggis, Depok",Apartemen,1600000.0,80000.0,monthly,1,1,Studio / 1BR,20.0,21.813966346473965,7.594326991898986,Stasiun KRL Depok Baru,Tier 3: Outer Commuter Ring (15-28km),1,0,0,0,1,0,0,0,0,0,0,1,-6.39199,106.89062,listing,0,https://picture.rumah123.com/r123-images/360x210-crop/customer/1760512/2024-02-23-08-48-58-4c978477-add8-4900-ac57-15e0933f10e9.jpg,"Paket mahasiswa: 1.6 jt Per Bulan  Paket umum : 1.8- 2.5 jt Per Bulan Deposit 1jt Free parkirÂ danÂ freeÂ wifi"
LST-00382,Disewakan Apartement 2 Kamar. Lokasi 500 Meter Dari Universitas Indonesia,https://www.rumah123.com/properti/depok-depok-ii/dekat-universitas-di-depok-apr7782722/,Depok,Jawa Barat,Depok II,"Depok II, Depok",Apartemen,6000000.0,115384.61538461539,monthly,2,1,2 Bedroom,52.0,20.178811437432895,0.9049734048211203,Stasiun KRL Depok Baru,Tier 3: Outer Commuter Ring (15-28km),0,0,0,0,0,0,0,0,0,0,0,0,-6.39,106.83,listing,0,https://picture.rumah123.com/r123-images/360x210-crop/customer/1738656/3d3c44ca52222460df340443c05ed1cf.jpg,Disewakan apartement Semesta Mahata 500 meter ke UI fakultas kedokteran. Tepat di Stadiun kereta pondok cina Depok luas 50 m2  Kamar Tidur 2 Kamar ...
LST-00383,Disewakan Apartemen Cinere Bellevue Tower A Lantai 9,https://www.rumah123.com/properti/depok-cinere/disewakan-apartemen-cinere-bellevue-tower-a-lantai-9-apr7385962/,Depok,Jawa Barat,Cinere,"Cinere, Depok",Apartemen,5000000.0,119047.61904761905,yearly,1,1,Studio / 1BR,42.0,14.553202015811204,4.909428178482895,Stasiun MRT Lebak Bulus,Tier 2: Inner Ring Metro (7-15km),0,0,0,0,0,0,0,0,0,0,0,0,-6.33298,106.778412,listing,0,https://picture.rumah123.com/r123-images/360x210-crop/customer/1425980/9f6cd1a2dcf20a2540c3f7192567e6d2.jpg,"Apartemen Cinere Bellevue adalah apartemen dengan lokasi terdepan di cinere, hanya 3 menit menuju lebak bulus jakarta selatan. Bagi anda yang sedan..."
LST-00384,Margonda Residence 1 Mares 1 Dekat Ui,https://www.rumah123.com/properti/depok-margonda/margonda-residence-1-mares-1-dekat-ui-apr7413070/,Depok,Jawa Barat,Margonda,"Margonda, Depok",Apartemen,1500000.0,75000.0,monthly,0,1,Studio / 1BR,20.0,19.117689833962416,1.545535782398491,Stasiun KRL Depok Baru,Tier 3: Outer Commuter Ring (15-28km),0,0,0,0,0,0,0,0,0,0,0,0,-6.3804,106.830704,listing,0,https://picture.rumah123.com/r123-images/360x210-crop/customer/1854562/a18af7f8150904d932aa9681c5f59434.jpg,"Disewakan Unit Apartemen Margonda Residence 1, *Harga 1,5 Juta/Bln* (AO) Jl.Margonda Raya kav 462 Depok. Dekat Kampus UI dan Univ.Gunadarma, RSU Bu..."
LST-00385,Margonda Residence 4 D Mall Mares 4,https://www.rumah123.com/properti/depok-margonda/margond-residence-4-d-mall-mares-4-apr7648804/,Depok,Jawa Barat,Margonda,"Margonda, Depok",Apartemen,2300000.0,115000.0,monthly,0,1,Studio / 1BR,20.0,19.117689833962416,1.545535782398491,Stasiun KRL Depok Baru,Tier 3: Outer Commuter Ring (15-28km),0,0,0,0,0,0,0,0,0,0,0,0,-6.3804,106.830704,listing,0,https://picture.rumah123.com/r123-images/360x210-crop/customer/1854562/74363a352e193be02dd79f4289ff5e3f.jpg,"Disewakan Unit Apartemen. Margonda Residence 4 *Harga Sewa 2,3 Juta/Bln* (AO) Jl.Margonda Raya kav 88 Depok. Kawasan D Mall.  Lantai 16, Luas 20 m2..."
LST-00386,Disewakan Unit Studio Dekat Universitas Indonesia,https://www.rumah123.com/properti/depok-margonda/disewakan-unit-studio-dekat-universitas-indonesia-apr7357034/,Depok,Jawa Barat,Margonda,"Margonda, Depok",Apartemen,4000000.0,160000.0,monthly,1,1,Studio / 1BR,25.0,19.117689833962416,1.545535782398491,Stasiun KRL Depok Baru,Tier 3: Outer Commuter Ring (15-28km),0,0,0,0,0,0,0,0,0,0,0,0,-6.3804,106.830704,listing,0,https://picture.rumah123.com/r123-images/360x210-crop/customer/1870971/d7b87b2ef34b97de212db1200164aaf1.jpg,"Apartemen di Margonda.  Dapatkan apartemen yang modern ini,  disewakan menghadirkan lingkungan fasilitas yang lengkap, cocok untuk Anda yang mengin..."
LST-00387,Apartemen Podomoro Golf View Studio LT 21 di Cimanggis Bogor,https://www.rumah123.com/properti/depok-cimanggis/apartemen-podomoro-golf-view-studio-lt-21-di-cimanggis-bogor-apr7387675/,Depok,Jawa Barat,Cimanggis,"Cimanggis, Depok",Apartemen,1458333.3333333333,69444.44444444444,yearly,0,1,Studio / 1BR,21.0,21.813847711201102,7.593995502776035,Stasiun KRL Depok Baru,Tier 3: Outer Commuter Ring (15-28km),0,0,0,0,0,0,0,0,0,0,0,0,-6.39199,106.890617,listing,0,https://picture.rumah123.com/r123-images/360x210-crop/customer/28999/a0d5fa07bdc7bd426b2d76a48d17f196.jpg,"Apartemen di Cimanggis.  Temukan apartemen 21 lantai yang modern ini,  disewakan menawarkan lingkungan fasilitas yang lengkap, cocok untuk Anda yan..."
LST-00388,Disewakan Apartment 1Bedroom Fully Furnished Samesta Mahata Margonda Depok,https://www.rumah123.com/properti/depok-margonda/disewakan-apartment-1bedroom-fully-furnished-samesta-mahata-margonda-depok-apr7842566/,Depok,Jawa Barat,Margonda,"Margonda, Depok",Apartemen,3916666.6666666665,108796.29629629629,yearly,1,1,Studio / 1BR,36.0,18.454229924783714,2.2200289577267993,Stasiun KRL Depok Baru,Tier 3: Outer Commuter Ring (15-28km),1,0,0,0,0,0,0,0,0,0,0,0,-6.374291,106.832582,listing,0,https://picture.rumah123.com/r123-images/360x210-crop/customer/1296291/75be17f57616c078af5db2c91f84b5c8.jpg,"For Rent  Apartemen Samesta Mahata margonda Depok, Jawa Barat  Detail: Tower P Level 18 Size 36 m2 1 Bedroom & 1 Bathroom Brand New Furnished  Full..."
LST-00389,Sewa Bulanan Apartemen Green Lake View Cimanggis Depok,https://www.rumah123.com/properti/depok-cimanggis/sewa-bulanan-apartemen-green-lake-view-cimanggis-depok-apr7832678/,Depok,Jawa Barat,Cimanggis,"Cimanggis, Depok",Apartemen,1500000.0,75000.0,monthly,0,1,Studio / 1BR,20.0,21.813847711201102,7.593995502776035,Stasiun KRL Depok Baru,Tier 3: Outer Commuter Ring (15-28km),0,0,0,0,0,0,0,0,0,0,0,0,-6.39199,106.890617,listing,0,https://picture.rumah123.com/r123-images/360x210-crop/customer/1969139/03166fa235b5ef7026b55c87c7a37e62.jpg,APARTEMEN GREEN LAKE VIEW DEPOK   HARGA PROMO 1.5jt perbulan listrik dan air sesuai pemakaian Ipl (351.505) Free shuttle bus    HARGA UNTUK UMUM Ha...
LST-00390,Disewakan Apartemen Cozy.full Furnish,https://www.rumah123.com/properti/depok-depok-i/disewakan-apartemen-cozyfull-furnish-apr7519938/,Depok,Jawa Barat,Depok I,"Depok I, Depok",Apartemen,3333333.3333333335,151515.15151515152,yearly,0,1,Studio / 1BR,22.0,20.005573729541677,0.5327180613396044,Stasiun KRL Depok Baru,Tier 3: Outer Commuter Ring (15-28km),1,0,0,0,0,0,0,0,0,0,0,0,-6.388701,106.817787,listing,0,https://picture.rumah123.com/r123-images/360x210-crop/customer/1482376/listing/apr7519938/enhanced/d49692897c2b05b570147f465d928ca2.jpg,"Apartemen di Depok I.  Miliki apartemen 26 lantai yang modern ini,  disewakan menghadirkan lingkungan fasilitas yang lengkap, cocok untuk Anda yang..."
LST-00391,Hunian Kos Kontrak Murah di Depok,https://www.rumah123.com/properti/depok-tapos/hunian-kos-kontrak-murah-di-depok-apr7658365/,Depok,Jawa Barat,Tapos,"Tapos, Depok",Apartemen,1600000.0,80000.0,monthly,0,1,Studio / 1BR,20.0,22.67436172335075,7.150049468587348,Stasiun KRL Depok Baru,Tier 3: Outer Commuter Ring (15-28km),0,0,0,0,0,0,0,0,0,0,0,0,-6.40198,106.885689,listing,0,https://picture.rumah123.com/r123-images/360x210-crop/customer/1760512/46d21335353b8a18873e0434af3eac82.jpg,"Apartemen di Tapos.  Dapatkan apartemen 1 lantai yang asri ini,  disewakan menawarkan lingkungan fasilitas yang lengkap, cocok untuk Anda yang meng..."
LST-00392,Disewakan Apartemen Podomoro Golf View 2 Kamar Full Furnish,https://www.rumah123.com/properti/depok-cimanggis/disewakan-apartemen-podomoro-golf-view-2-kamar-full-furnish-apr7700043/,Depok,Jawa Barat,Cimanggis,"Cimanggis, Depok",Apartemen,2875000.0,63888.88888888889,yearly,2,1,2 Bedroom,45.0,21.813847711201102,7.593995502776035,Stasiun KRL Depok Baru,Tier 3: Outer Commuter Ring (15-28km),1,0,0,0,0,0,0,0,0,0,0,0,-6.39199,106.890617,listing,0,https://picture.rumah123.com/r123-images/360x210-crop/customer/871145/listing/apr7700043/enhanced/fea34ab4b35ede490dcdf2d0f4cbdaa1.jpg,Disewakan apartemen podomoro golf view 2 kamar full furnish
LST-00393,Disewakan Dan Dijual Studio Apartemen Dekat Ui Full Funiture,https://www.rumah123.com/properti/depok-beji/disewakan-dan-dijual-studio-apartemen-dekat-ui-full-funiture-apr7282125/,Depok,Jawa Barat,Beji,"Beji, Depok",Apartemen,4000000.0,160000.0,monthly,0,0,Studio / 1BR,25.0,17.972235569283374,2.360967230794268,Stasiun KRL Depok Baru,Tier 3: Outer Commuter Ring (15-28km),0,0,0,0,0,0,0,0,0,0,0,0,-6.37041,106.81756,listing,0,https://picture.rumah123.com/r123-images/360x210-crop/customer/1870971/948e794ded9bc476454956b768457056.jpg,"Apartemen di Beji.  Temukan apartemen yang nyaman ini,  disewakan menghadirkan lingkungan fasilitas yang lengkap, cocok untuk Anda yang menginginka..."
LST-00394,Disewakan Apartement Cinere Bellevue 2 Unit Jadi 1,https://www.rumah123.com/properti/depok-cinere/disewakan-apartement-cinere-bellevue-2-unit-jadi-1-apr7780009/,Depok,Jawa Barat,Cinere,"Cinere, Depok",Apartemen,7500000.0,93750.0,monthly,3,2,3 Bedroom,80.0,14.553202015811204,4.909428178482895,Stasiun MRT Lebak Bulus,Tier 2: Inner Ring Metro (7-15km),0,0,0,0,0,0,0,0,0,0,0,0,-6.33298,106.778412,listing,0,https://picture.rumah123.com/r123-images/360x210-crop/customer/23522/a7958b3f1ba0d89dd9bfeec8b4019d79.jpg,DISEWAKAN APARTEMENT CINERE BELLEVUE 2 UNIT JADI 1  Spesifikasi : - Luas Bangunan : ± 80 cm² - 2 unit BR dijadikan satu - 1 Kamar Tidur Utama + K...
LST-00395,Sewa Bulanan Apartemen Green Lake View Cimanggis Depok,https://www.rumah123.com/properti/depok-cimanggis/sewa-bulanan-apartemen-green-lake-view-cimanggis-depok-apr7638529/,Depok,Jawa Barat,Cimanggis,"Cimanggis, Depok",Apartemen,1400000.0,70000.0,monthly,0,1,Studio / 1BR,20.0,21.813847711201102,7.593995502776035,Stasiun KRL Depok Baru,Tier 3: Outer Commuter Ring (15-28km),0,0,1,0,0,0,0,0,0,0,0,0,-6.39199,106.890617,listing,0,https://picture.rumah123.com/r123-images/360x210-crop/customer/1969139/aa0dd87066240f7ade45f9ca3d7c8394.jpg,"Unit kosongan harga sewa 1,4jt/bulan belum include IPL, listrik dan air deposit 1,5jt"
LST-00396,Apartemen Marrakech Full Furnished,https://www.rumah123.com/properti/depok-sukmajaya/apartemen-marrakech-full-furnished-apr7750726/,Depok,Jawa Barat,Sukmajaya,"Sukmajaya, Depok",Apartemen,6000000.0,120000.0,monthly,2,1,2 Bedroom,50.0,19.406909651383117,2.707219983463937,Stasiun KRL Depok Baru,Tier 3: Outer Commuter Ring (15-28km),1,0,0,1,0,0,0,0,0,0,0,0,-6.3816333,106.8444281,listing,0,https://picture.rumah123.com/r123-images/360x210-crop/customer/1771889/f545c1a06d634b1974de42057d908f98.jpg,"Tower Marrakech suites   Tower : C Lantai : 3  LB : 50.88m2 KT : 2 KM : 1 AC : 2 TV Harga : 6JT/bulan  IK #285750"
LST-00397,Disewakan Unit Studio Apartemen Dekat Ui,https://www.rumah123.com/properti/depok-beji/disewakan-unit-studio-apartemen-dekat-ui-apr7283104/,Depok,Jawa Barat,Beji,"Beji, Depok",Apartemen,4000000.0,160000.0,monthly,1,1,Studio / 1BR,25.0,17.972235569283374,2.360967230794268,Stasiun KRL Depok Baru,Tier 3: Outer Commuter Ring (15-28km),0,0,0,0,0,0,0,0,0,0,0,0,-6.37041,106.81756,listing,0,https://picture.rumah123.com/r123-images/360x210-crop/customer/1870971/487bac770e69c0f7731939d34a633c5c.jpg,"Apartemen di Beji, Depok.  For rent di wilayah yang asri. Dengan spesifikasinya adalah sebagai berikut:   - Kamar Tidur: 1   - Kamar Mandi: 1   - S..."
LST-00398,Disewakan Apartemen Full Furnish di Transpark Cibubur,https://www.rumah123.com/properti/depok-cimanggis/apartemen-full-furnish-di-transpark-cibubur-apr7740786/,Depok,Jawa Barat,Cimanggis,"Cimanggis, Depok",Apartemen,5833333.333333333,145833.3333333333,yearly,2,1,2 Bedroom,40.0,20.759875514995574,9.278936203303623,Stasiun KRL Depok Baru,Tier 3: Outer Commuter Ring (15-28km),1,0,0,0,0,0,0,0,0,0,0,0,-6.375595,106.9043868,listing,0,https://picture.rumah123.com/r123-images/360x210-crop/customer/2151158/listing/apr7740786/enhanced/4a8773d8f7c99816e74e7a50f5092125.jpg,Disewakan Apartemen Full Furnish Di Transpark Cibubur  Luas Bangunan : 40 m2 Kamar Tidur : 2 Kamar Mandi : 1 Orientasi/Hadap : Jalan Raya & Mall PP...
LST-00399,Apartemen Transpark Cibubur,https://www.rumah123.com/properti/depok-harjamukti/apartemen-transpark-cibubur-apr7712473/,Depok,Jawa Barat,Harjamukti,"Harjamukti, Depok",Apartemen,7083333.333333333,99765.25821596244,yearly,3,2,3 Bedroom,71.0,22.581248687672307,11.560881995611197,Stasiun KRL Depok Baru,Tier 3: Outer Commuter Ring (15-28km),0,0,0,0,0,0,0,0,0,0,0,0,-6.3823255,106.926137,listing,0,https://picture.rumah123.com/r123-images/360x210-crop/customer/1897815/listing/apr7712473/enhanced/ed492bf5f30675fba11dfe477b87542e.webp,"APARTEMEN TRANSPARK CIBUBUR Sewa Apartment TRANSPARK CIBUBUR KELURAHAN HARJAMUKTI, KOTA DEPOK - Depok LT 71.2 LB 71.2 KT 3 KM 2 Dimensi 9.42 x 6 Li..."
LST-00400,"Hunian Strategis di Jantung Depok! Apartemen Taman Melati Margonda Depok - Cocok untuk Mahasiswa, Pekerja, atau Investasi Properti",https://www.rumah123.com/properti/depok-margonda/hunian-strategis-di-jantung-depok-apartemen-taman-melati-margonda-depok-cocok-untuk-mahasiswa-pekerja-atau-investasi-apr7704115/,Depok,Jawa Barat,Margonda,"Margonda, Depok",Apartemen,3000000.0,166666.66666666666,monthly,1,1,Studio / 1BR,18.0,19.117689833962416,1.545535782398491,Stasiun KRL Depok Baru,Tier 3: Outer Commuter Ring (15-28km),0,0,0,0,0,0,0,0,0,0,0,0,-6.3804,106.830704,listing,0,https://picture.rumah123.com/r123-images/360x210-crop/customer/4394821/listing/apr7704115/enhanced/6edf78873ed690b3d16ffd5e6b916b4b.jpg,"Apartemen for Rent Price : Rp. 3 Juta/ Bulan Hunian Strategis di Jantung Depok! Apartemen Taman Melati Margonda Depok - Cocok Untuk Mahasiswa, Peke..."
LST-00401,Apartemen Grand Taman Melati Depok Jabar,https://www.rumah123.com/properti/depok-depok-i/apartemen-grand-taman-melati-depok-jabar-apr7654290/,Depok,Jawa Barat,Depok I,"Depok I, Depok",Apartemen,2500000.0,108695.65217391304,yearly,0,1,Studio / 1BR,23.0,20.005573729541677,0.5327180613396044,Stasiun KRL Depok Baru,Tier 3: Outer Commuter Ring (15-28km),0,0,0,0,0,0,0,0,0,0,0,0,-6.388701,106.817787,listing,0,https://picture.rumah123.com/r123-images/360x210-crop/customer/1813487/06aa717345419e8b0105abdf1d0f4274.jpg,"Apartemen di Depok I.  Cek segera apartemen 9 lantai yang asri ini,  disewakan menawarkan lingkungan fasilitas yang lengkap, cocok untuk Anda yang ..."
LST-00402,Apartemen Evencio Margonda Depok,https://www.rumah123.com/properti/depok-depok-i/apartemen-evencio-margonda-depok-apr7680532/,Depok,Jawa Barat,Depok I,"Depok I, Depok",Apartemen,2166666.6666666665,86666.66666666666,yearly,0,0,Studio / 1BR,25.0,20.005573729541677,0.5327180613396044,Stasiun KRL Depok Baru,Tier 3: Outer Commuter Ring (15-28km),0,0,0,0,0,0,0,0,0,0,0,0,-6.388701,106.817787,listing,0,https://picture.rumah123.com/r123-images/360x210-crop/customer/692887/listing/apr7680532/enhanced/16206b47b1829eebc16ce95d851af7d5.jpg,Disewakan Apartemen Evenciio Margonda  di Depok Luas 25 meter studio 1 kmr mandi unfurnish Harga sewa 26jt/thn
LST-00403,Disewakan Apartemen Meikarta Full Furnish 2br New,https://www.rumah123.com/properti/bekasi-cikarang-selatan/disewakan-apartemen-meikarta-full-furnish-2br-new-apr3230749/,Bekasi,Jawa Barat,Cikarang Selatan,"Cikarang Selatan, Bekasi",Apartemen,3250000.0,73863.63636363637,yearly,2,1,2 Bedroom,44.0,40.619432633594755,21.458387753298346,Stasiun KRL Bekasi,Tier 4: Greater Satellite Periphery (>28km),1,0,0,0,0,0,0,0,0,0,0,0,-6.340492667854563,107.16278903686525,listing,0,https://picture.rumah123.com/r123-images/360x210-crop/customer/1602271/2024-03-08-06-34-31-d45881be-f18d-4800-a19d-9c362f87e8c4.jpg,"Meikarta Parkview 51022-1B-21G  Alamat: MEIKARTA Parkview (51022) District 1 Meikarta, Cibatu, Cikarang Selatan, Bekasi Regency, West Java 17530  L..."
LST-00404,Sewa Apartemen Azalea Suites A8.27 Studio,https://www.rumah123.com/properti/bekasi-cikarang-selatan/sewa-apartemen-azalea-suites-a827-studio-apr3483021/,Bekasi,Jawa Barat,Cikarang Selatan,"Cikarang Selatan, Bekasi",Apartemen,1800000.0,81818.18181818182,monthly,1,1,Studio / 1BR,22.0,43.060867330030625,23.73286208738612,Stasiun KRL Bekasi,Tier 4: Greater Satellite Periphery (>28km),0,0,0,1,0,1,0,0,0,0,1,0,-6.34254,107.18562,listing,0,https://picture.rumah123.com/r123-images/360x210-crop/customer/567567/f65e68e7dff80b09ac0f67cf75d7e60d.jpg,SEWA JUAL APT AZALEA SUITES STUDIO FF  LUAS : 22m2 .   FASILITAS :  RANJANG 160x200 . AC  KITCHEN SET  LEMARI ES 2 Pintu  TV  WATER HEATER
LST-00405,Sewa Apartemen Azalea A8.27 Ff Full Furnish Rent Apartment,https://www.rumah123.com/properti/bekasi-cikarang-selatan/sewa-apartemen-azalea-a827-ff-full-furnish-rent-apartment-apr1487676/,Bekasi,Jawa Barat,Cikarang Selatan,"Cikarang Selatan, Bekasi",Apartemen,1666666.6666666667,75757.57575757576,yearly,1,1,Studio / 1BR,22.0,43.06117851430047,23.733149490434528,Stasiun KRL Bekasi,Tier 4: Greater Satellite Periphery (>28km),1,0,0,1,0,0,0,0,0,0,1,0,-6.34254,107.185623,subdistrict_centroid,1,https://pic.rumah123.com/r123/360x210-crop/apartment/ap14/1487676/original/apr1487676-apartemen-di-sewa-di-cikarang-selatan-di-bekasi-16308538148646.jpg,"APT AZALEA SUITES ( Apt. Green Place Residence )   Type : STUDIO ( Full Furnish ) .  PERLENGKAPAN :  AC 1 PK . KULKAS  TV 32""  KITCHEN SET ..."
LST-00406,Apartemen Pakuwon Mall Bekasi 2Br Full Furnished Siap Huni Tower Dolce Pekayon,https://www.rumah123.com/properti/bekasi-pekayon/apartemen-pakuwon-mall-bekasi-2br-full-furnished-siap-huni-tower-dolce-pekayon-apr7854152/,Bekasi,Jawa Barat,Pekayon,"Pekayon, Bekasi",Apartemen,12500000.0,215517.24137931035,yearly,2,0,2 Bedroom,58.0,18.740944918338013,2.522593550761932,Stasiun KRL Bekasi,Tier 3: Outer Commuter Ring (15-28km),1,0,0,0,0,0,0,0,0,0,0,0,-6.25251,106.983742,listing,0,https://picture.rumah123.com/r123-images/360x210-crop/customer/4545387/fbafc0fa52a878e9275592c4f111753e.jpg,"Disewakan unit apartemen premium siap huni di Tower Dolce, Pakuwon Mall Bekasi, Pekayon Jaya, Bekasi Selatan. Hunian eksklusif ini terintegrasi lan..."
LST-00407,"Disewakan Cepat Apartemen Orange County, Newport, Full Furnish, Lippo Cikarang",https://www.rumah123.com/properti/bekasi-cikarang-selatan/disewakan-cepat-apartemen-orange-county-newport-full-furnish-lippo-cikarang-apr7775371/,Bekasi,Jawa Barat,Cikarang Selatan,"Cikarang Selatan, Bekasi",Apartemen,3250000.0,92857.14285714286,yearly,1,1,Studio / 1BR,35.0,43.06117851430047,23.733149490434528,Stasiun KRL Bekasi,Tier 4: Greater Satellite Periphery (>28km),1,0,0,0,0,0,0,0,0,0,0,0,-6.34254,107.185623,listing,0,https://picture.rumah123.com/r123-images/360x210-crop/customer/4489674/ec835c977d62016defd173e820829f50.jpg,"Disewakan Murah Apartemen Orange County Furnished, Lippo Cikarang   Luas bangunan 35 m2  Tower - Newport  Tipe - Studio Full furnish  Fasilitas apa..."
LST-00408,"Sewa Cepat Unit Murah dan Bagus, Full Furnishaprtn Kamala Lagoon",https://www.rumah123.com/properti/bekasi-pekayon/sewa-cepat-unit-murah-dan-bagus-full-furnishaprtn-kamala-lagoon-apr7842763/,Bekasi,Jawa Barat,Pekayon,"Pekayon, Bekasi",Apartemen,3200000.0,123076.92307692308,monthly,0,0,Studio / 1BR,26.0,18.740944918338013,2.522593550761932,Stasiun KRL Bekasi,Tier 3: Outer Commuter Ring (15-28km),1,0,0,1,0,0,0,0,0,0,1,0,-6.25251,106.983742,listing,0,https://picture.rumah123.com/r123-images/360x210-crop/customer/655121/30b3daed924ba0bafd3898f17d579ca6.jpg,"Sewa cepat ,apart Kamala Lagoon, diatas Mal,pemandangan jalan tol cantik  murah, nyaman,bagus. TV, kulkas 2 pintu , AC, full kitchen set, Queen bed..."
LST-00409,Disewa 3Br Dekat Binus Summarecon Bekasi,https://www.rumah123.com/properti/bekasi-summarecon-bekasi/hot-hot-disewa-apartment-view-pool-springlake-di-summarecon-bekasi-twr-azollalantai-20-3br-semifurnish-apr3590818/,Bekasi,Jawa Barat,Summarecon Bekasi,"Summarecon Bekasi, Bekasi",Apartemen,3333333.3333333335,70921.98581560283,yearly,3,1,3 Bedroom,47.0,20.108862762956402,1.1224879902885003,Stasiun KRL Bekasi,Tier 3: Outer Commuter Ring (15-28km),0,0,0,0,0,0,0,0,0,0,0,0,-6.2261276,107.0010764,listing,0,https://picture.rumah123.com/r123-images/360x210-crop/customer/44469/25f07e52bc8ca3ef1156339eba39af53.jpg,"HOT HOT DISEWA  *Apartment Springlake di Summarecon Bekasi* *Tower AZOLLA,Lantai 20, No 32*(LAL)  *3 Bed Room* LT 47,8 m2 semi gross 1 kamar..."
LST-00410,Disewakan Apartement Meikarta Cikarang Furnished,https://www.rumah123.com/properti/bekasi-cikarang-selatan/disewakan-apartement-meikarta-cikarang-furnished-apr7515117/,Bekasi,Jawa Barat,Cikarang Selatan,"Cikarang Selatan, Bekasi",Apartemen,4000000.0,95238.09523809524,monthly,2,1,2 Bedroom,42.0,40.910437643944014,21.687548040685606,Stasiun KRL Bekasi,Tier 4: Greater Satellite Periphery (>28km),0,0,0,0,0,0,0,0,0,0,0,0,-6.339037150559733,107.16616747083663,listing,0,https://picture.rumah123.com/r123-images/360x210-crop/customer/1966238/d12dcb0fbf68b24be0162176f292c31c.jpg,"Facility:  Security System: 24-hours with CCTV and Access Card 24-Hour Customer Service Water Sprinkler, Fire Alarm, Hydrant System for building pr..."
LST-00411,"Apartement Marbella Meikarta 2+1 BR Furnished Bagus, Brand New ,Di Lippo Cikarang",https://www.rumah123.com/properti/bekasi-cikarang/apartement-marbella-meikarta-21-br-furnished-bagusgrand-new-di-lippo-cikarang-apr7555135/,Bekasi,Jawa Barat,Cikarang,"Cikarang, Bekasi",Apartemen,3750000.0,59523.80952380953,yearly,2,1,2 Bedroom,63.0,39.584790780749294,20.401777410853967,Stasiun KRL Bekasi,Tier 4: Greater Satellite Periphery (>28km),1,0,0,0,0,0,0,0,0,1,0,0,-6.335364,107.1547404,listing,0,https://picture.rumah123.com/r123-images/360x210-crop/customer/4385453/e09da2b719ddf842bd2e51474d9365b8.png,"Disewakan Unit Marbella Meikarta - Full Furnished Lokasi: Lippo Cikarang - 2+1 Kamar Tidur - 63,81 m2  -Ada balkon pribadi -Ruang tamu, ruang m..."
LST-00412,Disewakan Apartemen Pasadena Suites Cikarang,https://www.rumah123.com/properti/bekasi-cikarang/disewakan-apartemen-pasadena-suites-cikarang-apr7582874/,Bekasi,Jawa Barat,Cikarang,"Cikarang, Bekasi",Apartemen,13333333.333333334,155038.75968992247,yearly,2,2,2 Bedroom,86.0,38.56637506297416,18.510971419363152,Stasiun KRL Bekasi,Tier 4: Greater Satellite Periphery (>28km),0,0,0,0,0,0,0,0,0,0,0,0,-6.2513,107.166267,listing,0,https://picture.rumah123.com/r123-images/360x210-crop/customer/4430819/b80aefa74d5e43f74b257a4859576a23.jpg,"Apartemen 8 lantai di Cikarang, Bekasi.  Disewakan di wilayah yang asri. Dengan rinciannya adalah sebagai berikut:   - Kamar Tidur: 2   - Kamar Man..."
LST-00413,Apartemen Komersil Meikarta Unit Baru Tower Riviera District 1-2A Tipe 3 Bedroom Lokasi Sangat Strategis,https://www.rumah123.com/properti/bekasi-cikarang/apartemen-komersil-meikarta-unit-baru-tower-riviera-district-12a-tipe-3-bedroom-lokasi-sangat-strategis-apr7747782/,Bekasi,Jawa Barat,Cikarang,"Cikarang, Bekasi",Apartemen,2666666.6666666665,32128.514056224896,yearly,3,2,3 Bedroom,83.0,38.56637506297416,18.510971419363152,Stasiun KRL Bekasi,Tier 4: Greater Satellite Periphery (>28km),0,0,0,0,0,0,0,0,0,0,0,0,-6.2513,107.166267,listing,0,https://picture.rumah123.com/r123-images/360x210-crop/customer/4486812/listing/apr7747782/enhanced/a9adbb3c769c6a0e0f7405737f498dc8.jpg,Di Sewakan Apartemen komersil MEIKARTA Unit Baru Tower Riviera District 1- 2A  Tipe 3 Bedroom Lokasi Sangat Strategis  Dengan Spesifikasi Berikut  ...
LST-00414,Apartemen Komersil Meikarta Unit Baru Tower Aster Lantai 9-69 Tipe Studio Lokasi Sangat Strategis,https://www.rumah123.com/properti/bekasi-cikarang/apartemen-komersil-meikarta-unit-baru-tower-aster-lantai-969-tipe-studio-lokasi-sangat-strategis-apr7747796/,Bekasi,Jawa Barat,Cikarang,"Cikarang, Bekasi",Apartemen,1833333.3333333333,70512.82051282052,yearly,0,1,Studio / 1BR,26.0,38.56637506297416,18.510971419363152,Stasiun KRL Bekasi,Tier 4: Greater Satellite Periphery (>28km),0,0,0,0,0,0,0,0,0,0,0,0,-6.2513,107.166267,listing,0,https://picture.rumah123.com/r123-images/360x210-crop/customer/4486812/listing/apr7747796/enhanced/87faccb010f79dcc001e41dcd64563e9.jpg,Di Sewakan Apartemen komersil MEIKARTA Unit Baru Tower ASTER Lantai 9 -69  Tipe Studio Lokasi Sangat Strategis  Dengan Spesifikasi Berikut  :  ~Tip...
LST-00415,For Rent 2Br Unfurnished Apartment Pollux Chadstone,https://www.rumah123.com/properti/bekasi-cikarang-selatan/for-rent-2br-unfurnished-apartment-pollux-chadstone-apr7816139/,Bekasi,Jawa Barat,Cikarang Selatan,"Cikarang Selatan, Bekasi",Apartemen,3500000.0,83333.33333333333,monthly,2,1,2 Bedroom,42.0,43.06117851430047,23.733149490434528,Stasiun KRL Bekasi,Tier 4: Greater Satellite Periphery (>28km),0,0,1,0,0,0,0,0,0,0,0,0,-6.34254,107.185623,listing,0,https://picture.rumah123.com/r123-images/360x210-crop/customer/4458087/214ec4681d9a644464b0747fb2638b05.jpg,"For Rent Apartment Pollux Chadstone.  Apartemen ini menawarkan kelengkapan fasilitas serta memiliki nilai tepat yang siap untuk segera Anda miliki,..."
LST-00416,Apartemen Furnish Siap Huni Bebas Banjir Strategis di Springlake Summarecon Bekasi,https://www.rumah123.com/properti/bekasi-summarecon-bekasi/apartemen-furnish-siap-huni-bebas-banjir-strategis-di-springlake-summarecon-bekasi-apr7811523/,Bekasi,Jawa Barat,Summarecon Bekasi,"Summarecon Bekasi, Bekasi",Apartemen,3833333.3333333335,225490.19607843139,yearly,2,1,2 Bedroom,17.0,19.92892811046984,1.4659836139712654,Stasiun KRL Bekasi,Tier 3: Outer Commuter Ring (15-28km),0,0,0,1,0,0,0,0,0,0,0,0,-6.222917987326952,106.99972483528654,listing,0,https://picture.rumah123.com/r123-images/360x210-crop/customer/1906431/280d32d0181965c9a5600871ae0b9862.jpg,Disewakan Apartemen 2 BR tower caldesia Springlake Summarecon Bekasi   lantai 5 2 KT 1KM AC 3 Tersedia Water Heather Mesin cuci elektrolux  microwa...
LST-00417,Apartemen Furnishd Siap Huni Nyaman di Springlake Summarecon Bekasi,https://www.rumah123.com/properti/bekasi-summarecon-bekasi/apartemen-furnishd-siap-huni-nyaman-di-springlake-summarecon-bekasi-apr7781131/,Bekasi,Jawa Barat,Summarecon Bekasi,"Summarecon Bekasi, Bekasi",Apartemen,2166666.6666666665,108333.33333333333,yearly,1,1,Studio / 1BR,20.0,20.108823004198197,1.1224371882548045,Stasiun KRL Bekasi,Tier 3: Outer Commuter Ring (15-28km),1,0,0,0,0,0,1,0,0,0,0,0,-6.226128,107.001076,listing,0,https://picture.rumah123.com/r123-images/360x210-crop/customer/1971822/006cd5abeec31fa6050c1eb507cb2fe3.jpg,Disewakan Apartemen Studio Full Furnished di Springlake Summarecon Bekasi  Luas 20m² Tower Azolla Lantai 18  View Kolam Renang  Harga Sewa 26jt/th...
LST-00418,Apartemen Nyaman Siap Huni Lokasi Strategis di The Primrose Summarecon Bekasi,https://www.rumah123.com/properti/bekasi-summarecon-bekasi/apartemen-nyaman-siap-huni-lokasi-strategis-di-the-primrose-summarecon-bekasi-apr7785046/,Bekasi,Jawa Barat,Summarecon Bekasi,"Summarecon Bekasi, Bekasi",Apartemen,7916666.666666667,57785.88807785889,yearly,0,4,Studio / 1BR,137.0,20.108823004198197,1.1224371882548045,Stasiun KRL Bekasi,Tier 3: Outer Commuter Ring (15-28km),1,0,0,0,0,0,0,0,0,0,0,0,-6.226128,107.001076,listing,0,https://picture.rumah123.com/r123-images/360x210-crop/customer/1971822/83fd99069a852e2d11ac9c38d061bb24.jpg,Disewakan Condovilla 4 kamar fully furnished di The Primrose Summarecon Bekasi  Luas bangunan : 137 m2 Kamar tidur : 4 + 1 ( 1 kamar master room + ...
LST-00419,Disewakan Cepat Apartemen Springlake Summarecon Bekasi 2Br,https://www.rumah123.com/properti/bekasi-summarecon-bekasi/disewakan-cepat-apartemen-springlake-summarecon-bekasi-2br-apr7805484/,Bekasi,Jawa Barat,Summarecon Bekasi,"Summarecon Bekasi, Bekasi",Apartemen,5500000.0,127906.97674418605,monthly,2,1,2 Bedroom,43.0,20.108823004198197,1.1224371882548045,Stasiun KRL Bekasi,Tier 3: Outer Commuter Ring (15-28km),1,0,0,0,0,0,0,0,0,0,0,0,-6.226128,107.001076,listing,0,https://picture.rumah123.com/r123-images/360x210-crop/customer/4401849/d6ef2187aa6244936f1981fa718e0155.jpg,DISEWAKAN APARTMENT SPRINGLAKE SUMMARECON BEKASI   Springlake Summarecon Bekasi  ✨ Full Furnish | View Danau  - Luas 43 m² - 2 Kamar Tidur - 1 K...
LST-00420,Disewakan Apartemen Tower Glendale View Bagus di Lippo Cikarang,https://www.rumah123.com/properti/bekasi-cikarang-selatan/disewakan-apartemen-tower-glendale-view-bagus-di-lippo-cikarang-apr7850552/,Bekasi,Jawa Barat,Cikarang Selatan,"Cikarang Selatan, Bekasi",Apartemen,6250000.0,113636.36363636363,yearly,1,1,Studio / 1BR,55.0,43.06117851430047,23.733149490434528,Stasiun KRL Bekasi,Tier 4: Greater Satellite Periphery (>28km),0,0,0,0,0,0,0,0,0,0,0,0,-6.34254,107.185623,listing,0,https://picture.rumah123.com/r123-images/360x210-crop/customer/58361/95b0f9e7b9c52c5aa0ec6cc28a6c408a.jpg,Disewakan Apartemen Orange County Lippo Cikarang - アパートの貸室  Disewakan apartemen di Orange County Lippo Cikarang dengan kondisi full f...
LST-00421,Apartemen Orange County Newport 2Br 66Sqm Bagus dan Nyaman Lippo Cikarang,https://www.rumah123.com/properti/bekasi-cikarang-selatan/apartemen-orange-county-newport-2br-66sqm-bagus-dan-nyaman-lippo-cikarang-apr7850922/,Bekasi,Jawa Barat,Cikarang Selatan,"Cikarang Selatan, Bekasi",Apartemen,8583333.333333334,130050.50505050506,yearly,2,1,2 Bedroom,66.0,43.06117851430047,23.733149490434528,Stasiun KRL Bekasi,Tier 4: Greater Satellite Periphery (>28km),0,0,0,0,0,0,0,0,0,0,0,0,-6.34254,107.185623,listing,0,https://picture.rumah123.com/r123-images/360x210-crop/customer/58361/5fb028f6dc6bbca2f9c0a5fbd418c5ea.jpg,Disewakan Apartemen Orange County Lippo Cikarang - アパートの貸室  Disewakan apartemen di Orange County Lippo Cikarang dengan kondisi full f...
LST-00422,Di Sewakan Apt 2 Br Unfurnish Springlake Summarecon Bekasi,https://www.rumah123.com/properti/bekasi-summarecon-bekasi/di-sewakan-apt-2-br-unfurnish-springlake-summarecon-bekasi-apr7843980/,Bekasi,Jawa Barat,Summarecon Bekasi,"Summarecon Bekasi, Bekasi",Apartemen,2333333.3333333335,55555.55555555556,yearly,2,1,2 Bedroom,42.0,20.108823004198197,1.1224371882548045,Stasiun KRL Bekasi,Tier 3: Outer Commuter Ring (15-28km),0,0,0,0,0,0,0,0,0,0,0,0,-6.226128,107.001076,listing,0,https://picture.rumah123.com/r123-images/360x210-crop/customer/4468420/6f204cbd73550a8d978211336423a667.jpg,"Apartemen di Summarecon Bekasi.  Cek segera apartemen  lantai 9 yang modern ini,  disewakan menawarkan lingkungan fasilitas yang lengkap, cocok unt..."
LST-00423,Sewa Studio Full Furnish Cantik Summarecon,https://www.rumah123.com/properti/bekasi-summarecon-bekasi/sewa-studio-full-furnish-cantik-summarecon-apr7832619/,Bekasi,Jawa Barat,Summarecon Bekasi,"Summarecon Bekasi, Bekasi",Apartemen,2333333.3333333335,101449.27536231885,yearly,0,1,Studio / 1BR,23.0,20.108823004198197,1.1224371882548045,Stasiun KRL Bekasi,Tier 3: Outer Commuter Ring (15-28km),1,0,0,0,0,0,0,0,0,0,0,0,-6.226128,107.001076,listing,0,https://picture.rumah123.com/r123-images/360x210-crop/customer/4478200/70a4f3fbf16ee0160120977bc934299c.jpg,"Apartemen 3 lantai di Summarecon Bekasi, Bekasi.  For rent di wilayah yang asri. Dengan spesifikasinya adalah sebagai berikut:   - Kamar Tidur: 1  ..."
LST-00424,Disewakan Unit Studio di Apartemen Btc Residence Mont Blanc Bekasi,https://www.rumah123.com/properti/bekasi-bekasi/disewakan-unit-studio-di-mont-blanc-btc-bekasi-apr7722951/,Bekasi,Jawa Barat,Bekasi,"Bekasi, Bekasi",Apartemen,3250000.0,116071.42857142857,yearly,1,1,Studio / 1BR,28.0,31.822583728359685,12.645270128379137,Stasiun KRL Bekasi,Tier 4: Greater Satellite Periphery (>28km),1,0,0,0,0,0,0,0,0,0,0,0,-6.19922,107.107712,listing,0,https://picture.rumah123.com/r123-images/360x210-crop/customer/246371/listing/apr7722951/enhanced/1a91183b7ab11b288dfb18b8242989ed.jpg,"Disewakan Unit Studio Mont Blanc BTC Bekasi Luas 28 sqm Lantai 8 Fully Furnished (Bed Queen Size, Rak Buku, Lemari Pakaian, Meja+Kursi, TV 32 INCH+..."
LST-00425,Di Sewakan Apatemnt 3 BR Diower Basela Springlake Summarecon Bekasi,https://www.rumah123.com/properti/bekasi-summarecon-bekasi/di-sewakan-apatemnt-3-br-diower-basela-springlake-summarecon-bekasi-apr7800950/,Bekasi,Jawa Barat,Summarecon Bekasi,"Summarecon Bekasi, Bekasi",Apartemen,4000000.0,81632.6530612245,yearly,3,1,3 Bedroom,49.0,19.812446095261755,1.5243363630689244,Stasiun KRL Bekasi,Tier 3: Outer Commuter Ring (15-28km),0,0,0,0,0,0,0,0,0,0,0,0,-6.222413982755967,106.99870727702069,listing,0,https://picture.rumah123.com/r123-images/360x210-crop/customer/46500/49149914d23dc0b7a3f3c19da07d9909.jpg,"Apartemen di Summarecon Bekasi.  Temukan apartemen 18 lantai yang asri ini,  disewakan menghadirkan lingkungan fasilitas yang lengkap, cocok untuk ..."
LST-00426,Disewakan Apartemen Pakuwon Residence Free IPL Tower Bella Tipe Studio Full Furnish Bekasi,https://www.rumah123.com/properti/bekasi-pekayon/disewakan-apartemen-pakuwon-residence-free-ipl-tower-bella-tipe-studio-full-furnish-bekasi-apr7739397/,Bekasi,Jawa Barat,Pekayon,"Pekayon, Bekasi",Apartemen,4583333.333333333,176282.05128205128,yearly,0,1,Studio / 1BR,26.0,18.740944918338013,2.522593550761932,Stasiun KRL Bekasi,Tier 3: Outer Commuter Ring (15-28km),1,0,0,0,0,0,0,0,0,0,0,0,-6.25251,106.983742,listing,0,https://picture.rumah123.com/r123-images/360x210-crop/customer/4437635/listing/apr7739397/enhanced/391884f1114c69b5a6bfcc1325b3d421.jpg,Disewakan Apartement Baru Pakuwon Residence Free IPL Tower Bellas Tipe Studio Full Furnish Bekasi   Tower : Bellas  Lantai : 22  1. Type : Studio L...
LST-00427,Disewakan Apartemen Pakuwon Residence 3 Br Tower Dolce Full Furnish Bekasi,https://www.rumah123.com/properti/bekasi-pekayon/disewakan-apartemen-pakuwon-residence-3-br-tower-dolce-full-furnish-bekasi-apr7763677/,Bekasi,Jawa Barat,Pekayon,"Pekayon, Bekasi",Apartemen,15000000.0,174418.60465116278,monthly,3,2,3 Bedroom,86.0,18.740944918338013,2.522593550761932,Stasiun KRL Bekasi,Tier 3: Outer Commuter Ring (15-28km),1,0,0,0,0,0,0,0,0,0,0,0,-6.25251,106.983742,listing,0,https://picture.rumah123.com/r123-images/360x210-crop/customer/4437635/57a8e1d30ac781300e38ea3c7b45551e.jpg,Disewakan Apartemen Pakuwon Residence Kondisi Baru 3 BR Tower Dolce Full Furnish Bekasi  Tower : Dolce Lantai : 7 Luas  : 86 m² KT : 3 KM : 2 Sert...
LST-00428,Disewakan Apartemen Pakuwon Residence Unit Baru Free IPL & Internet Tipe Studio Full Furnish Bekasi,https://www.rumah123.com/properti/bekasi-pekayon/disewakan-apartemen-pakuwon-residence-free-ipl-tipe-studio-full-furnish-bekasi-apr7748839/,Bekasi,Jawa Barat,Pekayon,"Pekayon, Bekasi",Apartemen,4000000.0,148148.14814814815,yearly,0,1,Studio / 1BR,27.0,18.740944918338013,2.522593550761932,Stasiun KRL Bekasi,Tier 3: Outer Commuter Ring (15-28km),1,0,0,0,1,0,0,0,0,0,0,0,-6.25251,106.983742,listing,0,https://picture.rumah123.com/r123-images/360x210-crop/customer/4437635/listing/apr7748839/enhanced/82bc2bc1acd124419cfd8da2cf284f37.jpg,Disewakan Apartemen Pakuwon Residence ( Unit Baru) Free IPL dan Free Internet Tipe Studio Full Furnished Bekasi  Tower : Amor Tipe : Studio Lantai ...
LST-00429,Disewakan Apartemen Sayana Tipe Studio Full Furnish Bagus di Harapan Indah Bekasi,https://www.rumah123.com/properti/bekasi-harapan-indah/disewakan-apartemen-sayana-tipe-studio-full-furnish-bagus-di-harapan-indah-bekasi-apr7851025/,Bekasi,Jawa Barat,Harapan Indah,"Harapan Indah, Bekasi",Apartemen,2458333.3333333335,111742.42424242425,yearly,0,1,Studio / 1BR,22.0,18.929695826261742,6.837177959553199,Stasiun KRL Bekasi,Tier 3: Outer Commuter Ring (15-28km),1,0,0,0,0,0,0,0,0,0,0,0,-6.17569,106.987968,listing,0,https://picture.rumah123.com/r123-images/360x210-crop/customer/4437635/62d3f90653d8a2ac5b85bccc43dadcf1.jpg,Disewakan Apartemen Sayana Tipe Studio Full Furnished Bagus Harapan Indah Bekasi  Lantai : 1 Tipe : Studio Luas : 22 m² KT : 1 KM : 1 Sertifikat :...
LST-00430,"Apartemen Orange County Tower Irvine 2Br Furnished Bagus , Lippo Cikarang, Cikarang",https://www.rumah123.com/properti/bekasi-cikarang-selatan/apartemen-orange-county-tower-irvine-2br-furnished-murah-apr7786634/,Bekasi,Jawa Barat,Cikarang Selatan,"Cikarang Selatan, Bekasi",Apartemen,8333333.333333333,101626.01626016259,yearly,2,1,2 Bedroom,82.0,40.538096726790215,21.197496814595162,Stasiun KRL Bekasi,Tier 4: Greater Satellite Periphery (>28km),0,0,0,0,0,0,0,0,0,0,0,0,-6.3322935,107.1650793,listing,0,https://picture.rumah123.com/r123-images/360x210-crop/customer/4385453/cd3d1ae571f9b7409a2bd51b80c412d6.jpg,"Hunian Praktis & Modern Apartemen ini menawarkan gaya hidup yang praktis dengan lingkungan yang terus berkembang. Cocok bagi Anda yang menginginka..."
LST-00431,Disewakan Apt 2Br Fully Furnished di Summarecon Bekasi. Siap Huni,https://www.rumah123.com/properti/bekasi-summarecon-bekasi/disewakan-apartemen-2br-fully-furnished-di-summarecon-bekasi-tinggal-bawa-koper-apr7603758/,Bekasi,Jawa Barat,Summarecon Bekasi,"Summarecon Bekasi, Bekasi",Apartemen,3750000.0,107142.85714285714,yearly,2,1,2 Bedroom,35.0,20.108823004198197,1.1224371882548045,Stasiun KRL Bekasi,Tier 3: Outer Commuter Ring (15-28km),1,0,0,0,0,0,0,0,0,0,0,0,-6.226128,107.001076,listing,0,https://picture.rumah123.com/r123-images/360x210-crop/customer/1876744/d801918e5b7581d67922a1d760809ee2.jpg,"DISEWAKAN APARTEMEN 2BR FULLY FURNISHED - TOWER CALDESIA, THE SPRINGLAKE, SUMMARECON BEKASI. Tinggal bawa koper saja.   Cari hunian praktis, nyaman..."
LST-00432,"Apartemen Podomoro Cimanggisbaru,Aman,Nyaman,Murah 2 Kamar Tidur Furnished Bagus",https://www.rumah123.com/properti/bogor-bogor-tengah/apartemen-podomoro-cimanggisbaruamannyamanmurah-2-kamar-tidur-furnished-bagus-apr7591269/,Bogor,Jawa Barat,Bogor Tengah,"Bogor Tengah, Bogor",Apartemen,3333333.3333333335,83333.33333333334,yearly,2,1,2 Bedroom,40.0,42.400315284996054,0.7338428959882085,Stasiun KRL Bogor,Tier 4: Greater Satellite Periphery (>28km),0,0,0,0,0,0,0,0,0,0,0,0,-6.58917,106.793,listing,0,https://picture.rumah123.com/r123-images/360x210-crop/customer/920701/a50666e4faac4de7c191de49b016d257.jpg,"Apartemen baru dengan furnished baru belum pernah dipakai, cocok untuk keluarga muda, dekat dgn tol. cimanggis, dekat dgn tempat ibadah, suasana ny..."
LST-00433,Apartemen Saffron Noble Sentul City - Full Furnished,https://www.rumah123.com/properti/bogor-sentul-city/apartemen-saffron-noble-sentul-city-full-furnished-apr7845941/,Bogor,Jawa Barat,Sentul City,"Sentul City, Bogor",Apartemen,12500000.0,189393.9393939394,yearly,2,1,2 Bedroom,66.0,39.9154010556203,7.9775932950939135,Stasiun KRL Bogor,Tier 4: Greater Satellite Periphery (>28km),1,0,0,0,0,0,0,0,0,0,0,0,-6.565955785018133,106.85624791361522,listing,0,https://picture.rumah123.com/r123-images/360x210-crop/customer/4434111/c69aa3ea519010e1ee1a47f84690afa5.jpg,"Tinggal bawa koper! Hunian nyaman, full furnished, dan strategis tepat di kawasan premium Sentul City, Babakan Madang. Sangat cocok untuk profesion..."
LST-00434,"Apartemen Siap Huni Furnished Terawat,, Harga Sewa Sudah Inlcude dengan IPL, Dekat Mall Aeon & Pasar Bersih Sentul City.",https://www.rumah123.com/properti/bogor-sentul-city/apartemen-siap-huni-furnished-terawat-harga-sewa-sudah-inlcude-dengan-ipl-dekat-mall-aeon-pasar-bersih-sentul-city-apr7819556/,Bogor,Jawa Barat,Sentul City,"Sentul City, Bogor",Apartemen,4500000.0,173076.92307692306,monthly,1,1,Studio / 1BR,26.0,33.0904601567149,11.959029205217877,Stasiun KRL Bogor,Tier 4: Greater Satellite Periphery (>28km),0,0,0,0,0,0,0,0,0,0,0,0,-6.50497,106.849213,listing,0,https://picture.rumah123.com/r123-images/360x210-crop/customer/1826189/a2069f4bc53b5bd9c897a6e0c0790e5b.jpg,Beberapa alasan Why to choose property in sentul city areas : - Investasi menjanjikan pertahun. - Sertifikat terjamin. - Exit tol Sentul City langs...
LST-00435,Sentul Apartement Tower 2 BR Disewakan Bulanan Tahunan,https://www.rumah123.com/properti/bogor-sentul-city/sentul-apartement-tower-2-br-disewakan-bulanan-tahunan-apr3256434/,Bogor,Jawa Barat,Sentul City,"Sentul City, Bogor",Apartemen,4500000.0,75000.0,monthly,2,1,2 Bedroom,60.0,33.0904278134042,11.958848857665288,Stasiun KRL Bogor,Tier 4: Greater Satellite Periphery (>28km),0,0,0,0,0,0,0,0,0,0,0,0,-6.50497,106.84921,listing,0,https://picture.rumah123.com/r123-images/360x210-crop/customer/1953413/2024-04-01-06-42-46-75dd9524-803b-4a93-a5d7-98e0c3aa770d.png,Apartment Name: Sentul Tower Location: Sentul Selatan Tower/Floor/View: B/5/ View gunung pancar Size: 60 m2 Bedroom: 2 Bathroom: 1 Study Room: 1 Co...
LST-00436,Di Sewa Kan : Sentul Tower Apartemen – Type Studio,https://www.rumah123.com/properti/bogor-sentul-city/di-sewa-kan-sentul-tower-apartemen-type-studio-apr2862019/,Bogor,Jawa Barat,Sentul City,"Sentul City, Bogor",Apartemen,4000000.0,173913.04347826086,monthly,1,1,Studio / 1BR,23.0,33.0904278134042,11.958848857665288,Stasiun KRL Bogor,Tier 4: Greater Satellite Periphery (>28km),0,0,0,0,0,1,0,0,0,0,0,0,-6.50497,106.84921,listing,0,https://picture.rumah123.com/r123-images/360x210-crop/customer/1781667/2024-01-16-03-35-45-dc8d9188-1aa3-4d56-a282-b784fc852cb0.jpg,"Tower A Lantai 6 Luas : 23 m Kamar Tidur : Studio (2 Tempat Tidur (King & Single) Kamar Mandi : 1 (Water Heater, Shower, Wastafel) View : Bukit Ham..."
LST-00437,Apartment Siap Huni View Gunung Pancar Sentul City Bogor,https://www.rumah123.com/properti/bogor-sentul-city/apartment-siap-huni-view-gunung-pancar-sentul-city-bogor-apr7788228/,Bogor,Jawa Barat,Sentul City,"Sentul City, Bogor",Apartemen,3800000.0,190000.0,monthly,0,1,Studio / 1BR,20.0,33.0904601567149,11.959029205217877,Stasiun KRL Bogor,Tier 4: Greater Satellite Periphery (>28km),0,0,0,0,0,0,0,0,0,0,0,0,-6.50497,106.849213,listing,0,https://picture.rumah123.com/r123-images/360x210-crop/customer/1160146/a49fd6c36e0590057aad1431d89d61e4.jpg,"Kesempatan terbatas buat Anda dapatkan apartemen nyaman dengan return investasi tinggi di Sentul City, Bogor.  Apartemen ini menawarkan kelengkapan..."
LST-00438,Intercon 2Br @ Kemang Village Residence,https://www.rumah123.com/properti/bogor-kemang/intercon-2br-kemang-village-residence-apr7730184/,Bogor,Jawa Barat,Kemang,"Kemang, Bogor",Apartemen,17000000.0,178947.36842105264,monthly,2,2,2 Bedroom,95.0,32.39601773107594,12.323704437620897,Stasiun KRL Bogor,Tier 4: Greater Satellite Periphery (>28km),0,0,0,0,0,0,0,0,0,1,0,0,-6.49177,106.750221,listing,0,https://picture.rumah123.com/r123-images/360x210-crop/customer/4453467/listing/apr7730184/enhanced/b21f1836c9301009b2e73b2942e904ef.jpg,Sewa intercon. Kemang Village.. Luas 95m2. 2 bedroom 2 bathroom Furnish. Balcony. Harga 17juta perbulan. Minimal sewa 12 bulan. Lantai 11
LST-00439,"Apartemen Bagus Bersih Siap Huni, Furnished , Dekat Mall Aeon & Pasar Bersih Sentul City",https://www.rumah123.com/properti/bogor-sentul-city/apartemen-bagus-bersih-siap-huni-furnished-dekat-mall-aeon-pasar-bersih-sentul-city-apr7819604/,Bogor,Jawa Barat,Sentul City,"Sentul City, Bogor",Apartemen,4500000.0,150000.0,monthly,1,1,Studio / 1BR,30.0,33.0904601567149,11.959029205217877,Stasiun KRL Bogor,Tier 4: Greater Satellite Periphery (>28km),0,0,0,0,0,0,0,0,0,0,0,0,-6.50497,106.849213,listing,0,https://picture.rumah123.com/r123-images/360x210-crop/customer/1826189/22b9c04bfaf371071333ab0207cd2a53.jpg,Beberapa alasan Why to choose property in sentul city areas : - Investasi menjanjikan pertahun. - Sertifikat terjamin. - Exit tol Sentul City langs...
LST-00440,Disewa Apartment Tahunan Bagus Furnis di Sentul Tower Sentul City,https://www.rumah123.com/properti/bogor-sentul-city/disewa-apartment-tahunan-bagus-furnis-di-sentul-tower-sentul-city-apr7812271/,Bogor,Jawa Barat,Sentul City,"Sentul City, Bogor",Apartemen,3750000.0,163043.47826086957,yearly,1,1,Studio / 1BR,23.0,33.0904601567149,11.959029205217877,Stasiun KRL Bogor,Tier 4: Greater Satellite Periphery (>28km),0,0,0,0,0,0,0,0,0,0,0,0,-6.50497,106.849213,listing,0,https://picture.rumah123.com/r123-images/360x210-crop/customer/1265432/4db443d01cfa3dab876ff90e05971255.jpg,"Disewa Apartment di Sentul Tower Sentul City, bogor. lokasi sangat   strategis karena sangat dengan aeon mall sentul, pasar bersih, pasar ah   poon..."
LST-00441,Apartemen Siap Huni Bagus Sekali Sentul City Bogor,https://www.rumah123.com/properti/bogor-sentul-city/apartemen-siap-huni-bagus-sekali-sentul-city-bogor-apr7811637/,Bogor,Jawa Barat,Sentul City,"Sentul City, Bogor",Apartemen,4500000.0,155172.41379310345,monthly,1,1,Studio / 1BR,29.0,33.0904601567149,11.959029205217877,Stasiun KRL Bogor,Tier 4: Greater Satellite Periphery (>28km),0,0,0,0,0,0,0,0,0,0,0,0,-6.50497,106.849213,listing,0,https://picture.rumah123.com/r123-images/360x210-crop/customer/789270/b13b7c2812d4eacea99f11ed2e60a230.jpg,"Kesempatan terbatas buat Anda dapatkan apartemen nyaman dengan return investasi tinggi di Sentul City, Bogor.  Apartemen ini menawarkan lokasi yang..."
LST-00442,Apartement Tipe Studio 2 Menit Dari Aeon Mall dan Dekat Exit Tol Sentul City Bogor,https://www.rumah123.com/properti/bogor-sentul-city/apartement-tipe-studio-2-menit-dari-aeon-mall-dan-dekat-exit-tol-sentul-city-bogor-apr7760390/,Bogor,Jawa Barat,Sentul City,"Sentul City, Bogor",Apartemen,3800000.0,190000.0,monthly,1,1,Studio / 1BR,20.0,33.0904601567149,11.959029205217877,Stasiun KRL Bogor,Tier 4: Greater Satellite Periphery (>28km),0,0,0,0,0,0,0,0,0,0,0,0,-6.50497,106.849213,listing,0,https://picture.rumah123.com/r123-images/360x210-crop/customer/1656514/eda7f53a6b2417f74344484ce953a47b.jpg,"Apartemen di Sentul City.  Temukan apartemen 15 lantai yang asri ini,  disewakan menawarkan lingkungan fasilitas yang lengkap, cocok untuk Anda yan..."
LST-00443,Apartemen Siap Huni Bagus Sekali View Kolam Renang Sentul City Bogor,https://www.rumah123.com/properti/bogor-sentul-city/apartemen-siap-huni-bagus-sekali-view-kolam-renang-sentul-city-bogor-apr7749703/,Bogor,Jawa Barat,Sentul City,"Sentul City, Bogor",Apartemen,4000000.0,153846.15384615384,monthly,1,1,Studio / 1BR,26.0,33.0904601567149,11.959029205217877,Stasiun KRL Bogor,Tier 4: Greater Satellite Periphery (>28km),0,0,0,0,0,0,1,0,0,0,0,0,-6.50497,106.849213,listing,0,https://picture.rumah123.com/r123-images/360x210-crop/customer/789270/listing/apr7749703/enhanced/61907713f5db0675dc7f0f06abdd235e.jpg,"Kesempatan terbatas buat Anda dapatkan apartemen strategis dengan return investasi tinggi di Sentul City, Bogor.  Apartemen ini menawarkan lokasi y..."
LST-00444,"Apartemen Type Studio Siap Huni ,Furnished ,Dekat Mall Aeon dan Exit Tol Sentul City",https://www.rumah123.com/properti/bogor-sentul-city/apartemen-type-studio-siap-huni-furnished-dekat-mall-aeon-dan-exit-tol-sentul-city-apr7740573/,Bogor,Jawa Barat,Sentul City,"Sentul City, Bogor",Apartemen,4500000.0,132352.9411764706,monthly,1,1,Studio / 1BR,34.0,33.0904601567149,11.959029205217877,Stasiun KRL Bogor,Tier 4: Greater Satellite Periphery (>28km),0,0,0,0,0,0,0,0,0,0,0,0,-6.50497,106.849213,listing,0,https://picture.rumah123.com/r123-images/360x210-crop/customer/1826189/listing/apr7740573/enhanced/7febc6953e591d2a2fc409b4a9a051fa.jpg,Beberapa alasan Why to choose property in sentul city areas : - Investasi menjanjikan pertahun. - Sertifikat terjamin. - Exit tol Sentul City langs...
LST-00445,Apartemen Studio Furnish Podomoro Golf View,https://www.rumah123.com/properti/bogor-gunung-putri/apartemen-studio-furnish-podomoro-golf-view-apr7722064/,Bogor,Jawa Barat,Gunung Putri,"Gunung Putri, Bogor",Apartemen,2750000.0,125000.0,yearly,0,1,Studio / 1BR,22.0,27.816181615336237,9.82465965988774,Stasiun KRL Depok Baru,Tier 3: Outer Commuter Ring (15-28km),0,0,0,0,0,0,0,0,0,0,0,0,-6.44944,106.888763,listing,0,https://picture.rumah123.com/r123-images/360x210-crop/customer/1726478/listing/apr7722064/enhanced/a39a82a66907479f15cce80fa26a16fe.jpg,APARTEMEN STUDIO FURNISH DI PODOMORO GOLF VIEW  Lokasi strategis dalam lingkungan perumahan podomoro APARTEMEN PIDOMORO GOLF VIEW TOWER EKKI LT 22m...
LST-00446,Disewakan Apartemen Saffron Sentul City Bogor,https://www.rumah123.com/properti/bogor-sentul-city/disewakan-apartemen-saffron-sentul-city-bogor-apr7713911/,Bogor,Jawa Barat,Sentul City,"Sentul City, Bogor",Apartemen,7500000.0,220588.23529411765,monthly,0,1,Studio / 1BR,34.0,33.0904601567149,11.959029205217877,Stasiun KRL Bogor,Tier 4: Greater Satellite Periphery (>28km),1,0,0,1,0,1,0,0,0,0,0,0,-6.50497,106.849213,listing,0,https://picture.rumah123.com/r123-images/360x210-crop/customer/2078178/listing/apr7713911/enhanced/a14c9827a7a5d53fe1796d7e7277e9fd.jpg,Disewakan Siap Huni  Type Studio Luas 34m2 Fully Furnished  -Ac -Tempat Tidur  -Lemari  -Sofa  -Tv -Mesin Cuci -Kulkas  -Water Heater dll   Saffron...
LST-00447,Disewakan Apartement Saffron Type Studio Furnished LT 17,https://www.rumah123.com/properti/bogor-sentul-city/disewakan-apartement-saffron-type-studio-furnished-lt-17-apr7666428/,Bogor,Jawa Barat,Sentul City,"Sentul City, Bogor",Apartemen,8500000.0,236111.11111111112,monthly,0,1,Studio / 1BR,36.0,42.400315284996054,0.7338428959882085,Stasiun KRL Bogor,Tier 4: Greater Satellite Periphery (>28km),0,0,0,0,0,0,0,0,0,0,0,0,-6.58917,106.793,listing,0,https://picture.rumah123.com/r123-images/360x210-crop/customer/1778978/listing/apr7666428/enhanced/c09b174db4d4948274a54b2a16dc8d07.jpg,Disewakan apartemnt saffron type studio luas 36 mtr hrga 8.5 jt perbulan. furnished. lantai 17
LST-00448,Apartement Cantik Siap Huni Full Furnish Type Studio di Sentul City,https://www.rumah123.com/properti/bogor-sentul-city/apartement-cantik-siap-huni-full-furnish-type-studio-di-sentul-city-apr7681897/,Bogor,Jawa Barat,Sentul City,"Sentul City, Bogor",Apartemen,4583333.333333333,229166.66666666666,yearly,0,1,Studio / 1BR,20.0,33.0904601567149,11.959029205217877,Stasiun KRL Bogor,Tier 4: Greater Satellite Periphery (>28km),1,0,0,0,0,0,0,0,0,0,0,0,-6.50497,106.849213,listing,0,https://picture.rumah123.com/r123-images/360x210-crop/customer/4348613/listing/apr7681897/enhanced/24522818b53924ebd1bc7d26445bff95.jpg,"Apartemen di Sentul City.  Temukan apartemen 17 lantai yang modern ini,  disewakan menawarkan lingkungan fasilitas yang lengkap, cocok untuk Anda y..."
LST-00449,Disewakan Saffron Noble Apartemen Sentul City Bogor,https://www.rumah123.com/properti/bogor-sentul-city/disewakan-saffron-noble-apartemen-sentul-city-bogor-apr7657130/,Bogor,Jawa Barat,Sentul City,"Sentul City, Bogor",Apartemen,5666666.666666667,157407.40740740742,yearly,0,1,Studio / 1BR,36.0,33.0904601567149,11.959029205217877,Stasiun KRL Bogor,Tier 4: Greater Satellite Periphery (>28km),1,0,0,0,0,0,1,1,0,0,0,0,-6.50497,106.849213,listing,0,https://picture.rumah123.com/r123-images/360x210-crop/customer/2078178/1d85c0bd301d1f4c8d35371e70505a8b.jpg,"Saffron Noble Apartemen Lokasi strategis akses langsung ke Aeon mall, Fasilitas lengkap (Gym, sauna, Swimming Pool)  Fully Furnished"
LST-00450,Disewakan Apartemen Saffron Sentul City Tipe Studio,https://www.rumah123.com/properti/bogor-sentul-city/disewakan-apartemen-saffron-sentul-city-tipe-studio-apr7641801/,Bogor,Jawa Barat,Sentul City,"Sentul City, Bogor",Apartemen,6583333.333333333,188095.23809523808,yearly,0,1,Studio / 1BR,35.0,33.0904601567149,11.959029205217877,Stasiun KRL Bogor,Tier 4: Greater Satellite Periphery (>28km),1,0,0,0,0,0,0,0,0,0,0,0,-6.50497,106.849213,listing,0,https://picture.rumah123.com/r123-images/360x210-crop/customer/4444146/2b3a375d48619acf7589a3c55413b128.jpg,Disewakan Apartemen Saffron Sentul City Studio Full Furnished Lantai 12   View City & Pegunungan - Siap Huni   ✨ Tersedia sews bulanan & tahunan ...
LST-00451,Disewakan Apar 2 Br Bisa Bulanan Dan Tahunan,https://www.rumah123.com/properti/bogor-sentul-city/disewakan-apar-2-br-bisa-bulanan-dan-tahunan-apr7457486/,Bogor,Jawa Barat,Sentul City,"Sentul City, Bogor",Apartemen,5000000.0,113636.36363636363,yearly,0,0,Studio / 1BR,44.0,33.0904601567149,11.959029205217877,Stasiun KRL Bogor,Tier 4: Greater Satellite Periphery (>28km),0,0,0,0,0,0,0,0,0,0,0,0,-6.50497,106.849213,listing,0,https://picture.rumah123.com/r123-images/360x210-crop/customer/1485278/ce2ea1bd35b64cf3075e8fa3d95b0a95.jpg,"Apartemen DiSentul CityAkses Jalan Tol Sendiri,Didepan Ada Fasilitas,Pasar Ahpoong,Mall Belanova,IKEA,Aeon Mall,Pombensin,Trisakti,Institute Tazkia..."
LST-00452,Apartemen 1 Kamar Tidur Furnished Dengan View Yang Indah,https://www.rumah123.com/properti/bogor-sentul-city/apartemen-1-kamar-tidur-furnished-dengan-view-yang-indah-apr7340482/,Bogor,Jawa Barat,Sentul City,"Sentul City, Bogor",Apartemen,4000000.0,133333.33333333334,monthly,1,1,Studio / 1BR,30.0,33.0904601567149,11.959029205217877,Stasiun KRL Bogor,Tier 4: Greater Satellite Periphery (>28km),0,0,0,0,0,0,0,0,0,0,0,0,-6.50497,106.849213,listing,0,https://picture.rumah123.com/r123-images/360x210-crop/customer/4348613/621880c30b03d521714dff4c188dcb50.jpg,"Apartemen di Sentul City, Bogor.  For rent di wilayah yang tenang. Dengan kategorinya adalah sebagai berikut:   - Kamar Tidur: 1   - Kamar Mandi: 1..."
LST-00453,Disewa Apartement Studio Tower Sentul City,https://www.rumah123.com/properti/bogor-sentul-city/disewa-apartement-studio-tower-sentul-city-apr3220296/,Bogor,Jawa Barat,Sentul City,"Sentul City, Bogor",Apartemen,3500000.0,134615.38461538462,monthly,1,1,Studio / 1BR,26.0,33.0904278134042,11.958848857665288,Stasiun KRL Bogor,Tier 4: Greater Satellite Periphery (>28km),0,0,0,0,0,0,0,0,0,0,0,0,-6.50497,106.84921,listing,0,https://picture.rumah123.com/r123-images/360x210-crop/customer/56089/2024-02-29-11-16-30-6c7bc0fc-a83d-4eca-af65-378133f68757.webp,"Note : Minimal Sewa 3 Bulan  Disewa Apartemen Studio, Tower Sentul City Lantai 1 Harga : 3,5 Juta per bulan IPL 330 Ribu per bulan  Hub Detail : Pr..."
LST-00454,Furnished Apartemen Bogor Icon Dekat Plaza Indah Bogor,https://www.rumah123.com/properti/bogor-tanah-sareal/furnished-apartemen-bogor-icon-dekat-plaza-indah-bogor-apr2510370/,Bogor,Jawa Barat,Tanah Sareal,"Tanah Sareal, Bogor",Apartemen,5200000.0,226086.95652173914,monthly,1,1,Studio / 1BR,23.0,38.83716774340425,4.429150512789282,Stasiun KRL Bogor,Tier 4: Greater Satellite Periphery (>28km),0,0,0,0,0,0,0,0,0,0,0,0,-6.5560953186583,106.78267111835,listing,0,https://picture.rumah123.com/r123-images/360x210-crop/customer/1228541/510643dc87b138eddb3038096a4052a2.jpg,"Bogor Icon Apartment menghadirkan hunian modern dengan panorama kota yang indah di kawasan Tanah Sereal, Bogor. Lokasinya strategis dekat Plaza Ind..."
LST-00455,Disewakan dan Dijual Cepat Apartmnt Sentul Tower untuk 2Br Tahunan.,https://www.rumah123.com/properti/bogor-sentul-city/disewakan-dan-dijual-cepat-apartmnt-sentul-tower-untuk-2br-tahunan-apr7309715/,Bogor,Jawa Barat,Sentul City,"Sentul City, Bogor",Apartemen,3750000.0,85227.27272727272,yearly,2,1,2 Bedroom,44.0,33.0904278134042,11.958848857665288,Stasiun KRL Bogor,Tier 4: Greater Satellite Periphery (>28km),0,0,0,0,0,0,0,0,0,0,0,0,-6.50497,106.84921,listing,0,https://picture.rumah123.com/r123-images/360x210-crop/customer/1778978/a636c98e8a26bfaf5cae6ec524c7da12.jpg,Disewakan dan dijual cepat apartmnt siap huni lt 44.5 mtr 2BR tower a lt 17 hrg 45 jt sthn. tdk disewakan bulanan atau harian furnished. dijual hrg...
LST-00456,Di Jual Apartemen Saffron Nobel Sentul City,https://www.rumah123.com/properti/bogor-sentul/disewakan-apartemen-saffron-nobel-sentul-city-apr7826384/,Bogor,Jawa Barat,Sentul,"Sentul, Bogor",Apartemen,54166666.666666664,1593137.2549019607,yearly,1,1,Studio / 1BR,34.0,33.0904601567149,11.959029205217877,Stasiun KRL Bogor,Tier 4: Greater Satellite Periphery (>28km),0,0,0,0,0,0,0,0,0,0,0,0,-6.50497,106.849213,listing,0,https://picture.rumah123.com/r123-images/360x210-crop/customer/4477431/c061c218d03668885ddcea8567292648.jpg,"Apartemen di Sentul.  Cek segera apartemen 19 lantai yang asri ini,  menghadirkan lingkungan fasilitas yang lengkap, cocok untuk Anda yang mengingi..."
LST-00457,For Rent Aparteman Kaliana Metland Transyogi Full Furnished Harga Nego !!!,https://www.rumah123.com/properti/bogor-cileungsi/for-rent-aparteman-kaliana-metland-transyogi-full-furnished-harga-nego-apr7802711/,Bogor,Jawa Barat,Cileungsi,"Cileungsi, Bogor",Apartemen,3333333.3333333335,90090.09009009009,yearly,2,1,2 Bedroom,37.0,33.0904601567149,11.959029205217877,Stasiun KRL Bogor,Tier 4: Greater Satellite Periphery (>28km),1,0,0,0,0,0,0,0,0,0,0,0,-6.50497,106.849213,city_centroid,1,https://picture.rumah123.com/r123-images/360x210-crop/customer/1143311/8b14480dd0cc2b2ce790326bcb703643.jpg,"lokasinya yang strategis dekat dengan areal komersial lingkungan Aman dan nyaman dekat gerbang tol, sekolah, mall, rumah sakit dan dalam lingkungan..."
